id,workflow,modo,estado,inicio,fin,duracion_ms
1381,ioc-extractor,trigger,success,2026-09-30 00:00:00.065,2026-09-30 00:00:00.522,457.0
1382,event-ingest,webhook,success,2026-09-30 00:00:03.994,2026-09-30 00:00:04.569,575.0
1383,event-ingest,webhook,success,2026-09-30 00:00:04.067,2026-09-30 00:00:04.601,534.0
1384,event-ingest,webhook,success,2026-09-30 00:00:04.144,2026-09-30 00:00:04.604,460.0
1385,event-ingest,webhook,success,2026-09-30 00:00:04.198,2026-09-30 00:00:04.747,549.0
1386,event-ingest,webhook,success,2026-09-30 00:00:06.051,2026-09-30 00:00:06.493,442.0
1387,event-ingest,webhook,success,2026-09-30 00:00:06.099,2026-09-30 00:00:06.726,627.0
1388,event-ingest,webhook,success,2026-09-30 00:00:06.195,2026-09-30 00:00:06.636,441.0
1389,event-ingest,webhook,success,2026-09-30 00:00:06.304,2026-09-30 00:00:06.913,609.0
1390,event-ingest,webhook,success,2026-09-30 00:00:06.415,2026-09-30 00:00:06.821,406.0
1391,event-ingest,webhook,success,2026-09-30 00:00:06.497,2026-09-30 00:00:07.028,531.0
1392,event-ingest,webhook,success,2026-09-30 00:00:07.151,2026-09-30 00:00:07.555,404.0
1393,event-ingest,webhook,success,2026-09-30 00:00:08.101,2026-09-30 00:00:08.516,415.0
1394,event-ingest,webhook,success,2026-09-30 00:00:08.753,2026-09-30 00:00:09.155,402.0
1395,event-ingest,webhook,success,2026-09-30 00:00:09.695,2026-09-30 00:00:10.117,422.0
1396,event-ingest,webhook,success,2026-09-30 00:00:09.737,2026-09-30 00:00:10.249,512.0
1397,event-ingest,webhook,success,2026-09-30 00:00:10.699,2026-09-30 00:00:11.113,414.0
1398,event-ingest,webhook,success,2026-09-30 00:00:10.746,2026-09-30 00:00:11.258,512.0
1399,event-ingest,webhook,success,2026-09-30 00:00:10.785,2026-09-30 00:00:11.316,531.0
1400,event-ingest,webhook,success,2026-09-30 00:00:10.840,2026-09-30 00:00:11.238,398.0
1401,event-ingest,webhook,success,2026-09-30 00:00:12.680,2026-09-30 00:00:13.133,453.0
1402,event-ingest,webhook,success,2026-09-30 00:00:12.777,2026-09-30 00:00:13.748,971.0
1403,event-ingest,webhook,success,2026-09-30 00:00:12.928,2026-09-30 00:00:13.423,495.0
1404,event-ingest,webhook,success,2026-09-30 00:00:13.104,2026-09-30 00:00:13.907,803.0
1405,event-ingest,webhook,success,2026-09-30 00:00:14.614,2026-09-30 00:00:15.062,448.0
1406,event-ingest,webhook,success,2026-09-30 00:00:14.663,2026-09-30 00:00:15.229,566.0
1407,event-ingest,webhook,success,2026-09-30 00:00:14.707,2026-09-30 00:00:15.222,515.0
1408,event-ingest,webhook,success,2026-09-30 00:00:14.759,2026-09-30 00:00:15.196,437.0
1409,event-ingest,webhook,success,2026-09-30 00:00:16.910,2026-09-30 00:00:17.362,452.0
1410,event-ingest,webhook,success,2026-09-30 00:00:16.979,2026-09-30 00:00:17.567,588.0
1411,event-ingest,webhook,success,2026-09-30 00:00:17.069,2026-09-30 00:00:19.292,2223.0
1412,event-ingest,webhook,success,2026-09-30 00:00:17.124,2026-09-30 00:00:17.532,408.0
1413,event-ingest,webhook,success,2026-09-30 00:00:18.985,2026-09-30 00:00:21.064,2079.0
1414,event-ingest,webhook,success,2026-09-30 00:00:19.046,2026-09-30 00:00:21.229,2183.0
1415,event-ingest,webhook,success,2026-09-30 00:00:19.094,2026-09-30 00:00:21.274,2180.0
1416,event-ingest,webhook,success,2026-09-30 00:00:19.140,2026-09-30 00:00:21.227,2087.0
1417,event-ingest,webhook,success,2026-09-30 00:00:21.003,2026-09-30 00:00:23.101,2098.0
1418,event-ingest,webhook,success,2026-09-30 00:00:21.092,2026-09-30 00:00:23.323,2231.0
1419,event-ingest,webhook,success,2026-09-30 00:00:21.238,2026-09-30 00:00:23.366,2128.0
1420,event-ingest,webhook,success,2026-09-30 00:00:21.361,2026-09-30 00:00:23.523,2162.0
1421,event-ingest,webhook,success,2026-09-30 00:00:22.901,2026-09-30 00:00:24.979,2078.0
1422,event-ingest,webhook,success,2026-09-30 00:00:22.966,2026-09-30 00:00:25.210,2244.0
1423,event-ingest,webhook,success,2026-09-30 00:00:23.056,2026-09-30 00:00:25.173,2117.0
1424,event-ingest,webhook,success,2026-09-30 00:00:23.156,2026-09-30 00:00:25.297,2141.0
1425,event-ingest,webhook,success,2026-09-30 00:00:25.004,2026-09-30 00:00:27.061,2057.0
1426,event-ingest,webhook,success,2026-09-30 00:00:25.047,2026-09-30 00:00:27.263,2216.0
1427,event-ingest,webhook,success,2026-09-30 00:00:25.109,2026-09-30 00:00:27.403,2294.0
1428,event-ingest,webhook,success,2026-09-30 00:00:25.175,2026-09-30 00:00:27.384,2209.0
1429,event-ingest,webhook,success,2026-09-30 00:00:27.068,2026-09-30 00:00:29.146,2078.0
1430,event-ingest,webhook,success,2026-09-30 00:00:27.148,2026-09-30 00:00:29.504,2356.0
1431,event-ingest,webhook,success,2026-09-30 00:00:27.204,2026-09-30 00:00:29.639,2435.0
1432,event-ingest,webhook,success,2026-09-30 00:00:27.599,2026-09-30 00:00:29.742,2143.0
1433,event-ingest,webhook,success,2026-09-30 00:00:27.769,2026-09-30 00:00:30.115,2346.0
1434,event-ingest,webhook,success,2026-09-30 00:00:27.897,2026-09-30 00:00:30.008,2111.0
1435,event-ingest,webhook,success,2026-09-30 00:00:27.994,2026-09-30 00:00:30.274,2280.0
1436,event-ingest,webhook,success,2026-09-30 00:00:28.179,2026-09-30 00:00:30.239,2060.0
1437,event-ingest,webhook,success,2026-09-30 00:00:28.248,2026-09-30 00:00:30.404,2156.0
1438,ioc-extractor,trigger,success,2026-09-30 00:15:00.057,2026-09-30 00:15:01.040,983.0
1439,event-ingest,webhook,success,2026-09-30 00:15:02.601,2026-09-30 00:15:03.063,462.0
1440,event-ingest,webhook,success,2026-09-30 00:15:02.646,2026-09-30 00:15:03.168,522.0
1441,event-ingest,webhook,success,2026-09-30 00:15:02.687,2026-09-30 00:15:03.217,530.0
1442,event-ingest,webhook,success,2026-09-30 00:15:02.741,2026-09-30 00:15:03.152,411.0
1443,event-ingest,webhook,success,2026-09-30 00:15:04.605,2026-09-30 00:15:05.017,412.0
1444,event-ingest,webhook,success,2026-09-30 00:15:04.645,2026-09-30 00:15:05.155,510.0
1445,event-ingest,webhook,success,2026-09-30 00:15:04.681,2026-09-30 00:15:05.195,514.0
1446,event-ingest,webhook,success,2026-09-30 00:15:04.721,2026-09-30 00:15:05.137,416.0
1447,event-ingest,webhook,success,2026-09-30 00:15:06.572,2026-09-30 00:15:06.981,409.0
1448,event-ingest,webhook,success,2026-09-30 00:15:06.611,2026-09-30 00:15:07.157,546.0
1449,event-ingest,webhook,success,2026-09-30 00:15:06.658,2026-09-30 00:15:07.195,537.0
1450,event-ingest,webhook,success,2026-09-30 00:15:06.707,2026-09-30 00:15:07.131,424.0
1451,event-ingest,webhook,success,2026-09-30 00:15:06.761,2026-09-30 00:15:07.296,535.0
1452,event-ingest,webhook,success,2026-09-30 00:15:06.836,2026-09-30 00:15:07.347,511.0
1453,event-ingest,webhook,success,2026-09-30 00:15:07.792,2026-09-30 00:15:08.210,418.0
1454,event-ingest,webhook,success,2026-09-30 00:15:08.743,2026-09-30 00:15:09.175,432.0
1455,event-ingest,webhook,success,2026-09-30 00:15:09.398,2026-09-30 00:15:09.812,414.0
1456,event-ingest,webhook,success,2026-09-30 00:15:10.346,2026-09-30 00:15:10.754,408.0
1457,event-ingest,webhook,success,2026-09-30 00:15:10.996,2026-09-30 00:15:11.409,413.0
1458,event-ingest,webhook,success,2026-09-30 00:15:11.051,2026-09-30 00:15:11.542,491.0
1459,event-ingest,webhook,success,2026-09-30 00:15:11.994,2026-09-30 00:15:12.399,405.0
1460,event-ingest,webhook,success,2026-09-30 00:15:12.034,2026-09-30 00:15:12.553,519.0
1461,event-ingest,webhook,success,2026-09-30 00:15:12.071,2026-09-30 00:15:12.577,506.0
1462,event-ingest,webhook,success,2026-09-30 00:15:12.121,2026-09-30 00:15:12.514,393.0
1463,event-ingest,webhook,success,2026-09-30 00:15:14.275,2026-09-30 00:15:14.753,478.0
1464,event-ingest,webhook,success,2026-09-30 00:15:14.325,2026-09-30 00:15:14.950,625.0
1465,event-ingest,webhook,success,2026-09-30 00:15:14.363,2026-09-30 00:15:14.973,610.0
1466,event-ingest,webhook,success,2026-09-30 00:15:14.412,2026-09-30 00:15:14.991,579.0
1467,event-ingest,webhook,success,2026-09-30 00:15:16.287,2026-09-30 00:15:16.685,398.0
1468,event-ingest,webhook,success,2026-09-30 00:15:16.335,2026-09-30 00:15:18.503,2168.0
1469,event-ingest,webhook,success,2026-09-30 00:15:16.375,2026-09-30 00:15:18.539,2164.0
1470,event-ingest,webhook,success,2026-09-30 00:15:16.418,2026-09-30 00:15:16.832,414.0
1471,event-ingest,webhook,success,2026-09-30 00:15:18.274,2026-09-30 00:15:20.334,2060.0
1472,event-ingest,webhook,success,2026-09-30 00:15:18.326,2026-09-30 00:15:20.489,2163.0
1473,event-ingest,webhook,success,2026-09-30 00:15:18.361,2026-09-30 00:15:20.559,2198.0
1474,event-ingest,webhook,success,2026-09-30 00:15:18.405,2026-09-30 00:15:20.472,2067.0
1475,event-ingest,webhook,success,2026-09-30 00:15:20.262,2026-09-30 00:15:22.327,2065.0
1476,event-ingest,webhook,success,2026-09-30 00:15:20.311,2026-09-30 00:15:22.590,2279.0
1477,event-ingest,webhook,success,2026-09-30 00:15:20.374,2026-09-30 00:15:22.615,2241.0
1478,event-ingest,webhook,success,2026-09-30 00:15:20.413,2026-09-30 00:15:22.467,2054.0
1479,event-ingest,webhook,success,2026-09-30 00:15:22.271,2026-09-30 00:15:24.340,2069.0
1480,event-ingest,webhook,success,2026-09-30 00:15:22.336,2026-09-30 00:15:24.557,2221.0
1481,event-ingest,webhook,success,2026-09-30 00:15:22.387,2026-09-30 00:15:24.568,2181.0
1482,event-ingest,webhook,success,2026-09-30 00:15:22.439,2026-09-30 00:15:24.532,2093.0
1483,event-ingest,webhook,success,2026-09-30 00:15:24.610,2026-09-30 00:15:26.769,2159.0
1484,event-ingest,webhook,success,2026-09-30 00:15:24.656,2026-09-30 00:15:26.883,2227.0
1485,event-ingest,webhook,success,2026-09-30 00:15:24.693,2026-09-30 00:15:26.869,2176.0
1486,event-ingest,webhook,success,2026-09-30 00:15:24.735,2026-09-30 00:15:26.833,2098.0
1487,event-ingest,webhook,success,2026-09-30 00:15:26.580,2026-09-30 00:15:28.669,2089.0
1488,event-ingest,webhook,success,2026-09-30 00:15:26.807,2026-09-30 00:15:28.951,2144.0
1489,event-ingest,webhook,success,2026-09-30 00:15:26.973,2026-09-30 00:15:29.188,2215.0
1490,event-ingest,webhook,success,2026-09-30 00:15:27.041,2026-09-30 00:15:29.118,2077.0
1491,event-ingest,webhook,success,2026-09-30 00:15:27.128,2026-09-30 00:15:29.362,2234.0
1492,event-ingest,webhook,success,2026-09-30 00:15:27.211,2026-09-30 00:15:29.428,2217.0
1493,event-ingest,webhook,success,2026-09-30 00:15:27.321,2026-09-30 00:15:29.390,2069.0
1494,event-ingest,webhook,success,2026-09-30 00:15:27.404,2026-09-30 00:15:29.575,2171.0
1495,event-ingest,webhook,success,2026-09-30 00:15:27.453,2026-09-30 00:15:29.598,2145.0
1496,ioc-extractor,trigger,success,2026-09-30 00:30:00.042,2026-09-30 00:30:00.957,915.0
1497,event-ingest,webhook,success,2026-09-30 00:30:02.404,2026-09-30 00:30:02.877,473.0
1498,event-ingest,webhook,success,2026-09-30 00:30:02.462,2026-09-30 00:30:03.064,602.0
1499,event-ingest,webhook,success,2026-09-30 00:30:02.550,2026-09-30 00:30:03.086,536.0
1500,event-ingest,webhook,success,2026-09-30 00:30:02.599,2026-09-30 00:30:03.017,418.0
1501,event-ingest,webhook,success,2026-09-30 00:30:04.445,2026-09-30 00:30:04.871,426.0
1502,event-ingest,webhook,success,2026-09-30 00:30:04.525,2026-09-30 00:30:05.088,563.0
1503,event-ingest,webhook,success,2026-09-30 00:30:04.572,2026-09-30 00:30:05.091,519.0
1504,event-ingest,webhook,success,2026-09-30 00:30:04.623,2026-09-30 00:30:05.055,432.0
1505,event-ingest,webhook,success,2026-09-30 00:30:06.470,2026-09-30 00:30:06.884,414.0
1506,event-ingest,webhook,success,2026-09-30 00:30:06.510,2026-09-30 00:30:07.012,502.0
1507,event-ingest,webhook,success,2026-09-30 00:30:06.551,2026-09-30 00:30:07.062,511.0
1508,event-ingest,webhook,success,2026-09-30 00:30:06.593,2026-09-30 00:30:07.010,417.0
1509,event-ingest,webhook,success,2026-09-30 00:30:08.443,2026-09-30 00:30:08.890,447.0
1510,event-ingest,webhook,success,2026-09-30 00:30:08.492,2026-09-30 00:30:09.016,524.0
1511,event-ingest,webhook,success,2026-09-30 00:30:08.534,2026-09-30 00:30:09.064,530.0
1512,event-ingest,webhook,success,2026-09-30 00:30:08.573,2026-09-30 00:30:09.018,445.0
1513,event-ingest,webhook,success,2026-09-30 00:30:10.725,2026-09-30 00:30:11.145,420.0
1514,event-ingest,webhook,success,2026-09-30 00:30:10.777,2026-09-30 00:30:11.289,512.0
1515,event-ingest,webhook,success,2026-09-30 00:30:10.813,2026-09-30 00:30:11.317,504.0
1516,event-ingest,webhook,success,2026-09-30 00:30:10.866,2026-09-30 00:30:11.286,420.0
1517,event-ingest,webhook,success,2026-09-30 00:30:12.713,2026-09-30 00:30:13.156,443.0
1518,event-ingest,webhook,success,2026-09-30 00:30:12.754,2026-09-30 00:30:13.254,500.0
1519,event-ingest,webhook,success,2026-09-30 00:30:12.792,2026-09-30 00:30:13.291,499.0
1520,event-ingest,webhook,success,2026-09-30 00:30:12.840,2026-09-30 00:30:13.242,402.0
1521,event-ingest,webhook,success,2026-09-30 00:30:14.679,2026-09-30 00:30:15.132,453.0
1522,event-ingest,webhook,success,2026-09-30 00:30:14.758,2026-09-30 00:30:15.263,505.0
1523,event-ingest,webhook,success,2026-09-30 00:30:14.801,2026-09-30 00:30:15.307,506.0
1524,event-ingest,webhook,success,2026-09-30 00:30:14.839,2026-09-30 00:30:15.232,393.0
1525,event-ingest,webhook,success,2026-09-30 00:30:16.691,2026-09-30 00:30:17.124,433.0
1526,event-ingest,webhook,success,2026-09-30 00:30:16.732,2026-09-30 00:30:17.260,528.0
1527,event-ingest,webhook,success,2026-09-30 00:30:16.784,2026-09-30 00:30:18.938,2154.0
1528,event-ingest,webhook,success,2026-09-30 00:30:16.825,2026-09-30 00:30:17.258,433.0
1529,event-ingest,webhook,success,2026-09-30 00:30:18.673,2026-09-30 00:30:20.719,2046.0
1530,event-ingest,webhook,success,2026-09-30 00:30:18.751,2026-09-30 00:30:20.908,2157.0
1531,event-ingest,webhook,success,2026-09-30 00:30:18.800,2026-09-30 00:30:20.964,2164.0
1532,event-ingest,webhook,success,2026-09-30 00:30:18.833,2026-09-30 00:30:20.887,2054.0
1533,event-ingest,webhook,success,2026-09-30 00:30:20.988,2026-09-30 00:30:23.288,2300.0
1534,event-ingest,webhook,success,2026-09-30 00:30:21.037,2026-09-30 00:30:23.293,2256.0
1535,event-ingest,webhook,success,2026-09-30 00:30:21.088,2026-09-30 00:30:23.372,2284.0
1536,event-ingest,webhook,success,2026-09-30 00:30:21.203,2026-09-30 00:30:23.318,2115.0
1537,event-ingest,webhook,success,2026-09-30 00:30:21.360,2026-09-30 00:30:23.529,2169.0
1538,event-ingest,webhook,success,2026-09-30 00:30:21.410,2026-09-30 00:30:23.559,2149.0
1539,event-ingest,webhook,success,2026-09-30 00:30:22.349,2026-09-30 00:30:24.404,2055.0
1540,event-ingest,webhook,success,2026-09-30 00:30:23.292,2026-09-30 00:30:25.402,2110.0
1541,event-ingest,webhook,success,2026-09-30 00:30:23.984,2026-09-30 00:30:26.048,2064.0
1542,event-ingest,webhook,success,2026-09-30 00:30:24.936,2026-09-30 00:30:27.032,2096.0
1543,event-ingest,webhook,success,2026-09-30 00:30:25.593,2026-09-30 00:30:27.658,2065.0
1544,event-ingest,webhook,success,2026-09-30 00:30:25.642,2026-09-30 00:30:27.788,2146.0
1545,event-ingest,webhook,success,2026-09-30 00:30:26.575,2026-09-30 00:30:28.632,2057.0
1546,event-ingest,webhook,success,2026-09-30 00:30:26.612,2026-09-30 00:30:29.015,2403.0
1547,event-ingest,webhook,success,2026-09-30 00:30:26.685,2026-09-30 00:30:29.047,2362.0
1548,event-ingest,webhook,success,2026-09-30 00:30:26.755,2026-09-30 00:30:28.880,2125.0
1549,event-ingest,webhook,success,2026-09-30 00:30:26.940,2026-09-30 00:30:29.221,2281.0
1550,event-ingest,webhook,success,2026-09-30 00:30:27.096,2026-09-30 00:30:29.185,2089.0
1551,event-ingest,webhook,success,2026-09-30 00:30:27.175,2026-09-30 00:30:29.428,2253.0
1552,event-ingest,webhook,success,2026-09-30 00:30:27.257,2026-09-30 00:30:29.694,2437.0
1553,event-ingest,webhook,success,2026-09-30 00:30:27.312,2026-09-30 00:30:29.393,2081.0
1554,ioc-extractor,trigger,success,2026-09-30 00:45:00.048,2026-09-30 00:45:00.748,700.0
1555,event-ingest,webhook,success,2026-09-30 00:45:02.264,2026-09-30 00:45:02.755,491.0
1556,event-ingest,webhook,success,2026-09-30 00:45:02.378,2026-09-30 00:45:02.985,607.0
1557,event-ingest,webhook,success,2026-09-30 00:45:02.500,2026-09-30 00:45:02.927,427.0
1558,event-ingest,webhook,success,2026-09-30 00:45:02.544,2026-09-30 00:45:03.044,500.0
1559,event-ingest,webhook,success,2026-09-30 00:45:04.392,2026-09-30 00:45:04.800,408.0
1560,event-ingest,webhook,success,2026-09-30 00:45:04.432,2026-09-30 00:45:04.968,536.0
1561,event-ingest,webhook,success,2026-09-30 00:45:04.473,2026-09-30 00:45:05.020,547.0
1562,event-ingest,webhook,success,2026-09-30 00:45:04.520,2026-09-30 00:45:04.995,475.0
1563,event-ingest,webhook,success,2026-09-30 00:45:06.375,2026-09-30 00:45:06.815,440.0
1564,event-ingest,webhook,success,2026-09-30 00:45:06.462,2026-09-30 00:45:07.018,556.0
1565,event-ingest,webhook,success,2026-09-30 00:45:06.508,2026-09-30 00:45:07.060,552.0
1566,event-ingest,webhook,success,2026-09-30 00:45:06.551,2026-09-30 00:45:06.977,426.0
1567,event-ingest,webhook,success,2026-09-30 00:45:08.400,2026-09-30 00:45:08.831,431.0
1568,event-ingest,webhook,success,2026-09-30 00:45:08.441,2026-09-30 00:45:08.971,530.0
1569,event-ingest,webhook,success,2026-09-30 00:45:08.476,2026-09-30 00:45:09.005,529.0
1570,event-ingest,webhook,success,2026-09-30 00:45:08.529,2026-09-30 00:45:08.991,462.0
1571,event-ingest,webhook,success,2026-09-30 00:45:10.371,2026-09-30 00:45:10.781,410.0
1572,event-ingest,webhook,success,2026-09-30 00:45:10.422,2026-09-30 00:45:11.000,578.0
1573,event-ingest,webhook,success,2026-09-30 00:45:10.485,2026-09-30 00:45:11.019,534.0
1574,event-ingest,webhook,success,2026-09-30 00:45:10.550,2026-09-30 00:45:11.028,478.0
1575,event-ingest,webhook,success,2026-09-30 00:45:12.702,2026-09-30 00:45:13.152,450.0
1576,event-ingest,webhook,success,2026-09-30 00:45:12.745,2026-09-30 00:45:13.246,501.0
1577,event-ingest,webhook,success,2026-09-30 00:45:12.784,2026-09-30 00:45:13.304,520.0
1578,event-ingest,webhook,success,2026-09-30 00:45:12.835,2026-09-30 00:45:13.244,409.0
1579,event-ingest,webhook,success,2026-09-30 00:45:14.690,2026-09-30 00:45:15.413,723.0
1580,event-ingest,webhook,success,2026-09-30 00:45:14.774,2026-09-30 00:45:15.529,755.0
1581,event-ingest,webhook,success,2026-09-30 00:45:14.877,2026-09-30 00:45:15.614,737.0
1582,event-ingest,webhook,success,2026-09-30 00:45:15.016,2026-09-30 00:45:15.536,520.0
1583,event-ingest,webhook,success,2026-09-30 00:45:16.620,2026-09-30 00:45:17.068,448.0
1584,event-ingest,webhook,success,2026-09-30 00:45:16.693,2026-09-30 00:45:17.299,606.0
1585,event-ingest,webhook,success,2026-09-30 00:45:16.776,2026-09-30 00:45:17.232,456.0
1586,event-ingest,webhook,success,2026-09-30 00:45:16.872,2026-09-30 00:45:17.420,548.0
1587,event-ingest,webhook,success,2026-09-30 00:45:16.915,2026-09-30 00:45:17.503,588.0
1588,event-ingest,webhook,success,2026-09-30 00:45:16.967,2026-09-30 00:45:17.387,420.0
1589,event-ingest,webhook,success,2026-09-30 00:45:17.933,2026-09-30 00:45:18.335,402.0
1590,event-ingest,webhook,success,2026-09-30 00:45:18.885,2026-09-30 00:45:19.278,393.0
1591,event-ingest,webhook,success,2026-09-30 00:45:19.525,2026-09-30 00:45:19.986,461.0
1592,event-ingest,webhook,success,2026-09-30 00:45:20.476,2026-09-30 00:45:20.910,434.0
1593,event-ingest,webhook,success,2026-09-30 00:45:21.116,2026-09-30 00:45:21.534,418.0
1594,event-ingest,webhook,success,2026-09-30 00:45:22.052,2026-09-30 00:45:22.527,475.0
1595,event-ingest,webhook,success,2026-09-30 00:45:22.689,2026-09-30 00:45:23.112,423.0
1596,event-ingest,webhook,success,2026-09-30 00:45:22.735,2026-09-30 00:45:23.237,502.0
1597,event-ingest,webhook,success,2026-09-30 00:45:23.674,2026-09-30 00:45:25.740,2066.0
1598,event-ingest,webhook,success,2026-09-30 00:45:23.719,2026-09-30 00:45:25.876,2157.0
1599,event-ingest,webhook,success,2026-09-30 00:45:23.753,2026-09-30 00:45:25.917,2164.0
1600,event-ingest,webhook,success,2026-09-30 00:45:23.829,2026-09-30 00:45:25.900,2071.0
1601,event-ingest,webhook,success,2026-09-30 00:45:25.977,2026-09-30 00:45:28.027,2050.0
1602,event-ingest,webhook,success,2026-09-30 00:45:26.015,2026-09-30 00:45:28.215,2200.0
1603,event-ingest,webhook,success,2026-09-30 00:45:26.049,2026-09-30 00:45:28.231,2182.0
1604,event-ingest,webhook,success,2026-09-30 00:45:26.100,2026-09-30 00:45:28.177,2077.0
1605,event-ingest,webhook,success,2026-09-30 00:45:27.964,2026-09-30 00:45:30.027,2063.0
1606,event-ingest,webhook,success,2026-09-30 00:45:28.023,2026-09-30 00:45:30.297,2274.0
1607,event-ingest,webhook,success,2026-09-30 00:45:28.106,2026-09-30 00:45:30.274,2168.0
1608,event-ingest,webhook,success,2026-09-30 00:45:28.281,2026-09-30 00:45:30.420,2139.0
1609,event-ingest,webhook,success,2026-09-30 00:45:30.123,2026-09-30 00:45:32.190,2067.0
1610,event-ingest,webhook,success,2026-09-30 00:45:30.166,2026-09-30 00:45:32.337,2171.0
1611,event-ingest,webhook,success,2026-09-30 00:45:30.202,2026-09-30 00:45:32.391,2189.0
1612,event-ingest,webhook,success,2026-09-30 00:45:30.271,2026-09-30 00:45:32.371,2100.0
1613,event-ingest,webhook,success,2026-09-30 00:45:32.194,2026-09-30 00:45:34.266,2072.0
1614,event-ingest,webhook,success,2026-09-30 00:45:32.242,2026-09-30 00:45:34.419,2177.0
1615,event-ingest,webhook,success,2026-09-30 00:45:32.281,2026-09-30 00:45:34.463,2182.0
1616,event-ingest,webhook,success,2026-09-30 00:45:32.344,2026-09-30 00:45:34.494,2150.0
1617,event-ingest,webhook,success,2026-09-30 00:45:34.275,2026-09-30 00:45:36.348,2073.0
1618,event-ingest,webhook,success,2026-09-30 00:45:34.334,2026-09-30 00:45:36.539,2205.0
1619,event-ingest,webhook,success,2026-09-30 00:45:34.384,2026-09-30 00:45:36.593,2209.0
1620,event-ingest,webhook,success,2026-09-30 00:45:34.495,2026-09-30 00:45:36.588,2093.0
1621,event-ingest,webhook,success,2026-09-30 00:45:36.055,2026-09-30 00:45:38.128,2073.0
1622,event-ingest,webhook,success,2026-09-30 00:45:36.113,2026-09-30 00:45:38.369,2256.0
1623,event-ingest,webhook,success,2026-09-30 00:45:36.184,2026-09-30 00:45:38.426,2242.0
1624,event-ingest,webhook,success,2026-09-30 00:45:36.240,2026-09-30 00:45:38.325,2085.0
1625,event-ingest,webhook,success,2026-09-30 00:45:36.404,2026-09-30 00:45:38.644,2240.0
1626,event-ingest,webhook,success,2026-09-30 00:45:36.688,2026-09-30 00:45:38.993,2305.0
1627,event-ingest,webhook,success,2026-09-30 00:45:36.746,2026-09-30 00:45:39.023,2277.0
1628,event-ingest,webhook,success,2026-09-30 00:45:36.833,2026-09-30 00:45:38.944,2111.0
1629,event-ingest,webhook,success,2026-09-30 00:45:36.956,2026-09-30 00:45:39.254,2298.0
1630,event-ingest,webhook,success,2026-09-30 00:45:37.073,2026-09-30 00:45:40.158,3085.0
1631,event-ingest,webhook,success,2026-09-30 00:45:37.168,2026-09-30 00:45:39.228,2060.0
1632,event-ingest,webhook,success,2026-09-30 00:45:37.220,2026-09-30 00:45:40.360,3140.0
1633,event-ingest,webhook,success,2026-09-30 00:45:37.274,2026-09-30 00:45:40.391,3117.0
1634,report-generator,trigger,success,2026-09-30 01:00:00.068,2026-09-30 01:00:00.333,265.0
1635,ioc-extractor,trigger,success,2026-09-30 01:00:00.080,2026-09-30 01:00:01.280,1200.0
1636,event-ingest,webhook,success,2026-09-30 01:00:02.315,2026-09-30 01:00:04.384,2069.0
1637,event-ingest,webhook,success,2026-09-30 01:00:02.357,2026-09-30 01:00:04.616,2259.0
1638,event-ingest,webhook,success,2026-09-30 01:00:02.444,2026-09-30 01:00:04.589,2145.0
1639,event-ingest,webhook,success,2026-09-30 01:00:02.599,2026-09-30 01:00:04.733,2134.0
1640,event-ingest,webhook,success,2026-09-30 01:00:04.435,2026-09-30 01:00:05.769,1334.0
1641,event-ingest,webhook,success,2026-09-30 01:00:04.472,2026-09-30 01:00:05.734,1262.0
1642,event-ingest,webhook,success,2026-09-30 01:00:04.510,2026-09-30 01:00:05.784,1274.0
1643,event-ingest,webhook,success,2026-09-30 01:00:04.553,2026-09-30 01:00:05.753,1200.0
1644,event-ingest,webhook,success,2026-09-30 01:00:06.698,2026-09-30 01:00:07.112,414.0
1645,event-ingest,webhook,success,2026-09-30 01:00:06.735,2026-09-30 01:00:07.251,516.0
1646,event-ingest,webhook,success,2026-09-30 01:00:06.776,2026-09-30 01:00:07.289,513.0
1647,event-ingest,webhook,success,2026-09-30 01:00:06.821,2026-09-30 01:00:07.250,429.0
1648,event-ingest,webhook,success,2026-09-30 01:00:08.676,2026-09-30 01:00:09.086,410.0
1649,event-ingest,webhook,success,2026-09-30 01:00:08.717,2026-09-30 01:00:09.243,526.0
1650,event-ingest,webhook,success,2026-09-30 01:00:08.753,2026-09-30 01:00:09.265,512.0
1651,event-ingest,webhook,success,2026-09-30 01:00:08.808,2026-09-30 01:00:09.240,432.0
1652,event-ingest,webhook,success,2026-09-30 01:00:10.658,2026-09-30 01:00:11.102,444.0
1653,event-ingest,webhook,success,2026-09-30 01:00:10.701,2026-09-30 01:00:11.229,528.0
1654,event-ingest,webhook,success,2026-09-30 01:00:10.737,2026-09-30 01:00:11.265,528.0
1655,event-ingest,webhook,success,2026-09-30 01:00:10.793,2026-09-30 01:00:11.226,433.0
1656,event-ingest,webhook,success,2026-09-30 01:00:12.642,2026-09-30 01:00:13.052,410.0
1657,event-ingest,webhook,success,2026-09-30 01:00:12.683,2026-09-30 01:00:13.226,543.0
1658,event-ingest,webhook,success,2026-09-30 01:00:12.724,2026-09-30 01:00:13.261,537.0
1659,event-ingest,webhook,success,2026-09-30 01:00:12.780,2026-09-30 01:00:13.179,399.0
1660,event-ingest,webhook,success,2026-09-30 01:00:13.116,2026-09-30 01:00:13.521,405.0
1661,event-ingest,webhook,success,2026-09-30 01:00:13.157,2026-09-30 01:00:13.666,509.0
1662,event-ingest,webhook,success,2026-09-30 01:00:14.108,2026-09-30 01:00:14.521,413.0
1663,event-ingest,webhook,success,2026-09-30 01:00:14.753,2026-09-30 01:00:15.166,413.0
1664,event-ingest,webhook,success,2026-09-30 01:00:15.695,2026-09-30 01:00:16.138,443.0
1665,event-ingest,webhook,success,2026-09-30 01:00:16.331,2026-09-30 01:00:16.747,416.0
1666,event-ingest,webhook,success,2026-09-30 01:00:16.369,2026-09-30 01:00:16.846,477.0
1667,event-ingest,webhook,success,2026-09-30 01:00:17.324,2026-09-30 01:00:17.728,404.0
1668,event-ingest,webhook,success,2026-09-30 01:00:17.369,2026-09-30 01:00:17.875,506.0
1669,event-ingest,webhook,success,2026-09-30 01:00:17.415,2026-09-30 01:00:17.912,497.0
1670,event-ingest,webhook,success,2026-09-30 01:00:17.477,2026-09-30 01:00:17.878,401.0
1671,event-ingest,webhook,success,2026-09-30 01:00:19.653,2026-09-30 01:00:21.785,2132.0
1672,event-ingest,webhook,success,2026-09-30 01:00:19.808,2026-09-30 01:00:22.015,2207.0
1673,event-ingest,webhook,success,2026-09-30 01:00:19.860,2026-09-30 01:00:22.087,2227.0
1674,event-ingest,webhook,success,2026-09-30 01:00:19.953,2026-09-30 01:00:22.041,2088.0
1675,event-ingest,webhook,success,2026-09-30 01:00:20.064,2026-09-30 01:00:22.286,2222.0
1676,event-ingest,webhook,success,2026-09-30 01:00:20.129,2026-09-30 01:00:22.319,2190.0
1677,ioc-extractor,trigger,success,2026-09-30 01:15:00.046,2026-09-30 01:15:01.078,1032.0
1678,event-ingest,webhook,success,2026-09-30 01:15:02.899,2026-09-30 01:15:03.364,465.0
1679,event-ingest,webhook,success,2026-09-30 01:15:02.944,2026-09-30 01:15:03.479,535.0
1680,event-ingest,webhook,success,2026-09-30 01:15:02.997,2026-09-30 01:15:03.567,570.0
1681,event-ingest,webhook,success,2026-09-30 01:15:03.051,2026-09-30 01:15:03.462,411.0
1682,event-ingest,webhook,success,2026-09-30 01:15:03.095,2026-09-30 01:15:03.648,553.0
1683,event-ingest,webhook,success,2026-09-30 01:15:03.150,2026-09-30 01:15:03.667,517.0
1684,event-ingest,webhook,success,2026-09-30 01:15:03.821,2026-09-30 01:15:04.273,452.0
1685,event-ingest,webhook,success,2026-09-30 01:15:04.765,2026-09-30 01:15:05.197,432.0
1686,event-ingest,webhook,success,2026-09-30 01:15:05.411,2026-09-30 01:15:05.804,393.0
1687,event-ingest,webhook,success,2026-09-30 01:15:06.358,2026-09-30 01:15:06.760,402.0
1688,event-ingest,webhook,success,2026-09-30 01:15:07.010,2026-09-30 01:15:07.421,411.0
1689,event-ingest,webhook,success,2026-09-30 01:15:07.964,2026-09-30 01:15:08.380,416.0
1690,event-ingest,webhook,success,2026-09-30 01:15:08.004,2026-09-30 01:15:08.488,484.0
1691,event-ingest,webhook,success,2026-09-30 01:15:08.944,2026-09-30 01:15:09.358,414.0
1692,event-ingest,webhook,success,2026-09-30 01:15:08.984,2026-09-30 01:15:09.508,524.0
1693,event-ingest,webhook,success,2026-09-30 01:15:09.020,2026-09-30 01:15:09.567,547.0
1694,event-ingest,webhook,success,2026-09-30 01:15:09.061,2026-09-30 01:15:09.507,446.0
1695,event-ingest,webhook,success,2026-09-30 01:15:10.914,2026-09-30 01:15:11.337,423.0
1696,event-ingest,webhook,success,2026-09-30 01:15:10.958,2026-09-30 01:15:11.490,532.0
1697,event-ingest,webhook,success,2026-09-30 01:15:11.000,2026-09-30 01:15:11.524,524.0
1698,event-ingest,webhook,success,2026-09-30 01:15:11.040,2026-09-30 01:15:11.462,422.0
1699,event-ingest,webhook,success,2026-09-30 01:15:12.880,2026-09-30 01:15:13.314,434.0
1700,event-ingest,webhook,success,2026-09-30 01:15:12.928,2026-09-30 01:15:13.474,546.0
1701,event-ingest,webhook,success,2026-09-30 01:15:12.970,2026-09-30 01:15:13.498,528.0
1702,event-ingest,webhook,success,2026-09-30 01:15:13.020,2026-09-30 01:15:13.472,452.0
1703,event-ingest,webhook,success,2026-09-30 01:15:15.171,2026-09-30 01:15:15.604,433.0
1704,event-ingest,webhook,success,2026-09-30 01:15:15.228,2026-09-30 01:15:15.727,499.0
1705,event-ingest,webhook,success,2026-09-30 01:15:15.264,2026-09-30 01:15:15.754,490.0
1706,event-ingest,webhook,success,2026-09-30 01:15:15.306,2026-09-30 01:15:15.725,419.0
1707,event-ingest,webhook,success,2026-09-30 01:15:17.150,2026-09-30 01:15:17.563,413.0
1708,event-ingest,webhook,success,2026-09-30 01:15:17.192,2026-09-30 01:15:17.720,528.0
1709,event-ingest,webhook,success,2026-09-30 01:15:17.228,2026-09-30 01:15:19.393,2165.0
1710,event-ingest,webhook,success,2026-09-30 01:15:17.274,2026-09-30 01:15:17.718,444.0
1711,event-ingest,webhook,success,2026-09-30 01:15:19.139,2026-09-30 01:15:21.207,2068.0
1712,event-ingest,webhook,success,2026-09-30 01:15:19.192,2026-09-30 01:15:21.369,2177.0
1713,event-ingest,webhook,success,2026-09-30 01:15:19.227,2026-09-30 01:15:21.403,2176.0
1714,event-ingest,webhook,success,2026-09-30 01:15:19.287,2026-09-30 01:15:21.348,2061.0
1715,event-ingest,webhook,success,2026-09-30 01:15:21.130,2026-09-30 01:15:23.175,2045.0
1716,event-ingest,webhook,success,2026-09-30 01:15:21.168,2026-09-30 01:15:23.427,2259.0
1717,event-ingest,webhook,success,2026-09-30 01:15:21.234,2026-09-30 01:15:23.305,2071.0
1718,event-ingest,webhook,success,2026-09-30 01:15:21.296,2026-09-30 01:15:23.500,2204.0
1719,event-ingest,webhook,success,2026-09-30 01:15:21.647,2026-09-30 01:15:23.738,2091.0
1720,event-ingest,webhook,success,2026-09-30 01:15:21.704,2026-09-30 01:15:23.842,2138.0
1721,event-ingest,webhook,success,2026-09-30 01:15:22.639,2026-09-30 01:15:24.682,2043.0
1722,event-ingest,webhook,success,2026-09-30 01:15:23.275,2026-09-30 01:15:25.347,2072.0
1723,event-ingest,webhook,success,2026-09-30 01:15:24.234,2026-09-30 01:15:26.308,2074.0
1724,event-ingest,webhook,success,2026-09-30 01:15:24.883,2026-09-30 01:15:26.921,2038.0
1725,event-ingest,webhook,success,2026-09-30 01:15:25.833,2026-09-30 01:15:27.881,2048.0
1726,event-ingest,webhook,success,2026-09-30 01:15:26.478,2026-09-30 01:15:28.534,2056.0
1727,event-ingest,webhook,success,2026-09-30 01:15:26.533,2026-09-30 01:15:28.741,2208.0
1728,event-ingest,webhook,success,2026-09-30 01:15:27.497,2026-09-30 01:15:29.555,2058.0
1729,event-ingest,webhook,success,2026-09-30 01:15:27.577,2026-09-30 01:15:29.753,2176.0
1730,event-ingest,webhook,success,2026-09-30 01:15:27.625,2026-09-30 01:15:29.783,2158.0
1731,event-ingest,webhook,success,2026-09-30 01:15:27.661,2026-09-30 01:15:29.733,2072.0
1732,event-ingest,webhook,success,2026-09-30 01:15:29.504,2026-09-30 01:15:31.565,2061.0
1733,event-ingest,webhook,success,2026-09-30 01:15:29.557,2026-09-30 01:15:31.730,2173.0
1734,event-ingest,webhook,success,2026-09-30 01:15:29.608,2026-09-30 01:15:31.788,2180.0
1735,event-ingest,webhook,success,2026-09-30 01:15:29.653,2026-09-30 01:15:31.712,2059.0
1736,event-ingest,webhook,success,2026-09-30 01:15:31.798,2026-09-30 01:15:33.851,2053.0
1737,event-ingest,webhook,success,2026-09-30 01:15:31.844,2026-09-30 01:15:34.005,2161.0
1738,event-ingest,webhook,success,2026-09-30 01:15:31.883,2026-09-30 01:15:34.046,2163.0
1739,event-ingest,webhook,success,2026-09-30 01:15:31.933,2026-09-30 01:15:33.985,2052.0
1740,event-ingest,webhook,success,2026-09-30 01:15:33.793,2026-09-30 01:15:35.853,2060.0
1741,event-ingest,webhook,success,2026-09-30 01:15:33.835,2026-09-30 01:15:36.084,2249.0
1742,event-ingest,webhook,success,2026-09-30 01:15:33.897,2026-09-30 01:15:36.125,2228.0
1743,event-ingest,webhook,success,2026-09-30 01:15:33.932,2026-09-30 01:15:36.080,2148.0
1744,event-ingest,webhook,success,2026-09-30 01:15:35.767,2026-09-30 01:15:37.831,2064.0
1745,event-ingest,webhook,success,2026-09-30 01:15:35.842,2026-09-30 01:15:38.172,2330.0
1746,event-ingest,webhook,success,2026-09-30 01:15:36.134,2026-09-30 01:15:38.258,2124.0
1747,event-ingest,webhook,success,2026-09-30 01:15:36.241,2026-09-30 01:15:38.466,2225.0
1748,event-ingest,webhook,success,2026-09-30 01:15:36.299,2026-09-30 01:15:38.612,2313.0
1749,event-ingest,webhook,success,2026-09-30 01:15:36.393,2026-09-30 01:15:38.483,2090.0
1750,event-ingest,webhook,success,2026-09-30 01:15:36.497,2026-09-30 01:15:38.876,2379.0
1751,event-ingest,webhook,success,2026-09-30 01:15:36.656,2026-09-30 01:15:38.749,2093.0
1752,event-ingest,webhook,success,2026-09-30 01:15:36.745,2026-09-30 01:15:38.986,2241.0
1753,event-ingest,webhook,success,2026-09-30 01:15:36.857,2026-09-30 01:15:39.012,2155.0
1754,ioc-extractor,trigger,success,2026-09-30 01:30:00.048,2026-09-30 01:30:02.907,2859.0
1755,event-ingest,webhook,success,2026-09-30 01:30:04.975,2026-09-30 01:30:05.560,585.0
1756,event-ingest,webhook,success,2026-09-30 01:30:05.071,2026-09-30 01:30:05.890,819.0
1757,event-ingest,webhook,success,2026-09-30 01:30:05.173,2026-09-30 01:30:05.883,710.0
1758,event-ingest,webhook,success,2026-09-30 01:30:05.275,2026-09-30 01:30:05.816,541.0
1759,event-ingest,webhook,success,2026-09-30 01:30:07.161,2026-09-30 01:30:07.694,533.0
1760,event-ingest,webhook,success,2026-09-30 01:30:07.272,2026-09-30 01:30:08.189,917.0
1761,event-ingest,webhook,success,2026-09-30 01:30:07.358,2026-09-30 01:30:08.268,910.0
1762,event-ingest,webhook,success,2026-09-30 01:30:07.471,2026-09-30 01:30:08.187,716.0
1763,event-ingest,webhook,success,2026-09-30 01:30:09.058,2026-09-30 01:30:09.592,534.0
1764,event-ingest,webhook,success,2026-09-30 01:30:09.171,2026-09-30 01:30:09.866,695.0
1765,event-ingest,webhook,success,2026-09-30 01:30:09.275,2026-09-30 01:30:09.925,650.0
1766,event-ingest,webhook,success,2026-09-30 01:30:09.363,2026-09-30 01:30:09.864,501.0
1767,event-ingest,webhook,success,2026-09-30 01:30:11.238,2026-09-30 01:30:11.718,480.0
1768,event-ingest,webhook,success,2026-09-30 01:30:11.315,2026-09-30 01:30:12.003,688.0
1769,event-ingest,webhook,success,2026-09-30 01:30:11.398,2026-09-30 01:30:12.061,663.0
1770,event-ingest,webhook,success,2026-09-30 01:30:11.511,2026-09-30 01:30:11.982,471.0
1771,event-ingest,webhook,success,2026-09-30 01:30:13.375,2026-09-30 01:30:13.899,524.0
1772,event-ingest,webhook,success,2026-09-30 01:30:13.466,2026-09-30 01:30:14.276,810.0
1773,event-ingest,webhook,success,2026-09-30 01:30:13.584,2026-09-30 01:30:14.349,765.0
1774,event-ingest,webhook,success,2026-09-30 01:30:13.745,2026-09-30 01:30:14.266,521.0
1775,event-ingest,webhook,success,2026-09-30 01:30:14.124,2026-09-30 01:30:14.567,443.0
1776,event-ingest,webhook,success,2026-09-30 01:30:14.202,2026-09-30 01:30:14.868,666.0
1777,event-ingest,webhook,success,2026-09-30 01:30:14.910,2026-09-30 01:30:15.318,408.0
1778,event-ingest,webhook,success,2026-09-30 01:30:15.849,2026-09-30 01:30:16.328,479.0
1779,event-ingest,webhook,success,2026-09-30 01:30:16.512,2026-09-30 01:30:16.982,470.0
1780,event-ingest,webhook,success,2026-09-30 01:30:17.467,2026-09-30 01:30:18.059,592.0
1781,event-ingest,webhook,success,2026-09-30 01:30:18.147,2026-09-30 01:30:18.566,419.0
1782,event-ingest,webhook,success,2026-09-30 01:30:19.097,2026-09-30 01:30:19.536,439.0
1783,event-ingest,webhook,success,2026-09-30 01:30:19.747,2026-09-30 01:30:20.186,439.0
1784,event-ingest,webhook,success,2026-09-30 01:30:19.868,2026-09-30 01:30:20.457,589.0
1785,event-ingest,webhook,success,2026-09-30 01:30:20.848,2026-09-30 01:30:22.927,2079.0
1786,event-ingest,webhook,success,2026-09-30 01:30:20.930,2026-09-30 01:30:23.303,2373.0
1787,event-ingest,webhook,success,2026-09-30 01:30:21.000,2026-09-30 01:30:23.367,2367.0
1788,event-ingest,webhook,success,2026-09-30 01:30:21.110,2026-09-30 01:30:23.346,2236.0
1789,event-ingest,webhook,success,2026-09-30 01:30:22.984,2026-09-30 01:30:25.059,2075.0
1790,event-ingest,webhook,success,2026-09-30 01:30:23.047,2026-09-30 01:30:25.409,2362.0
1791,event-ingest,webhook,success,2026-09-30 01:30:23.108,2026-09-30 01:30:25.548,2440.0
1792,event-ingest,webhook,success,2026-09-30 01:30:23.374,2026-09-30 01:30:25.605,2231.0
1793,event-ingest,webhook,success,2026-09-30 01:30:25.061,2026-09-30 01:30:27.192,2131.0
1794,event-ingest,webhook,success,2026-09-30 01:30:25.141,2026-09-30 01:30:27.566,2425.0
1795,event-ingest,webhook,success,2026-09-30 01:30:25.236,2026-09-30 01:30:27.717,2481.0
1796,event-ingest,webhook,success,2026-09-30 01:30:25.337,2026-09-30 01:30:27.654,2317.0
1797,event-ingest,webhook,success,2026-09-30 01:30:26.946,2026-09-30 01:30:29.080,2134.0
1798,event-ingest,webhook,success,2026-09-30 01:30:27.023,2026-09-30 01:30:29.369,2346.0
1799,event-ingest,webhook,success,2026-09-30 01:30:27.108,2026-09-30 01:30:29.778,2670.0
1800,event-ingest,webhook,success,2026-09-30 01:30:27.284,2026-09-30 01:30:29.434,2150.0
1801,event-ingest,webhook,success,2026-09-30 01:30:28.915,2026-09-30 01:30:31.061,2146.0
1802,event-ingest,webhook,success,2026-09-30 01:30:29.098,2026-09-30 01:30:31.519,2421.0
1803,event-ingest,webhook,success,2026-09-30 01:30:29.226,2026-09-30 01:30:31.639,2413.0
1804,event-ingest,webhook,success,2026-09-30 01:30:29.399,2026-09-30 01:30:31.623,2224.0
1805,event-ingest,webhook,success,2026-09-30 01:30:31.068,2026-09-30 01:30:33.179,2111.0
1806,event-ingest,webhook,success,2026-09-30 01:30:31.219,2026-09-30 01:30:33.648,2429.0
1807,event-ingest,webhook,success,2026-09-30 01:30:31.310,2026-09-30 01:30:33.702,2392.0
1808,event-ingest,webhook,success,2026-09-30 01:30:31.503,2026-09-30 01:30:33.745,2242.0
1809,event-ingest,webhook,success,2026-09-30 01:30:32.065,2026-09-30 01:30:34.319,2254.0
1810,event-ingest,webhook,success,2026-09-30 01:30:32.329,2026-09-30 01:30:34.739,2410.0
1811,event-ingest,webhook,success,2026-09-30 01:30:32.528,2026-09-30 01:30:34.624,2096.0
1812,event-ingest,webhook,success,2026-09-30 01:30:32.657,2026-09-30 01:30:35.140,2483.0
1813,event-ingest,webhook,success,2026-09-30 01:30:32.919,2026-09-30 01:30:35.039,2120.0
1814,ioc-extractor,trigger,success,2026-09-30 01:45:00.039,2026-09-30 01:45:01.164,1125.0
1815,event-ingest,webhook,success,2026-09-30 01:45:03.466,2026-09-30 01:45:04.108,642.0
1816,event-ingest,webhook,success,2026-09-30 01:45:03.606,2026-09-30 01:45:04.371,765.0
1817,event-ingest,webhook,success,2026-09-30 01:45:03.750,2026-09-30 01:45:04.608,858.0
1818,event-ingest,webhook,success,2026-09-30 01:45:03.894,2026-09-30 01:45:04.411,517.0
1819,event-ingest,webhook,success,2026-09-30 01:45:05.521,2026-09-30 01:45:05.940,419.0
1820,event-ingest,webhook,success,2026-09-30 01:45:05.583,2026-09-30 01:45:06.188,605.0
1821,event-ingest,webhook,success,2026-09-30 01:45:05.658,2026-09-30 01:45:06.233,575.0
1822,event-ingest,webhook,success,2026-09-30 01:45:05.739,2026-09-30 01:45:06.159,420.0
1823,event-ingest,webhook,success,2026-09-30 01:45:07.595,2026-09-30 01:45:08.001,406.0
1824,event-ingest,webhook,success,2026-09-30 01:45:07.640,2026-09-30 01:45:08.235,595.0
1825,event-ingest,webhook,success,2026-09-30 01:45:07.698,2026-09-30 01:45:08.261,563.0
1826,event-ingest,webhook,success,2026-09-30 01:45:07.781,2026-09-30 01:45:08.216,435.0
1827,event-ingest,webhook,success,2026-09-30 01:45:09.622,2026-09-30 01:45:10.048,426.0
1828,event-ingest,webhook,success,2026-09-30 01:45:09.670,2026-09-30 01:45:10.407,737.0
1829,event-ingest,webhook,success,2026-09-30 01:45:09.727,2026-09-30 01:45:10.409,682.0
1830,event-ingest,webhook,success,2026-09-30 01:45:09.811,2026-09-30 01:45:10.411,600.0
1831,event-ingest,webhook,success,2026-09-30 01:45:11.955,2026-09-30 01:45:12.482,527.0
1832,event-ingest,webhook,success,2026-09-30 01:45:12.005,2026-09-30 01:45:12.677,672.0
1833,event-ingest,webhook,success,2026-09-30 01:45:12.076,2026-09-30 01:45:12.843,767.0
1834,event-ingest,webhook,success,2026-09-30 01:45:12.208,2026-09-30 01:45:12.663,455.0
1835,event-ingest,webhook,success,2026-09-30 01:45:13.778,2026-09-30 01:45:14.230,452.0
1836,event-ingest,webhook,success,2026-09-30 01:45:13.831,2026-09-30 01:45:14.385,554.0
1837,event-ingest,webhook,success,2026-09-30 01:45:13.880,2026-09-30 01:45:14.437,557.0
1838,event-ingest,webhook,success,2026-09-30 01:45:13.939,2026-09-30 01:45:14.352,413.0
1839,event-ingest,webhook,success,2026-09-30 01:45:16.111,2026-09-30 01:45:16.701,590.0
1840,event-ingest,webhook,success,2026-09-30 01:45:16.208,2026-09-30 01:45:16.883,675.0
1841,event-ingest,webhook,success,2026-09-30 01:45:16.302,2026-09-30 01:45:16.833,531.0
1842,event-ingest,webhook,success,2026-09-30 01:45:16.418,2026-09-30 01:45:17.240,822.0
1843,event-ingest,webhook,success,2026-09-30 01:45:16.746,2026-09-30 01:45:17.217,471.0
1844,event-ingest,webhook,success,2026-09-30 01:45:16.869,2026-09-30 01:45:17.387,518.0
1845,event-ingest,webhook,success,2026-09-30 01:45:17.009,2026-09-30 01:45:17.537,528.0
1846,event-ingest,webhook,success,2026-09-30 01:45:17.668,2026-09-30 01:45:18.087,419.0
1847,event-ingest,webhook,success,2026-09-30 01:45:18.608,2026-09-30 01:45:19.075,467.0
1848,event-ingest,webhook,success,2026-09-30 01:45:19.552,2026-09-30 01:45:20.075,523.0
1849,event-ingest,webhook,success,2026-09-30 01:45:19.612,2026-09-30 01:45:20.210,598.0
1850,event-ingest,webhook,success,2026-09-30 01:45:20.559,2026-09-30 01:45:20.987,428.0
1851,event-ingest,webhook,success,2026-09-30 01:45:20.606,2026-09-30 01:45:21.156,550.0
1852,event-ingest,webhook,success,2026-09-30 01:45:20.673,2026-09-30 01:45:21.217,544.0
1853,event-ingest,webhook,success,2026-09-30 01:45:20.779,2026-09-30 01:45:21.188,409.0
1854,event-ingest,webhook,success,2026-09-30 01:45:22.325,2026-09-30 01:45:24.387,2062.0
1855,event-ingest,webhook,success,2026-09-30 01:45:22.389,2026-09-30 01:45:24.679,2290.0
1856,event-ingest,webhook,success,2026-09-30 01:45:22.460,2026-09-30 01:45:24.727,2267.0
1857,event-ingest,webhook,success,2026-09-30 01:45:22.532,2026-09-30 01:45:24.649,2117.0
1858,event-ingest,webhook,success,2026-09-30 01:45:22.939,2026-09-30 01:45:24.998,2059.0
1859,event-ingest,webhook,success,2026-09-30 01:45:22.982,2026-09-30 01:45:25.139,2157.0
1860,event-ingest,webhook,success,2026-09-30 01:45:23.925,2026-09-30 01:45:25.975,2050.0
1861,event-ingest,webhook,success,2026-09-30 01:45:24.873,2026-09-30 01:45:26.931,2058.0
1862,event-ingest,webhook,success,2026-09-30 01:45:25.525,2026-09-30 01:45:27.577,2052.0
1863,event-ingest,webhook,success,2026-09-30 01:45:26.468,2026-09-30 01:45:28.543,2075.0
1864,event-ingest,webhook,success,2026-09-30 01:45:27.107,2026-09-30 01:45:29.176,2069.0
1865,event-ingest,webhook,success,2026-09-30 01:45:27.156,2026-09-30 01:45:29.321,2165.0
1866,event-ingest,webhook,success,2026-09-30 01:45:28.100,2026-09-30 01:45:30.156,2056.0
1867,event-ingest,webhook,success,2026-09-30 01:45:28.160,2026-09-30 01:45:30.456,2296.0
1868,event-ingest,webhook,success,2026-09-30 01:45:28.287,2026-09-30 01:45:30.367,2080.0
1869,event-ingest,webhook,success,2026-09-30 01:45:28.375,2026-09-30 01:45:30.803,2428.0
1870,event-ingest,webhook,success,2026-09-30 01:45:28.538,2026-09-30 01:45:30.695,2157.0
1871,event-ingest,webhook,success,2026-09-30 01:45:28.744,2026-09-30 01:45:31.143,2399.0
1872,event-ingest,webhook,success,2026-09-30 01:45:28.916,2026-09-30 01:45:31.033,2117.0
1873,ioc-extractor,trigger,success,2026-09-30 02:00:00.034,2026-09-30 02:00:01.394,1360.0
1874,event-ingest,webhook,success,2026-09-30 02:00:03.600,2026-09-30 02:00:05.546,1946.0
1875,event-ingest,webhook,success,2026-09-30 02:00:03.650,2026-09-30 02:00:05.515,1865.0
1876,event-ingest,webhook,success,2026-09-30 02:00:03.706,2026-09-30 02:00:05.498,1792.0
1877,event-ingest,webhook,success,2026-09-30 02:00:03.801,2026-09-30 02:00:05.532,1731.0
1878,event-ingest,webhook,success,2026-09-30 02:00:05.665,2026-09-30 02:00:06.216,551.0
1879,event-ingest,webhook,success,2026-09-30 02:00:05.740,2026-09-30 02:00:06.437,697.0
1880,event-ingest,webhook,success,2026-09-30 02:00:05.837,2026-09-30 02:00:06.381,544.0
1881,event-ingest,webhook,success,2026-09-30 02:00:05.953,2026-09-30 02:00:06.558,605.0
1882,event-ingest,webhook,success,2026-09-30 02:00:07.830,2026-09-30 02:00:08.263,433.0
1883,event-ingest,webhook,success,2026-09-30 02:00:07.873,2026-09-30 02:00:08.416,543.0
1884,event-ingest,webhook,success,2026-09-30 02:00:07.920,2026-09-30 02:00:08.535,615.0
1885,event-ingest,webhook,success,2026-09-30 02:00:08.007,2026-09-30 02:00:08.438,431.0
1886,event-ingest,webhook,success,2026-09-30 02:00:08.091,2026-09-30 02:00:08.694,603.0
1887,event-ingest,webhook,success,2026-09-30 02:00:08.179,2026-09-30 02:00:08.642,463.0
1888,event-ingest,webhook,success,2026-09-30 02:00:08.832,2026-09-30 02:00:09.226,394.0
1889,event-ingest,webhook,success,2026-09-30 02:00:09.771,2026-09-30 02:00:10.206,435.0
1890,event-ingest,webhook,success,2026-09-30 02:00:10.714,2026-09-30 02:00:11.130,416.0
1891,event-ingest,webhook,success,2026-09-30 02:00:11.355,2026-09-30 02:00:11.797,442.0
1892,event-ingest,webhook,success,2026-09-30 02:00:12.300,2026-09-30 02:00:12.720,420.0
1893,event-ingest,webhook,success,2026-09-30 02:00:12.345,2026-09-30 02:00:12.877,532.0
1894,event-ingest,webhook,success,2026-09-30 02:00:13.290,2026-09-30 02:00:13.709,419.0
1895,event-ingest,webhook,success,2026-09-30 02:00:13.340,2026-09-30 02:00:13.903,563.0
1896,event-ingest,webhook,success,2026-09-30 02:00:13.391,2026-09-30 02:00:13.947,556.0
1897,event-ingest,webhook,success,2026-09-30 02:00:13.471,2026-09-30 02:00:13.905,434.0
1898,event-ingest,webhook,success,2026-09-30 02:00:15.321,2026-09-30 02:00:15.867,546.0
1899,event-ingest,webhook,success,2026-09-30 02:00:15.372,2026-09-30 02:00:16.024,652.0
1900,event-ingest,webhook,success,2026-09-30 02:00:15.420,2026-09-30 02:00:16.088,668.0
1901,event-ingest,webhook,success,2026-09-30 02:00:15.511,2026-09-30 02:00:15.926,415.0
1902,event-ingest,webhook,success,2026-09-30 02:00:17.373,2026-09-30 02:00:17.931,558.0
1903,event-ingest,webhook,success,2026-09-30 02:00:17.452,2026-09-30 02:00:18.248,796.0
1904,event-ingest,webhook,success,2026-09-30 02:00:17.696,2026-09-30 02:00:18.309,613.0
1905,event-ingest,webhook,success,2026-09-30 02:00:17.985,2026-09-30 02:00:18.567,582.0
1906,ioc-extractor,trigger,success,2026-09-30 02:15:00.076,2026-09-30 02:15:01.100,1024.0
1907,event-ingest,webhook,success,2026-09-30 02:15:03.571,2026-09-30 02:15:04.157,586.0
1908,event-ingest,webhook,success,2026-09-30 02:15:03.686,2026-09-30 02:15:04.246,560.0
1909,event-ingest,webhook,success,2026-09-30 02:15:03.747,2026-09-30 02:15:04.327,580.0
1910,event-ingest,webhook,success,2026-09-30 02:15:03.830,2026-09-30 02:15:04.268,438.0
1911,event-ingest,webhook,success,2026-09-30 02:15:05.679,2026-09-30 02:15:06.135,456.0
1912,event-ingest,webhook,success,2026-09-30 02:15:05.733,2026-09-30 02:15:06.311,578.0
1913,event-ingest,webhook,success,2026-09-30 02:15:05.791,2026-09-30 02:15:06.349,558.0
1914,event-ingest,webhook,success,2026-09-30 02:15:05.851,2026-09-30 02:15:06.273,422.0
1915,event-ingest,webhook,success,2026-09-30 02:15:07.700,2026-09-30 02:15:08.167,467.0
1916,event-ingest,webhook,success,2026-09-30 02:15:07.752,2026-09-30 02:15:08.505,753.0
1917,event-ingest,webhook,success,2026-09-30 02:15:07.945,2026-09-30 02:15:08.502,557.0
1918,event-ingest,webhook,success,2026-09-30 02:15:08.138,2026-09-30 02:15:08.699,561.0
1919,event-ingest,webhook,success,2026-09-30 02:15:09.697,2026-09-30 02:15:10.133,436.0
1920,event-ingest,webhook,success,2026-09-30 02:15:09.756,2026-09-30 02:15:10.385,629.0
1921,event-ingest,webhook,success,2026-09-30 02:15:09.814,2026-09-30 02:15:10.443,629.0
1922,event-ingest,webhook,success,2026-09-30 02:15:09.884,2026-09-30 02:15:10.387,503.0
1923,event-ingest,webhook,success,2026-09-30 02:15:11.784,2026-09-30 02:15:12.205,421.0
1924,event-ingest,webhook,success,2026-09-30 02:15:11.831,2026-09-30 02:15:12.463,632.0
1925,event-ingest,webhook,success,2026-09-30 02:15:11.885,2026-09-30 02:15:12.572,687.0
1926,event-ingest,webhook,success,2026-09-30 02:15:11.944,2026-09-30 02:15:12.417,473.0
1927,event-ingest,webhook,success,2026-09-30 02:15:13.790,2026-09-30 02:15:14.242,452.0
1928,event-ingest,webhook,success,2026-09-30 02:15:13.841,2026-09-30 02:15:14.410,569.0
1929,event-ingest,webhook,success,2026-09-30 02:15:13.887,2026-09-30 02:15:14.446,559.0
1930,event-ingest,webhook,success,2026-09-30 02:15:13.980,2026-09-30 02:15:14.407,427.0
1931,event-ingest,webhook,success,2026-09-30 02:15:15.826,2026-09-30 02:15:16.339,513.0
1932,event-ingest,webhook,success,2026-09-30 02:15:15.914,2026-09-30 02:15:16.586,672.0
1933,event-ingest,webhook,success,2026-09-30 02:15:16.007,2026-09-30 02:15:16.501,494.0
1934,event-ingest,webhook,success,2026-09-30 02:15:16.213,2026-09-30 02:15:16.896,683.0
1935,event-ingest,webhook,success,2026-09-30 02:15:16.370,2026-09-30 02:15:16.797,427.0
1936,event-ingest,webhook,success,2026-09-30 02:15:16.451,2026-09-30 02:15:17.129,678.0
1937,event-ingest,webhook,success,2026-09-30 02:15:17.403,2026-09-30 02:15:17.803,400.0
1938,event-ingest,webhook,success,2026-09-30 02:15:18.341,2026-09-30 02:15:18.737,396.0
1939,event-ingest,webhook,success,2026-09-30 02:15:18.981,2026-09-30 02:15:19.424,443.0
1940,event-ingest,webhook,success,2026-09-30 02:15:19.923,2026-09-30 02:15:20.327,404.0
1941,event-ingest,webhook,success,2026-09-30 02:15:20.570,2026-09-30 02:15:22.625,2055.0
1942,event-ingest,webhook,success,2026-09-30 02:15:21.510,2026-09-30 02:15:23.588,2078.0
1943,event-ingest,webhook,success,2026-09-30 02:15:22.148,2026-09-30 02:15:24.198,2050.0
1944,event-ingest,webhook,success,2026-09-30 02:15:22.195,2026-09-30 02:15:24.371,2176.0
1945,event-ingest,webhook,success,2026-09-30 02:15:23.136,2026-09-30 02:15:25.195,2059.0
1946,event-ingest,webhook,success,2026-09-30 02:15:23.189,2026-09-30 02:15:25.388,2199.0
1947,event-ingest,webhook,success,2026-09-30 02:15:23.232,2026-09-30 02:15:25.434,2202.0
1948,event-ingest,webhook,success,2026-09-30 02:15:23.311,2026-09-30 02:15:25.368,2057.0
1949,event-ingest,webhook,success,2026-09-30 02:15:25.458,2026-09-30 02:15:25.874,416.0
1950,event-ingest,webhook,success,2026-09-30 02:15:25.506,2026-09-30 02:15:26.069,563.0
1951,event-ingest,webhook,success,2026-09-30 02:15:25.562,2026-09-30 02:15:26.159,597.0
1952,event-ingest,webhook,success,2026-09-30 02:15:25.620,2026-09-30 02:15:26.046,426.0
1953,event-ingest,webhook,success,2026-09-30 02:15:27.469,2026-09-30 02:15:29.553,2084.0
1954,event-ingest,webhook,success,2026-09-30 02:15:27.525,2026-09-30 02:15:29.795,2270.0
1955,event-ingest,webhook,success,2026-09-30 02:15:27.609,2026-09-30 02:15:29.856,2247.0
1956,event-ingest,webhook,success,2026-09-30 02:15:27.692,2026-09-30 02:15:29.823,2131.0
1957,event-ingest,webhook,success,2026-09-30 02:15:29.295,2026-09-30 02:15:31.348,2053.0
1958,event-ingest,webhook,success,2026-09-30 02:15:29.348,2026-09-30 02:15:31.558,2210.0
1959,event-ingest,webhook,success,2026-09-30 02:15:29.393,2026-09-30 02:15:31.625,2232.0
1960,event-ingest,webhook,success,2026-09-30 02:15:29.471,2026-09-30 02:15:31.536,2065.0
1961,event-ingest,webhook,success,2026-09-30 02:15:31.634,2026-09-30 02:15:33.757,2123.0
1962,event-ingest,webhook,success,2026-09-30 02:15:31.697,2026-09-30 02:15:33.964,2267.0
1963,event-ingest,webhook,success,2026-09-30 02:15:31.743,2026-09-30 02:15:34.010,2267.0
1964,event-ingest,webhook,success,2026-09-30 02:15:31.841,2026-09-30 02:15:33.904,2063.0
1965,event-ingest,webhook,success,2026-09-30 02:15:31.938,2026-09-30 02:15:34.132,2194.0
1966,event-ingest,webhook,success,2026-09-30 02:15:32.012,2026-09-30 02:15:34.066,2054.0
1967,event-ingest,webhook,success,2026-09-30 02:15:32.654,2026-09-30 02:15:34.698,2044.0
1968,event-ingest,webhook,success,2026-09-30 02:15:33.600,2026-09-30 02:15:35.662,2062.0
1969,event-ingest,webhook,success,2026-09-30 02:15:34.268,2026-09-30 02:15:36.317,2049.0
1970,event-ingest,webhook,success,2026-09-30 02:15:35.213,2026-09-30 02:15:37.264,2051.0
1971,event-ingest,webhook,success,2026-09-30 02:15:35.857,2026-09-30 02:15:37.916,2059.0
1972,event-ingest,webhook,success,2026-09-30 02:15:36.804,2026-09-30 02:15:38.869,2065.0
1973,event-ingest,webhook,success,2026-09-30 02:15:37.442,2026-09-30 02:15:39.525,2083.0
1974,event-ingest,webhook,success,2026-09-30 02:15:37.674,2026-09-30 02:15:39.904,2230.0
1975,event-ingest,webhook,success,2026-09-30 02:15:38.696,2026-09-30 02:15:40.755,2059.0
1976,event-ingest,webhook,success,2026-09-30 02:15:38.746,2026-09-30 02:15:40.963,2217.0
1977,event-ingest,webhook,success,2026-09-30 02:15:38.798,2026-09-30 02:15:41.045,2247.0
1978,event-ingest,webhook,success,2026-09-30 02:15:38.892,2026-09-30 02:15:41.020,2128.0
1979,event-ingest,webhook,success,2026-09-30 02:15:40.767,2026-09-30 02:15:42.855,2088.0
1980,event-ingest,webhook,success,2026-09-30 02:15:40.821,2026-09-30 02:15:43.097,2276.0
1981,event-ingest,webhook,success,2026-09-30 02:15:40.865,2026-09-30 02:15:43.148,2283.0
1982,event-ingest,webhook,success,2026-09-30 02:15:40.971,2026-09-30 02:15:43.200,2229.0
1983,event-ingest,webhook,success,2026-09-30 02:15:42.665,2026-09-30 02:15:44.732,2067.0
1984,event-ingest,webhook,success,2026-09-30 02:15:42.713,2026-09-30 02:15:44.964,2251.0
1985,event-ingest,webhook,success,2026-09-30 02:15:42.779,2026-09-30 02:15:45.095,2316.0
1986,event-ingest,webhook,success,2026-09-30 02:15:42.869,2026-09-30 02:15:45.034,2165.0
1987,event-ingest,webhook,success,2026-09-30 02:15:44.748,2026-09-30 02:15:46.847,2099.0
1988,event-ingest,webhook,success,2026-09-30 02:15:44.800,2026-09-30 02:15:47.160,2360.0
1989,event-ingest,webhook,success,2026-09-30 02:15:44.857,2026-09-30 02:15:47.331,2474.0
1990,event-ingest,webhook,success,2026-09-30 02:15:45.105,2026-09-30 02:15:47.433,2328.0
1991,event-ingest,webhook,success,2026-09-30 02:15:46.740,2026-09-30 02:15:48.884,2144.0
1992,event-ingest,webhook,success,2026-09-30 02:15:46.858,2026-09-30 02:15:49.100,2242.0
1993,event-ingest,webhook,success,2026-09-30 02:15:46.931,2026-09-30 02:15:49.006,2075.0
1994,event-ingest,webhook,success,2026-09-30 02:15:47.063,2026-09-30 02:15:49.495,2432.0
1995,event-ingest,webhook,success,2026-09-30 02:15:47.203,2026-09-30 02:15:49.647,2444.0
1996,event-ingest,webhook,success,2026-09-30 02:15:47.694,2026-09-30 02:15:50.113,2419.0
1997,event-ingest,webhook,success,2026-09-30 02:15:47.872,2026-09-30 02:15:50.289,2417.0
1998,event-ingest,webhook,success,2026-09-30 02:15:47.960,2026-09-30 02:15:50.077,2117.0
1999,event-ingest,webhook,success,2026-09-30 02:15:48.104,2026-09-30 02:15:50.504,2400.0
2000,event-ingest,webhook,success,2026-09-30 02:15:48.300,2026-09-30 02:15:50.398,2098.0
2001,event-ingest,webhook,success,2026-09-30 02:15:48.411,2026-09-30 02:15:51.032,2621.0
2002,event-ingest,webhook,success,2026-09-30 02:15:48.546,2026-09-30 02:15:50.938,2392.0
2003,event-ingest,webhook,success,2026-09-30 02:15:48.642,2026-09-30 02:15:51.519,2877.0
2004,event-ingest,webhook,success,2026-09-30 02:15:48.722,2026-09-30 02:15:51.121,2399.0
2005,ioc-extractor,trigger,success,2026-09-30 02:30:00.065,2026-09-30 02:30:03.183,3118.0
2006,event-ingest,webhook,success,2026-09-30 02:30:05.404,2026-09-30 02:30:06.062,658.0
2007,event-ingest,webhook,success,2026-09-30 02:30:05.486,2026-09-30 02:30:06.306,820.0
2008,event-ingest,webhook,success,2026-09-30 02:30:05.614,2026-09-30 02:30:06.436,822.0
2009,event-ingest,webhook,success,2026-09-30 02:30:05.725,2026-09-30 02:30:06.253,528.0
2010,event-ingest,webhook,success,2026-09-30 02:30:07.303,2026-09-30 02:30:07.890,587.0
2011,event-ingest,webhook,success,2026-09-30 02:30:07.412,2026-09-30 02:30:08.229,817.0
2012,event-ingest,webhook,success,2026-09-30 02:30:07.524,2026-09-30 02:30:08.280,756.0
2013,event-ingest,webhook,success,2026-09-30 02:30:07.684,2026-09-30 02:30:08.210,526.0
2014,event-ingest,webhook,success,2026-09-30 02:30:09.248,2026-09-30 02:30:09.669,421.0
2015,event-ingest,webhook,success,2026-09-30 02:30:09.298,2026-09-30 02:30:09.855,557.0
2016,event-ingest,webhook,success,2026-09-30 02:30:09.353,2026-09-30 02:30:09.898,545.0
2017,event-ingest,webhook,success,2026-09-30 02:30:09.410,2026-09-30 02:30:09.820,410.0
2018,event-ingest,webhook,success,2026-09-30 02:30:11.552,2026-09-30 02:30:11.990,438.0
2019,event-ingest,webhook,success,2026-09-30 02:30:11.605,2026-09-30 02:30:12.187,582.0
2020,event-ingest,webhook,success,2026-09-30 02:30:11.656,2026-09-30 02:30:12.232,576.0
2021,event-ingest,webhook,success,2026-09-30 02:30:11.744,2026-09-30 02:30:12.171,427.0
2022,event-ingest,webhook,success,2026-09-30 02:30:13.606,2026-09-30 02:30:14.026,420.0
2023,event-ingest,webhook,success,2026-09-30 02:30:13.662,2026-09-30 02:30:14.327,665.0
2024,event-ingest,webhook,success,2026-09-30 02:30:13.737,2026-09-30 02:30:14.444,707.0
2025,event-ingest,webhook,success,2026-09-30 02:30:13.819,2026-09-30 02:30:14.380,561.0
2026,event-ingest,webhook,success,2026-09-30 02:30:14.530,2026-09-30 02:30:14.947,417.0
2027,event-ingest,webhook,success,2026-09-30 02:30:14.587,2026-09-30 02:30:15.152,565.0
2028,event-ingest,webhook,success,2026-09-30 02:30:15.224,2026-09-30 02:30:15.633,409.0
2029,event-ingest,webhook,success,2026-09-30 02:30:16.166,2026-09-30 02:30:16.642,476.0
2030,event-ingest,webhook,success,2026-09-30 02:30:17.141,2026-09-30 02:30:17.583,442.0
2031,event-ingest,webhook,success,2026-09-30 02:30:17.786,2026-09-30 02:30:18.201,415.0
2032,event-ingest,webhook,success,2026-09-30 02:30:18.424,2026-09-30 02:30:18.825,401.0
2033,event-ingest,webhook,success,2026-09-30 02:30:19.363,2026-09-30 02:30:19.787,424.0
2034,event-ingest,webhook,success,2026-09-30 02:30:19.411,2026-09-30 02:30:19.940,529.0
2035,event-ingest,webhook,success,2026-09-30 02:30:20.360,2026-09-30 02:30:20.793,433.0
2036,event-ingest,webhook,success,2026-09-30 02:30:20.412,2026-09-30 02:30:22.724,2312.0
2037,event-ingest,webhook,success,2026-09-30 02:30:20.471,2026-09-30 02:30:22.710,2239.0
2038,event-ingest,webhook,success,2026-09-30 02:30:20.562,2026-09-30 02:30:22.686,2124.0
2039,event-ingest,webhook,success,2026-09-30 02:30:20.645,2026-09-30 02:30:22.864,2219.0
2040,event-ingest,webhook,success,2026-09-30 02:30:20.713,2026-09-30 02:30:22.909,2196.0
2041,event-ingest,webhook,success,2026-09-30 02:30:21.658,2026-09-30 02:30:23.705,2047.0
2042,event-ingest,webhook,success,2026-09-30 02:30:22.602,2026-09-30 02:30:24.664,2062.0
2043,event-ingest,webhook,success,2026-09-30 02:30:23.241,2026-09-30 02:30:25.289,2048.0
2044,event-ingest,webhook,success,2026-09-30 02:30:24.188,2026-09-30 02:30:26.246,2058.0
2045,event-ingest,webhook,success,2026-09-30 02:30:24.837,2026-09-30 02:30:26.943,2106.0
2046,event-ingest,webhook,success,2026-09-30 02:30:25.806,2026-09-30 02:30:27.878,2072.0
2047,event-ingest,webhook,success,2026-09-30 02:30:25.867,2026-09-30 02:30:28.064,2197.0
2048,event-ingest,webhook,success,2026-09-30 02:30:26.839,2026-09-30 02:30:28.966,2127.0
2049,event-ingest,webhook,success,2026-09-30 02:30:26.994,2026-09-30 02:30:29.466,2472.0
2050,event-ingest,webhook,success,2026-09-30 02:30:27.215,2026-09-30 02:30:29.500,2285.0
2051,event-ingest,webhook,success,2026-09-30 02:30:27.594,2026-09-30 02:30:29.913,2319.0
2052,ioc-extractor,trigger,success,2026-09-30 02:45:00.044,2026-09-30 02:45:00.958,914.0
2053,event-ingest,webhook,success,2026-09-30 02:45:03.203,2026-09-30 02:45:03.770,567.0
2054,event-ingest,webhook,success,2026-09-30 02:45:03.257,2026-09-30 02:45:04.008,751.0
2055,event-ingest,webhook,success,2026-09-30 02:45:03.431,2026-09-30 02:45:03.965,534.0
2056,event-ingest,webhook,success,2026-09-30 02:45:03.636,2026-09-30 02:45:04.216,580.0
2057,event-ingest,webhook,success,2026-09-30 02:45:05.495,2026-09-30 02:45:06.049,554.0
2058,event-ingest,webhook,success,2026-09-30 02:45:05.539,2026-09-30 02:45:06.254,715.0
2059,event-ingest,webhook,success,2026-09-30 02:45:05.602,2026-09-30 02:45:06.567,965.0
2060,event-ingest,webhook,success,2026-09-30 02:45:05.719,2026-09-30 02:45:06.275,556.0
2061,event-ingest,webhook,success,2026-09-30 02:45:07.288,2026-09-30 02:45:07.706,418.0
2062,event-ingest,webhook,success,2026-09-30 02:45:07.385,2026-09-30 02:45:07.964,579.0
2063,event-ingest,webhook,success,2026-09-30 02:45:07.438,2026-09-30 02:45:08.014,576.0
2064,event-ingest,webhook,success,2026-09-30 02:45:07.489,2026-09-30 02:45:07.906,417.0
2065,event-ingest,webhook,success,2026-09-30 02:45:09.636,2026-09-30 02:45:10.074,438.0
2066,event-ingest,webhook,success,2026-09-30 02:45:09.687,2026-09-30 02:45:10.257,570.0
2067,event-ingest,webhook,success,2026-09-30 02:45:09.735,2026-09-30 02:45:10.304,569.0
2068,event-ingest,webhook,success,2026-09-30 02:45:09.816,2026-09-30 02:45:10.222,406.0
2069,event-ingest,webhook,success,2026-09-30 02:45:09.903,2026-09-30 02:45:10.477,574.0
2070,event-ingest,webhook,success,2026-09-30 02:45:09.964,2026-09-30 02:45:10.523,559.0
2071,event-ingest,webhook,success,2026-09-30 02:45:10.608,2026-09-30 02:45:11.047,439.0
2072,event-ingest,webhook,success,2026-09-30 02:45:11.546,2026-09-30 02:45:11.979,433.0
2073,event-ingest,webhook,success,2026-09-30 02:45:12.492,2026-09-30 02:45:12.890,398.0
2074,event-ingest,webhook,success,2026-09-30 02:45:13.137,2026-09-30 02:45:13.540,403.0
2075,event-ingest,webhook,success,2026-09-30 02:45:13.182,2026-09-30 02:45:13.684,502.0
2076,event-ingest,webhook,success,2026-09-30 02:45:14.125,2026-09-30 02:45:14.611,486.0
2077,event-ingest,webhook,success,2026-09-30 02:45:14.176,2026-09-30 02:45:14.749,573.0
2078,event-ingest,webhook,success,2026-09-30 02:45:14.229,2026-09-30 02:45:14.842,613.0
2079,event-ingest,webhook,success,2026-09-30 02:45:14.287,2026-09-30 02:45:14.720,433.0
2080,event-ingest,webhook,success,2026-09-30 02:45:16.194,2026-09-30 02:45:16.988,794.0
2081,event-ingest,webhook,success,2026-09-30 02:45:16.283,2026-09-30 02:45:17.025,742.0
2082,event-ingest,webhook,success,2026-09-30 02:45:16.436,2026-09-30 02:45:16.968,532.0
2083,event-ingest,webhook,success,2026-09-30 02:45:16.615,2026-09-30 02:45:17.277,662.0
2084,event-ingest,webhook,success,2026-09-30 02:45:18.215,2026-09-30 02:45:18.623,408.0
2085,event-ingest,webhook,success,2026-09-30 02:45:18.267,2026-09-30 02:45:20.496,2229.0
2086,event-ingest,webhook,success,2026-09-30 02:45:18.326,2026-09-30 02:45:20.524,2198.0
2087,event-ingest,webhook,success,2026-09-30 02:45:18.390,2026-09-30 02:45:20.458,2068.0
2088,event-ingest,webhook,success,2026-09-30 02:45:20.243,2026-09-30 02:45:22.311,2068.0
2089,event-ingest,webhook,success,2026-09-30 02:45:20.300,2026-09-30 02:45:22.487,2187.0
2090,event-ingest,webhook,success,2026-09-30 02:45:20.372,2026-09-30 02:45:22.574,2202.0
2091,event-ingest,webhook,success,2026-09-30 02:45:20.450,2026-09-30 02:45:22.616,2166.0
2092,event-ingest,webhook,success,2026-09-30 02:45:22.375,2026-09-30 02:45:24.422,2047.0
2093,event-ingest,webhook,success,2026-09-30 02:45:22.453,2026-09-30 02:45:24.695,2242.0
2094,event-ingest,webhook,success,2026-09-30 02:45:22.534,2026-09-30 02:45:24.667,2133.0
2095,event-ingest,webhook,success,2026-09-30 02:45:22.658,2026-09-30 02:45:24.893,2235.0
2096,event-ingest,webhook,success,2026-09-30 02:45:24.546,2026-09-30 02:45:26.614,2068.0
2097,event-ingest,webhook,success,2026-09-30 02:45:24.587,2026-09-30 02:45:26.868,2281.0
2098,event-ingest,webhook,success,2026-09-30 02:45:24.677,2026-09-30 02:45:26.826,2149.0
2099,event-ingest,webhook,success,2026-09-30 02:45:24.833,2026-09-30 02:45:27.099,2266.0
2100,event-ingest,webhook,success,2026-09-30 02:45:26.446,2026-09-30 02:45:28.510,2064.0
2101,event-ingest,webhook,success,2026-09-30 02:45:26.532,2026-09-30 02:45:28.895,2363.0
2102,event-ingest,webhook,success,2026-09-30 02:45:26.660,2026-09-30 02:45:28.923,2263.0
2103,event-ingest,webhook,success,2026-09-30 02:45:26.746,2026-09-30 02:45:28.874,2128.0
2104,event-ingest,webhook,success,2026-09-30 02:45:28.601,2026-09-30 02:45:30.663,2062.0
2105,event-ingest,webhook,success,2026-09-30 02:45:28.663,2026-09-30 02:45:30.957,2294.0
2106,event-ingest,webhook,success,2026-09-30 02:45:28.733,2026-09-30 02:45:30.991,2258.0
2107,event-ingest,webhook,success,2026-09-30 02:45:28.862,2026-09-30 02:45:31.032,2170.0
2108,event-ingest,webhook,success,2026-09-30 02:45:30.524,2026-09-30 02:45:32.592,2068.0
2109,event-ingest,webhook,success,2026-09-30 02:45:30.593,2026-09-30 02:45:32.881,2288.0
2110,event-ingest,webhook,success,2026-09-30 02:45:30.657,2026-09-30 02:45:32.954,2297.0
2111,event-ingest,webhook,success,2026-09-30 02:45:30.811,2026-09-30 02:45:32.964,2153.0
2112,event-ingest,webhook,success,2026-09-30 02:45:32.654,2026-09-30 02:45:34.728,2074.0
2113,event-ingest,webhook,success,2026-09-30 02:45:32.726,2026-09-30 02:45:35.013,2287.0
2114,event-ingest,webhook,success,2026-09-30 02:45:32.783,2026-09-30 02:45:35.307,2524.0
2115,event-ingest,webhook,success,2026-09-30 02:45:32.980,2026-09-30 02:45:35.275,2295.0
2116,event-ingest,webhook,success,2026-09-30 02:45:33.318,2026-09-30 02:45:35.700,2382.0
2117,event-ingest,webhook,success,2026-09-30 02:45:33.474,2026-09-30 02:45:35.578,2104.0
2118,event-ingest,webhook,success,2026-09-30 02:45:33.606,2026-09-30 02:45:36.040,2434.0
2119,event-ingest,webhook,success,2026-09-30 02:45:33.761,2026-09-30 02:45:35.892,2131.0
2120,event-ingest,webhook,success,2026-09-30 02:45:33.917,2026-09-30 02:45:36.268,2351.0
2121,event-ingest,webhook,success,2026-09-30 02:45:34.117,2026-09-30 02:45:36.195,2078.0
2122,event-ingest,webhook,success,2026-09-30 02:45:34.211,2026-09-30 02:45:36.750,2539.0
2123,event-ingest,webhook,success,2026-09-30 02:45:34.275,2026-09-30 02:45:37.032,2757.0
2124,ioc-extractor,trigger,success,2026-09-30 03:00:00.052,2026-09-30 03:00:01.815,1763.0
2125,report-generator,trigger,success,2026-09-30 03:00:00.073,2026-09-30 03:00:01.480,1407.0
2126,event-ingest,webhook,success,2026-09-30 03:00:03.519,2026-09-30 03:00:04.018,499.0
2127,event-ingest,webhook,success,2026-09-30 03:00:03.576,2026-09-30 03:00:04.195,619.0
2128,event-ingest,webhook,success,2026-09-30 03:00:03.664,2026-09-30 03:00:04.229,565.0
2129,event-ingest,webhook,success,2026-09-30 03:00:03.713,2026-09-30 03:00:04.197,484.0
2130,event-ingest,webhook,success,2026-09-30 03:00:05.564,2026-09-30 03:00:05.998,434.0
2131,event-ingest,webhook,success,2026-09-30 03:00:05.648,2026-09-30 03:00:06.284,636.0
2132,event-ingest,webhook,success,2026-09-30 03:00:05.764,2026-09-30 03:00:06.237,473.0
2133,event-ingest,webhook,success,2026-09-30 03:00:05.895,2026-09-30 03:00:06.426,531.0
2134,event-ingest,webhook,success,2026-09-30 03:00:07.755,2026-09-30 03:00:08.226,471.0
2135,event-ingest,webhook,success,2026-09-30 03:00:07.806,2026-09-30 03:00:08.405,599.0
2136,event-ingest,webhook,success,2026-09-30 03:00:07.857,2026-09-30 03:00:08.452,595.0
2137,event-ingest,webhook,success,2026-09-30 03:00:07.956,2026-09-30 03:00:08.374,418.0
2138,event-ingest,webhook,success,2026-09-30 03:00:09.812,2026-09-30 03:00:10.252,440.0
2139,event-ingest,webhook,success,2026-09-30 03:00:09.859,2026-09-30 03:00:10.397,538.0
2140,event-ingest,webhook,success,2026-09-30 03:00:09.907,2026-09-30 03:00:10.500,593.0
2141,event-ingest,webhook,success,2026-09-30 03:00:10.000,2026-09-30 03:00:10.457,457.0
2142,event-ingest,webhook,success,2026-09-30 03:00:11.862,2026-09-30 03:00:12.284,422.0
2143,event-ingest,webhook,success,2026-09-30 03:00:11.910,2026-09-30 03:00:12.481,571.0
2144,event-ingest,webhook,success,2026-09-30 03:00:11.964,2026-09-30 03:00:12.529,565.0
2145,event-ingest,webhook,success,2026-09-30 03:00:12.043,2026-09-30 03:00:12.478,435.0
2146,event-ingest,webhook,success,2026-09-30 03:00:13.888,2026-09-30 03:00:14.369,481.0
2147,event-ingest,webhook,success,2026-09-30 03:00:13.938,2026-09-30 03:00:14.510,572.0
2148,event-ingest,webhook,success,2026-09-30 03:00:13.985,2026-09-30 03:00:14.580,595.0
2149,event-ingest,webhook,success,2026-09-30 03:00:14.064,2026-09-30 03:00:14.516,452.0
2150,event-ingest,webhook,success,2026-09-30 03:00:14.144,2026-09-30 03:00:14.722,578.0
2151,event-ingest,webhook,success,2026-09-30 03:00:14.227,2026-09-30 03:00:14.753,526.0
2152,event-ingest,webhook,success,2026-09-30 03:00:14.872,2026-09-30 03:00:15.281,409.0
2153,event-ingest,webhook,success,2026-09-30 03:00:15.815,2026-09-30 03:00:16.251,436.0
2154,event-ingest,webhook,success,2026-09-30 03:00:16.488,2026-09-30 03:00:16.897,409.0
2155,event-ingest,webhook,success,2026-09-30 03:00:17.435,2026-09-30 03:00:17.826,391.0
2156,event-ingest,webhook,success,2026-09-30 03:00:18.074,2026-09-30 03:00:18.490,416.0
2157,event-ingest,webhook,success,2026-09-30 03:00:18.123,2026-09-30 03:00:18.651,528.0
2158,event-ingest,webhook,success,2026-09-30 03:00:19.062,2026-09-30 03:00:19.514,452.0
2159,event-ingest,webhook,success,2026-09-30 03:00:19.104,2026-09-30 03:00:21.353,2249.0
2160,event-ingest,webhook,success,2026-09-30 03:00:19.150,2026-09-30 03:00:21.412,2262.0
2161,event-ingest,webhook,success,2026-09-30 03:00:19.236,2026-09-30 03:00:19.686,450.0
2162,event-ingest,webhook,success,2026-09-30 03:00:21.092,2026-09-30 03:00:23.162,2070.0
2163,event-ingest,webhook,success,2026-09-30 03:00:21.149,2026-09-30 03:00:23.391,2242.0
2164,event-ingest,webhook,success,2026-09-30 03:00:21.199,2026-09-30 03:00:23.423,2224.0
2165,event-ingest,webhook,success,2026-09-30 03:00:21.278,2026-09-30 03:00:23.353,2075.0
2166,event-ingest,webhook,success,2026-09-30 03:00:23.125,2026-09-30 03:00:25.225,2100.0
2167,event-ingest,webhook,success,2026-09-30 03:00:23.220,2026-09-30 03:00:25.549,2329.0
2168,event-ingest,webhook,success,2026-09-30 03:00:23.277,2026-09-30 03:00:25.621,2344.0
2169,event-ingest,webhook,success,2026-09-30 03:00:23.357,2026-09-30 03:00:25.665,2308.0
2170,event-ingest,webhook,success,2026-09-30 03:00:25.287,2026-09-30 03:00:27.347,2060.0
2171,event-ingest,webhook,success,2026-09-30 03:00:25.339,2026-09-30 03:00:27.654,2315.0
2172,event-ingest,webhook,success,2026-09-30 03:00:25.401,2026-09-30 03:00:27.754,2353.0
2173,event-ingest,webhook,success,2026-09-30 03:00:25.620,2026-09-30 03:00:27.851,2231.0
2174,event-ingest,webhook,success,2026-09-30 03:00:27.345,2026-09-30 03:00:29.407,2062.0
2175,event-ingest,webhook,success,2026-09-30 03:00:27.409,2026-09-30 03:00:29.675,2266.0
2176,event-ingest,webhook,success,2026-09-30 03:00:27.467,2026-09-30 03:00:29.742,2275.0
2177,event-ingest,webhook,success,2026-09-30 03:00:27.550,2026-09-30 03:00:29.660,2110.0
2178,event-ingest,webhook,success,2026-09-30 03:00:29.395,2026-09-30 03:00:31.497,2102.0
2179,event-ingest,webhook,success,2026-09-30 03:00:29.466,2026-09-30 03:00:31.809,2343.0
2180,event-ingest,webhook,success,2026-09-30 03:00:29.515,2026-09-30 03:00:31.988,2473.0
2181,event-ingest,webhook,success,2026-09-30 03:00:29.638,2026-09-30 03:00:32.001,2363.0
2182,event-ingest,webhook,success,2026-09-30 03:00:31.330,2026-09-30 03:00:33.396,2066.0
2183,event-ingest,webhook,success,2026-09-30 03:00:31.413,2026-09-30 03:00:33.672,2259.0
2184,event-ingest,webhook,success,2026-09-30 03:00:31.500,2026-09-30 03:00:33.584,2084.0
2185,event-ingest,webhook,success,2026-09-30 03:00:31.634,2026-09-30 03:00:34.031,2397.0
2186,event-ingest,webhook,success,2026-09-30 03:00:31.718,2026-09-30 03:00:34.213,2495.0
2187,event-ingest,webhook,success,2026-09-30 03:00:32.074,2026-09-30 03:00:34.340,2266.0
2188,event-ingest,webhook,success,2026-09-30 03:00:32.347,2026-09-30 03:00:34.723,2376.0
2189,event-ingest,webhook,success,2026-09-30 03:00:32.503,2026-09-30 03:00:34.618,2115.0
2190,event-ingest,webhook,success,2026-09-30 03:00:32.625,2026-09-30 03:00:35.000,2375.0
2191,event-ingest,webhook,success,2026-09-30 03:00:32.786,2026-09-30 03:00:35.415,2629.0
2192,event-ingest,webhook,success,2026-09-30 03:00:32.945,2026-09-30 03:00:35.090,2145.0
2193,ioc-extractor,trigger,success,2026-09-30 03:15:00.042,2026-09-30 03:15:01.060,1018.0
2194,event-ingest,webhook,success,2026-09-30 03:15:02.852,2026-09-30 03:15:03.318,466.0
2195,event-ingest,webhook,success,2026-09-30 03:15:02.896,2026-09-30 03:15:03.426,530.0
2196,event-ingest,webhook,success,2026-09-30 03:15:02.969,2026-09-30 03:15:03.475,506.0
2197,event-ingest,webhook,success,2026-09-30 03:15:03.018,2026-09-30 03:15:03.410,392.0
2198,event-ingest,webhook,success,2026-09-30 03:15:04.867,2026-09-30 03:15:05.271,404.0
2199,event-ingest,webhook,success,2026-09-30 03:15:04.930,2026-09-30 03:15:05.448,518.0
2200,event-ingest,webhook,success,2026-09-30 03:15:04.983,2026-09-30 03:15:05.491,508.0
2201,event-ingest,webhook,success,2026-09-30 03:15:05.021,2026-09-30 03:15:05.415,394.0
2202,event-ingest,webhook,success,2026-09-30 03:15:06.860,2026-09-30 03:15:07.262,402.0
2203,event-ingest,webhook,success,2026-09-30 03:15:06.905,2026-09-30 03:15:07.428,523.0
2204,event-ingest,webhook,success,2026-09-30 03:15:06.943,2026-09-30 03:15:07.448,505.0
2205,event-ingest,webhook,success,2026-09-30 03:15:06.995,2026-09-30 03:15:07.408,413.0
2206,event-ingest,webhook,success,2026-09-30 03:15:09.136,2026-09-30 03:15:09.564,428.0
2207,event-ingest,webhook,success,2026-09-30 03:15:09.173,2026-09-30 03:15:09.695,522.0
2208,event-ingest,webhook,success,2026-09-30 03:15:09.209,2026-09-30 03:15:09.741,532.0
2209,event-ingest,webhook,success,2026-09-30 03:15:09.253,2026-09-30 03:15:09.670,417.0
2210,event-ingest,webhook,success,2026-09-30 03:15:09.316,2026-09-30 03:15:09.829,513.0
2211,event-ingest,webhook,success,2026-09-30 03:15:09.369,2026-09-30 03:15:09.909,540.0
2212,event-ingest,webhook,success,2026-09-30 03:15:10.322,2026-09-30 03:15:10.725,403.0
2213,event-ingest,webhook,success,2026-09-30 03:15:10.968,2026-09-30 03:15:11.377,409.0
2214,event-ingest,webhook,success,2026-09-30 03:15:11.906,2026-09-30 03:15:12.304,398.0
2215,event-ingest,webhook,success,2026-09-30 03:15:12.541,2026-09-30 03:15:12.951,410.0
2216,event-ingest,webhook,success,2026-09-30 03:15:13.490,2026-09-30 03:15:13.911,421.0
2217,event-ingest,webhook,success,2026-09-30 03:15:14.132,2026-09-30 03:15:14.592,460.0
2218,event-ingest,webhook,success,2026-09-30 03:15:14.177,2026-09-30 03:15:14.676,499.0
2219,event-ingest,webhook,success,2026-09-30 03:15:15.126,2026-09-30 03:15:15.536,410.0
2220,event-ingest,webhook,success,2026-09-30 03:15:15.164,2026-09-30 03:15:15.673,509.0
2221,event-ingest,webhook,success,2026-09-30 03:15:15.200,2026-09-30 03:15:15.712,512.0
2222,event-ingest,webhook,success,2026-09-30 03:15:15.247,2026-09-30 03:15:15.671,424.0
2223,event-ingest,webhook,success,2026-09-30 03:15:17.390,2026-09-30 03:15:17.799,409.0
2224,event-ingest,webhook,success,2026-09-30 03:15:17.430,2026-09-30 03:15:19.598,2168.0
2225,event-ingest,webhook,success,2026-09-30 03:15:17.471,2026-09-30 03:15:19.626,2155.0
2226,event-ingest,webhook,success,2026-09-30 03:15:17.523,2026-09-30 03:15:19.597,2074.0
2227,event-ingest,webhook,success,2026-09-30 03:15:19.374,2026-09-30 03:15:21.430,2056.0
2228,event-ingest,webhook,success,2026-09-30 03:15:19.415,2026-09-30 03:15:21.613,2198.0
2229,event-ingest,webhook,success,2026-09-30 03:15:19.457,2026-09-30 03:15:21.671,2214.0
2230,event-ingest,webhook,success,2026-09-30 03:15:19.498,2026-09-30 03:15:21.558,2060.0
2231,event-ingest,webhook,success,2026-09-30 03:15:21.360,2026-09-30 03:15:23.413,2053.0
2232,event-ingest,webhook,success,2026-09-30 03:15:21.399,2026-09-30 03:15:23.588,2189.0
2233,event-ingest,webhook,success,2026-09-30 03:15:21.466,2026-09-30 03:15:23.630,2164.0
2234,event-ingest,webhook,success,2026-09-30 03:15:21.510,2026-09-30 03:15:23.585,2075.0
2235,event-ingest,webhook,success,2026-09-30 03:15:23.360,2026-09-30 03:15:25.419,2059.0
2236,event-ingest,webhook,success,2026-09-30 03:15:23.419,2026-09-30 03:15:25.587,2168.0
2237,event-ingest,webhook,success,2026-09-30 03:15:23.466,2026-09-30 03:15:25.655,2189.0
2238,event-ingest,webhook,success,2026-09-30 03:15:23.500,2026-09-30 03:15:25.552,2052.0
2239,event-ingest,webhook,success,2026-09-30 03:15:25.636,2026-09-30 03:15:27.699,2063.0
2240,event-ingest,webhook,success,2026-09-30 03:15:25.690,2026-09-30 03:15:27.890,2200.0
2241,event-ingest,webhook,success,2026-09-30 03:15:25.732,2026-09-30 03:15:27.913,2181.0
2242,event-ingest,webhook,success,2026-09-30 03:15:25.782,2026-09-30 03:15:27.875,2093.0
2243,event-ingest,webhook,success,2026-09-30 03:15:27.634,2026-09-30 03:15:29.675,2041.0
2244,event-ingest,webhook,success,2026-09-30 03:15:27.670,2026-09-30 03:15:29.907,2237.0
2245,event-ingest,webhook,success,2026-09-30 03:15:27.736,2026-09-30 03:15:29.964,2228.0
2246,event-ingest,webhook,success,2026-09-30 03:15:27.775,2026-09-30 03:15:29.827,2052.0
2247,event-ingest,webhook,success,2026-09-30 03:15:29.613,2026-09-30 03:15:31.660,2047.0
2248,event-ingest,webhook,success,2026-09-30 03:15:29.648,2026-09-30 03:15:31.826,2178.0
2249,event-ingest,webhook,success,2026-09-30 03:15:29.703,2026-09-30 03:15:31.912,2209.0
2250,event-ingest,webhook,success,2026-09-30 03:15:29.758,2026-09-30 03:15:31.803,2045.0
2251,event-ingest,webhook,success,2026-09-30 03:15:29.809,2026-09-30 03:15:31.999,2190.0
2252,event-ingest,webhook,success,2026-09-30 03:15:29.884,2026-09-30 03:15:32.035,2151.0
2253,event-ingest,webhook,success,2026-09-30 03:15:30.845,2026-09-30 03:15:32.899,2054.0
2254,event-ingest,webhook,success,2026-09-30 03:15:31.483,2026-09-30 03:15:33.525,2042.0
2255,event-ingest,webhook,success,2026-09-30 03:15:32.420,2026-09-30 03:15:34.473,2053.0
2256,event-ingest,webhook,success,2026-09-30 03:15:33.064,2026-09-30 03:15:35.129,2065.0
2257,event-ingest,webhook,success,2026-09-30 03:15:34.002,2026-09-30 03:15:36.054,2052.0
2258,event-ingest,webhook,success,2026-09-30 03:15:34.637,2026-09-30 03:15:36.713,2076.0
2259,event-ingest,webhook,success,2026-09-30 03:15:35.584,2026-09-30 03:15:37.632,2048.0
2260,event-ingest,webhook,success,2026-09-30 03:15:35.624,2026-09-30 03:15:37.765,2141.0
2261,event-ingest,webhook,success,2026-09-30 03:15:36.557,2026-09-30 03:15:38.593,2036.0
2262,event-ingest,webhook,success,2026-09-30 03:15:36.592,2026-09-30 03:15:38.784,2192.0
2263,event-ingest,webhook,success,2026-09-30 03:15:36.627,2026-09-30 03:15:38.846,2219.0
2264,event-ingest,webhook,success,2026-09-30 03:15:36.736,2026-09-30 03:15:38.865,2129.0
2265,event-ingest,webhook,success,2026-09-30 03:15:38.613,2026-09-30 03:15:40.665,2052.0
2266,event-ingest,webhook,success,2026-09-30 03:15:38.653,2026-09-30 03:15:40.907,2254.0
2267,event-ingest,webhook,success,2026-09-30 03:15:38.691,2026-09-30 03:15:40.896,2205.0
2268,event-ingest,webhook,success,2026-09-30 03:15:38.742,2026-09-30 03:15:40.868,2126.0
2269,event-ingest,webhook,success,2026-09-30 03:15:40.615,2026-09-30 03:15:42.750,2135.0
2270,event-ingest,webhook,success,2026-09-30 03:15:40.681,2026-09-30 03:15:42.929,2248.0
2271,event-ingest,webhook,success,2026-09-30 03:15:40.732,2026-09-30 03:15:42.982,2250.0
2272,event-ingest,webhook,success,2026-09-30 03:15:40.780,2026-09-30 03:15:42.838,2058.0
2273,event-ingest,webhook,success,2026-09-30 03:15:42.626,2026-09-30 03:15:44.708,2082.0
2274,event-ingest,webhook,success,2026-09-30 03:15:42.779,2026-09-30 03:15:45.199,2420.0
2275,event-ingest,webhook,success,2026-09-30 03:15:43.022,2026-09-30 03:15:45.174,2152.0
2276,event-ingest,webhook,success,2026-09-30 03:15:43.196,2026-09-30 03:15:45.521,2325.0
2277,event-ingest,webhook,success,2026-09-30 03:15:43.361,2026-09-30 03:15:45.858,2497.0
2278,event-ingest,webhook,success,2026-09-30 03:15:43.505,2026-09-30 03:15:45.607,2102.0
2279,event-ingest,webhook,success,2026-09-30 03:15:43.723,2026-09-30 03:15:46.003,2280.0
2280,event-ingest,webhook,success,2026-09-30 03:15:43.850,2026-09-30 03:15:45.900,2050.0
2281,event-ingest,webhook,success,2026-09-30 03:15:43.940,2026-09-30 03:15:46.179,2239.0
2282,event-ingest,webhook,success,2026-09-30 03:15:44.008,2026-09-30 03:15:46.748,2740.0
2283,event-ingest,webhook,success,2026-09-30 03:15:44.082,2026-09-30 03:15:46.144,2062.0
2284,event-ingest,webhook,success,2026-09-30 03:15:44.164,2026-09-30 03:15:47.195,3031.0
2285,event-ingest,webhook,success,2026-09-30 03:15:44.211,2026-09-30 03:15:47.222,3011.0
2286,ioc-extractor,trigger,success,2026-09-30 03:30:00.038,2026-09-30 03:30:01.361,1323.0
2287,event-ingest,webhook,success,2026-09-30 03:30:02.661,2026-09-30 03:30:03.163,502.0
2288,event-ingest,webhook,success,2026-09-30 03:30:02.699,2026-09-30 03:30:03.219,520.0
2289,event-ingest,webhook,success,2026-09-30 03:30:02.742,2026-09-30 03:30:03.276,534.0
2290,event-ingest,webhook,success,2026-09-30 03:30:02.797,2026-09-30 03:30:03.191,394.0
2291,event-ingest,webhook,success,2026-09-30 03:30:02.875,2026-09-30 03:30:03.371,496.0
2292,event-ingest,webhook,success,2026-09-30 03:30:02.928,2026-09-30 03:30:03.325,397.0
2293,event-ingest,webhook,success,2026-09-30 03:30:03.576,2026-09-30 03:30:03.988,412.0
2294,event-ingest,webhook,success,2026-09-30 03:30:04.516,2026-09-30 03:30:04.925,409.0
2295,event-ingest,webhook,success,2026-09-30 03:30:05.168,2026-09-30 03:30:05.550,382.0
2296,event-ingest,webhook,success,2026-09-30 03:30:06.113,2026-09-30 03:30:06.539,426.0
2297,event-ingest,webhook,success,2026-09-30 03:30:06.766,2026-09-30 03:30:07.236,470.0
2298,event-ingest,webhook,success,2026-09-30 03:30:07.720,2026-09-30 03:30:08.163,443.0
2299,event-ingest,webhook,success,2026-09-30 03:30:07.767,2026-09-30 03:30:08.274,507.0
2300,event-ingest,webhook,success,2026-09-30 03:30:08.707,2026-09-30 03:30:09.103,396.0
2301,event-ingest,webhook,success,2026-09-30 03:30:08.756,2026-09-30 03:30:09.298,542.0
2302,event-ingest,webhook,success,2026-09-30 03:30:08.820,2026-09-30 03:30:09.319,499.0
2303,event-ingest,webhook,success,2026-09-30 03:30:08.861,2026-09-30 03:30:09.254,393.0
2304,event-ingest,webhook,success,2026-09-30 03:30:10.695,2026-09-30 03:30:11.089,394.0
2305,event-ingest,webhook,success,2026-09-30 03:30:10.731,2026-09-30 03:30:11.314,583.0
2306,event-ingest,webhook,success,2026-09-30 03:30:10.777,2026-09-30 03:30:11.302,525.0
2307,event-ingest,webhook,success,2026-09-30 03:30:10.859,2026-09-30 03:30:11.290,431.0
2308,event-ingest,webhook,success,2026-09-30 03:30:12.702,2026-09-30 03:30:13.105,403.0
2309,event-ingest,webhook,success,2026-09-30 03:30:12.746,2026-09-30 03:30:13.290,544.0
2310,event-ingest,webhook,success,2026-09-30 03:30:12.788,2026-09-30 03:30:13.312,524.0
2311,event-ingest,webhook,success,2026-09-30 03:30:12.839,2026-09-30 03:30:13.278,439.0
2312,event-ingest,webhook,success,2026-09-30 03:30:14.997,2026-09-30 03:30:15.403,406.0
2313,event-ingest,webhook,success,2026-09-30 03:30:15.041,2026-09-30 03:30:15.553,512.0
2314,event-ingest,webhook,success,2026-09-30 03:30:15.074,2026-09-30 03:30:15.580,506.0
2315,event-ingest,webhook,success,2026-09-30 03:30:15.117,2026-09-30 03:30:15.551,434.0
2316,event-ingest,webhook,success,2026-09-30 03:30:16.978,2026-09-30 03:30:17.432,454.0
2317,event-ingest,webhook,success,2026-09-30 03:30:17.026,2026-09-30 03:30:19.243,2217.0
2318,event-ingest,webhook,success,2026-09-30 03:30:17.074,2026-09-30 03:30:19.320,2246.0
2319,event-ingest,webhook,success,2026-09-30 03:30:17.130,2026-09-30 03:30:19.238,2108.0
2320,event-ingest,webhook,success,2026-09-30 03:30:18.973,2026-09-30 03:30:21.019,2046.0
2321,event-ingest,webhook,success,2026-09-30 03:30:19.019,2026-09-30 03:30:21.417,2398.0
2322,event-ingest,webhook,success,2026-09-30 03:30:19.091,2026-09-30 03:30:21.466,2375.0
2323,event-ingest,webhook,success,2026-09-30 03:30:19.212,2026-09-30 03:30:21.444,2232.0
2324,event-ingest,webhook,success,2026-09-30 03:30:19.496,2026-09-30 03:30:21.683,2187.0
2325,ioc-extractor,trigger,success,2026-09-30 03:45:00.025,2026-09-30 03:45:00.457,432.0
2326,event-ingest,webhook,success,2026-09-30 03:45:02.278,2026-09-30 03:45:02.745,467.0
2327,event-ingest,webhook,success,2026-09-30 03:45:02.321,2026-09-30 03:45:02.951,630.0
2328,event-ingest,webhook,success,2026-09-30 03:45:02.356,2026-09-30 03:45:02.979,623.0
2329,event-ingest,webhook,success,2026-09-30 03:45:02.409,2026-09-30 03:45:02.866,457.0
2330,event-ingest,webhook,success,2026-09-30 03:45:04.554,2026-09-30 03:45:04.973,419.0
2331,event-ingest,webhook,success,2026-09-30 03:45:04.594,2026-09-30 03:45:05.127,533.0
2332,event-ingest,webhook,success,2026-09-30 03:45:04.633,2026-09-30 03:45:05.152,519.0
2333,event-ingest,webhook,success,2026-09-30 03:45:04.677,2026-09-30 03:45:05.108,431.0
2334,event-ingest,webhook,success,2026-09-30 03:45:06.533,2026-09-30 03:45:06.955,422.0
2335,event-ingest,webhook,success,2026-09-30 03:45:06.582,2026-09-30 03:45:07.090,508.0
2336,event-ingest,webhook,success,2026-09-30 03:45:06.616,2026-09-30 03:45:07.131,515.0
2337,event-ingest,webhook,success,2026-09-30 03:45:06.663,2026-09-30 03:45:07.088,425.0
2338,event-ingest,webhook,success,2026-09-30 03:45:08.510,2026-09-30 03:45:08.932,422.0
2339,event-ingest,webhook,success,2026-09-30 03:45:08.550,2026-09-30 03:45:09.049,499.0
2340,event-ingest,webhook,success,2026-09-30 03:45:08.587,2026-09-30 03:45:09.149,562.0
2341,event-ingest,webhook,success,2026-09-30 03:45:08.627,2026-09-30 03:45:09.051,424.0
2342,event-ingest,webhook,success,2026-09-30 03:45:10.780,2026-09-30 03:45:11.263,483.0
2343,event-ingest,webhook,success,2026-09-30 03:45:10.838,2026-09-30 03:45:11.329,491.0
2344,event-ingest,webhook,success,2026-09-30 03:45:10.874,2026-09-30 03:45:11.443,569.0
2345,event-ingest,webhook,success,2026-09-30 03:45:10.913,2026-09-30 03:45:11.313,400.0
2346,event-ingest,webhook,success,2026-09-30 03:45:12.750,2026-09-30 03:45:13.202,452.0
2347,event-ingest,webhook,success,2026-09-30 03:45:12.804,2026-09-30 03:45:13.334,530.0
2348,event-ingest,webhook,success,2026-09-30 03:45:12.847,2026-09-30 03:45:13.378,531.0
2349,event-ingest,webhook,success,2026-09-30 03:45:12.899,2026-09-30 03:45:13.302,403.0
2350,event-ingest,webhook,success,2026-09-30 03:45:14.755,2026-09-30 03:45:15.185,430.0
2351,event-ingest,webhook,success,2026-09-30 03:45:14.798,2026-09-30 03:45:15.308,510.0
2352,event-ingest,webhook,success,2026-09-30 03:45:14.845,2026-09-30 03:45:15.382,537.0
2353,event-ingest,webhook,success,2026-09-30 03:45:14.885,2026-09-30 03:45:15.295,410.0
2354,event-ingest,webhook,success,2026-09-30 03:45:16.737,2026-09-30 03:45:17.166,429.0
2355,event-ingest,webhook,success,2026-09-30 03:45:16.818,2026-09-30 03:45:17.319,501.0
2356,event-ingest,webhook,success,2026-09-30 03:45:16.854,2026-09-30 03:45:19.008,2154.0
2357,event-ingest,webhook,success,2026-09-30 03:45:16.900,2026-09-30 03:45:17.317,417.0
2358,event-ingest,webhook,success,2026-09-30 03:45:18.758,2026-09-30 03:45:20.800,2042.0
2359,event-ingest,webhook,success,2026-09-30 03:45:18.795,2026-09-30 03:45:20.966,2171.0
2360,event-ingest,webhook,success,2026-09-30 03:45:18.835,2026-09-30 03:45:21.037,2202.0
2361,event-ingest,webhook,success,2026-09-30 03:45:18.880,2026-09-30 03:45:20.948,2068.0
2362,event-ingest,webhook,success,2026-09-30 03:45:18.936,2026-09-30 03:45:21.092,2156.0
2363,event-ingest,webhook,success,2026-09-30 03:45:19.005,2026-09-30 03:45:21.066,2061.0
2364,event-ingest,webhook,success,2026-09-30 03:45:19.989,2026-09-30 03:45:22.040,2051.0
2365,event-ingest,webhook,success,2026-09-30 03:45:20.622,2026-09-30 03:45:22.664,2042.0
2366,event-ingest,webhook,success,2026-09-30 03:45:21.561,2026-09-30 03:45:23.604,2043.0
2367,event-ingest,webhook,success,2026-09-30 03:45:22.201,2026-09-30 03:45:24.260,2059.0
2368,event-ingest,webhook,success,2026-09-30 03:45:22.242,2026-09-30 03:45:24.378,2136.0
2369,event-ingest,webhook,success,2026-09-30 03:45:23.193,2026-09-30 03:45:25.246,2053.0
2370,event-ingest,webhook,success,2026-09-30 03:45:23.232,2026-09-30 03:45:25.378,2146.0
2371,event-ingest,webhook,success,2026-09-30 03:45:23.263,2026-09-30 03:45:25.418,2155.0
2372,event-ingest,webhook,success,2026-09-30 03:45:23.315,2026-09-30 03:45:25.375,2060.0
2373,event-ingest,webhook,success,2026-09-30 03:45:25.452,2026-09-30 03:45:27.512,2060.0
2374,event-ingest,webhook,success,2026-09-30 03:45:25.487,2026-09-30 03:45:27.645,2158.0
2375,event-ingest,webhook,success,2026-09-30 03:45:25.535,2026-09-30 03:45:27.696,2161.0
2376,event-ingest,webhook,success,2026-09-30 03:45:25.583,2026-09-30 03:45:27.623,2040.0
2377,event-ingest,webhook,success,2026-09-30 03:45:27.433,2026-09-30 03:45:29.491,2058.0
2378,event-ingest,webhook,success,2026-09-30 03:45:27.513,2026-09-30 03:45:29.680,2167.0
2379,event-ingest,webhook,success,2026-09-30 03:45:27.566,2026-09-30 03:45:29.740,2174.0
2380,event-ingest,webhook,success,2026-09-30 03:45:27.621,2026-09-30 03:45:29.712,2091.0
2381,event-ingest,webhook,success,2026-09-30 03:45:29.500,2026-09-30 03:45:31.588,2088.0
2382,event-ingest,webhook,success,2026-09-30 03:45:29.568,2026-09-30 03:45:31.766,2198.0
2383,event-ingest,webhook,success,2026-09-30 03:45:29.609,2026-09-30 03:45:31.804,2195.0
2384,event-ingest,webhook,success,2026-09-30 03:45:29.652,2026-09-30 03:45:31.728,2076.0
2385,event-ingest,webhook,success,2026-09-30 03:45:31.520,2026-09-30 03:45:33.584,2064.0
2386,event-ingest,webhook,success,2026-09-30 03:45:31.593,2026-09-30 03:45:33.811,2218.0
2387,event-ingest,webhook,success,2026-09-30 03:45:31.648,2026-09-30 03:45:33.864,2216.0
2388,event-ingest,webhook,success,2026-09-30 03:45:31.701,2026-09-30 03:45:33.795,2094.0
2389,event-ingest,webhook,success,2026-09-30 03:45:33.588,2026-09-30 03:45:35.646,2058.0
2390,event-ingest,webhook,success,2026-09-30 03:45:33.637,2026-09-30 03:45:35.801,2164.0
2391,event-ingest,webhook,success,2026-09-30 03:45:33.672,2026-09-30 03:45:35.868,2196.0
2392,event-ingest,webhook,success,2026-09-30 03:45:33.716,2026-09-30 03:45:35.774,2058.0
2393,event-ingest,webhook,success,2026-09-30 03:45:35.565,2026-09-30 03:45:37.620,2055.0
2394,event-ingest,webhook,success,2026-09-30 03:45:35.616,2026-09-30 03:45:37.836,2220.0
2395,event-ingest,webhook,success,2026-09-30 03:45:35.676,2026-09-30 03:45:37.881,2205.0
2396,event-ingest,webhook,success,2026-09-30 03:45:35.719,2026-09-30 03:45:37.793,2074.0
2397,event-ingest,webhook,success,2026-09-30 03:45:35.807,2026-09-30 03:45:37.980,2173.0
2398,event-ingest,webhook,success,2026-09-30 03:45:36.062,2026-09-30 03:45:38.295,2233.0
2399,event-ingest,webhook,success,2026-09-30 03:45:36.136,2026-09-30 03:45:38.198,2062.0
2400,event-ingest,webhook,success,2026-09-30 03:45:36.198,2026-09-30 03:45:38.478,2280.0
2401,event-ingest,webhook,success,2026-09-30 03:45:36.309,2026-09-30 03:45:38.455,2146.0
2402,event-ingest,webhook,success,2026-09-30 03:45:36.477,2026-09-30 03:45:39.644,3167.0
2403,event-ingest,webhook,success,2026-09-30 03:45:36.561,2026-09-30 03:45:39.830,3269.0
2404,event-ingest,webhook,success,2026-09-30 03:45:36.612,2026-09-30 03:45:38.708,2096.0
2405,event-ingest,webhook,success,2026-09-30 03:45:36.691,2026-09-30 03:45:39.861,3170.0
2406,event-ingest,webhook,success,2026-09-30 03:45:36.734,2026-09-30 03:45:39.904,3170.0
2407,ioc-extractor,trigger,success,2026-09-30 04:00:00.067,2026-09-30 04:00:01.168,1101.0
2408,event-ingest,webhook,success,2026-09-30 04:00:02.722,2026-09-30 04:00:03.280,558.0
2409,event-ingest,webhook,success,2026-09-30 04:00:02.793,2026-09-30 04:00:03.573,780.0
2410,event-ingest,webhook,success,2026-09-30 04:00:02.894,2026-09-30 04:00:03.712,818.0
2411,event-ingest,webhook,success,2026-09-30 04:00:03.178,2026-09-30 04:00:03.669,491.0
2412,event-ingest,webhook,success,2026-09-30 04:00:04.512,2026-09-30 04:00:04.941,429.0
2413,event-ingest,webhook,success,2026-09-30 04:00:04.570,2026-09-30 04:00:05.133,563.0
2414,event-ingest,webhook,success,2026-09-30 04:00:04.605,2026-09-30 04:00:05.125,520.0
2415,event-ingest,webhook,success,2026-09-30 04:00:04.662,2026-09-30 04:00:05.101,439.0
2416,event-ingest,webhook,success,2026-09-30 04:00:06.805,2026-09-30 04:00:07.221,416.0
2417,event-ingest,webhook,success,2026-09-30 04:00:06.846,2026-09-30 04:00:07.386,540.0
2418,event-ingest,webhook,success,2026-09-30 04:00:06.894,2026-09-30 04:00:07.418,524.0
2419,event-ingest,webhook,success,2026-09-30 04:00:06.947,2026-09-30 04:00:07.384,437.0
2420,event-ingest,webhook,success,2026-09-30 04:00:07.305,2026-09-30 04:00:07.719,414.0
2421,event-ingest,webhook,success,2026-09-30 04:00:07.385,2026-09-30 04:00:07.900,515.0
2422,event-ingest,webhook,success,2026-09-30 04:00:08.359,2026-09-30 04:00:08.807,448.0
2423,event-ingest,webhook,success,2026-09-30 04:00:09.310,2026-09-30 04:00:09.709,399.0
2424,event-ingest,webhook,success,2026-09-30 04:00:09.963,2026-09-30 04:00:10.360,397.0
2425,event-ingest,webhook,success,2026-09-30 04:00:10.911,2026-09-30 04:00:11.322,411.0
2426,event-ingest,webhook,success,2026-09-30 04:00:11.565,2026-09-30 04:00:11.991,426.0
2427,event-ingest,webhook,success,2026-09-30 04:00:12.513,2026-09-30 04:00:12.972,459.0
2428,event-ingest,webhook,success,2026-09-30 04:00:12.605,2026-09-30 04:00:13.175,570.0
2429,event-ingest,webhook,success,2026-09-30 04:00:13.567,2026-09-30 04:00:13.991,424.0
2430,event-ingest,webhook,success,2026-09-30 04:00:13.612,2026-09-30 04:00:14.189,577.0
2431,event-ingest,webhook,success,2026-09-30 04:00:13.654,2026-09-30 04:00:14.225,571.0
2432,event-ingest,webhook,success,2026-09-30 04:00:13.717,2026-09-30 04:00:14.130,413.0
2433,event-ingest,webhook,success,2026-09-30 04:00:13.792,2026-09-30 04:00:14.357,565.0
2434,event-ingest,webhook,success,2026-09-30 04:00:13.851,2026-09-30 04:00:14.398,547.0
2435,event-ingest,webhook,success,2026-09-30 04:00:14.804,2026-09-30 04:00:15.241,437.0
2436,event-ingest,webhook,success,2026-09-30 04:00:15.461,2026-09-30 04:00:15.888,427.0
2437,event-ingest,webhook,success,2026-09-30 04:00:16.414,2026-09-30 04:00:16.829,415.0
2438,event-ingest,webhook,success,2026-09-30 04:00:17.053,2026-09-30 04:00:17.468,415.0
2439,event-ingest,webhook,success,2026-09-30 04:00:17.999,2026-09-30 04:00:18.454,455.0
2440,event-ingest,webhook,success,2026-09-30 04:00:18.636,2026-09-30 04:00:19.079,443.0
2441,event-ingest,webhook,success,2026-09-30 04:00:19.574,2026-09-30 04:00:19.987,413.0
2442,event-ingest,webhook,success,2026-09-30 04:00:19.612,2026-09-30 04:00:20.109,497.0
2443,event-ingest,webhook,success,2026-09-30 04:00:20.550,2026-09-30 04:00:22.623,2073.0
2444,event-ingest,webhook,success,2026-09-30 04:00:20.605,2026-09-30 04:00:22.817,2212.0
2445,event-ingest,webhook,success,2026-09-30 04:00:20.661,2026-09-30 04:00:22.855,2194.0
2446,event-ingest,webhook,success,2026-09-30 04:00:20.714,2026-09-30 04:00:22.790,2076.0
2447,event-ingest,webhook,success,2026-09-30 04:00:22.564,2026-09-30 04:00:24.610,2046.0
2448,event-ingest,webhook,success,2026-09-30 04:00:22.603,2026-09-30 04:00:24.838,2235.0
2449,event-ingest,webhook,success,2026-09-30 04:00:22.664,2026-09-30 04:00:24.886,2222.0
2450,event-ingest,webhook,success,2026-09-30 04:00:22.705,2026-09-30 04:00:24.808,2103.0
2451,event-ingest,webhook,success,2026-09-30 04:00:24.552,2026-09-30 04:00:26.600,2048.0
2452,event-ingest,webhook,success,2026-09-30 04:00:24.595,2026-09-30 04:00:26.932,2337.0
2453,event-ingest,webhook,success,2026-09-30 04:00:24.704,2026-09-30 04:00:26.900,2196.0
2454,event-ingest,webhook,success,2026-09-30 04:00:24.927,2026-09-30 04:00:27.163,2236.0
2455,ioc-extractor,trigger,success,2026-09-30 04:15:00.037,2026-09-30 04:15:00.575,538.0
2456,event-ingest,webhook,success,2026-09-30 04:15:02.673,2026-09-30 04:15:03.235,562.0
2457,event-ingest,webhook,success,2026-09-30 04:15:02.715,2026-09-30 04:15:03.335,620.0
2458,event-ingest,webhook,success,2026-09-30 04:15:02.753,2026-09-30 04:15:03.516,763.0
2459,event-ingest,webhook,success,2026-09-30 04:15:02.847,2026-09-30 04:15:03.404,557.0
2460,event-ingest,webhook,success,2026-09-30 04:15:04.720,2026-09-30 04:15:05.141,421.0
2461,event-ingest,webhook,success,2026-09-30 04:15:04.759,2026-09-30 04:15:05.299,540.0
2462,event-ingest,webhook,success,2026-09-30 04:15:04.796,2026-09-30 04:15:05.330,534.0
2463,event-ingest,webhook,success,2026-09-30 04:15:04.842,2026-09-30 04:15:05.237,395.0
2464,event-ingest,webhook,success,2026-09-30 04:15:06.694,2026-09-30 04:15:07.097,403.0
2465,event-ingest,webhook,success,2026-09-30 04:15:06.731,2026-09-30 04:15:07.279,548.0
2466,event-ingest,webhook,success,2026-09-30 04:15:06.768,2026-09-30 04:15:07.281,513.0
2467,event-ingest,webhook,success,2026-09-30 04:15:06.822,2026-09-30 04:15:07.249,427.0
2468,event-ingest,webhook,success,2026-09-30 04:15:08.676,2026-09-30 04:15:09.101,425.0
2469,event-ingest,webhook,success,2026-09-30 04:15:08.730,2026-09-30 04:15:09.363,633.0
2470,event-ingest,webhook,success,2026-09-30 04:15:08.814,2026-09-30 04:15:09.415,601.0
2471,event-ingest,webhook,success,2026-09-30 04:15:08.910,2026-09-30 04:15:09.383,473.0
2472,event-ingest,webhook,success,2026-09-30 04:15:10.785,2026-09-30 04:15:12.841,2056.0
2473,event-ingest,webhook,success,2026-09-30 04:15:10.909,2026-09-30 04:15:13.177,2268.0
2474,event-ingest,webhook,success,2026-09-30 04:15:11.008,2026-09-30 04:15:13.233,2225.0
2475,event-ingest,webhook,success,2026-09-30 04:15:11.085,2026-09-30 04:15:13.156,2071.0
2476,event-ingest,webhook,success,2026-09-30 04:15:11.126,2026-09-30 04:15:13.295,2169.0
2477,event-ingest,webhook,success,2026-09-30 04:15:11.176,2026-09-30 04:15:13.331,2155.0
2478,event-ingest,webhook,success,2026-09-30 04:15:12.130,2026-09-30 04:15:13.907,1777.0
2479,event-ingest,webhook,success,2026-09-30 04:15:13.068,2026-09-30 04:15:13.905,837.0
2480,event-ingest,webhook,success,2026-09-30 04:15:13.710,2026-09-30 04:15:14.176,466.0
2481,event-ingest,webhook,success,2026-09-30 04:15:14.655,2026-09-30 04:15:15.090,435.0
2482,event-ingest,webhook,success,2026-09-30 04:15:15.292,2026-09-30 04:15:15.693,401.0
2483,event-ingest,webhook,success,2026-09-30 04:15:16.239,2026-09-30 04:15:16.634,395.0
2484,event-ingest,webhook,success,2026-09-30 04:15:16.887,2026-09-30 04:15:17.330,443.0
2485,event-ingest,webhook,success,2026-09-30 04:15:16.943,2026-09-30 04:15:17.435,492.0
2486,event-ingest,webhook,success,2026-09-30 04:15:17.881,2026-09-30 04:15:18.314,433.0
2487,event-ingest,webhook,success,2026-09-30 04:15:17.925,2026-09-30 04:15:18.463,538.0
2488,event-ingest,webhook,success,2026-09-30 04:15:17.971,2026-09-30 04:15:18.509,538.0
2489,event-ingest,webhook,success,2026-09-30 04:15:18.022,2026-09-30 04:15:18.420,398.0
2490,event-ingest,webhook,success,2026-09-30 04:15:18.361,2026-09-30 04:15:18.754,393.0
2491,event-ingest,webhook,success,2026-09-30 04:15:18.398,2026-09-30 04:15:18.917,519.0
2492,event-ingest,webhook,success,2026-09-30 04:15:19.345,2026-09-30 04:15:21.406,2061.0
2493,event-ingest,webhook,success,2026-09-30 04:15:19.993,2026-09-30 04:15:22.053,2060.0
2494,event-ingest,webhook,success,2026-09-30 04:15:20.941,2026-09-30 04:15:23.003,2062.0
2495,event-ingest,webhook,success,2026-09-30 04:15:21.594,2026-09-30 04:15:23.663,2069.0
2496,event-ingest,webhook,success,2026-09-30 04:15:21.651,2026-09-30 04:15:23.802,2151.0
2497,event-ingest,webhook,success,2026-09-30 04:15:22.590,2026-09-30 04:15:24.651,2061.0
2498,event-ingest,webhook,success,2026-09-30 04:15:22.627,2026-09-30 04:15:24.783,2156.0
2499,event-ingest,webhook,success,2026-09-30 04:15:22.673,2026-09-30 04:15:24.834,2161.0
2500,event-ingest,webhook,success,2026-09-30 04:15:22.715,2026-09-30 04:15:24.763,2048.0
2501,event-ingest,webhook,success,2026-09-30 04:15:24.571,2026-09-30 04:15:26.643,2072.0
2502,event-ingest,webhook,success,2026-09-30 04:15:24.653,2026-09-30 04:15:26.868,2215.0
2503,event-ingest,webhook,success,2026-09-30 04:15:24.699,2026-09-30 04:15:26.890,2191.0
2504,event-ingest,webhook,success,2026-09-30 04:15:24.738,2026-09-30 04:15:26.914,2176.0
2505,event-ingest,webhook,success,2026-09-30 04:15:26.647,2026-09-30 04:15:28.723,2076.0
2506,event-ingest,webhook,success,2026-09-30 04:15:26.714,2026-09-30 04:15:28.987,2273.0
2507,event-ingest,webhook,success,2026-09-30 04:15:26.753,2026-09-30 04:15:29.028,2275.0
2508,event-ingest,webhook,success,2026-09-30 04:15:26.889,2026-09-30 04:15:29.210,2321.0
2509,event-ingest,webhook,success,2026-09-30 04:15:27.220,2026-09-30 04:15:29.385,2165.0
2510,event-ingest,webhook,success,2026-09-30 04:15:27.283,2026-09-30 04:15:29.354,2071.0
2511,ioc-extractor,trigger,success,2026-09-30 04:30:00.040,2026-09-30 04:30:00.840,800.0
2512,event-ingest,webhook,success,2026-09-30 04:30:02.561,2026-09-30 04:30:03.045,484.0
2513,event-ingest,webhook,success,2026-09-30 04:30:02.606,2026-09-30 04:30:03.203,597.0
2514,event-ingest,webhook,success,2026-09-30 04:30:02.655,2026-09-30 04:30:03.197,542.0
2515,event-ingest,webhook,success,2026-09-30 04:30:02.734,2026-09-30 04:30:03.174,440.0
2516,event-ingest,webhook,success,2026-09-30 04:30:04.587,2026-09-30 04:30:04.978,391.0
2517,event-ingest,webhook,success,2026-09-30 04:30:04.633,2026-09-30 04:30:05.143,510.0
2518,event-ingest,webhook,success,2026-09-30 04:30:04.671,2026-09-30 04:30:05.183,512.0
2519,event-ingest,webhook,success,2026-09-30 04:30:04.716,2026-09-30 04:30:05.113,397.0
2520,event-ingest,webhook,success,2026-09-30 04:30:06.859,2026-09-30 04:30:07.421,562.0
2521,event-ingest,webhook,success,2026-09-30 04:30:06.898,2026-09-30 04:30:07.643,745.0
2522,event-ingest,webhook,success,2026-09-30 04:30:06.935,2026-09-30 04:30:07.641,706.0
2523,event-ingest,webhook,success,2026-09-30 04:30:06.977,2026-09-30 04:30:07.624,647.0
2524,event-ingest,webhook,success,2026-09-30 04:30:08.818,2026-09-30 04:30:09.234,416.0
2525,event-ingest,webhook,success,2026-09-30 04:30:08.853,2026-09-30 04:30:09.368,515.0
2526,event-ingest,webhook,success,2026-09-30 04:30:08.900,2026-09-30 04:30:09.414,514.0
2527,event-ingest,webhook,success,2026-09-30 04:30:08.944,2026-09-30 04:30:09.352,408.0
2528,event-ingest,webhook,success,2026-09-30 04:30:09.005,2026-09-30 04:30:09.500,495.0
2529,event-ingest,webhook,success,2026-09-30 04:30:09.063,2026-09-30 04:30:09.452,389.0
2530,event-ingest,webhook,success,2026-09-30 04:30:10.004,2026-09-30 04:30:10.393,389.0
2531,event-ingest,webhook,success,2026-09-30 04:30:10.949,2026-09-30 04:30:11.376,427.0
2532,event-ingest,webhook,success,2026-09-30 04:30:11.592,2026-09-30 04:30:11.995,403.0
2533,event-ingest,webhook,success,2026-09-30 04:30:12.533,2026-09-30 04:30:12.940,407.0
2534,event-ingest,webhook,success,2026-09-30 04:30:13.177,2026-09-30 04:30:13.571,394.0
2535,event-ingest,webhook,success,2026-09-30 04:30:13.221,2026-09-30 04:30:13.721,500.0
2536,event-ingest,webhook,success,2026-09-30 04:30:14.167,2026-09-30 04:30:14.609,442.0
2537,event-ingest,webhook,success,2026-09-30 04:30:14.216,2026-09-30 04:30:14.714,498.0
2538,event-ingest,webhook,success,2026-09-30 04:30:14.253,2026-09-30 04:30:14.765,512.0
2539,event-ingest,webhook,success,2026-09-30 04:30:14.293,2026-09-30 04:30:14.788,495.0
2540,event-ingest,webhook,success,2026-09-30 04:30:16.431,2026-09-30 04:30:16.883,452.0
2541,event-ingest,webhook,success,2026-09-30 04:30:16.469,2026-09-30 04:30:17.002,533.0
2542,event-ingest,webhook,success,2026-09-30 04:30:16.503,2026-09-30 04:30:17.035,532.0
2543,event-ingest,webhook,success,2026-09-30 04:30:16.552,2026-09-30 04:30:17.086,534.0
2544,event-ingest,webhook,success,2026-09-30 04:30:18.405,2026-09-30 04:30:20.465,2060.0
2545,event-ingest,webhook,success,2026-09-30 04:30:18.452,2026-09-30 04:30:20.605,2153.0
2546,event-ingest,webhook,success,2026-09-30 04:30:18.489,2026-09-30 04:30:20.647,2158.0
2547,event-ingest,webhook,success,2026-09-30 04:30:18.528,2026-09-30 04:30:20.669,2141.0
2548,event-ingest,webhook,success,2026-09-30 04:30:20.379,2026-09-30 04:30:22.437,2058.0
2549,event-ingest,webhook,success,2026-09-30 04:30:20.421,2026-09-30 04:30:22.618,2197.0
2550,event-ingest,webhook,success,2026-09-30 04:30:20.476,2026-09-30 04:30:22.663,2187.0
2551,event-ingest,webhook,success,2026-09-30 04:30:20.523,2026-09-30 04:30:22.582,2059.0
2552,event-ingest,webhook,success,2026-09-30 04:30:22.670,2026-09-30 04:30:24.740,2070.0
2553,event-ingest,webhook,success,2026-09-30 04:30:22.729,2026-09-30 04:30:24.920,2191.0
2554,event-ingest,webhook,success,2026-09-30 04:30:22.773,2026-09-30 04:30:24.969,2196.0
2555,event-ingest,webhook,success,2026-09-30 04:30:22.835,2026-09-30 04:30:24.899,2064.0
2556,event-ingest,webhook,success,2026-09-30 04:30:24.691,2026-09-30 04:30:26.746,2055.0
2557,event-ingest,webhook,success,2026-09-30 04:30:24.747,2026-09-30 04:30:26.911,2164.0
2558,event-ingest,webhook,success,2026-09-30 04:30:24.799,2026-09-30 04:30:26.969,2170.0
2559,event-ingest,webhook,success,2026-09-30 04:30:24.840,2026-09-30 04:30:26.894,2054.0
2560,event-ingest,webhook,success,2026-09-30 04:30:26.680,2026-09-30 04:30:28.727,2047.0
2561,event-ingest,webhook,success,2026-09-30 04:30:26.724,2026-09-30 04:30:28.971,2247.0
2562,event-ingest,webhook,success,2026-09-30 04:30:26.792,2026-09-30 04:30:29.008,2216.0
2563,event-ingest,webhook,success,2026-09-30 04:30:26.835,2026-09-30 04:30:28.934,2099.0
2564,event-ingest,webhook,success,2026-09-30 04:30:28.673,2026-09-30 04:30:30.731,2058.0
2565,event-ingest,webhook,success,2026-09-30 04:30:28.729,2026-09-30 04:30:31.032,2303.0
2566,event-ingest,webhook,success,2026-09-30 04:30:28.788,2026-09-30 04:30:30.857,2069.0
2567,event-ingest,webhook,success,2026-09-30 04:30:28.858,2026-09-30 04:30:31.187,2329.0
2568,event-ingest,webhook,success,2026-09-30 04:30:29.147,2026-09-30 04:30:31.233,2086.0
2569,event-ingest,webhook,success,2026-09-30 04:30:29.235,2026-09-30 04:30:31.416,2181.0
2570,event-ingest,webhook,success,2026-09-30 04:30:29.289,2026-09-30 04:30:31.535,2246.0
2571,event-ingest,webhook,success,2026-09-30 04:30:29.391,2026-09-30 04:30:31.440,2049.0
2572,event-ingest,webhook,success,2026-09-30 04:30:29.485,2026-09-30 04:30:31.709,2224.0
2573,event-ingest,webhook,success,2026-09-30 04:30:29.584,2026-09-30 04:30:31.648,2064.0
2574,ioc-extractor,trigger,success,2026-09-30 04:45:00.036,2026-09-30 04:45:00.941,905.0
2575,event-ingest,webhook,success,2026-09-30 04:45:02.756,2026-09-30 04:45:03.349,593.0
2576,event-ingest,webhook,success,2026-09-30 04:45:02.795,2026-09-30 04:45:03.363,568.0
2577,event-ingest,webhook,success,2026-09-30 04:45:02.831,2026-09-30 04:45:03.430,599.0
2578,event-ingest,webhook,success,2026-09-30 04:45:02.870,2026-09-30 04:45:03.374,504.0
2579,event-ingest,webhook,success,2026-09-30 04:45:04.732,2026-09-30 04:45:05.160,428.0
2580,event-ingest,webhook,success,2026-09-30 04:45:04.771,2026-09-30 04:45:05.334,563.0
2581,event-ingest,webhook,success,2026-09-30 04:45:04.807,2026-09-30 04:45:05.489,682.0
2582,event-ingest,webhook,success,2026-09-30 04:45:04.852,2026-09-30 04:45:05.332,480.0
2583,event-ingest,webhook,success,2026-09-30 04:45:06.706,2026-09-30 04:45:07.128,422.0
2584,event-ingest,webhook,success,2026-09-30 04:45:06.751,2026-09-30 04:45:07.265,514.0
2585,event-ingest,webhook,success,2026-09-30 04:45:06.800,2026-09-30 04:45:07.354,554.0
2586,event-ingest,webhook,success,2026-09-30 04:45:06.840,2026-09-30 04:45:07.235,395.0
2587,event-ingest,webhook,success,2026-09-30 04:45:08.988,2026-09-30 04:45:09.408,420.0
2588,event-ingest,webhook,success,2026-09-30 04:45:09.028,2026-09-30 04:45:09.547,519.0
2589,event-ingest,webhook,success,2026-09-30 04:45:09.070,2026-09-30 04:45:09.573,503.0
2590,event-ingest,webhook,success,2026-09-30 04:45:09.115,2026-09-30 04:45:09.514,399.0
2591,event-ingest,webhook,success,2026-09-30 04:45:10.958,2026-09-30 04:45:11.404,446.0
2592,event-ingest,webhook,success,2026-09-30 04:45:11.008,2026-09-30 04:45:11.533,525.0
2593,event-ingest,webhook,success,2026-09-30 04:45:11.063,2026-09-30 04:45:11.579,516.0
2594,event-ingest,webhook,success,2026-09-30 04:45:11.109,2026-09-30 04:45:11.506,397.0
2595,event-ingest,webhook,success,2026-09-30 04:45:11.442,2026-09-30 04:45:11.846,404.0
2596,event-ingest,webhook,success,2026-09-30 04:45:11.479,2026-09-30 04:45:12.000,521.0
2597,event-ingest,webhook,success,2026-09-30 04:45:12.432,2026-09-30 04:45:12.821,389.0
2598,event-ingest,webhook,success,2026-09-30 04:45:13.073,2026-09-30 04:45:13.459,386.0
2599,event-ingest,webhook,success,2026-09-30 04:45:14.028,2026-09-30 04:45:14.471,443.0
2600,event-ingest,webhook,success,2026-09-30 04:45:14.676,2026-09-30 04:45:15.090,414.0
2601,event-ingest,webhook,success,2026-09-30 04:45:15.634,2026-09-30 04:45:16.066,432.0
2602,event-ingest,webhook,success,2026-09-30 04:45:15.675,2026-09-30 04:45:16.201,526.0
2603,event-ingest,webhook,success,2026-09-30 04:45:16.619,2026-09-30 04:45:17.190,571.0
2604,event-ingest,webhook,success,2026-09-30 04:45:16.831,2026-09-30 04:45:17.482,651.0
2605,event-ingest,webhook,success,2026-09-30 04:45:16.921,2026-09-30 04:45:17.516,595.0
2606,event-ingest,webhook,success,2026-09-30 04:45:16.979,2026-09-30 04:45:17.420,441.0
2607,ioc-extractor,trigger,success,2026-09-30 05:00:00.053,2026-09-30 05:00:00.610,557.0
2608,report-generator,trigger,success,2026-09-30 05:00:00.061,2026-09-30 05:00:00.552,491.0
2609,event-ingest,webhook,success,2026-09-30 05:00:02.487,2026-09-30 05:00:02.946,459.0
2610,event-ingest,webhook,success,2026-09-30 05:00:02.527,2026-09-30 05:00:03.056,529.0
2611,event-ingest,webhook,success,2026-09-30 05:00:02.564,2026-09-30 05:00:03.117,553.0
2612,event-ingest,webhook,success,2026-09-30 05:00:02.621,2026-09-30 05:00:03.060,439.0
2613,event-ingest,webhook,success,2026-09-30 05:00:04.479,2026-09-30 05:00:04.892,413.0
2614,event-ingest,webhook,success,2026-09-30 05:00:04.521,2026-09-30 05:00:05.047,526.0
2615,event-ingest,webhook,success,2026-09-30 05:00:04.553,2026-09-30 05:00:05.096,543.0
2616,event-ingest,webhook,success,2026-09-30 05:00:04.606,2026-09-30 05:00:05.045,439.0
2617,event-ingest,webhook,success,2026-09-30 05:00:06.744,2026-09-30 05:00:07.142,398.0
2618,event-ingest,webhook,success,2026-09-30 05:00:06.798,2026-09-30 05:00:07.308,510.0
2619,event-ingest,webhook,success,2026-09-30 05:00:06.835,2026-09-30 05:00:07.408,573.0
2620,event-ingest,webhook,success,2026-09-30 05:00:06.875,2026-09-30 05:00:07.282,407.0
2621,event-ingest,webhook,success,2026-09-30 05:00:08.732,2026-09-30 05:00:09.149,417.0
2622,event-ingest,webhook,success,2026-09-30 05:00:08.771,2026-09-30 05:00:09.305,534.0
2623,event-ingest,webhook,success,2026-09-30 05:00:08.813,2026-09-30 05:00:09.330,517.0
2624,event-ingest,webhook,success,2026-09-30 05:00:08.851,2026-09-30 05:00:09.261,410.0
2625,event-ingest,webhook,success,2026-09-30 05:00:10.700,2026-09-30 05:00:11.101,401.0
2626,event-ingest,webhook,success,2026-09-30 05:00:10.740,2026-09-30 05:00:11.257,517.0
2627,event-ingest,webhook,success,2026-09-30 05:00:10.779,2026-09-30 05:00:11.279,500.0
2628,event-ingest,webhook,success,2026-09-30 05:00:10.828,2026-09-30 05:00:11.255,427.0
2629,event-ingest,webhook,success,2026-09-30 05:00:12.677,2026-09-30 05:00:13.150,473.0
2630,event-ingest,webhook,success,2026-09-30 05:00:12.736,2026-09-30 05:00:13.270,534.0
2631,event-ingest,webhook,success,2026-09-30 05:00:12.789,2026-09-30 05:00:13.329,540.0
2632,event-ingest,webhook,success,2026-09-30 05:00:12.838,2026-09-30 05:00:13.268,430.0
2633,event-ingest,webhook,success,2026-09-30 05:00:14.986,2026-09-30 05:00:15.418,432.0
2634,event-ingest,webhook,success,2026-09-30 05:00:15.031,2026-09-30 05:00:15.580,549.0
2635,event-ingest,webhook,success,2026-09-30 05:00:15.081,2026-09-30 05:00:15.622,541.0
2636,event-ingest,webhook,success,2026-09-30 05:00:15.163,2026-09-30 05:00:15.582,419.0
2637,event-ingest,webhook,success,2026-09-30 05:00:17.006,2026-09-30 05:00:17.409,403.0
2638,event-ingest,webhook,success,2026-09-30 05:00:17.043,2026-09-30 05:00:17.552,509.0
2639,event-ingest,webhook,success,2026-09-30 05:00:17.082,2026-09-30 05:00:19.263,2181.0
2640,event-ingest,webhook,success,2026-09-30 05:00:17.127,2026-09-30 05:00:17.537,410.0
2641,event-ingest,webhook,success,2026-09-30 05:00:17.172,2026-09-30 05:00:19.362,2190.0
2642,event-ingest,webhook,success,2026-09-30 05:00:17.224,2026-09-30 05:00:19.383,2159.0
2643,event-ingest,webhook,success,2026-09-30 05:00:18.177,2026-09-30 05:00:20.234,2057.0
2644,event-ingest,webhook,success,2026-09-30 05:00:18.823,2026-09-30 05:00:20.864,2041.0
2645,event-ingest,webhook,success,2026-09-30 05:00:19.760,2026-09-30 05:00:21.813,2053.0
2646,event-ingest,webhook,success,2026-09-30 05:00:20.707,2026-09-30 05:00:22.770,2063.0
2647,event-ingest,webhook,success,2026-09-30 05:00:21.369,2026-09-30 05:00:23.430,2061.0
2648,event-ingest,webhook,success,2026-09-30 05:00:21.416,2026-09-30 05:00:23.574,2158.0
2649,event-ingest,webhook,success,2026-09-30 05:00:22.359,2026-09-30 05:00:24.405,2046.0
2650,event-ingest,webhook,success,2026-09-30 05:00:22.396,2026-09-30 05:00:24.569,2173.0
2651,event-ingest,webhook,success,2026-09-30 05:00:22.442,2026-09-30 05:00:24.649,2207.0
2652,event-ingest,webhook,success,2026-09-30 05:00:22.490,2026-09-30 05:00:24.550,2060.0
2653,event-ingest,webhook,success,2026-09-30 05:00:24.335,2026-09-30 05:00:26.405,2070.0
2654,event-ingest,webhook,success,2026-09-30 05:00:24.410,2026-09-30 05:00:26.732,2322.0
2655,event-ingest,webhook,success,2026-09-30 05:00:24.482,2026-09-30 05:00:26.541,2059.0
2656,event-ingest,webhook,success,2026-09-30 05:00:24.648,2026-09-30 05:00:26.793,2145.0
2657,event-ingest,webhook,success,2026-09-30 05:00:24.813,2026-09-30 05:00:27.013,2200.0
2658,event-ingest,webhook,success,2026-09-30 05:00:24.903,2026-09-30 05:00:26.987,2084.0
2659,event-ingest,webhook,success,2026-09-30 05:00:24.984,2026-09-30 05:00:27.206,2222.0
2660,event-ingest,webhook,success,2026-09-30 05:00:25.071,2026-09-30 05:00:27.137,2066.0
2661,ioc-extractor,trigger,success,2026-09-30 05:15:00.036,2026-09-30 05:15:00.763,727.0
2662,event-ingest,webhook,success,2026-09-30 05:15:02.749,2026-09-30 05:15:03.219,470.0
2663,event-ingest,webhook,success,2026-09-30 05:15:02.794,2026-09-30 05:15:03.343,549.0
2664,event-ingest,webhook,success,2026-09-30 05:15:02.876,2026-09-30 05:15:03.397,521.0
2665,event-ingest,webhook,success,2026-09-30 05:15:02.921,2026-09-30 05:15:03.325,404.0
2666,event-ingest,webhook,success,2026-09-30 05:15:04.771,2026-09-30 05:15:05.177,406.0
2667,event-ingest,webhook,success,2026-09-30 05:15:04.813,2026-09-30 05:15:05.353,540.0
2668,event-ingest,webhook,success,2026-09-30 05:15:04.856,2026-09-30 05:15:05.367,511.0
2669,event-ingest,webhook,success,2026-09-30 05:15:04.897,2026-09-30 05:15:05.350,453.0
2670,event-ingest,webhook,success,2026-09-30 05:15:06.742,2026-09-30 05:15:07.343,601.0
2671,event-ingest,webhook,success,2026-09-30 05:15:06.786,2026-09-30 05:15:07.345,559.0
2672,event-ingest,webhook,success,2026-09-30 05:15:06.822,2026-09-30 05:15:07.368,546.0
2673,event-ingest,webhook,success,2026-09-30 05:15:06.869,2026-09-30 05:15:07.346,477.0
2674,event-ingest,webhook,success,2026-09-30 05:15:08.726,2026-09-30 05:15:09.182,456.0
2675,event-ingest,webhook,success,2026-09-30 05:15:08.766,2026-09-30 05:15:09.273,507.0
2676,event-ingest,webhook,success,2026-09-30 05:15:08.809,2026-09-30 05:15:09.302,493.0
2677,event-ingest,webhook,success,2026-09-30 05:15:08.853,2026-09-30 05:15:09.253,400.0
2678,event-ingest,webhook,success,2026-09-30 05:15:11.004,2026-09-30 05:15:11.458,454.0
2679,event-ingest,webhook,success,2026-09-30 05:15:11.047,2026-09-30 05:15:11.574,527.0
2680,event-ingest,webhook,success,2026-09-30 05:15:11.088,2026-09-30 05:15:11.607,519.0
2681,event-ingest,webhook,success,2026-09-30 05:15:11.129,2026-09-30 05:15:11.548,419.0
2682,event-ingest,webhook,success,2026-09-30 05:15:12.973,2026-09-30 05:15:13.407,434.0
2683,event-ingest,webhook,success,2026-09-30 05:15:13.026,2026-09-30 05:15:13.526,500.0
2684,event-ingest,webhook,success,2026-09-30 05:15:13.064,2026-09-30 05:15:13.619,555.0
2685,event-ingest,webhook,success,2026-09-30 05:15:13.156,2026-09-30 05:15:13.557,401.0
2686,event-ingest,webhook,success,2026-09-30 05:15:15.003,2026-09-30 05:15:15.470,467.0
2687,event-ingest,webhook,success,2026-09-30 05:15:15.043,2026-09-30 05:15:15.548,505.0
2688,event-ingest,webhook,success,2026-09-30 05:15:15.076,2026-09-30 05:15:15.586,510.0
2689,event-ingest,webhook,success,2026-09-30 05:15:15.119,2026-09-30 05:15:15.515,396.0
2690,event-ingest,webhook,success,2026-09-30 05:15:16.960,2026-09-30 05:15:17.406,446.0
2691,event-ingest,webhook,success,2026-09-30 05:15:17.004,2026-09-30 05:15:17.543,539.0
2692,event-ingest,webhook,success,2026-09-30 05:15:17.053,2026-09-30 05:15:17.587,534.0
2693,event-ingest,webhook,success,2026-09-30 05:15:17.105,2026-09-30 05:15:17.523,418.0
2694,event-ingest,webhook,success,2026-09-30 05:15:17.192,2026-09-30 05:15:17.701,509.0
2695,event-ingest,webhook,success,2026-09-30 05:15:17.237,2026-09-30 05:15:17.668,431.0
2696,event-ingest,webhook,success,2026-09-30 05:15:18.183,2026-09-30 05:15:18.583,400.0
2697,event-ingest,webhook,success,2026-09-30 05:15:19.132,2026-09-30 05:15:19.552,420.0
2698,event-ingest,webhook,success,2026-09-30 05:15:19.778,2026-09-30 05:15:21.844,2066.0
2699,event-ingest,webhook,success,2026-09-30 05:15:20.749,2026-09-30 05:15:22.793,2044.0
2700,event-ingest,webhook,success,2026-09-30 05:15:21.396,2026-09-30 05:15:23.460,2064.0
2701,event-ingest,webhook,success,2026-09-30 05:15:21.445,2026-09-30 05:15:23.586,2141.0
2702,event-ingest,webhook,success,2026-09-30 05:15:22.381,2026-09-30 05:15:24.428,2047.0
2703,event-ingest,webhook,success,2026-09-30 05:15:22.421,2026-09-30 05:15:24.583,2162.0
2704,event-ingest,webhook,success,2026-09-30 05:15:22.464,2026-09-30 05:15:24.617,2153.0
2705,event-ingest,webhook,success,2026-09-30 05:15:22.516,2026-09-30 05:15:24.569,2053.0
2706,event-ingest,webhook,success,2026-09-30 05:15:24.647,2026-09-30 05:15:26.694,2047.0
2707,event-ingest,webhook,success,2026-09-30 05:15:24.689,2026-09-30 05:15:26.876,2187.0
2708,event-ingest,webhook,success,2026-09-30 05:15:24.726,2026-09-30 05:15:26.889,2163.0
2709,event-ingest,webhook,success,2026-09-30 05:15:24.775,2026-09-30 05:15:26.846,2071.0
2710,event-ingest,webhook,success,2026-09-30 05:15:26.632,2026-09-30 05:15:28.690,2058.0
2711,event-ingest,webhook,success,2026-09-30 05:15:26.688,2026-09-30 05:15:28.915,2227.0
2712,event-ingest,webhook,success,2026-09-30 05:15:26.745,2026-09-30 05:15:28.935,2190.0
2713,event-ingest,webhook,success,2026-09-30 05:15:26.791,2026-09-30 05:15:28.859,2068.0
2714,event-ingest,webhook,success,2026-09-30 05:15:28.639,2026-09-30 05:15:30.702,2063.0
2715,event-ingest,webhook,success,2026-09-30 05:15:28.697,2026-09-30 05:15:30.991,2294.0
2716,event-ingest,webhook,success,2026-09-30 05:15:28.743,2026-09-30 05:15:31.017,2274.0
2717,event-ingest,webhook,success,2026-09-30 05:15:28.778,2026-09-30 05:15:30.838,2060.0
2718,event-ingest,webhook,success,2026-09-30 05:15:30.620,2026-09-30 05:15:32.682,2062.0
2719,event-ingest,webhook,success,2026-09-30 05:15:30.669,2026-09-30 05:15:33.017,2348.0
2720,event-ingest,webhook,success,2026-09-30 05:15:30.751,2026-09-30 05:15:32.804,2053.0
2721,event-ingest,webhook,success,2026-09-30 05:15:30.795,2026-09-30 05:15:33.072,2277.0
2722,event-ingest,webhook,success,2026-09-30 05:15:31.029,2026-09-30 05:15:33.119,2090.0
2723,event-ingest,webhook,success,2026-09-30 05:15:31.129,2026-09-30 05:15:33.336,2207.0
2724,event-ingest,webhook,success,2026-09-30 05:15:31.209,2026-09-30 05:15:33.457,2248.0
2725,event-ingest,webhook,success,2026-09-30 05:15:31.298,2026-09-30 05:15:33.372,2074.0
2726,event-ingest,webhook,success,2026-09-30 05:15:31.398,2026-09-30 05:15:33.672,2274.0
2727,event-ingest,webhook,success,2026-09-30 05:15:31.537,2026-09-30 05:15:33.607,2070.0
2728,event-ingest,webhook,success,2026-09-30 05:15:31.619,2026-09-30 05:15:34.713,3094.0
2729,ioc-extractor,trigger,success,2026-09-30 05:30:00.049,2026-09-30 05:30:00.739,690.0
2730,event-ingest,webhook,success,2026-09-30 05:30:02.441,2026-09-30 05:30:02.908,467.0
2731,event-ingest,webhook,success,2026-09-30 05:30:02.480,2026-09-30 05:30:02.990,510.0
2732,event-ingest,webhook,success,2026-09-30 05:30:02.516,2026-09-30 05:30:03.050,534.0
2733,event-ingest,webhook,success,2026-09-30 05:30:02.565,2026-09-30 05:30:02.949,384.0
2734,event-ingest,webhook,success,2026-09-30 05:30:04.410,2026-09-30 05:30:04.848,438.0
2735,event-ingest,webhook,success,2026-09-30 05:30:04.463,2026-09-30 05:30:05.036,573.0
2736,event-ingest,webhook,success,2026-09-30 05:30:04.532,2026-09-30 05:30:05.055,523.0
2737,event-ingest,webhook,success,2026-09-30 05:30:04.576,2026-09-30 05:30:04.992,416.0
2738,event-ingest,webhook,success,2026-09-30 05:30:06.425,2026-09-30 05:30:06.864,439.0
2739,event-ingest,webhook,success,2026-09-30 05:30:06.464,2026-09-30 05:30:07.037,573.0
2740,event-ingest,webhook,success,2026-09-30 05:30:06.552,2026-09-30 05:30:06.990,438.0
2741,event-ingest,webhook,success,2026-09-30 05:30:06.645,2026-09-30 05:30:07.246,601.0
2742,event-ingest,webhook,success,2026-09-30 05:30:06.704,2026-09-30 05:30:07.274,570.0
2743,event-ingest,webhook,success,2026-09-30 05:30:06.765,2026-09-30 05:30:07.244,479.0
2744,event-ingest,webhook,success,2026-09-30 05:30:07.727,2026-09-30 05:30:08.171,444.0
2745,event-ingest,webhook,success,2026-09-30 05:30:08.685,2026-09-30 05:30:09.099,414.0
2746,event-ingest,webhook,success,2026-09-30 05:30:09.338,2026-09-30 05:30:09.752,414.0
2747,event-ingest,webhook,success,2026-09-30 05:30:10.285,2026-09-30 05:30:10.703,418.0
2748,event-ingest,webhook,success,2026-09-30 05:30:10.938,2026-09-30 05:30:11.371,433.0
2749,event-ingest,webhook,success,2026-09-30 05:30:10.993,2026-09-30 05:30:11.533,540.0
2750,event-ingest,webhook,success,2026-09-30 05:30:11.938,2026-09-30 05:30:12.363,425.0
2751,event-ingest,webhook,success,2026-09-30 05:30:11.983,2026-09-30 05:30:12.559,576.0
2752,event-ingest,webhook,success,2026-09-30 05:30:12.016,2026-09-30 05:30:12.556,540.0
2753,event-ingest,webhook,success,2026-09-30 05:30:12.060,2026-09-30 05:30:12.471,411.0
2754,event-ingest,webhook,success,2026-09-30 05:30:14.209,2026-09-30 05:30:14.612,403.0
2755,event-ingest,webhook,success,2026-09-30 05:30:14.256,2026-09-30 05:30:14.821,565.0
2756,event-ingest,webhook,success,2026-09-30 05:30:14.332,2026-09-30 05:30:14.898,566.0
2757,event-ingest,webhook,success,2026-09-30 05:30:14.413,2026-09-30 05:30:14.834,421.0
2758,event-ingest,webhook,success,2026-09-30 05:30:16.275,2026-09-30 05:30:16.710,435.0
2759,event-ingest,webhook,success,2026-09-30 05:30:16.329,2026-09-30 05:30:16.841,512.0
2760,event-ingest,webhook,success,2026-09-30 05:30:16.364,2026-09-30 05:30:16.869,505.0
2761,event-ingest,webhook,success,2026-09-30 05:30:16.405,2026-09-30 05:30:16.924,519.0
2762,event-ingest,webhook,success,2026-09-30 05:30:18.251,2026-09-30 05:30:18.720,469.0
2763,event-ingest,webhook,success,2026-09-30 05:30:18.299,2026-09-30 05:30:18.823,524.0
2764,event-ingest,webhook,success,2026-09-30 05:30:18.335,2026-09-30 05:30:20.501,2166.0
2765,event-ingest,webhook,success,2026-09-30 05:30:18.375,2026-09-30 05:30:20.522,2147.0
2766,event-ingest,webhook,success,2026-09-30 05:30:20.220,2026-09-30 05:30:22.268,2048.0
2767,event-ingest,webhook,success,2026-09-30 05:30:20.260,2026-09-30 05:30:22.467,2207.0
2768,event-ingest,webhook,success,2026-09-30 05:30:20.305,2026-09-30 05:30:22.501,2196.0
2769,event-ingest,webhook,success,2026-09-30 05:30:20.389,2026-09-30 05:30:22.463,2074.0
2770,event-ingest,webhook,success,2026-09-30 05:30:22.240,2026-09-30 05:30:24.321,2081.0
2771,event-ingest,webhook,success,2026-09-30 05:30:22.309,2026-09-30 05:30:24.489,2180.0
2772,event-ingest,webhook,success,2026-09-30 05:30:22.361,2026-09-30 05:30:24.541,2180.0
2773,event-ingest,webhook,success,2026-09-30 05:30:22.397,2026-09-30 05:30:24.445,2048.0
2774,event-ingest,webhook,success,2026-09-30 05:30:24.550,2026-09-30 05:30:26.616,2066.0
2775,event-ingest,webhook,success,2026-09-30 05:30:24.597,2026-09-30 05:30:26.766,2169.0
2776,event-ingest,webhook,success,2026-09-30 05:30:24.629,2026-09-30 05:30:26.833,2204.0
2777,event-ingest,webhook,success,2026-09-30 05:30:24.673,2026-09-30 05:30:26.744,2071.0
2778,event-ingest,webhook,success,2026-09-30 05:30:26.537,2026-09-30 05:30:28.640,2103.0
2779,event-ingest,webhook,success,2026-09-30 05:30:26.618,2026-09-30 05:30:28.872,2254.0
2780,event-ingest,webhook,success,2026-09-30 05:30:26.694,2026-09-30 05:30:28.956,2262.0
2781,event-ingest,webhook,success,2026-09-30 05:30:26.866,2026-09-30 05:30:28.922,2056.0
2782,event-ingest,webhook,success,2026-09-30 05:30:28.425,2026-09-30 05:30:30.483,2058.0
2783,event-ingest,webhook,success,2026-09-30 05:30:28.467,2026-09-30 05:30:30.635,2168.0
2784,event-ingest,webhook,success,2026-09-30 05:30:28.506,2026-09-30 05:30:30.667,2161.0
2785,event-ingest,webhook,success,2026-09-30 05:30:28.559,2026-09-30 05:30:30.617,2058.0
2786,event-ingest,webhook,success,2026-09-30 05:30:30.691,2026-09-30 05:30:32.782,2091.0
2787,event-ingest,webhook,success,2026-09-30 05:30:30.730,2026-09-30 05:30:32.987,2257.0
2788,event-ingest,webhook,success,2026-09-30 05:30:30.767,2026-09-30 05:30:33.106,2339.0
2789,event-ingest,webhook,success,2026-09-30 05:30:30.819,2026-09-30 05:30:32.901,2082.0
2790,event-ingest,webhook,success,2026-09-30 05:30:32.654,2026-09-30 05:30:34.713,2059.0
2791,event-ingest,webhook,success,2026-09-30 05:30:32.692,2026-09-30 05:30:35.030,2338.0
2792,event-ingest,webhook,success,2026-09-30 05:30:32.807,2026-09-30 05:30:35.029,2222.0
2793,event-ingest,webhook,success,2026-09-30 05:30:33.026,2026-09-30 05:30:35.314,2288.0
2794,event-ingest,webhook,success,2026-09-30 05:30:33.168,2026-09-30 05:30:35.286,2118.0
2795,event-ingest,webhook,success,2026-09-30 05:30:33.290,2026-09-30 05:30:35.507,2217.0
2796,event-ingest,webhook,success,2026-09-30 05:30:33.346,2026-09-30 05:30:35.629,2283.0
2797,event-ingest,webhook,success,2026-09-30 05:30:33.413,2026-09-30 05:30:35.546,2133.0
2798,event-ingest,webhook,success,2026-09-30 05:30:33.585,2026-09-30 05:30:35.808,2223.0
2799,event-ingest,webhook,success,2026-09-30 05:30:33.650,2026-09-30 05:30:36.752,3102.0
2800,event-ingest,webhook,success,2026-09-30 05:30:33.705,2026-09-30 05:30:35.771,2066.0
2801,event-ingest,webhook,success,2026-09-30 05:30:33.800,2026-09-30 05:30:37.059,3259.0
2802,ioc-extractor,trigger,success,2026-09-30 05:45:00.073,2026-09-30 05:45:01.518,1445.0
2803,event-ingest,webhook,success,2026-09-30 05:45:03.358,2026-09-30 05:45:03.884,526.0
2804,event-ingest,webhook,success,2026-09-30 05:45:03.405,2026-09-30 05:45:04.070,665.0
2805,event-ingest,webhook,success,2026-09-30 05:45:03.495,2026-09-30 05:45:04.228,733.0
2806,event-ingest,webhook,success,2026-09-30 05:45:03.566,2026-09-30 05:45:04.002,436.0
2807,event-ingest,webhook,success,2026-09-30 05:45:05.461,2026-09-30 05:45:06.363,902.0
2808,event-ingest,webhook,success,2026-09-30 05:45:05.556,2026-09-30 05:45:06.600,1044.0
2809,event-ingest,webhook,success,2026-09-30 05:45:05.647,2026-09-30 05:45:06.656,1009.0
2810,event-ingest,webhook,success,2026-09-30 05:45:05.943,2026-09-30 05:45:06.561,618.0
2811,event-ingest,webhook,success,2026-09-30 05:45:07.956,2026-09-30 05:45:08.447,491.0
2812,event-ingest,webhook,success,2026-09-30 05:45:08.032,2026-09-30 05:45:08.768,736.0
2813,event-ingest,webhook,success,2026-09-30 05:45:08.133,2026-09-30 05:45:08.966,833.0
2814,event-ingest,webhook,success,2026-09-30 05:45:08.248,2026-09-30 05:45:08.802,554.0
2815,event-ingest,webhook,success,2026-09-30 05:45:09.830,2026-09-30 05:45:10.411,581.0
2816,event-ingest,webhook,success,2026-09-30 05:45:09.926,2026-09-30 05:45:10.678,752.0
2817,event-ingest,webhook,success,2026-09-30 05:45:10.028,2026-09-30 05:45:10.721,693.0
2818,event-ingest,webhook,success,2026-09-30 05:45:10.189,2026-09-30 05:45:10.691,502.0
2819,event-ingest,webhook,success,2026-09-30 05:45:12.347,2026-09-30 05:45:12.846,499.0
2820,event-ingest,webhook,success,2026-09-30 05:45:12.427,2026-09-30 05:45:13.108,681.0
2821,event-ingest,webhook,success,2026-09-30 05:45:12.532,2026-09-30 05:45:13.284,752.0
2822,event-ingest,webhook,success,2026-09-30 05:45:12.649,2026-09-30 05:45:13.093,444.0
2823,event-ingest,webhook,success,2026-09-30 05:45:12.752,2026-09-30 05:45:13.399,647.0
2824,event-ingest,webhook,success,2026-09-30 05:45:12.859,2026-09-30 05:45:13.397,538.0
2825,event-ingest,webhook,success,2026-09-30 05:45:13.845,2026-09-30 05:45:14.284,439.0
2826,event-ingest,webhook,success,2026-09-30 05:45:14.489,2026-09-30 05:45:14.914,425.0
2827,event-ingest,webhook,success,2026-09-30 05:45:15.432,2026-09-30 05:45:15.822,390.0
2828,event-ingest,webhook,success,2026-09-30 05:45:16.382,2026-09-30 05:45:17.099,717.0
2829,event-ingest,webhook,success,2026-09-30 05:45:16.426,2026-09-30 05:45:17.082,656.0
2830,event-ingest,webhook,success,2026-09-30 05:45:17.371,2026-09-30 05:45:17.766,395.0
2831,event-ingest,webhook,success,2026-09-30 05:45:17.422,2026-09-30 05:45:17.969,547.0
2832,event-ingest,webhook,success,2026-09-30 05:45:17.470,2026-09-30 05:45:18.021,551.0
2833,event-ingest,webhook,success,2026-09-30 05:45:17.544,2026-09-30 05:45:17.971,427.0
2834,event-ingest,webhook,success,2026-09-30 05:45:19.400,2026-09-30 05:45:21.442,2042.0
2835,event-ingest,webhook,success,2026-09-30 05:45:19.438,2026-09-30 05:45:21.620,2182.0
2836,event-ingest,webhook,success,2026-09-30 05:45:19.479,2026-09-30 05:45:21.660,2181.0
2837,event-ingest,webhook,success,2026-09-30 05:45:19.524,2026-09-30 05:45:21.602,2078.0
2838,event-ingest,webhook,success,2026-09-30 05:45:21.380,2026-09-30 05:45:23.430,2050.0
2839,event-ingest,webhook,success,2026-09-30 05:45:21.428,2026-09-30 05:45:23.637,2209.0
2840,event-ingest,webhook,success,2026-09-30 05:45:21.482,2026-09-30 05:45:23.699,2217.0
2841,event-ingest,webhook,success,2026-09-30 05:45:21.518,2026-09-30 05:45:23.610,2092.0
2842,event-ingest,webhook,success,2026-09-30 05:45:23.362,2026-09-30 05:45:25.407,2045.0
2843,event-ingest,webhook,success,2026-09-30 05:45:23.400,2026-09-30 05:45:25.731,2331.0
2844,event-ingest,webhook,success,2026-09-30 05:45:23.465,2026-09-30 05:45:25.733,2268.0
2845,event-ingest,webhook,success,2026-09-30 05:45:23.512,2026-09-30 05:45:25.671,2159.0
2846,event-ingest,webhook,success,2026-09-30 05:45:25.388,2026-09-30 05:45:27.484,2096.0
2847,event-ingest,webhook,success,2026-09-30 05:45:25.455,2026-09-30 05:45:27.727,2272.0
2848,event-ingest,webhook,success,2026-09-30 05:45:25.500,2026-09-30 05:45:27.779,2279.0
2849,event-ingest,webhook,success,2026-09-30 05:45:25.543,2026-09-30 05:45:27.805,2262.0
2850,event-ingest,webhook,success,2026-09-30 05:45:27.406,2026-09-30 05:45:29.478,2072.0
2851,event-ingest,webhook,success,2026-09-30 05:45:27.488,2026-09-30 05:45:29.762,2274.0
2852,event-ingest,webhook,success,2026-09-30 05:45:27.562,2026-09-30 05:45:29.802,2240.0
2853,event-ingest,webhook,success,2026-09-30 05:45:27.601,2026-09-30 05:45:29.730,2129.0
2854,event-ingest,webhook,success,2026-09-30 05:45:29.479,2026-09-30 05:45:31.681,2202.0
2855,event-ingest,webhook,success,2026-09-30 05:45:29.621,2026-09-30 05:45:32.054,2433.0
2856,event-ingest,webhook,success,2026-09-30 05:45:29.880,2026-09-30 05:45:32.083,2203.0
2857,event-ingest,webhook,success,2026-09-30 05:45:30.210,2026-09-30 05:45:32.456,2246.0
2858,event-ingest,webhook,success,2026-09-30 05:45:30.594,2026-09-30 05:45:33.100,2506.0
2859,event-ingest,webhook,success,2026-09-30 05:45:30.787,2026-09-30 05:45:32.922,2135.0
2860,event-ingest,webhook,success,2026-09-30 05:45:30.944,2026-09-30 05:45:33.426,2482.0
2861,event-ingest,webhook,success,2026-09-30 05:45:31.142,2026-09-30 05:45:33.545,2403.0
2862,event-ingest,webhook,success,2026-09-30 05:45:31.350,2026-09-30 05:45:33.543,2193.0
2863,event-ingest,webhook,success,2026-09-30 05:45:31.473,2026-09-30 05:45:33.906,2433.0
2864,ioc-extractor,trigger,success,2026-09-30 06:00:00.033,2026-09-30 06:00:01.431,1398.0
2865,event-ingest,webhook,success,2026-09-30 06:00:03.734,2026-09-30 06:00:04.202,468.0
2866,event-ingest,webhook,success,2026-09-30 06:00:03.786,2026-09-30 06:00:04.402,616.0
2867,event-ingest,webhook,success,2026-09-30 06:00:03.846,2026-09-30 06:00:04.430,584.0
2868,event-ingest,webhook,success,2026-09-30 06:00:03.926,2026-09-30 06:00:04.377,451.0
2869,event-ingest,webhook,success,2026-09-30 06:00:05.787,2026-09-30 06:00:06.251,464.0
2870,event-ingest,webhook,success,2026-09-30 06:00:05.878,2026-09-30 06:00:06.551,673.0
2871,event-ingest,webhook,success,2026-09-30 06:00:05.981,2026-09-30 06:00:06.571,590.0
2872,event-ingest,webhook,success,2026-09-30 06:00:06.098,2026-09-30 06:00:06.534,436.0
2873,event-ingest,webhook,success,2026-09-30 06:00:07.654,2026-09-30 06:00:08.069,415.0
2874,event-ingest,webhook,success,2026-09-30 06:00:07.704,2026-09-30 06:00:08.231,527.0
2875,event-ingest,webhook,success,2026-09-30 06:00:07.752,2026-09-30 06:00:08.283,531.0
2876,event-ingest,webhook,success,2026-09-30 06:00:07.809,2026-09-30 06:00:08.199,390.0
2877,event-ingest,webhook,success,2026-09-30 06:00:09.948,2026-09-30 06:00:10.410,462.0
2878,event-ingest,webhook,success,2026-09-30 06:00:09.993,2026-09-30 06:00:10.525,532.0
2879,event-ingest,webhook,success,2026-09-30 06:00:10.042,2026-09-30 06:00:10.562,520.0
2880,event-ingest,webhook,success,2026-09-30 06:00:10.091,2026-09-30 06:00:10.503,412.0
2881,event-ingest,webhook,success,2026-09-30 06:00:11.929,2026-09-30 06:00:12.353,424.0
2882,event-ingest,webhook,success,2026-09-30 06:00:11.973,2026-09-30 06:00:12.500,527.0
2883,event-ingest,webhook,success,2026-09-30 06:00:12.018,2026-09-30 06:00:12.545,527.0
2884,event-ingest,webhook,success,2026-09-30 06:00:12.068,2026-09-30 06:00:12.473,405.0
2885,event-ingest,webhook,success,2026-09-30 06:00:13.917,2026-09-30 06:00:14.310,393.0
2886,event-ingest,webhook,success,2026-09-30 06:00:13.957,2026-09-30 06:00:14.464,507.0
2887,event-ingest,webhook,success,2026-09-30 06:00:13.995,2026-09-30 06:00:14.507,512.0
2888,event-ingest,webhook,success,2026-09-30 06:00:14.070,2026-09-30 06:00:14.476,406.0
2889,event-ingest,webhook,success,2026-09-30 06:00:15.918,2026-09-30 06:00:16.380,462.0
2890,event-ingest,webhook,success,2026-09-30 06:00:15.955,2026-09-30 06:00:18.130,2175.0
2891,event-ingest,webhook,success,2026-09-30 06:00:16.001,2026-09-30 06:00:16.514,513.0
2892,event-ingest,webhook,success,2026-09-30 06:00:16.053,2026-09-30 06:00:16.484,431.0
2893,event-ingest,webhook,success,2026-09-30 06:00:18.215,2026-09-30 06:00:18.637,422.0
2894,event-ingest,webhook,success,2026-09-30 06:00:18.250,2026-09-30 06:00:18.782,532.0
2895,event-ingest,webhook,success,2026-09-30 06:00:18.284,2026-09-30 06:00:18.805,521.0
2896,event-ingest,webhook,success,2026-09-30 06:00:18.333,2026-09-30 06:00:18.762,429.0
2897,event-ingest,webhook,success,2026-09-30 06:00:20.180,2026-09-30 06:00:20.583,403.0
2898,event-ingest,webhook,success,2026-09-30 06:00:20.223,2026-09-30 06:00:20.758,535.0
2899,event-ingest,webhook,success,2026-09-30 06:00:20.267,2026-09-30 06:00:22.423,2156.0
2900,event-ingest,webhook,success,2026-09-30 06:00:20.309,2026-09-30 06:00:20.740,431.0
2901,event-ingest,webhook,success,2026-09-30 06:00:22.150,2026-09-30 06:00:24.194,2044.0
2902,event-ingest,webhook,success,2026-09-30 06:00:22.186,2026-09-30 06:00:24.329,2143.0
2903,event-ingest,webhook,success,2026-09-30 06:00:22.225,2026-09-30 06:00:24.375,2150.0
2904,event-ingest,webhook,success,2026-09-30 06:00:22.259,2026-09-30 06:00:24.407,2148.0
2905,event-ingest,webhook,success,2026-09-30 06:00:24.412,2026-09-30 06:00:26.477,2065.0
2906,event-ingest,webhook,success,2026-09-30 06:00:24.462,2026-09-30 06:00:26.614,2152.0
2907,event-ingest,webhook,success,2026-09-30 06:00:24.499,2026-09-30 06:00:26.647,2148.0
2908,event-ingest,webhook,success,2026-09-30 06:00:24.545,2026-09-30 06:00:26.694,2149.0
2909,event-ingest,webhook,success,2026-09-30 06:00:26.384,2026-09-30 06:00:28.434,2050.0
2910,event-ingest,webhook,success,2026-09-30 06:00:26.424,2026-09-30 06:00:28.618,2194.0
2911,event-ingest,webhook,success,2026-09-30 06:00:26.483,2026-09-30 06:00:28.680,2197.0
2912,event-ingest,webhook,success,2026-09-30 06:00:26.541,2026-09-30 06:00:28.622,2081.0
2913,event-ingest,webhook,success,2026-09-30 06:00:26.616,2026-09-30 06:00:28.800,2184.0
2914,event-ingest,webhook,success,2026-09-30 06:00:26.705,2026-09-30 06:00:28.762,2057.0
2915,event-ingest,webhook,success,2026-09-30 06:00:27.667,2026-09-30 06:00:29.733,2066.0
2916,event-ingest,webhook,success,2026-09-30 06:00:28.322,2026-09-30 06:00:30.379,2057.0
2917,event-ingest,webhook,success,2026-09-30 06:00:29.273,2026-09-30 06:00:31.329,2056.0
2918,event-ingest,webhook,success,2026-09-30 06:00:29.920,2026-09-30 06:00:31.991,2071.0
2919,event-ingest,webhook,success,2026-09-30 06:00:30.876,2026-09-30 06:00:33.045,2169.0
2920,event-ingest,webhook,success,2026-09-30 06:00:31.521,2026-09-30 06:00:33.576,2055.0
2921,event-ingest,webhook,success,2026-09-30 06:00:31.563,2026-09-30 06:00:33.705,2142.0
2922,event-ingest,webhook,success,2026-09-30 06:00:32.511,2026-09-30 06:00:34.577,2066.0
2923,event-ingest,webhook,success,2026-09-30 06:00:32.563,2026-09-30 06:00:34.758,2195.0
2924,event-ingest,webhook,success,2026-09-30 06:00:32.604,2026-09-30 06:00:35.062,2458.0
2925,event-ingest,webhook,success,2026-09-30 06:00:32.653,2026-09-30 06:00:35.113,2460.0
2926,event-ingest,webhook,success,2026-09-30 06:00:32.710,2026-09-30 06:00:34.814,2104.0
2927,event-ingest,webhook,success,2026-09-30 06:00:32.925,2026-09-30 06:00:35.239,2314.0
2928,event-ingest,webhook,success,2026-09-30 06:00:33.109,2026-09-30 06:00:35.205,2096.0
2929,event-ingest,webhook,success,2026-09-30 06:00:33.213,2026-09-30 06:00:35.503,2290.0
2930,event-ingest,webhook,success,2026-09-30 06:00:33.267,2026-09-30 06:00:35.736,2469.0
2931,event-ingest,webhook,success,2026-09-30 06:00:33.377,2026-09-30 06:00:35.632,2255.0
2932,event-ingest,webhook,success,2026-09-30 06:00:33.524,2026-09-30 06:00:36.611,3087.0
2933,ioc-extractor,trigger,success,2026-09-30 06:15:00.035,2026-09-30 06:15:00.925,890.0
2934,event-ingest,webhook,success,2026-09-30 06:15:02.519,2026-09-30 06:15:03.002,483.0
2935,event-ingest,webhook,success,2026-09-30 06:15:02.575,2026-09-30 06:15:03.079,504.0
2936,event-ingest,webhook,success,2026-09-30 06:15:02.619,2026-09-30 06:15:03.114,495.0
2937,event-ingest,webhook,success,2026-09-30 06:15:02.669,2026-09-30 06:15:03.056,387.0
2938,event-ingest,webhook,success,2026-09-30 06:15:04.527,2026-09-30 06:15:04.947,420.0
2939,event-ingest,webhook,success,2026-09-30 06:15:04.609,2026-09-30 06:15:05.092,483.0
2940,event-ingest,webhook,success,2026-09-30 06:15:04.668,2026-09-30 06:15:05.068,400.0
2941,event-ingest,webhook,success,2026-09-30 06:15:04.736,2026-09-30 06:15:05.241,505.0
2942,event-ingest,webhook,success,2026-09-30 06:15:06.589,2026-09-30 06:15:07.039,450.0
2943,event-ingest,webhook,success,2026-09-30 06:15:06.656,2026-09-30 06:15:07.199,543.0
2944,event-ingest,webhook,success,2026-09-30 06:15:06.710,2026-09-30 06:15:07.306,596.0
2945,event-ingest,webhook,success,2026-09-30 06:15:06.780,2026-09-30 06:15:07.234,454.0
2946,event-ingest,webhook,success,2026-09-30 06:15:06.835,2026-09-30 06:15:07.341,506.0
2947,event-ingest,webhook,success,2026-09-30 06:15:06.895,2026-09-30 06:15:07.428,533.0
2948,event-ingest,webhook,success,2026-09-30 06:15:07.853,2026-09-30 06:15:08.307,454.0
2949,event-ingest,webhook,success,2026-09-30 06:15:08.806,2026-09-30 06:15:09.211,405.0
2950,event-ingest,webhook,success,2026-09-30 06:15:09.461,2026-09-30 06:15:09.881,420.0
2951,event-ingest,webhook,success,2026-09-30 06:15:10.395,2026-09-30 06:15:10.786,391.0
2952,event-ingest,webhook,success,2026-09-30 06:15:11.031,2026-09-30 06:15:11.429,398.0
2953,event-ingest,webhook,success,2026-09-30 06:15:11.972,2026-09-30 06:15:12.380,408.0
2954,event-ingest,webhook,success,2026-09-30 06:15:12.022,2026-09-30 06:15:12.525,503.0
2955,event-ingest,webhook,success,2026-09-30 06:15:12.966,2026-09-30 06:15:13.388,422.0
2956,event-ingest,webhook,success,2026-09-30 06:15:13.014,2026-09-30 06:15:13.549,535.0
2957,event-ingest,webhook,success,2026-09-30 06:15:13.058,2026-09-30 06:15:13.569,511.0
2958,event-ingest,webhook,success,2026-09-30 06:15:13.110,2026-09-30 06:15:13.532,422.0
2959,event-ingest,webhook,success,2026-09-30 06:15:14.949,2026-09-30 06:15:15.352,403.0
2960,event-ingest,webhook,success,2026-09-30 06:15:14.991,2026-09-30 06:15:15.523,532.0
2961,event-ingest,webhook,success,2026-09-30 06:15:15.043,2026-09-30 06:15:15.554,511.0
2962,event-ingest,webhook,success,2026-09-30 06:15:15.104,2026-09-30 06:15:15.535,431.0
2963,event-ingest,webhook,success,2026-09-30 06:15:16.974,2026-09-30 06:15:19.035,2061.0
2964,event-ingest,webhook,success,2026-09-30 06:15:17.031,2026-09-30 06:15:17.620,589.0
2965,event-ingest,webhook,success,2026-09-30 06:15:17.118,2026-09-30 06:15:19.312,2194.0
2966,event-ingest,webhook,success,2026-09-30 06:15:17.205,2026-09-30 06:15:19.259,2054.0
2967,event-ingest,webhook,success,2026-09-30 06:15:19.058,2026-09-30 06:15:21.112,2054.0
2968,event-ingest,webhook,success,2026-09-30 06:15:19.107,2026-09-30 06:15:21.278,2171.0
2969,event-ingest,webhook,success,2026-09-30 06:15:19.158,2026-09-30 06:15:21.312,2154.0
2970,event-ingest,webhook,success,2026-09-30 06:15:19.196,2026-09-30 06:15:21.249,2053.0
2971,event-ingest,webhook,success,2026-09-30 06:15:21.037,2026-09-30 06:15:23.102,2065.0
2972,event-ingest,webhook,success,2026-09-30 06:15:21.075,2026-09-30 06:15:23.268,2193.0
2973,event-ingest,webhook,success,2026-09-30 06:15:21.139,2026-09-30 06:15:23.341,2202.0
2974,event-ingest,webhook,success,2026-09-30 06:15:21.187,2026-09-30 06:15:23.238,2051.0
2975,event-ingest,webhook,success,2026-09-30 06:15:23.349,2026-09-30 06:15:25.426,2077.0
2976,event-ingest,webhook,success,2026-09-30 06:15:23.496,2026-09-30 06:15:25.789,2293.0
2977,event-ingest,webhook,success,2026-09-30 06:15:23.627,2026-09-30 06:15:25.696,2069.0
2978,event-ingest,webhook,success,2026-09-30 06:15:23.686,2026-09-30 06:15:26.014,2328.0
2979,event-ingest,webhook,success,2026-09-30 06:15:23.771,2026-09-30 06:15:26.059,2288.0
2980,event-ingest,webhook,success,2026-09-30 06:15:23.852,2026-09-30 06:15:25.971,2119.0
2981,event-ingest,webhook,success,2026-09-30 06:15:23.941,2026-09-30 06:15:26.206,2265.0
2982,ioc-extractor,trigger,success,2026-09-30 06:30:00.029,2026-09-30 06:30:00.945,916.0
2983,event-ingest,webhook,success,2026-09-30 06:30:03.733,2026-09-30 06:30:04.236,503.0
2984,event-ingest,webhook,success,2026-09-30 06:30:03.841,2026-09-30 06:30:04.561,720.0
2985,event-ingest,webhook,success,2026-09-30 06:30:03.959,2026-09-30 06:30:04.626,667.0
2986,event-ingest,webhook,success,2026-09-30 06:30:04.099,2026-09-30 06:30:04.526,427.0
2987,event-ingest,webhook,success,2026-09-30 06:30:05.649,2026-09-30 06:30:06.157,508.0
2988,event-ingest,webhook,success,2026-09-30 06:30:05.769,2026-09-30 06:30:06.377,608.0
2989,event-ingest,webhook,success,2026-09-30 06:30:05.843,2026-09-30 06:30:06.267,424.0
2990,event-ingest,webhook,success,2026-09-30 06:30:05.933,2026-09-30 06:30:06.534,601.0
2991,event-ingest,webhook,success,2026-09-30 06:30:06.296,2026-09-30 06:30:06.703,407.0
2992,event-ingest,webhook,success,2026-09-30 06:30:06.337,2026-09-30 06:30:06.849,512.0
2993,event-ingest,webhook,success,2026-09-30 06:30:07.293,2026-09-30 06:30:07.719,426.0
2994,event-ingest,webhook,success,2026-09-30 06:30:07.944,2026-09-30 06:30:08.342,398.0
2995,event-ingest,webhook,success,2026-09-30 06:30:08.885,2026-09-30 06:30:09.297,412.0
2996,event-ingest,webhook,success,2026-09-30 06:30:09.522,2026-09-30 06:30:09.931,409.0
2997,event-ingest,webhook,success,2026-09-30 06:30:09.575,2026-09-30 06:30:10.110,535.0
2998,event-ingest,webhook,success,2026-09-30 06:30:10.520,2026-09-30 06:30:10.948,428.0
2999,event-ingest,webhook,success,2026-09-30 06:30:10.569,2026-09-30 06:30:11.109,540.0
3000,event-ingest,webhook,success,2026-09-30 06:30:10.621,2026-09-30 06:30:11.157,536.0
3001,event-ingest,webhook,success,2026-09-30 06:30:10.702,2026-09-30 06:30:11.122,420.0
3002,event-ingest,webhook,success,2026-09-30 06:30:12.561,2026-09-30 06:30:12.980,419.0
3003,event-ingest,webhook,success,2026-09-30 06:30:12.608,2026-09-30 06:30:13.157,549.0
3004,event-ingest,webhook,success,2026-09-30 06:30:12.662,2026-09-30 06:30:13.210,548.0
3005,event-ingest,webhook,success,2026-09-30 06:30:12.714,2026-09-30 06:30:13.118,404.0
3006,event-ingest,webhook,success,2026-09-30 06:30:14.560,2026-09-30 06:30:15.021,461.0
3007,event-ingest,webhook,success,2026-09-30 06:30:14.610,2026-09-30 06:30:15.193,583.0
3008,event-ingest,webhook,success,2026-09-30 06:30:14.663,2026-09-30 06:30:15.270,607.0
3009,event-ingest,webhook,success,2026-09-30 06:30:14.754,2026-09-30 06:30:15.246,492.0
3010,event-ingest,webhook,success,2026-09-30 06:30:16.906,2026-09-30 06:30:17.362,456.0
3011,event-ingest,webhook,success,2026-09-30 06:30:16.964,2026-09-30 06:30:17.705,741.0
3012,event-ingest,webhook,success,2026-09-30 06:30:17.029,2026-09-30 06:30:17.807,778.0
3013,event-ingest,webhook,success,2026-09-30 06:30:17.146,2026-09-30 06:30:17.708,562.0
3014,event-ingest,webhook,success,2026-09-30 06:30:18.724,2026-09-30 06:30:19.145,421.0
3015,event-ingest,webhook,success,2026-09-30 06:30:18.774,2026-09-30 06:30:21.083,2309.0
3016,event-ingest,webhook,success,2026-09-30 06:30:18.821,2026-09-30 06:30:21.098,2277.0
3017,event-ingest,webhook,success,2026-09-30 06:30:18.910,2026-09-30 06:30:20.998,2088.0
3018,event-ingest,webhook,success,2026-09-30 06:30:20.762,2026-09-30 06:30:22.815,2053.0
3019,event-ingest,webhook,success,2026-09-30 06:30:20.811,2026-09-30 06:30:23.081,2270.0
3020,event-ingest,webhook,success,2026-09-30 06:30:20.856,2026-09-30 06:30:23.126,2270.0
3021,event-ingest,webhook,success,2026-09-30 06:30:20.900,2026-09-30 06:30:23.150,2250.0
3022,event-ingest,webhook,success,2026-09-30 06:30:23.046,2026-09-30 06:30:25.157,2111.0
3023,event-ingest,webhook,success,2026-09-30 06:30:23.155,2026-09-30 06:30:25.457,2302.0
3024,event-ingest,webhook,success,2026-09-30 06:30:23.282,2026-09-30 06:30:25.350,2068.0
3025,event-ingest,webhook,success,2026-09-30 06:30:23.356,2026-09-30 06:30:25.592,2236.0
3026,event-ingest,webhook,success,2026-09-30 06:30:24.916,2026-09-30 06:30:26.999,2083.0
3027,event-ingest,webhook,success,2026-09-30 06:30:24.991,2026-09-30 06:30:27.354,2363.0
3028,event-ingest,webhook,success,2026-09-30 06:30:25.076,2026-09-30 06:30:27.458,2382.0
3029,event-ingest,webhook,success,2026-09-30 06:30:25.310,2026-09-30 06:30:27.399,2089.0
3030,event-ingest,webhook,success,2026-09-30 06:30:27.182,2026-09-30 06:30:29.286,2104.0
3031,event-ingest,webhook,success,2026-09-30 06:30:27.240,2026-09-30 06:30:29.649,2409.0
3032,event-ingest,webhook,success,2026-09-30 06:30:27.388,2026-09-30 06:30:29.616,2228.0
3033,event-ingest,webhook,success,2026-09-30 06:30:27.669,2026-09-30 06:30:29.961,2292.0
3034,event-ingest,webhook,success,2026-09-30 06:30:29.003,2026-09-30 06:30:31.059,2056.0
3035,event-ingest,webhook,success,2026-09-30 06:30:29.050,2026-09-30 06:30:31.293,2243.0
3036,event-ingest,webhook,success,2026-09-30 06:30:29.091,2026-09-30 06:30:31.340,2249.0
3037,event-ingest,webhook,success,2026-09-30 06:30:29.156,2026-09-30 06:30:31.242,2086.0
3038,event-ingest,webhook,success,2026-09-30 06:30:31.316,2026-09-30 06:30:33.393,2077.0
3039,event-ingest,webhook,success,2026-09-30 06:30:31.389,2026-09-30 06:30:33.632,2243.0
3040,event-ingest,webhook,success,2026-09-30 06:30:31.433,2026-09-30 06:30:33.635,2202.0
3041,event-ingest,webhook,success,2026-09-30 06:30:31.497,2026-09-30 06:30:33.589,2092.0
3042,event-ingest,webhook,success,2026-09-30 06:30:33.341,2026-09-30 06:30:35.400,2059.0
3043,event-ingest,webhook,success,2026-09-30 06:30:33.403,2026-09-30 06:30:35.743,2340.0
3044,event-ingest,webhook,success,2026-09-30 06:30:33.482,2026-09-30 06:30:35.793,2311.0
3045,event-ingest,webhook,success,2026-09-30 06:30:33.601,2026-09-30 06:30:35.799,2198.0
3046,event-ingest,webhook,success,2026-09-30 06:30:35.251,2026-09-30 06:30:37.423,2172.0
3047,event-ingest,webhook,success,2026-09-30 06:30:35.345,2026-09-30 06:30:37.783,2438.0
3048,event-ingest,webhook,success,2026-09-30 06:30:35.514,2026-09-30 06:30:37.794,2280.0
3049,event-ingest,webhook,success,2026-09-30 06:30:35.798,2026-09-30 06:30:38.007,2209.0
3050,event-ingest,webhook,success,2026-09-30 06:30:36.037,2026-09-30 06:30:38.448,2411.0
3051,event-ingest,webhook,success,2026-09-30 06:30:36.257,2026-09-30 06:30:38.363,2106.0
3052,event-ingest,webhook,success,2026-09-30 06:30:36.395,2026-09-30 06:30:38.738,2343.0
3053,event-ingest,webhook,success,2026-09-30 06:30:36.526,2026-09-30 06:30:38.635,2109.0
3054,event-ingest,webhook,success,2026-09-30 06:30:36.666,2026-09-30 06:30:38.998,2332.0
3055,event-ingest,webhook,success,2026-09-30 06:30:36.835,2026-09-30 06:30:38.907,2072.0
3056,event-ingest,webhook,success,2026-09-30 06:30:36.925,2026-09-30 06:30:39.809,2884.0
3057,event-ingest,webhook,success,2026-09-30 06:30:37.009,2026-09-30 06:30:39.822,2813.0
3058,event-ingest,webhook,success,2026-09-30 06:30:37.093,2026-09-30 06:30:39.465,2372.0
3059,ioc-extractor,trigger,success,2026-09-30 06:45:00.052,2026-09-30 06:45:01.171,1119.0
3060,event-ingest,webhook,success,2026-09-30 06:45:03.194,2026-09-30 06:45:03.677,483.0
3061,event-ingest,webhook,success,2026-09-30 06:45:03.254,2026-09-30 06:45:03.843,589.0
3062,event-ingest,webhook,success,2026-09-30 06:45:03.338,2026-09-30 06:45:03.904,566.0
3063,event-ingest,webhook,success,2026-09-30 06:45:03.389,2026-09-30 06:45:03.823,434.0
3064,event-ingest,webhook,success,2026-09-30 06:45:03.473,2026-09-30 06:45:04.048,575.0
3065,event-ingest,webhook,success,2026-09-30 06:45:03.539,2026-09-30 06:45:04.094,555.0
3066,event-ingest,webhook,success,2026-09-30 06:45:04.485,2026-09-30 06:45:05.012,527.0
3067,event-ingest,webhook,success,2026-09-30 06:45:05.438,2026-09-30 06:45:05.827,389.0
3068,event-ingest,webhook,success,2026-09-30 06:45:06.080,2026-09-30 06:45:06.604,524.0
3069,event-ingest,webhook,success,2026-09-30 06:45:07.019,2026-09-30 06:45:07.409,390.0
3070,event-ingest,webhook,success,2026-09-30 06:45:07.658,2026-09-30 06:45:08.062,404.0
3071,event-ingest,webhook,success,2026-09-30 06:45:07.707,2026-09-30 06:45:08.193,486.0
3072,event-ingest,webhook,success,2026-09-30 06:45:08.648,2026-09-30 06:45:09.077,429.0
3073,event-ingest,webhook,success,2026-09-30 06:45:08.692,2026-09-30 06:45:09.236,544.0
3074,event-ingest,webhook,success,2026-09-30 06:45:08.739,2026-09-30 06:45:09.281,542.0
3075,event-ingest,webhook,success,2026-09-30 06:45:08.794,2026-09-30 06:45:09.200,406.0
3076,event-ingest,webhook,success,2026-09-30 06:45:10.638,2026-09-30 06:45:11.074,436.0
3077,event-ingest,webhook,success,2026-09-30 06:45:10.682,2026-09-30 06:45:11.258,576.0
3078,event-ingest,webhook,success,2026-09-30 06:45:10.721,2026-09-30 06:45:11.281,560.0
3079,event-ingest,webhook,success,2026-09-30 06:45:10.766,2026-09-30 06:45:11.294,528.0
3080,event-ingest,webhook,success,2026-09-30 06:45:12.916,2026-09-30 06:45:13.364,448.0
3081,event-ingest,webhook,success,2026-09-30 06:45:12.968,2026-09-30 06:45:13.496,528.0
3082,event-ingest,webhook,success,2026-09-30 06:45:13.017,2026-09-30 06:45:13.601,584.0
3083,event-ingest,webhook,success,2026-09-30 06:45:13.075,2026-09-30 06:45:13.493,418.0
3084,event-ingest,webhook,success,2026-09-30 06:45:14.922,2026-09-30 06:45:15.330,408.0
3085,event-ingest,webhook,success,2026-09-30 06:45:14.968,2026-09-30 06:45:15.543,575.0
3086,event-ingest,webhook,success,2026-09-30 06:45:15.013,2026-09-30 06:45:15.562,549.0
3087,event-ingest,webhook,success,2026-09-30 06:45:15.060,2026-09-30 06:45:15.594,534.0
3088,event-ingest,webhook,success,2026-09-30 06:45:16.909,2026-09-30 06:45:17.574,665.0
3089,event-ingest,webhook,success,2026-09-30 06:45:16.962,2026-09-30 06:45:17.936,974.0
3090,event-ingest,webhook,success,2026-09-30 06:45:17.039,2026-09-30 06:45:19.530,2491.0
3091,event-ingest,webhook,success,2026-09-30 06:45:17.271,2026-09-30 06:45:19.432,2161.0
3092,ioc-extractor,trigger,success,2026-09-30 07:00:00.053,2026-09-30 07:00:00.824,771.0
3093,report-generator,trigger,success,2026-09-30 07:00:00.065,2026-09-30 07:00:00.763,698.0
3094,event-ingest,webhook,success,2026-09-30 07:00:03.737,2026-09-30 07:00:04.224,487.0
3095,event-ingest,webhook,success,2026-09-30 07:00:03.789,2026-09-30 07:00:04.342,553.0
3096,event-ingest,webhook,success,2026-09-30 07:00:03.852,2026-09-30 07:00:04.400,548.0
3097,event-ingest,webhook,success,2026-09-30 07:00:03.950,2026-09-30 07:00:04.356,406.0
3098,event-ingest,webhook,success,2026-09-30 07:00:05.806,2026-09-30 07:00:06.218,412.0
3099,event-ingest,webhook,success,2026-09-30 07:00:05.859,2026-09-30 07:00:06.423,564.0
3100,event-ingest,webhook,success,2026-09-30 07:00:05.937,2026-09-30 07:00:06.486,549.0
3101,event-ingest,webhook,success,2026-09-30 07:00:06.017,2026-09-30 07:00:06.440,423.0
3102,event-ingest,webhook,success,2026-09-30 07:00:07.884,2026-09-30 07:00:08.283,399.0
3103,event-ingest,webhook,success,2026-09-30 07:00:07.926,2026-09-30 07:00:08.465,539.0
3104,event-ingest,webhook,success,2026-09-30 07:00:07.970,2026-09-30 07:00:08.504,534.0
3105,event-ingest,webhook,success,2026-09-30 07:00:08.027,2026-09-30 07:00:08.434,407.0
3106,event-ingest,webhook,success,2026-09-30 07:00:09.883,2026-09-30 07:00:10.315,432.0
3107,event-ingest,webhook,success,2026-09-30 07:00:09.927,2026-09-30 07:00:10.461,534.0
3108,event-ingest,webhook,success,2026-09-30 07:00:09.971,2026-09-30 07:00:10.508,537.0
3109,event-ingest,webhook,success,2026-09-30 07:00:10.028,2026-09-30 07:00:10.459,431.0
3110,event-ingest,webhook,success,2026-09-30 07:00:11.875,2026-09-30 07:00:12.339,464.0
3111,event-ingest,webhook,success,2026-09-30 07:00:11.919,2026-09-30 07:00:12.588,669.0
3112,event-ingest,webhook,success,2026-09-30 07:00:11.970,2026-09-30 07:00:12.601,631.0
3113,event-ingest,webhook,success,2026-09-30 07:00:12.019,2026-09-30 07:00:12.488,469.0
3114,event-ingest,webhook,success,2026-09-30 07:00:14.169,2026-09-30 07:00:14.617,448.0
3115,event-ingest,webhook,success,2026-09-30 07:00:14.263,2026-09-30 07:00:14.846,583.0
3116,event-ingest,webhook,success,2026-09-30 07:00:14.327,2026-09-30 07:00:14.902,575.0
3117,event-ingest,webhook,success,2026-09-30 07:00:14.391,2026-09-30 07:00:14.833,442.0
3118,event-ingest,webhook,success,2026-09-30 07:00:15.058,2026-09-30 07:00:15.515,457.0
3119,event-ingest,webhook,success,2026-09-30 07:00:15.107,2026-09-30 07:00:15.612,505.0
3120,event-ingest,webhook,success,2026-09-30 07:00:16.049,2026-09-30 07:00:16.436,387.0
3121,event-ingest,webhook,success,2026-09-30 07:00:16.991,2026-09-30 07:00:17.420,429.0
3122,event-ingest,webhook,success,2026-09-30 07:00:17.640,2026-09-30 07:00:18.047,407.0
3123,event-ingest,webhook,success,2026-09-30 07:00:18.582,2026-09-30 07:00:19.008,426.0
3124,event-ingest,webhook,success,2026-09-30 07:00:19.224,2026-09-30 07:00:19.612,388.0
3125,event-ingest,webhook,success,2026-09-30 07:00:20.163,2026-09-30 07:00:22.206,2043.0
3126,event-ingest,webhook,success,2026-09-30 07:00:20.798,2026-09-30 07:00:22.850,2052.0
3127,event-ingest,webhook,success,2026-09-30 07:00:20.851,2026-09-30 07:00:23.024,2173.0
3128,event-ingest,webhook,success,2026-09-30 07:00:21.794,2026-09-30 07:00:23.862,2068.0
3129,event-ingest,webhook,success,2026-09-30 07:00:21.835,2026-09-30 07:00:24.038,2203.0
3130,event-ingest,webhook,success,2026-09-30 07:00:21.876,2026-09-30 07:00:24.088,2212.0
3131,event-ingest,webhook,success,2026-09-30 07:00:21.934,2026-09-30 07:00:24.014,2080.0
3132,event-ingest,webhook,success,2026-09-30 07:00:23.781,2026-09-30 07:00:25.829,2048.0
3133,event-ingest,webhook,success,2026-09-30 07:00:23.865,2026-09-30 07:00:26.215,2350.0
3134,event-ingest,webhook,success,2026-09-30 07:00:23.911,2026-09-30 07:00:26.202,2291.0
3135,event-ingest,webhook,success,2026-09-30 07:00:23.962,2026-09-30 07:00:26.165,2203.0
3136,event-ingest,webhook,success,2026-09-30 07:00:25.813,2026-09-30 07:00:27.889,2076.0
3137,event-ingest,webhook,success,2026-09-30 07:00:25.986,2026-09-30 07:00:28.255,2269.0
3138,event-ingest,webhook,success,2026-09-30 07:00:26.283,2026-09-30 07:00:28.459,2176.0
3139,event-ingest,webhook,success,2026-09-30 07:00:26.331,2026-09-30 07:00:28.491,2160.0
3140,event-ingest,webhook,success,2026-09-30 07:00:27.898,2026-09-30 07:00:29.967,2069.0
3141,event-ingest,webhook,success,2026-09-30 07:00:27.952,2026-09-30 07:00:30.178,2226.0
3142,event-ingest,webhook,success,2026-09-30 07:00:27.997,2026-09-30 07:00:30.231,2234.0
3143,event-ingest,webhook,success,2026-09-30 07:00:28.083,2026-09-30 07:00:30.133,2050.0
3144,event-ingest,webhook,success,2026-09-30 07:00:29.924,2026-09-30 07:00:31.989,2065.0
3145,event-ingest,webhook,success,2026-09-30 07:00:29.995,2026-09-30 07:00:32.262,2267.0
3146,event-ingest,webhook,success,2026-09-30 07:00:30.055,2026-09-30 07:00:32.299,2244.0
3147,event-ingest,webhook,success,2026-09-30 07:00:30.097,2026-09-30 07:00:32.198,2101.0
3148,event-ingest,webhook,success,2026-09-30 07:00:32.423,2026-09-30 07:00:34.527,2104.0
3149,event-ingest,webhook,success,2026-09-30 07:00:32.557,2026-09-30 07:00:34.824,2267.0
3150,event-ingest,webhook,success,2026-09-30 07:00:32.658,2026-09-30 07:00:35.023,2365.0
3151,event-ingest,webhook,success,2026-09-30 07:00:32.758,2026-09-30 07:00:34.876,2118.0
3152,event-ingest,webhook,success,2026-09-30 07:00:32.894,2026-09-30 07:00:35.229,2335.0
3153,event-ingest,webhook,success,2026-09-30 07:00:33.030,2026-09-30 07:00:35.110,2080.0
3154,event-ingest,webhook,success,2026-09-30 07:00:33.110,2026-09-30 07:00:35.443,2333.0
3155,event-ingest,webhook,success,2026-09-30 07:00:33.232,2026-09-30 07:00:35.497,2265.0
3156,event-ingest,webhook,success,2026-09-30 07:00:33.332,2026-09-30 07:00:35.392,2060.0
3157,event-ingest,webhook,success,2026-09-30 07:00:33.422,2026-09-30 07:00:35.615,2193.0
3158,ioc-extractor,trigger,success,2026-09-30 07:15:00.034,2026-09-30 07:15:01.144,1110.0
3159,event-ingest,webhook,success,2026-09-30 07:15:03.301,2026-09-30 07:15:03.853,552.0
3160,event-ingest,webhook,success,2026-09-30 07:15:03.362,2026-09-30 07:15:04.066,704.0
3161,event-ingest,webhook,success,2026-09-30 07:15:03.515,2026-09-30 07:15:04.037,522.0
3162,event-ingest,webhook,success,2026-09-30 07:15:03.700,2026-09-30 07:15:04.311,611.0
3163,event-ingest,webhook,success,2026-09-30 07:15:05.624,2026-09-30 07:15:06.041,417.0
3164,event-ingest,webhook,success,2026-09-30 07:15:05.684,2026-09-30 07:15:06.257,573.0
3165,event-ingest,webhook,success,2026-09-30 07:15:05.727,2026-09-30 07:15:06.296,569.0
3166,event-ingest,webhook,success,2026-09-30 07:15:05.813,2026-09-30 07:15:06.223,410.0
3167,event-ingest,webhook,success,2026-09-30 07:15:07.663,2026-09-30 07:15:08.081,418.0
3168,event-ingest,webhook,success,2026-09-30 07:15:07.732,2026-09-30 07:15:08.304,572.0
3169,event-ingest,webhook,success,2026-09-30 07:15:07.829,2026-09-30 07:15:08.408,579.0
3170,event-ingest,webhook,success,2026-09-30 07:15:07.935,2026-09-30 07:15:08.370,435.0
3171,event-ingest,webhook,success,2026-09-30 07:15:09.515,2026-09-30 07:15:09.976,461.0
3172,event-ingest,webhook,success,2026-09-30 07:15:09.595,2026-09-30 07:15:10.166,571.0
3173,event-ingest,webhook,success,2026-09-30 07:15:09.649,2026-09-30 07:15:10.209,560.0
3174,event-ingest,webhook,success,2026-09-30 07:15:09.703,2026-09-30 07:15:10.116,413.0
3175,event-ingest,webhook,success,2026-09-30 07:15:11.559,2026-09-30 07:15:11.996,437.0
3176,event-ingest,webhook,success,2026-09-30 07:15:11.643,2026-09-30 07:15:12.258,615.0
3177,event-ingest,webhook,success,2026-09-30 07:15:11.702,2026-09-30 07:15:12.275,573.0
3178,event-ingest,webhook,success,2026-09-30 07:15:11.767,2026-09-30 07:15:12.209,442.0
3179,event-ingest,webhook,success,2026-09-30 07:15:13.643,2026-09-30 07:15:14.091,448.0
3180,event-ingest,webhook,success,2026-09-30 07:15:13.686,2026-09-30 07:15:14.230,544.0
3181,event-ingest,webhook,success,2026-09-30 07:15:13.731,2026-09-30 07:15:14.267,536.0
3182,event-ingest,webhook,success,2026-09-30 07:15:13.782,2026-09-30 07:15:14.209,427.0
3183,event-ingest,webhook,success,2026-09-30 07:15:15.934,2026-09-30 07:15:16.526,592.0
3184,event-ingest,webhook,success,2026-09-30 07:15:15.981,2026-09-30 07:15:16.557,576.0
3185,event-ingest,webhook,success,2026-09-30 07:15:16.039,2026-09-30 07:15:16.691,652.0
3186,event-ingest,webhook,success,2026-09-30 07:15:16.126,2026-09-30 07:15:16.639,513.0
3187,event-ingest,webhook,success,2026-09-30 07:15:17.977,2026-09-30 07:15:18.400,423.0
3188,event-ingest,webhook,success,2026-09-30 07:15:18.035,2026-09-30 07:15:18.626,591.0
3189,event-ingest,webhook,success,2026-09-30 07:15:18.096,2026-09-30 07:15:20.326,2230.0
3190,event-ingest,webhook,success,2026-09-30 07:15:18.179,2026-09-30 07:15:18.642,463.0
3191,event-ingest,webhook,success,2026-09-30 07:15:20.022,2026-09-30 07:15:22.085,2063.0
3192,event-ingest,webhook,success,2026-09-30 07:15:20.063,2026-09-30 07:15:22.277,2214.0
3193,event-ingest,webhook,success,2026-09-30 07:15:20.111,2026-09-30 07:15:22.331,2220.0
3194,event-ingest,webhook,success,2026-09-30 07:15:20.166,2026-09-30 07:15:22.273,2107.0
3195,event-ingest,webhook,success,2026-09-30 07:15:22.013,2026-09-30 07:15:24.061,2048.0
3196,event-ingest,webhook,success,2026-09-30 07:15:22.095,2026-09-30 07:15:24.332,2237.0
3197,event-ingest,webhook,success,2026-09-30 07:15:22.173,2026-09-30 07:15:24.246,2073.0
3198,event-ingest,webhook,success,2026-09-30 07:15:22.295,2026-09-30 07:15:24.418,2123.0
3199,event-ingest,webhook,success,2026-09-30 07:15:22.412,2026-09-30 07:15:24.590,2178.0
3200,event-ingest,webhook,success,2026-09-30 07:15:22.458,2026-09-30 07:15:24.646,2188.0
3201,event-ingest,webhook,success,2026-09-30 07:15:23.408,2026-09-30 07:15:25.457,2049.0
3202,event-ingest,webhook,success,2026-09-30 07:15:24.048,2026-09-30 07:15:26.119,2071.0
3203,event-ingest,webhook,success,2026-09-30 07:15:25.008,2026-09-30 07:15:27.055,2047.0
3204,event-ingest,webhook,success,2026-09-30 07:15:25.649,2026-09-30 07:15:27.704,2055.0
3205,event-ingest,webhook,success,2026-09-30 07:15:26.593,2026-09-30 07:15:28.644,2051.0
3206,event-ingest,webhook,success,2026-09-30 07:15:27.232,2026-09-30 07:15:29.290,2058.0
3207,event-ingest,webhook,success,2026-09-30 07:15:27.279,2026-09-30 07:15:29.439,2160.0
3208,event-ingest,webhook,success,2026-09-30 07:15:28.226,2026-09-30 07:15:30.273,2047.0
3209,event-ingest,webhook,success,2026-09-30 07:15:28.275,2026-09-30 07:15:30.474,2199.0
3210,event-ingest,webhook,success,2026-09-30 07:15:28.331,2026-09-30 07:15:30.528,2197.0
3211,event-ingest,webhook,success,2026-09-30 07:15:28.383,2026-09-30 07:15:30.442,2059.0
3212,event-ingest,webhook,success,2026-09-30 07:15:30.534,2026-09-30 07:15:32.650,2116.0
3213,event-ingest,webhook,success,2026-09-30 07:15:30.598,2026-09-30 07:15:32.818,2220.0
3214,event-ingest,webhook,success,2026-09-30 07:15:30.654,2026-09-30 07:15:32.865,2211.0
3215,event-ingest,webhook,success,2026-09-30 07:15:30.713,2026-09-30 07:15:32.770,2057.0
3216,event-ingest,webhook,success,2026-09-30 07:15:32.551,2026-09-30 07:15:34.655,2104.0
3217,event-ingest,webhook,success,2026-09-30 07:15:32.673,2026-09-30 07:15:34.887,2214.0
3218,event-ingest,webhook,success,2026-09-30 07:15:32.735,2026-09-30 07:15:34.942,2207.0
3219,event-ingest,webhook,success,2026-09-30 07:15:32.836,2026-09-30 07:15:34.956,2120.0
3220,event-ingest,webhook,success,2026-09-30 07:15:34.437,2026-09-30 07:15:36.493,2056.0
3221,event-ingest,webhook,success,2026-09-30 07:15:34.482,2026-09-30 07:15:36.722,2240.0
3222,event-ingest,webhook,success,2026-09-30 07:15:34.524,2026-09-30 07:15:36.756,2232.0
3223,event-ingest,webhook,success,2026-09-30 07:15:34.572,2026-09-30 07:15:36.681,2109.0
3224,event-ingest,webhook,success,2026-09-30 07:15:36.794,2026-09-30 07:15:38.975,2181.0
3225,event-ingest,webhook,success,2026-09-30 07:15:36.982,2026-09-30 07:15:39.395,2413.0
3226,event-ingest,webhook,success,2026-09-30 07:15:37.165,2026-09-30 07:15:39.248,2083.0
3227,event-ingest,webhook,success,2026-09-30 07:15:37.327,2026-09-30 07:15:39.675,2348.0
3228,event-ingest,webhook,success,2026-09-30 07:15:37.473,2026-09-30 07:15:39.600,2127.0
3229,event-ingest,webhook,success,2026-09-30 07:15:37.562,2026-09-30 07:15:39.943,2381.0
3230,event-ingest,webhook,success,2026-09-30 07:15:37.691,2026-09-30 07:15:39.780,2089.0
3231,event-ingest,webhook,success,2026-09-30 07:15:37.849,2026-09-30 07:15:40.179,2330.0
3232,event-ingest,webhook,success,2026-09-30 07:15:37.987,2026-09-30 07:15:40.076,2089.0
3233,event-ingest,webhook,success,2026-09-30 07:15:38.096,2026-09-30 07:15:40.999,2903.0
3234,event-ingest,webhook,success,2026-09-30 07:15:38.184,2026-09-30 07:15:41.276,3092.0
3235,event-ingest,webhook,success,2026-09-30 07:15:38.240,2026-09-30 07:15:40.313,2073.0
3236,event-ingest,webhook,success,2026-09-30 07:15:38.306,2026-09-30 07:15:41.409,3103.0
3237,ioc-extractor,trigger,success,2026-09-30 07:30:00.035,2026-09-30 07:30:01.635,1600.0
3238,event-ingest,webhook,success,2026-09-30 07:30:03.695,2026-09-30 07:30:04.175,480.0
3239,event-ingest,webhook,success,2026-09-30 07:30:03.753,2026-09-30 07:30:04.325,572.0
3240,event-ingest,webhook,success,2026-09-30 07:30:03.816,2026-09-30 07:30:04.376,560.0
3241,event-ingest,webhook,success,2026-09-30 07:30:03.895,2026-09-30 07:30:04.305,410.0
3242,event-ingest,webhook,success,2026-09-30 07:30:05.746,2026-09-30 07:30:06.151,405.0
3243,event-ingest,webhook,success,2026-09-30 07:30:05.800,2026-09-30 07:30:06.345,545.0
3244,event-ingest,webhook,success,2026-09-30 07:30:05.862,2026-09-30 07:30:06.400,538.0
3245,event-ingest,webhook,success,2026-09-30 07:30:05.908,2026-09-30 07:30:06.342,434.0
3246,event-ingest,webhook,success,2026-09-30 07:30:07.752,2026-09-30 07:30:08.150,398.0
3247,event-ingest,webhook,success,2026-09-30 07:30:07.796,2026-09-30 07:30:08.346,550.0
3248,event-ingest,webhook,success,2026-09-30 07:30:07.846,2026-09-30 07:30:08.392,546.0
3249,event-ingest,webhook,success,2026-09-30 07:30:07.900,2026-09-30 07:30:08.331,431.0
3250,event-ingest,webhook,success,2026-09-30 07:30:09.751,2026-09-30 07:30:10.188,437.0
3251,event-ingest,webhook,success,2026-09-30 07:30:09.798,2026-09-30 07:30:10.379,581.0
3252,event-ingest,webhook,success,2026-09-30 07:30:09.840,2026-09-30 07:30:10.552,712.0
3253,event-ingest,webhook,success,2026-09-30 07:30:09.923,2026-09-30 07:30:10.351,428.0
3254,event-ingest,webhook,success,2026-09-30 07:30:11.773,2026-09-30 07:30:12.180,407.0
3255,event-ingest,webhook,success,2026-09-30 07:30:11.825,2026-09-30 07:30:12.445,620.0
3256,event-ingest,webhook,success,2026-09-30 07:30:11.875,2026-09-30 07:30:12.471,596.0
3257,event-ingest,webhook,success,2026-09-30 07:30:11.933,2026-09-30 07:30:12.550,617.0
3258,event-ingest,webhook,success,2026-09-30 07:30:12.323,2026-09-30 07:30:12.876,553.0
3259,event-ingest,webhook,success,2026-09-30 07:30:12.449,2026-09-30 07:30:13.069,620.0
3260,event-ingest,webhook,success,2026-09-30 07:30:13.193,2026-09-30 07:30:13.585,392.0
3261,event-ingest,webhook,success,2026-09-30 07:30:14.133,2026-09-30 07:30:14.529,396.0
3262,event-ingest,webhook,success,2026-09-30 07:30:14.769,2026-09-30 07:30:15.238,469.0
3263,event-ingest,webhook,success,2026-09-30 07:30:15.712,2026-09-30 07:30:16.100,388.0
3264,event-ingest,webhook,success,2026-09-30 07:30:16.351,2026-09-30 07:30:16.739,388.0
3265,event-ingest,webhook,success,2026-09-30 07:30:17.291,2026-09-30 07:30:17.679,388.0
3266,event-ingest,webhook,success,2026-09-30 07:30:17.929,2026-09-30 07:30:18.342,413.0
3267,event-ingest,webhook,success,2026-09-30 07:30:17.976,2026-09-30 07:30:18.477,501.0
3268,event-ingest,webhook,success,2026-09-30 07:30:18.915,2026-09-30 07:30:19.323,408.0
3269,event-ingest,webhook,success,2026-09-30 07:30:18.966,2026-09-30 07:30:21.188,2222.0
3270,event-ingest,webhook,success,2026-09-30 07:30:19.008,2026-09-30 07:30:21.253,2245.0
3271,event-ingest,webhook,success,2026-09-30 07:30:19.068,2026-09-30 07:30:19.463,395.0
3272,event-ingest,webhook,success,2026-09-30 07:30:20.914,2026-09-30 07:30:22.970,2056.0
3273,event-ingest,webhook,success,2026-09-30 07:30:20.991,2026-09-30 07:30:23.320,2329.0
3274,event-ingest,webhook,success,2026-09-30 07:30:21.052,2026-09-30 07:30:23.387,2335.0
3275,event-ingest,webhook,success,2026-09-30 07:30:21.118,2026-09-30 07:30:23.297,2179.0
3276,event-ingest,webhook,success,2026-09-30 07:30:21.410,2026-09-30 07:30:23.741,2331.0
3277,ioc-extractor,trigger,success,2026-09-30 07:45:00.036,2026-09-30 07:45:00.697,661.0
3278,event-ingest,webhook,success,2026-09-30 07:45:03.698,2026-09-30 07:45:04.197,499.0
3279,event-ingest,webhook,success,2026-09-30 07:45:03.757,2026-09-30 07:45:04.326,569.0
3280,event-ingest,webhook,success,2026-09-30 07:45:03.835,2026-09-30 07:45:04.380,545.0
3281,event-ingest,webhook,success,2026-09-30 07:45:03.895,2026-09-30 07:45:04.310,415.0
3282,event-ingest,webhook,success,2026-09-30 07:45:05.450,2026-09-30 07:45:05.859,409.0
3283,event-ingest,webhook,success,2026-09-30 07:45:05.505,2026-09-30 07:45:06.061,556.0
3284,event-ingest,webhook,success,2026-09-30 07:45:05.550,2026-09-30 07:45:06.106,556.0
3285,event-ingest,webhook,success,2026-09-30 07:45:05.609,2026-09-30 07:45:06.031,422.0
3286,event-ingest,webhook,success,2026-09-30 07:45:07.755,2026-09-30 07:45:08.161,406.0
3287,event-ingest,webhook,success,2026-09-30 07:45:07.810,2026-09-30 07:45:08.357,547.0
3288,event-ingest,webhook,success,2026-09-30 07:45:07.857,2026-09-30 07:45:08.393,536.0
3289,event-ingest,webhook,success,2026-09-30 07:45:07.909,2026-09-30 07:45:08.379,470.0
3290,event-ingest,webhook,success,2026-09-30 07:45:09.767,2026-09-30 07:45:10.203,436.0
3291,event-ingest,webhook,success,2026-09-30 07:45:09.850,2026-09-30 07:45:10.374,524.0
3292,event-ingest,webhook,success,2026-09-30 07:45:09.902,2026-09-30 07:45:10.429,527.0
3293,event-ingest,webhook,success,2026-09-30 07:45:09.950,2026-09-30 07:45:10.376,426.0
3294,event-ingest,webhook,success,2026-09-30 07:45:11.805,2026-09-30 07:45:12.217,412.0
3295,event-ingest,webhook,success,2026-09-30 07:45:11.852,2026-09-30 07:45:12.390,538.0
3296,event-ingest,webhook,success,2026-09-30 07:45:11.892,2026-09-30 07:45:12.423,531.0
3297,event-ingest,webhook,success,2026-09-30 07:45:11.944,2026-09-30 07:45:12.350,406.0
3298,event-ingest,webhook,success,2026-09-30 07:45:13.798,2026-09-30 07:45:14.204,406.0
3299,event-ingest,webhook,success,2026-09-30 07:45:13.842,2026-09-30 07:45:14.369,527.0
3300,event-ingest,webhook,success,2026-09-30 07:45:13.884,2026-09-30 07:45:14.428,544.0
3301,event-ingest,webhook,success,2026-09-30 07:45:13.941,2026-09-30 07:45:14.349,408.0
3302,event-ingest,webhook,success,2026-09-30 07:45:15.797,2026-09-30 07:45:16.270,473.0
3303,event-ingest,webhook,success,2026-09-30 07:45:15.854,2026-09-30 07:45:16.392,538.0
3304,event-ingest,webhook,success,2026-09-30 07:45:15.908,2026-09-30 07:45:16.473,565.0
3305,event-ingest,webhook,success,2026-09-30 07:45:15.964,2026-09-30 07:45:16.370,406.0
3306,event-ingest,webhook,success,2026-09-30 07:45:17.810,2026-09-30 07:45:18.260,450.0
3307,event-ingest,webhook,success,2026-09-30 07:45:17.854,2026-09-30 07:45:18.371,517.0
3308,event-ingest,webhook,success,2026-09-30 07:45:17.896,2026-09-30 07:45:20.086,2190.0
3309,event-ingest,webhook,success,2026-09-30 07:45:17.978,2026-09-30 07:45:20.043,2065.0
3310,event-ingest,webhook,success,2026-09-30 07:45:20.131,2026-09-30 07:45:22.201,2070.0
3311,event-ingest,webhook,success,2026-09-30 07:45:20.179,2026-09-30 07:45:22.522,2343.0
3312,event-ingest,webhook,success,2026-09-30 07:45:20.223,2026-09-30 07:45:22.487,2264.0
3313,event-ingest,webhook,success,2026-09-30 07:45:20.279,2026-09-30 07:45:22.418,2139.0
3314,event-ingest,webhook,success,2026-09-30 07:45:22.142,2026-09-30 07:45:24.192,2050.0
3315,event-ingest,webhook,success,2026-09-30 07:45:22.233,2026-09-30 07:45:24.642,2409.0
3316,event-ingest,webhook,success,2026-09-30 07:45:22.546,2026-09-30 07:45:24.607,2061.0
3317,event-ingest,webhook,success,2026-09-30 07:45:22.615,2026-09-30 07:45:24.774,2159.0
3318,event-ingest,webhook,success,2026-09-30 07:45:24.174,2026-09-30 07:45:26.269,2095.0
3319,event-ingest,webhook,success,2026-09-30 07:45:24.264,2026-09-30 07:45:26.468,2204.0
3320,event-ingest,webhook,success,2026-09-30 07:45:24.306,2026-09-30 07:45:26.530,2224.0
3321,event-ingest,webhook,success,2026-09-30 07:45:24.367,2026-09-30 07:45:26.433,2066.0
3322,event-ingest,webhook,success,2026-09-30 07:45:26.227,2026-09-30 07:45:28.309,2082.0
3323,event-ingest,webhook,success,2026-09-30 07:45:26.326,2026-09-30 07:45:28.516,2190.0
3324,event-ingest,webhook,success,2026-09-30 07:45:26.386,2026-09-30 07:45:28.619,2233.0
3325,event-ingest,webhook,success,2026-09-30 07:45:26.485,2026-09-30 07:45:28.603,2118.0
3326,event-ingest,webhook,success,2026-09-30 07:45:26.599,2026-09-30 07:45:28.777,2178.0
3327,event-ingest,webhook,success,2026-09-30 07:45:26.646,2026-09-30 07:45:28.840,2194.0
3328,event-ingest,webhook,success,2026-09-30 07:45:27.594,2026-09-30 07:45:29.643,2049.0
3329,event-ingest,webhook,success,2026-09-30 07:45:28.235,2026-09-30 07:45:30.284,2049.0
3330,event-ingest,webhook,success,2026-09-30 07:45:29.176,2026-09-30 07:45:31.243,2067.0
3331,event-ingest,webhook,success,2026-09-30 07:45:29.834,2026-09-30 07:45:31.889,2055.0
3332,event-ingest,webhook,success,2026-09-30 07:45:30.775,2026-09-30 07:45:32.823,2048.0
3333,event-ingest,webhook,success,2026-09-30 07:45:31.419,2026-09-30 07:45:33.491,2072.0
3334,event-ingest,webhook,success,2026-09-30 07:45:32.365,2026-09-30 07:45:34.466,2101.0
3335,event-ingest,webhook,success,2026-09-30 07:45:32.426,2026-09-30 07:45:34.588,2162.0
3336,event-ingest,webhook,success,2026-09-30 07:45:33.366,2026-09-30 07:45:35.416,2050.0
3337,event-ingest,webhook,success,2026-09-30 07:45:33.443,2026-09-30 07:45:35.834,2391.0
3338,event-ingest,webhook,success,2026-09-30 07:45:33.671,2026-09-30 07:45:35.760,2089.0
3339,event-ingest,webhook,success,2026-09-30 07:45:33.770,2026-09-30 07:45:36.085,2315.0
3340,event-ingest,webhook,success,2026-09-30 07:45:33.894,2026-09-30 07:45:36.211,2317.0
3341,event-ingest,webhook,success,2026-09-30 07:45:34.021,2026-09-30 07:45:36.145,2124.0
3342,event-ingest,webhook,success,2026-09-30 07:45:34.155,2026-09-30 07:45:36.446,2291.0
3343,event-ingest,webhook,success,2026-09-30 07:45:34.244,2026-09-30 07:45:36.317,2073.0
3344,event-ingest,webhook,success,2026-09-30 07:45:34.331,2026-09-30 07:45:36.628,2297.0
3345,event-ingest,webhook,success,2026-09-30 07:45:34.467,2026-09-30 07:45:36.548,2081.0
3346,event-ingest,webhook,success,2026-09-30 07:45:34.548,2026-09-30 07:45:37.443,2895.0
3347,ioc-extractor,trigger,success,2026-09-30 08:00:00.056,2026-09-30 08:00:01.494,1438.0
3348,event-ingest,webhook,success,2026-09-30 08:00:03.575,2026-09-30 08:00:04.049,474.0
3349,event-ingest,webhook,success,2026-09-30 08:00:03.628,2026-09-30 08:00:04.229,601.0
3350,event-ingest,webhook,success,2026-09-30 08:00:03.683,2026-09-30 08:00:04.298,615.0
3351,event-ingest,webhook,success,2026-09-30 08:00:03.792,2026-09-30 08:00:04.214,422.0
3352,event-ingest,webhook,success,2026-09-30 08:00:05.657,2026-09-30 08:00:06.123,466.0
3353,event-ingest,webhook,success,2026-09-30 08:00:05.710,2026-09-30 08:00:06.313,603.0
3354,event-ingest,webhook,success,2026-09-30 08:00:05.801,2026-09-30 08:00:06.433,632.0
3355,event-ingest,webhook,success,2026-09-30 08:00:05.855,2026-09-30 08:00:06.282,427.0
3356,event-ingest,webhook,success,2026-09-30 08:00:07.705,2026-09-30 08:00:08.139,434.0
3357,event-ingest,webhook,success,2026-09-30 08:00:07.762,2026-09-30 08:00:08.361,599.0
3358,event-ingest,webhook,success,2026-09-30 08:00:07.826,2026-09-30 08:00:08.428,602.0
3359,event-ingest,webhook,success,2026-09-30 08:00:07.905,2026-09-30 08:00:08.343,438.0
3360,event-ingest,webhook,success,2026-09-30 08:00:08.564,2026-09-30 08:00:08.967,403.0
3361,event-ingest,webhook,success,2026-09-30 08:00:08.605,2026-09-30 08:00:09.134,529.0
3362,event-ingest,webhook,success,2026-09-30 08:00:09.848,2026-09-30 08:00:10.245,397.0
3363,event-ingest,webhook,success,2026-09-30 08:00:10.489,2026-09-30 08:00:10.897,408.0
3364,event-ingest,webhook,success,2026-09-30 08:00:11.440,2026-09-30 08:00:12.043,603.0
3365,event-ingest,webhook,success,2026-09-30 08:00:12.115,2026-09-30 08:00:12.624,509.0
3366,event-ingest,webhook,success,2026-09-30 08:00:12.780,2026-09-30 08:00:13.316,536.0
3367,event-ingest,webhook,success,2026-09-30 08:00:12.839,2026-09-30 08:00:13.710,871.0
3368,event-ingest,webhook,success,2026-09-30 08:00:13.794,2026-09-30 08:00:14.357,563.0
3369,event-ingest,webhook,success,2026-09-30 08:00:13.924,2026-09-30 08:00:14.694,770.0
3370,event-ingest,webhook,success,2026-09-30 08:00:14.038,2026-09-30 08:00:14.508,470.0
3371,event-ingest,webhook,success,2026-09-30 08:00:14.155,2026-09-30 08:00:14.859,704.0
3372,event-ingest,webhook,success,2026-09-30 08:00:14.354,2026-09-30 08:00:14.830,476.0
3373,event-ingest,webhook,success,2026-09-30 08:00:14.463,2026-09-30 08:00:15.059,596.0
3374,event-ingest,webhook,success,2026-09-30 08:00:15.445,2026-09-30 08:00:15.922,477.0
3375,event-ingest,webhook,success,2026-09-30 08:00:16.086,2026-09-30 08:00:16.500,414.0
3376,event-ingest,webhook,success,2026-09-30 08:00:17.023,2026-09-30 08:00:17.436,413.0
3377,event-ingest,webhook,success,2026-09-30 08:00:17.704,2026-09-30 08:00:18.114,410.0
3378,event-ingest,webhook,success,2026-09-30 08:00:17.752,2026-09-30 08:00:18.270,518.0
3379,event-ingest,webhook,success,2026-09-30 08:00:18.705,2026-09-30 08:00:19.116,411.0
3380,event-ingest,webhook,success,2026-09-30 08:00:18.756,2026-09-30 08:00:20.976,2220.0
3381,event-ingest,webhook,success,2026-09-30 08:00:18.823,2026-09-30 08:00:21.127,2304.0
3382,event-ingest,webhook,success,2026-09-30 08:00:18.907,2026-09-30 08:00:21.094,2187.0
3383,event-ingest,webhook,success,2026-09-30 08:00:20.786,2026-09-30 08:00:22.849,2063.0
3384,event-ingest,webhook,success,2026-09-30 08:00:20.853,2026-09-30 08:00:23.084,2231.0
3385,event-ingest,webhook,success,2026-09-30 08:00:20.915,2026-09-30 08:00:23.242,2327.0
3386,event-ingest,webhook,success,2026-09-30 08:00:20.997,2026-09-30 08:00:23.213,2216.0
3387,event-ingest,webhook,success,2026-09-30 08:00:22.996,2026-09-30 08:00:25.075,2079.0
3388,event-ingest,webhook,success,2026-09-30 08:00:23.088,2026-09-30 08:00:25.350,2262.0
3389,event-ingest,webhook,success,2026-09-30 08:00:23.197,2026-09-30 08:00:25.313,2116.0
3390,event-ingest,webhook,success,2026-09-30 08:00:23.333,2026-09-30 08:00:25.511,2178.0
3391,event-ingest,webhook,success,2026-09-30 08:00:24.886,2026-09-30 08:00:26.944,2058.0
3392,event-ingest,webhook,success,2026-09-30 08:00:24.937,2026-09-30 08:00:27.233,2296.0
3393,event-ingest,webhook,success,2026-09-30 08:00:25.035,2026-09-30 08:00:27.164,2129.0
3394,event-ingest,webhook,success,2026-09-30 08:00:25.216,2026-09-30 08:00:27.429,2213.0
3395,event-ingest,webhook,success,2026-09-30 08:00:27.085,2026-09-30 08:00:29.137,2052.0
3396,event-ingest,webhook,success,2026-09-30 08:00:27.129,2026-09-30 08:00:29.370,2241.0
3397,event-ingest,webhook,success,2026-09-30 08:00:27.211,2026-09-30 08:00:29.318,2107.0
3398,event-ingest,webhook,success,2026-09-30 08:00:27.293,2026-09-30 08:00:29.475,2182.0
3399,event-ingest,webhook,success,2026-09-30 08:00:29.147,2026-09-30 08:00:31.213,2066.0
3400,event-ingest,webhook,success,2026-09-30 08:00:29.213,2026-09-30 08:00:31.458,2245.0
3401,event-ingest,webhook,success,2026-09-30 08:00:29.267,2026-09-30 08:00:31.611,2344.0
3402,event-ingest,webhook,success,2026-09-30 08:00:29.385,2026-09-30 08:00:31.510,2125.0
3403,event-ingest,webhook,success,2026-09-30 08:00:31.258,2026-09-30 08:00:33.364,2106.0
3404,event-ingest,webhook,success,2026-09-30 08:00:31.306,2026-09-30 08:00:33.740,2434.0
3405,event-ingest,webhook,success,2026-09-30 08:00:31.361,2026-09-30 08:00:33.911,2550.0
3406,event-ingest,webhook,success,2026-09-30 08:00:31.464,2026-09-30 08:00:33.846,2382.0
3407,event-ingest,webhook,success,2026-09-30 08:00:33.333,2026-09-30 08:00:35.601,2268.0
3408,event-ingest,webhook,success,2026-09-30 08:00:34.027,2026-09-30 08:00:36.179,2152.0
3409,event-ingest,webhook,success,2026-09-30 08:00:34.191,2026-09-30 08:00:36.574,2383.0
3410,event-ingest,webhook,success,2026-09-30 08:00:34.351,2026-09-30 08:00:36.518,2167.0
3411,event-ingest,webhook,success,2026-09-30 08:00:34.718,2026-09-30 08:00:36.844,2126.0
3412,event-ingest,webhook,success,2026-09-30 08:00:34.911,2026-09-30 08:00:37.441,2530.0
3413,event-ingest,webhook,success,2026-09-30 08:00:35.086,2026-09-30 08:00:37.216,2130.0
3414,event-ingest,webhook,success,2026-09-30 08:00:35.223,2026-09-30 08:00:37.924,2701.0
3415,event-ingest,webhook,success,2026-09-30 08:00:35.537,2026-09-30 08:00:37.845,2308.0
