id,workflow,modo,inicio,estado
1381,ioc-extractor,trigger,2026-09-30 00:00:00.065,success
1382,event-ingest,webhook,2026-09-30 00:00:03.994,success
1383,event-ingest,webhook,2026-09-30 00:00:04.067,success
1384,event-ingest,webhook,2026-09-30 00:00:04.144,success
1385,event-ingest,webhook,2026-09-30 00:00:04.198,success
1386,event-ingest,webhook,2026-09-30 00:00:06.051,success
1387,event-ingest,webhook,2026-09-30 00:00:06.099,success
1388,event-ingest,webhook,2026-09-30 00:00:06.195,success
1389,event-ingest,webhook,2026-09-30 00:00:06.304,success
1390,event-ingest,webhook,2026-09-30 00:00:06.415,success
1391,event-ingest,webhook,2026-09-30 00:00:06.497,success
1392,event-ingest,webhook,2026-09-30 00:00:07.151,success
1393,event-ingest,webhook,2026-09-30 00:00:08.101,success
1394,event-ingest,webhook,2026-09-30 00:00:08.753,success
1395,event-ingest,webhook,2026-09-30 00:00:09.695,success
1396,event-ingest,webhook,2026-09-30 00:00:09.737,success
1397,event-ingest,webhook,2026-09-30 00:00:10.699,success
1398,event-ingest,webhook,2026-09-30 00:00:10.746,success
1399,event-ingest,webhook,2026-09-30 00:00:10.785,success
1400,event-ingest,webhook,2026-09-30 00:00:10.840,success
1401,event-ingest,webhook,2026-09-30 00:00:12.680,success
1402,event-ingest,webhook,2026-09-30 00:00:12.777,success
1403,event-ingest,webhook,2026-09-30 00:00:12.928,success
1404,event-ingest,webhook,2026-09-30 00:00:13.104,success
1405,event-ingest,webhook,2026-09-30 00:00:14.614,success
1406,event-ingest,webhook,2026-09-30 00:00:14.663,success
1407,event-ingest,webhook,2026-09-30 00:00:14.707,success
1408,event-ingest,webhook,2026-09-30 00:00:14.759,success
1409,event-ingest,webhook,2026-09-30 00:00:16.910,success
1410,event-ingest,webhook,2026-09-30 00:00:16.979,success
1411,event-ingest,webhook,2026-09-30 00:00:17.069,success
1412,event-ingest,webhook,2026-09-30 00:00:17.124,success
1413,event-ingest,webhook,2026-09-30 00:00:18.985,success
1414,event-ingest,webhook,2026-09-30 00:00:19.046,success
1415,event-ingest,webhook,2026-09-30 00:00:19.094,success
1416,event-ingest,webhook,2026-09-30 00:00:19.140,success
1417,event-ingest,webhook,2026-09-30 00:00:21.003,success
1418,event-ingest,webhook,2026-09-30 00:00:21.092,success
1419,event-ingest,webhook,2026-09-30 00:00:21.238,success
1420,event-ingest,webhook,2026-09-30 00:00:21.361,success
1421,event-ingest,webhook,2026-09-30 00:00:22.901,success
1422,event-ingest,webhook,2026-09-30 00:00:22.966,success
1423,event-ingest,webhook,2026-09-30 00:00:23.056,success
1424,event-ingest,webhook,2026-09-30 00:00:23.156,success
1425,event-ingest,webhook,2026-09-30 00:00:25.004,success
1426,event-ingest,webhook,2026-09-30 00:00:25.047,success
1427,event-ingest,webhook,2026-09-30 00:00:25.109,success
1428,event-ingest,webhook,2026-09-30 00:00:25.175,success
1429,event-ingest,webhook,2026-09-30 00:00:27.068,success
1430,event-ingest,webhook,2026-09-30 00:00:27.148,success
1431,event-ingest,webhook,2026-09-30 00:00:27.204,success
1432,event-ingest,webhook,2026-09-30 00:00:27.599,success
1433,event-ingest,webhook,2026-09-30 00:00:27.769,success
1434,event-ingest,webhook,2026-09-30 00:00:27.897,success
1435,event-ingest,webhook,2026-09-30 00:00:27.994,success
1436,event-ingest,webhook,2026-09-30 00:00:28.179,success
1437,event-ingest,webhook,2026-09-30 00:00:28.248,success
1438,ioc-extractor,trigger,2026-09-30 00:15:00.057,success
1439,event-ingest,webhook,2026-09-30 00:15:02.601,success
1440,event-ingest,webhook,2026-09-30 00:15:02.646,success
1441,event-ingest,webhook,2026-09-30 00:15:02.687,success
1442,event-ingest,webhook,2026-09-30 00:15:02.741,success
1443,event-ingest,webhook,2026-09-30 00:15:04.605,success
1444,event-ingest,webhook,2026-09-30 00:15:04.645,success
1445,event-ingest,webhook,2026-09-30 00:15:04.681,success
1446,event-ingest,webhook,2026-09-30 00:15:04.721,success
1447,event-ingest,webhook,2026-09-30 00:15:06.572,success
1448,event-ingest,webhook,2026-09-30 00:15:06.611,success
1449,event-ingest,webhook,2026-09-30 00:15:06.658,success
1450,event-ingest,webhook,2026-09-30 00:15:06.707,success
1451,event-ingest,webhook,2026-09-30 00:15:06.761,success
1452,event-ingest,webhook,2026-09-30 00:15:06.836,success
1453,event-ingest,webhook,2026-09-30 00:15:07.792,success
1454,event-ingest,webhook,2026-09-30 00:15:08.743,success
1455,event-ingest,webhook,2026-09-30 00:15:09.398,success
1456,event-ingest,webhook,2026-09-30 00:15:10.346,success
1457,event-ingest,webhook,2026-09-30 00:15:10.996,success
1458,event-ingest,webhook,2026-09-30 00:15:11.051,success
1459,event-ingest,webhook,2026-09-30 00:15:11.994,success
1460,event-ingest,webhook,2026-09-30 00:15:12.034,success
1461,event-ingest,webhook,2026-09-30 00:15:12.071,success
1462,event-ingest,webhook,2026-09-30 00:15:12.121,success
1463,event-ingest,webhook,2026-09-30 00:15:14.275,success
1464,event-ingest,webhook,2026-09-30 00:15:14.325,success
1465,event-ingest,webhook,2026-09-30 00:15:14.363,success
1466,event-ingest,webhook,2026-09-30 00:15:14.412,success
1467,event-ingest,webhook,2026-09-30 00:15:16.287,success
1468,event-ingest,webhook,2026-09-30 00:15:16.335,success
1469,event-ingest,webhook,2026-09-30 00:15:16.375,success
1470,event-ingest,webhook,2026-09-30 00:15:16.418,success
1471,event-ingest,webhook,2026-09-30 00:15:18.274,success
1472,event-ingest,webhook,2026-09-30 00:15:18.326,success
1473,event-ingest,webhook,2026-09-30 00:15:18.361,success
1474,event-ingest,webhook,2026-09-30 00:15:18.405,success
1475,event-ingest,webhook,2026-09-30 00:15:20.262,success
1476,event-ingest,webhook,2026-09-30 00:15:20.311,success
1477,event-ingest,webhook,2026-09-30 00:15:20.374,success
1478,event-ingest,webhook,2026-09-30 00:15:20.413,success
1479,event-ingest,webhook,2026-09-30 00:15:22.271,success
1480,event-ingest,webhook,2026-09-30 00:15:22.336,success
1481,event-ingest,webhook,2026-09-30 00:15:22.387,success
1482,event-ingest,webhook,2026-09-30 00:15:22.439,success
1483,event-ingest,webhook,2026-09-30 00:15:24.610,success
1484,event-ingest,webhook,2026-09-30 00:15:24.656,success
1485,event-ingest,webhook,2026-09-30 00:15:24.693,success
1486,event-ingest,webhook,2026-09-30 00:15:24.735,success
1487,event-ingest,webhook,2026-09-30 00:15:26.580,success
1488,event-ingest,webhook,2026-09-30 00:15:26.807,success
1489,event-ingest,webhook,2026-09-30 00:15:26.973,success
1490,event-ingest,webhook,2026-09-30 00:15:27.041,success
1491,event-ingest,webhook,2026-09-30 00:15:27.128,success
1492,event-ingest,webhook,2026-09-30 00:15:27.211,success
1493,event-ingest,webhook,2026-09-30 00:15:27.321,success
1494,event-ingest,webhook,2026-09-30 00:15:27.404,success
1495,event-ingest,webhook,2026-09-30 00:15:27.453,success
1496,ioc-extractor,trigger,2026-09-30 00:30:00.042,success
1497,event-ingest,webhook,2026-09-30 00:30:02.404,success
1498,event-ingest,webhook,2026-09-30 00:30:02.462,success
1499,event-ingest,webhook,2026-09-30 00:30:02.550,success
1500,event-ingest,webhook,2026-09-30 00:30:02.599,success
1501,event-ingest,webhook,2026-09-30 00:30:04.445,success
1502,event-ingest,webhook,2026-09-30 00:30:04.525,success
1503,event-ingest,webhook,2026-09-30 00:30:04.572,success
1504,event-ingest,webhook,2026-09-30 00:30:04.623,success
1505,event-ingest,webhook,2026-09-30 00:30:06.470,success
1506,event-ingest,webhook,2026-09-30 00:30:06.510,success
1507,event-ingest,webhook,2026-09-30 00:30:06.551,success
1508,event-ingest,webhook,2026-09-30 00:30:06.593,success
1509,event-ingest,webhook,2026-09-30 00:30:08.443,success
1510,event-ingest,webhook,2026-09-30 00:30:08.492,success
1511,event-ingest,webhook,2026-09-30 00:30:08.534,success
1512,event-ingest,webhook,2026-09-30 00:30:08.573,success
1513,event-ingest,webhook,2026-09-30 00:30:10.725,success
1514,event-ingest,webhook,2026-09-30 00:30:10.777,success
1515,event-ingest,webhook,2026-09-30 00:30:10.813,success
1516,event-ingest,webhook,2026-09-30 00:30:10.866,success
1517,event-ingest,webhook,2026-09-30 00:30:12.713,success
1518,event-ingest,webhook,2026-09-30 00:30:12.754,success
1519,event-ingest,webhook,2026-09-30 00:30:12.792,success
1520,event-ingest,webhook,2026-09-30 00:30:12.840,success
1521,event-ingest,webhook,2026-09-30 00:30:14.679,success
1522,event-ingest,webhook,2026-09-30 00:30:14.758,success
1523,event-ingest,webhook,2026-09-30 00:30:14.801,success
1524,event-ingest,webhook,2026-09-30 00:30:14.839,success
1525,event-ingest,webhook,2026-09-30 00:30:16.691,success
1526,event-ingest,webhook,2026-09-30 00:30:16.732,success
1527,event-ingest,webhook,2026-09-30 00:30:16.784,success
1528,event-ingest,webhook,2026-09-30 00:30:16.825,success
1529,event-ingest,webhook,2026-09-30 00:30:18.673,success
1530,event-ingest,webhook,2026-09-30 00:30:18.751,success
1531,event-ingest,webhook,2026-09-30 00:30:18.800,success
1532,event-ingest,webhook,2026-09-30 00:30:18.833,success
1533,event-ingest,webhook,2026-09-30 00:30:20.988,success
1534,event-ingest,webhook,2026-09-30 00:30:21.037,success
1535,event-ingest,webhook,2026-09-30 00:30:21.088,success
1536,event-ingest,webhook,2026-09-30 00:30:21.203,success
1537,event-ingest,webhook,2026-09-30 00:30:21.360,success
1538,event-ingest,webhook,2026-09-30 00:30:21.410,success
1539,event-ingest,webhook,2026-09-30 00:30:22.349,success
1540,event-ingest,webhook,2026-09-30 00:30:23.292,success
1541,event-ingest,webhook,2026-09-30 00:30:23.984,success
1542,event-ingest,webhook,2026-09-30 00:30:24.936,success
1543,event-ingest,webhook,2026-09-30 00:30:25.593,success
1544,event-ingest,webhook,2026-09-30 00:30:25.642,success
1545,event-ingest,webhook,2026-09-30 00:30:26.575,success
1546,event-ingest,webhook,2026-09-30 00:30:26.612,success
1547,event-ingest,webhook,2026-09-30 00:30:26.685,success
1548,event-ingest,webhook,2026-09-30 00:30:26.755,success
1549,event-ingest,webhook,2026-09-30 00:30:26.940,success
1550,event-ingest,webhook,2026-09-30 00:30:27.096,success
1551,event-ingest,webhook,2026-09-30 00:30:27.175,success
1552,event-ingest,webhook,2026-09-30 00:30:27.257,success
1553,event-ingest,webhook,2026-09-30 00:30:27.312,success
1554,ioc-extractor,trigger,2026-09-30 00:45:00.048,success
1555,event-ingest,webhook,2026-09-30 00:45:02.264,success
1556,event-ingest,webhook,2026-09-30 00:45:02.378,success
1557,event-ingest,webhook,2026-09-30 00:45:02.500,success
1558,event-ingest,webhook,2026-09-30 00:45:02.544,success
1559,event-ingest,webhook,2026-09-30 00:45:04.392,success
1560,event-ingest,webhook,2026-09-30 00:45:04.432,success
1561,event-ingest,webhook,2026-09-30 00:45:04.473,success
1562,event-ingest,webhook,2026-09-30 00:45:04.520,success
1563,event-ingest,webhook,2026-09-30 00:45:06.375,success
1564,event-ingest,webhook,2026-09-30 00:45:06.462,success
1565,event-ingest,webhook,2026-09-30 00:45:06.508,success
1566,event-ingest,webhook,2026-09-30 00:45:06.551,success
1567,event-ingest,webhook,2026-09-30 00:45:08.400,success
1568,event-ingest,webhook,2026-09-30 00:45:08.441,success
1569,event-ingest,webhook,2026-09-30 00:45:08.476,success
1570,event-ingest,webhook,2026-09-30 00:45:08.529,success
1571,event-ingest,webhook,2026-09-30 00:45:10.371,success
1572,event-ingest,webhook,2026-09-30 00:45:10.422,success
1573,event-ingest,webhook,2026-09-30 00:45:10.485,success
1574,event-ingest,webhook,2026-09-30 00:45:10.550,success
1575,event-ingest,webhook,2026-09-30 00:45:12.702,success
1576,event-ingest,webhook,2026-09-30 00:45:12.745,success
1577,event-ingest,webhook,2026-09-30 00:45:12.784,success
1578,event-ingest,webhook,2026-09-30 00:45:12.835,success
1579,event-ingest,webhook,2026-09-30 00:45:14.690,success
1580,event-ingest,webhook,2026-09-30 00:45:14.774,success
1581,event-ingest,webhook,2026-09-30 00:45:14.877,success
1582,event-ingest,webhook,2026-09-30 00:45:15.016,success
1583,event-ingest,webhook,2026-09-30 00:45:16.620,success
1584,event-ingest,webhook,2026-09-30 00:45:16.693,success
1585,event-ingest,webhook,2026-09-30 00:45:16.776,success
1586,event-ingest,webhook,2026-09-30 00:45:16.872,success
1587,event-ingest,webhook,2026-09-30 00:45:16.915,success
1588,event-ingest,webhook,2026-09-30 00:45:16.967,success
1589,event-ingest,webhook,2026-09-30 00:45:17.933,success
1590,event-ingest,webhook,2026-09-30 00:45:18.885,success
1591,event-ingest,webhook,2026-09-30 00:45:19.525,success
1592,event-ingest,webhook,2026-09-30 00:45:20.476,success
1593,event-ingest,webhook,2026-09-30 00:45:21.116,success
1594,event-ingest,webhook,2026-09-30 00:45:22.052,success
1595,event-ingest,webhook,2026-09-30 00:45:22.689,success
1596,event-ingest,webhook,2026-09-30 00:45:22.735,success
1597,event-ingest,webhook,2026-09-30 00:45:23.674,success
1598,event-ingest,webhook,2026-09-30 00:45:23.719,success
1599,event-ingest,webhook,2026-09-30 00:45:23.753,success
1600,event-ingest,webhook,2026-09-30 00:45:23.829,success
1601,event-ingest,webhook,2026-09-30 00:45:25.977,success
1602,event-ingest,webhook,2026-09-30 00:45:26.015,success
1603,event-ingest,webhook,2026-09-30 00:45:26.049,success
1604,event-ingest,webhook,2026-09-30 00:45:26.100,success
1605,event-ingest,webhook,2026-09-30 00:45:27.964,success
1606,event-ingest,webhook,2026-09-30 00:45:28.023,success
1607,event-ingest,webhook,2026-09-30 00:45:28.106,success
1608,event-ingest,webhook,2026-09-30 00:45:28.281,success
1609,event-ingest,webhook,2026-09-30 00:45:30.123,success
1610,event-ingest,webhook,2026-09-30 00:45:30.166,success
1611,event-ingest,webhook,2026-09-30 00:45:30.202,success
1612,event-ingest,webhook,2026-09-30 00:45:30.271,success
1613,event-ingest,webhook,2026-09-30 00:45:32.194,success
1614,event-ingest,webhook,2026-09-30 00:45:32.242,success
1615,event-ingest,webhook,2026-09-30 00:45:32.281,success
1616,event-ingest,webhook,2026-09-30 00:45:32.344,success
1617,event-ingest,webhook,2026-09-30 00:45:34.275,success
1618,event-ingest,webhook,2026-09-30 00:45:34.334,success
1619,event-ingest,webhook,2026-09-30 00:45:34.384,success
1620,event-ingest,webhook,2026-09-30 00:45:34.495,success
1621,event-ingest,webhook,2026-09-30 00:45:36.055,success
1622,event-ingest,webhook,2026-09-30 00:45:36.113,success
1623,event-ingest,webhook,2026-09-30 00:45:36.184,success
1624,event-ingest,webhook,2026-09-30 00:45:36.240,success
1625,event-ingest,webhook,2026-09-30 00:45:36.404,success
1626,event-ingest,webhook,2026-09-30 00:45:36.688,success
1627,event-ingest,webhook,2026-09-30 00:45:36.746,success
1628,event-ingest,webhook,2026-09-30 00:45:36.833,success
1629,event-ingest,webhook,2026-09-30 00:45:36.956,success
1630,event-ingest,webhook,2026-09-30 00:45:37.073,success
1631,event-ingest,webhook,2026-09-30 00:45:37.168,success
1632,event-ingest,webhook,2026-09-30 00:45:37.220,success
1633,event-ingest,webhook,2026-09-30 00:45:37.274,success
1634,report-generator,trigger,2026-09-30 01:00:00.068,success
1635,ioc-extractor,trigger,2026-09-30 01:00:00.080,success
1636,event-ingest,webhook,2026-09-30 01:00:02.315,success
1637,event-ingest,webhook,2026-09-30 01:00:02.357,success
1638,event-ingest,webhook,2026-09-30 01:00:02.444,success
1639,event-ingest,webhook,2026-09-30 01:00:02.599,success
1640,event-ingest,webhook,2026-09-30 01:00:04.435,success
1641,event-ingest,webhook,2026-09-30 01:00:04.472,success
1642,event-ingest,webhook,2026-09-30 01:00:04.510,success
1643,event-ingest,webhook,2026-09-30 01:00:04.553,success
1644,event-ingest,webhook,2026-09-30 01:00:06.698,success
1645,event-ingest,webhook,2026-09-30 01:00:06.735,success
1646,event-ingest,webhook,2026-09-30 01:00:06.776,success
1647,event-ingest,webhook,2026-09-30 01:00:06.821,success
1648,event-ingest,webhook,2026-09-30 01:00:08.676,success
1649,event-ingest,webhook,2026-09-30 01:00:08.717,success
1650,event-ingest,webhook,2026-09-30 01:00:08.753,success
1651,event-ingest,webhook,2026-09-30 01:00:08.808,success
1652,event-ingest,webhook,2026-09-30 01:00:10.658,success
1653,event-ingest,webhook,2026-09-30 01:00:10.701,success
1654,event-ingest,webhook,2026-09-30 01:00:10.737,success
1655,event-ingest,webhook,2026-09-30 01:00:10.793,success
1656,event-ingest,webhook,2026-09-30 01:00:12.642,success
1657,event-ingest,webhook,2026-09-30 01:00:12.683,success
1658,event-ingest,webhook,2026-09-30 01:00:12.724,success
1659,event-ingest,webhook,2026-09-30 01:00:12.780,success
1660,event-ingest,webhook,2026-09-30 01:00:13.116,success
1661,event-ingest,webhook,2026-09-30 01:00:13.157,success
1662,event-ingest,webhook,2026-09-30 01:00:14.108,success
1663,event-ingest,webhook,2026-09-30 01:00:14.753,success
1664,event-ingest,webhook,2026-09-30 01:00:15.695,success
1665,event-ingest,webhook,2026-09-30 01:00:16.331,success
1666,event-ingest,webhook,2026-09-30 01:00:16.369,success
1667,event-ingest,webhook,2026-09-30 01:00:17.324,success
1668,event-ingest,webhook,2026-09-30 01:00:17.369,success
1669,event-ingest,webhook,2026-09-30 01:00:17.415,success
1670,event-ingest,webhook,2026-09-30 01:00:17.477,success
1671,event-ingest,webhook,2026-09-30 01:00:19.653,success
1672,event-ingest,webhook,2026-09-30 01:00:19.808,success
1673,event-ingest,webhook,2026-09-30 01:00:19.860,success
1674,event-ingest,webhook,2026-09-30 01:00:19.953,success
1675,event-ingest,webhook,2026-09-30 01:00:20.064,success
1676,event-ingest,webhook,2026-09-30 01:00:20.129,success
1677,ioc-extractor,trigger,2026-09-30 01:15:00.046,success
1678,event-ingest,webhook,2026-09-30 01:15:02.899,success
1679,event-ingest,webhook,2026-09-30 01:15:02.944,success
1680,event-ingest,webhook,2026-09-30 01:15:02.997,success
1681,event-ingest,webhook,2026-09-30 01:15:03.051,success
1682,event-ingest,webhook,2026-09-30 01:15:03.095,success
1683,event-ingest,webhook,2026-09-30 01:15:03.150,success
1684,event-ingest,webhook,2026-09-30 01:15:03.821,success
1685,event-ingest,webhook,2026-09-30 01:15:04.765,success
1686,event-ingest,webhook,2026-09-30 01:15:05.411,success
1687,event-ingest,webhook,2026-09-30 01:15:06.358,success
1688,event-ingest,webhook,2026-09-30 01:15:07.010,success
1689,event-ingest,webhook,2026-09-30 01:15:07.964,success
1690,event-ingest,webhook,2026-09-30 01:15:08.004,success
1691,event-ingest,webhook,2026-09-30 01:15:08.944,success
1692,event-ingest,webhook,2026-09-30 01:15:08.984,success
1693,event-ingest,webhook,2026-09-30 01:15:09.020,success
1694,event-ingest,webhook,2026-09-30 01:15:09.061,success
1695,event-ingest,webhook,2026-09-30 01:15:10.914,success
1696,event-ingest,webhook,2026-09-30 01:15:10.958,success
1697,event-ingest,webhook,2026-09-30 01:15:11.000,success
1698,event-ingest,webhook,2026-09-30 01:15:11.040,success
1699,event-ingest,webhook,2026-09-30 01:15:12.880,success
1700,event-ingest,webhook,2026-09-30 01:15:12.928,success
1701,event-ingest,webhook,2026-09-30 01:15:12.970,success
1702,event-ingest,webhook,2026-09-30 01:15:13.020,success
1703,event-ingest,webhook,2026-09-30 01:15:15.171,success
1704,event-ingest,webhook,2026-09-30 01:15:15.228,success
1705,event-ingest,webhook,2026-09-30 01:15:15.264,success
1706,event-ingest,webhook,2026-09-30 01:15:15.306,success
1707,event-ingest,webhook,2026-09-30 01:15:17.150,success
1708,event-ingest,webhook,2026-09-30 01:15:17.192,success
1709,event-ingest,webhook,2026-09-30 01:15:17.228,success
1710,event-ingest,webhook,2026-09-30 01:15:17.274,success
1711,event-ingest,webhook,2026-09-30 01:15:19.139,success
1712,event-ingest,webhook,2026-09-30 01:15:19.192,success
1713,event-ingest,webhook,2026-09-30 01:15:19.227,success
1714,event-ingest,webhook,2026-09-30 01:15:19.287,success
1715,event-ingest,webhook,2026-09-30 01:15:21.130,success
1716,event-ingest,webhook,2026-09-30 01:15:21.168,success
1717,event-ingest,webhook,2026-09-30 01:15:21.234,success
1718,event-ingest,webhook,2026-09-30 01:15:21.296,success
1719,event-ingest,webhook,2026-09-30 01:15:21.647,success
1720,event-ingest,webhook,2026-09-30 01:15:21.704,success
1721,event-ingest,webhook,2026-09-30 01:15:22.639,success
1722,event-ingest,webhook,2026-09-30 01:15:23.275,success
1723,event-ingest,webhook,2026-09-30 01:15:24.234,success
1724,event-ingest,webhook,2026-09-30 01:15:24.883,success
1725,event-ingest,webhook,2026-09-30 01:15:25.833,success
1726,event-ingest,webhook,2026-09-30 01:15:26.478,success
1727,event-ingest,webhook,2026-09-30 01:15:26.533,success
1728,event-ingest,webhook,2026-09-30 01:15:27.497,success
1729,event-ingest,webhook,2026-09-30 01:15:27.577,success
1730,event-ingest,webhook,2026-09-30 01:15:27.625,success
1731,event-ingest,webhook,2026-09-30 01:15:27.661,success
1732,event-ingest,webhook,2026-09-30 01:15:29.504,success
1733,event-ingest,webhook,2026-09-30 01:15:29.557,success
1734,event-ingest,webhook,2026-09-30 01:15:29.608,success
1735,event-ingest,webhook,2026-09-30 01:15:29.653,success
1736,event-ingest,webhook,2026-09-30 01:15:31.798,success
1737,event-ingest,webhook,2026-09-30 01:15:31.844,success
1738,event-ingest,webhook,2026-09-30 01:15:31.883,success
1739,event-ingest,webhook,2026-09-30 01:15:31.933,success
1740,event-ingest,webhook,2026-09-30 01:15:33.793,success
1741,event-ingest,webhook,2026-09-30 01:15:33.835,success
1742,event-ingest,webhook,2026-09-30 01:15:33.897,success
1743,event-ingest,webhook,2026-09-30 01:15:33.932,success
1744,event-ingest,webhook,2026-09-30 01:15:35.767,success
1745,event-ingest,webhook,2026-09-30 01:15:35.842,success
1746,event-ingest,webhook,2026-09-30 01:15:36.134,success
1747,event-ingest,webhook,2026-09-30 01:15:36.241,success
1748,event-ingest,webhook,2026-09-30 01:15:36.299,success
1749,event-ingest,webhook,2026-09-30 01:15:36.393,success
1750,event-ingest,webhook,2026-09-30 01:15:36.497,success
1751,event-ingest,webhook,2026-09-30 01:15:36.656,success
1752,event-ingest,webhook,2026-09-30 01:15:36.745,success
1753,event-ingest,webhook,2026-09-30 01:15:36.857,success
1754,ioc-extractor,trigger,2026-09-30 01:30:00.048,success
1755,event-ingest,webhook,2026-09-30 01:30:04.975,success
1756,event-ingest,webhook,2026-09-30 01:30:05.071,success
1757,event-ingest,webhook,2026-09-30 01:30:05.173,success
1758,event-ingest,webhook,2026-09-30 01:30:05.275,success
1759,event-ingest,webhook,2026-09-30 01:30:07.161,success
1760,event-ingest,webhook,2026-09-30 01:30:07.272,success
1761,event-ingest,webhook,2026-09-30 01:30:07.358,success
1762,event-ingest,webhook,2026-09-30 01:30:07.471,success
1763,event-ingest,webhook,2026-09-30 01:30:09.058,success
1764,event-ingest,webhook,2026-09-30 01:30:09.171,success
1765,event-ingest,webhook,2026-09-30 01:30:09.275,success
1766,event-ingest,webhook,2026-09-30 01:30:09.363,success
1767,event-ingest,webhook,2026-09-30 01:30:11.238,success
1768,event-ingest,webhook,2026-09-30 01:30:11.315,success
1769,event-ingest,webhook,2026-09-30 01:30:11.398,success
1770,event-ingest,webhook,2026-09-30 01:30:11.511,success
1771,event-ingest,webhook,2026-09-30 01:30:13.375,success
1772,event-ingest,webhook,2026-09-30 01:30:13.466,success
1773,event-ingest,webhook,2026-09-30 01:30:13.584,success
1774,event-ingest,webhook,2026-09-30 01:30:13.745,success
1775,event-ingest,webhook,2026-09-30 01:30:14.124,success
1776,event-ingest,webhook,2026-09-30 01:30:14.202,success
1777,event-ingest,webhook,2026-09-30 01:30:14.910,success
1778,event-ingest,webhook,2026-09-30 01:30:15.849,success
1779,event-ingest,webhook,2026-09-30 01:30:16.512,success
1780,event-ingest,webhook,2026-09-30 01:30:17.467,success
1781,event-ingest,webhook,2026-09-30 01:30:18.147,success
1782,event-ingest,webhook,2026-09-30 01:30:19.097,success
1783,event-ingest,webhook,2026-09-30 01:30:19.747,success
1784,event-ingest,webhook,2026-09-30 01:30:19.868,success
1785,event-ingest,webhook,2026-09-30 01:30:20.848,success
1786,event-ingest,webhook,2026-09-30 01:30:20.930,success
1787,event-ingest,webhook,2026-09-30 01:30:21.000,success
1788,event-ingest,webhook,2026-09-30 01:30:21.110,success
1789,event-ingest,webhook,2026-09-30 01:30:22.984,success
1790,event-ingest,webhook,2026-09-30 01:30:23.047,success
1791,event-ingest,webhook,2026-09-30 01:30:23.108,success
1792,event-ingest,webhook,2026-09-30 01:30:23.374,success
1793,event-ingest,webhook,2026-09-30 01:30:25.061,success
1794,event-ingest,webhook,2026-09-30 01:30:25.141,success
1795,event-ingest,webhook,2026-09-30 01:30:25.236,success
1796,event-ingest,webhook,2026-09-30 01:30:25.337,success
1797,event-ingest,webhook,2026-09-30 01:30:26.946,success
1798,event-ingest,webhook,2026-09-30 01:30:27.023,success
1799,event-ingest,webhook,2026-09-30 01:30:27.108,success
1800,event-ingest,webhook,2026-09-30 01:30:27.284,success
1801,event-ingest,webhook,2026-09-30 01:30:28.915,success
1802,event-ingest,webhook,2026-09-30 01:30:29.098,success
1803,event-ingest,webhook,2026-09-30 01:30:29.226,success
1804,event-ingest,webhook,2026-09-30 01:30:29.399,success
1805,event-ingest,webhook,2026-09-30 01:30:31.068,success
1806,event-ingest,webhook,2026-09-30 01:30:31.219,success
1807,event-ingest,webhook,2026-09-30 01:30:31.310,success
1808,event-ingest,webhook,2026-09-30 01:30:31.503,success
1809,event-ingest,webhook,2026-09-30 01:30:32.065,success
1810,event-ingest,webhook,2026-09-30 01:30:32.329,success
1811,event-ingest,webhook,2026-09-30 01:30:32.528,success
1812,event-ingest,webhook,2026-09-30 01:30:32.657,success
1813,event-ingest,webhook,2026-09-30 01:30:32.919,success
1814,ioc-extractor,trigger,2026-09-30 01:45:00.039,success
1815,event-ingest,webhook,2026-09-30 01:45:03.466,success
1816,event-ingest,webhook,2026-09-30 01:45:03.606,success
1817,event-ingest,webhook,2026-09-30 01:45:03.750,success
1818,event-ingest,webhook,2026-09-30 01:45:03.894,success
1819,event-ingest,webhook,2026-09-30 01:45:05.521,success
1820,event-ingest,webhook,2026-09-30 01:45:05.583,success
1821,event-ingest,webhook,2026-09-30 01:45:05.658,success
1822,event-ingest,webhook,2026-09-30 01:45:05.739,success
1823,event-ingest,webhook,2026-09-30 01:45:07.595,success
1824,event-ingest,webhook,2026-09-30 01:45:07.640,success
1825,event-ingest,webhook,2026-09-30 01:45:07.698,success
1826,event-ingest,webhook,2026-09-30 01:45:07.781,success
1827,event-ingest,webhook,2026-09-30 01:45:09.622,success
1828,event-ingest,webhook,2026-09-30 01:45:09.670,success
1829,event-ingest,webhook,2026-09-30 01:45:09.727,success
1830,event-ingest,webhook,2026-09-30 01:45:09.811,success
1831,event-ingest,webhook,2026-09-30 01:45:11.955,success
1832,event-ingest,webhook,2026-09-30 01:45:12.005,success
1833,event-ingest,webhook,2026-09-30 01:45:12.076,success
1834,event-ingest,webhook,2026-09-30 01:45:12.208,success
1835,event-ingest,webhook,2026-09-30 01:45:13.778,success
1836,event-ingest,webhook,2026-09-30 01:45:13.831,success
1837,event-ingest,webhook,2026-09-30 01:45:13.880,success
1838,event-ingest,webhook,2026-09-30 01:45:13.939,success
1839,event-ingest,webhook,2026-09-30 01:45:16.111,success
1840,event-ingest,webhook,2026-09-30 01:45:16.208,success
1841,event-ingest,webhook,2026-09-30 01:45:16.302,success
1842,event-ingest,webhook,2026-09-30 01:45:16.418,success
1843,event-ingest,webhook,2026-09-30 01:45:16.746,success
1844,event-ingest,webhook,2026-09-30 01:45:16.869,success
1845,event-ingest,webhook,2026-09-30 01:45:17.009,success
1846,event-ingest,webhook,2026-09-30 01:45:17.668,success
1847,event-ingest,webhook,2026-09-30 01:45:18.608,success
1848,event-ingest,webhook,2026-09-30 01:45:19.552,success
1849,event-ingest,webhook,2026-09-30 01:45:19.612,success
1850,event-ingest,webhook,2026-09-30 01:45:20.559,success
1851,event-ingest,webhook,2026-09-30 01:45:20.606,success
1852,event-ingest,webhook,2026-09-30 01:45:20.673,success
1853,event-ingest,webhook,2026-09-30 01:45:20.779,success
1854,event-ingest,webhook,2026-09-30 01:45:22.325,success
1855,event-ingest,webhook,2026-09-30 01:45:22.389,success
1856,event-ingest,webhook,2026-09-30 01:45:22.460,success
1857,event-ingest,webhook,2026-09-30 01:45:22.532,success
1858,event-ingest,webhook,2026-09-30 01:45:22.939,success
1859,event-ingest,webhook,2026-09-30 01:45:22.982,success
1860,event-ingest,webhook,2026-09-30 01:45:23.925,success
1861,event-ingest,webhook,2026-09-30 01:45:24.873,success
1862,event-ingest,webhook,2026-09-30 01:45:25.525,success
1863,event-ingest,webhook,2026-09-30 01:45:26.468,success
1864,event-ingest,webhook,2026-09-30 01:45:27.107,success
1865,event-ingest,webhook,2026-09-30 01:45:27.156,success
1866,event-ingest,webhook,2026-09-30 01:45:28.100,success
1867,event-ingest,webhook,2026-09-30 01:45:28.160,success
1868,event-ingest,webhook,2026-09-30 01:45:28.287,success
1869,event-ingest,webhook,2026-09-30 01:45:28.375,success
1870,event-ingest,webhook,2026-09-30 01:45:28.538,success
1871,event-ingest,webhook,2026-09-30 01:45:28.744,success
1872,event-ingest,webhook,2026-09-30 01:45:28.916,success
1873,ioc-extractor,trigger,2026-09-30 02:00:00.034,success
1874,event-ingest,webhook,2026-09-30 02:00:03.600,success
1875,event-ingest,webhook,2026-09-30 02:00:03.650,success
1876,event-ingest,webhook,2026-09-30 02:00:03.706,success
1877,event-ingest,webhook,2026-09-30 02:00:03.801,success
1878,event-ingest,webhook,2026-09-30 02:00:05.665,success
1879,event-ingest,webhook,2026-09-30 02:00:05.740,success
1880,event-ingest,webhook,2026-09-30 02:00:05.837,success
1881,event-ingest,webhook,2026-09-30 02:00:05.953,success
1882,event-ingest,webhook,2026-09-30 02:00:07.830,success
1883,event-ingest,webhook,2026-09-30 02:00:07.873,success
1884,event-ingest,webhook,2026-09-30 02:00:07.920,success
1885,event-ingest,webhook,2026-09-30 02:00:08.007,success
1886,event-ingest,webhook,2026-09-30 02:00:08.091,success
1887,event-ingest,webhook,2026-09-30 02:00:08.179,success
1888,event-ingest,webhook,2026-09-30 02:00:08.832,success
1889,event-ingest,webhook,2026-09-30 02:00:09.771,success
1890,event-ingest,webhook,2026-09-30 02:00:10.714,success
1891,event-ingest,webhook,2026-09-30 02:00:11.355,success
1892,event-ingest,webhook,2026-09-30 02:00:12.300,success
1893,event-ingest,webhook,2026-09-30 02:00:12.345,success
1894,event-ingest,webhook,2026-09-30 02:00:13.290,success
1895,event-ingest,webhook,2026-09-30 02:00:13.340,success
1896,event-ingest,webhook,2026-09-30 02:00:13.391,success
1897,event-ingest,webhook,2026-09-30 02:00:13.471,success
1898,event-ingest,webhook,2026-09-30 02:00:15.321,success
1899,event-ingest,webhook,2026-09-30 02:00:15.372,success
1900,event-ingest,webhook,2026-09-30 02:00:15.420,success
1901,event-ingest,webhook,2026-09-30 02:00:15.511,success
1902,event-ingest,webhook,2026-09-30 02:00:17.373,success
1903,event-ingest,webhook,2026-09-30 02:00:17.452,success
1904,event-ingest,webhook,2026-09-30 02:00:17.696,success
1905,event-ingest,webhook,2026-09-30 02:00:17.985,success
1906,ioc-extractor,trigger,2026-09-30 02:15:00.076,success
1907,event-ingest,webhook,2026-09-30 02:15:03.571,success
1908,event-ingest,webhook,2026-09-30 02:15:03.686,success
1909,event-ingest,webhook,2026-09-30 02:15:03.747,success
1910,event-ingest,webhook,2026-09-30 02:15:03.830,success
1911,event-ingest,webhook,2026-09-30 02:15:05.679,success
1912,event-ingest,webhook,2026-09-30 02:15:05.733,success
1913,event-ingest,webhook,2026-09-30 02:15:05.791,success
1914,event-ingest,webhook,2026-09-30 02:15:05.851,success
1915,event-ingest,webhook,2026-09-30 02:15:07.700,success
1916,event-ingest,webhook,2026-09-30 02:15:07.752,success
1917,event-ingest,webhook,2026-09-30 02:15:07.945,success
1918,event-ingest,webhook,2026-09-30 02:15:08.138,success
1919,event-ingest,webhook,2026-09-30 02:15:09.697,success
1920,event-ingest,webhook,2026-09-30 02:15:09.756,success
1921,event-ingest,webhook,2026-09-30 02:15:09.814,success
1922,event-ingest,webhook,2026-09-30 02:15:09.884,success
1923,event-ingest,webhook,2026-09-30 02:15:11.784,success
1924,event-ingest,webhook,2026-09-30 02:15:11.831,success
1925,event-ingest,webhook,2026-09-30 02:15:11.885,success
1926,event-ingest,webhook,2026-09-30 02:15:11.944,success
1927,event-ingest,webhook,2026-09-30 02:15:13.790,success
1928,event-ingest,webhook,2026-09-30 02:15:13.841,success
1929,event-ingest,webhook,2026-09-30 02:15:13.887,success
1930,event-ingest,webhook,2026-09-30 02:15:13.980,success
1931,event-ingest,webhook,2026-09-30 02:15:15.826,success
1932,event-ingest,webhook,2026-09-30 02:15:15.914,success
1933,event-ingest,webhook,2026-09-30 02:15:16.007,success
1934,event-ingest,webhook,2026-09-30 02:15:16.213,success
1935,event-ingest,webhook,2026-09-30 02:15:16.370,success
1936,event-ingest,webhook,2026-09-30 02:15:16.451,success
1937,event-ingest,webhook,2026-09-30 02:15:17.403,success
1938,event-ingest,webhook,2026-09-30 02:15:18.341,success
1939,event-ingest,webhook,2026-09-30 02:15:18.981,success
1940,event-ingest,webhook,2026-09-30 02:15:19.923,success
1941,event-ingest,webhook,2026-09-30 02:15:20.570,success
1942,event-ingest,webhook,2026-09-30 02:15:21.510,success
1943,event-ingest,webhook,2026-09-30 02:15:22.148,success
1944,event-ingest,webhook,2026-09-30 02:15:22.195,success
1945,event-ingest,webhook,2026-09-30 02:15:23.136,success
1946,event-ingest,webhook,2026-09-30 02:15:23.189,success
1947,event-ingest,webhook,2026-09-30 02:15:23.232,success
1948,event-ingest,webhook,2026-09-30 02:15:23.311,success
1949,event-ingest,webhook,2026-09-30 02:15:25.458,success
1950,event-ingest,webhook,2026-09-30 02:15:25.506,success
1951,event-ingest,webhook,2026-09-30 02:15:25.562,success
1952,event-ingest,webhook,2026-09-30 02:15:25.620,success
1953,event-ingest,webhook,2026-09-30 02:15:27.469,success
1954,event-ingest,webhook,2026-09-30 02:15:27.525,success
1955,event-ingest,webhook,2026-09-30 02:15:27.609,success
1956,event-ingest,webhook,2026-09-30 02:15:27.692,success
1957,event-ingest,webhook,2026-09-30 02:15:29.295,success
1958,event-ingest,webhook,2026-09-30 02:15:29.348,success
1959,event-ingest,webhook,2026-09-30 02:15:29.393,success
1960,event-ingest,webhook,2026-09-30 02:15:29.471,success
1961,event-ingest,webhook,2026-09-30 02:15:31.634,success
1962,event-ingest,webhook,2026-09-30 02:15:31.697,success
1963,event-ingest,webhook,2026-09-30 02:15:31.743,success
1964,event-ingest,webhook,2026-09-30 02:15:31.841,success
1965,event-ingest,webhook,2026-09-30 02:15:31.938,success
1966,event-ingest,webhook,2026-09-30 02:15:32.012,success
1967,event-ingest,webhook,2026-09-30 02:15:32.654,success
1968,event-ingest,webhook,2026-09-30 02:15:33.600,success
1969,event-ingest,webhook,2026-09-30 02:15:34.268,success
1970,event-ingest,webhook,2026-09-30 02:15:35.213,success
1971,event-ingest,webhook,2026-09-30 02:15:35.857,success
1972,event-ingest,webhook,2026-09-30 02:15:36.804,success
1973,event-ingest,webhook,2026-09-30 02:15:37.442,success
1974,event-ingest,webhook,2026-09-30 02:15:37.674,success
1975,event-ingest,webhook,2026-09-30 02:15:38.696,success
1976,event-ingest,webhook,2026-09-30 02:15:38.746,success
1977,event-ingest,webhook,2026-09-30 02:15:38.798,success
1978,event-ingest,webhook,2026-09-30 02:15:38.892,success
1979,event-ingest,webhook,2026-09-30 02:15:40.767,success
1980,event-ingest,webhook,2026-09-30 02:15:40.821,success
1981,event-ingest,webhook,2026-09-30 02:15:40.865,success
1982,event-ingest,webhook,2026-09-30 02:15:40.971,success
1983,event-ingest,webhook,2026-09-30 02:15:42.665,success
1984,event-ingest,webhook,2026-09-30 02:15:42.713,success
1985,event-ingest,webhook,2026-09-30 02:15:42.779,success
1986,event-ingest,webhook,2026-09-30 02:15:42.869,success
1987,event-ingest,webhook,2026-09-30 02:15:44.748,success
1988,event-ingest,webhook,2026-09-30 02:15:44.800,success
1989,event-ingest,webhook,2026-09-30 02:15:44.857,success
1990,event-ingest,webhook,2026-09-30 02:15:45.105,success
1991,event-ingest,webhook,2026-09-30 02:15:46.740,success
1992,event-ingest,webhook,2026-09-30 02:15:46.858,success
1993,event-ingest,webhook,2026-09-30 02:15:46.931,success
1994,event-ingest,webhook,2026-09-30 02:15:47.063,success
1995,event-ingest,webhook,2026-09-30 02:15:47.203,success
1996,event-ingest,webhook,2026-09-30 02:15:47.694,success
1997,event-ingest,webhook,2026-09-30 02:15:47.872,success
1998,event-ingest,webhook,2026-09-30 02:15:47.960,success
1999,event-ingest,webhook,2026-09-30 02:15:48.104,success
2000,event-ingest,webhook,2026-09-30 02:15:48.300,success
2001,event-ingest,webhook,2026-09-30 02:15:48.411,success
2002,event-ingest,webhook,2026-09-30 02:15:48.546,success
2003,event-ingest,webhook,2026-09-30 02:15:48.642,success
2004,event-ingest,webhook,2026-09-30 02:15:48.722,success
2005,ioc-extractor,trigger,2026-09-30 02:30:00.065,success
2006,event-ingest,webhook,2026-09-30 02:30:05.404,success
2007,event-ingest,webhook,2026-09-30 02:30:05.486,success
2008,event-ingest,webhook,2026-09-30 02:30:05.614,success
2009,event-ingest,webhook,2026-09-30 02:30:05.725,success
2010,event-ingest,webhook,2026-09-30 02:30:07.303,success
2011,event-ingest,webhook,2026-09-30 02:30:07.412,success
2012,event-ingest,webhook,2026-09-30 02:30:07.524,success
2013,event-ingest,webhook,2026-09-30 02:30:07.684,success
2014,event-ingest,webhook,2026-09-30 02:30:09.248,success
2015,event-ingest,webhook,2026-09-30 02:30:09.298,success
2016,event-ingest,webhook,2026-09-30 02:30:09.353,success
2017,event-ingest,webhook,2026-09-30 02:30:09.410,success
2018,event-ingest,webhook,2026-09-30 02:30:11.552,success
2019,event-ingest,webhook,2026-09-30 02:30:11.605,success
2020,event-ingest,webhook,2026-09-30 02:30:11.656,success
2021,event-ingest,webhook,2026-09-30 02:30:11.744,success
2022,event-ingest,webhook,2026-09-30 02:30:13.606,success
2023,event-ingest,webhook,2026-09-30 02:30:13.662,success
2024,event-ingest,webhook,2026-09-30 02:30:13.737,success
2025,event-ingest,webhook,2026-09-30 02:30:13.819,success
2026,event-ingest,webhook,2026-09-30 02:30:14.530,success
2027,event-ingest,webhook,2026-09-30 02:30:14.587,success
2028,event-ingest,webhook,2026-09-30 02:30:15.224,success
2029,event-ingest,webhook,2026-09-30 02:30:16.166,success
2030,event-ingest,webhook,2026-09-30 02:30:17.141,success
2031,event-ingest,webhook,2026-09-30 02:30:17.786,success
2032,event-ingest,webhook,2026-09-30 02:30:18.424,success
2033,event-ingest,webhook,2026-09-30 02:30:19.363,success
2034,event-ingest,webhook,2026-09-30 02:30:19.411,success
2035,event-ingest,webhook,2026-09-30 02:30:20.360,success
2036,event-ingest,webhook,2026-09-30 02:30:20.412,success
2037,event-ingest,webhook,2026-09-30 02:30:20.471,success
2038,event-ingest,webhook,2026-09-30 02:30:20.562,success
2039,event-ingest,webhook,2026-09-30 02:30:20.645,success
2040,event-ingest,webhook,2026-09-30 02:30:20.713,success
2041,event-ingest,webhook,2026-09-30 02:30:21.658,success
2042,event-ingest,webhook,2026-09-30 02:30:22.602,success
2043,event-ingest,webhook,2026-09-30 02:30:23.241,success
2044,event-ingest,webhook,2026-09-30 02:30:24.188,success
2045,event-ingest,webhook,2026-09-30 02:30:24.837,success
2046,event-ingest,webhook,2026-09-30 02:30:25.806,success
2047,event-ingest,webhook,2026-09-30 02:30:25.867,success
2048,event-ingest,webhook,2026-09-30 02:30:26.839,success
2049,event-ingest,webhook,2026-09-30 02:30:26.994,success
2050,event-ingest,webhook,2026-09-30 02:30:27.215,success
2051,event-ingest,webhook,2026-09-30 02:30:27.594,success
2052,ioc-extractor,trigger,2026-09-30 02:45:00.044,success
2053,event-ingest,webhook,2026-09-30 02:45:03.203,success
2054,event-ingest,webhook,2026-09-30 02:45:03.257,success
2055,event-ingest,webhook,2026-09-30 02:45:03.431,success
2056,event-ingest,webhook,2026-09-30 02:45:03.636,success
2057,event-ingest,webhook,2026-09-30 02:45:05.495,success
2058,event-ingest,webhook,2026-09-30 02:45:05.539,success
2059,event-ingest,webhook,2026-09-30 02:45:05.602,success
2060,event-ingest,webhook,2026-09-30 02:45:05.719,success
2061,event-ingest,webhook,2026-09-30 02:45:07.288,success
2062,event-ingest,webhook,2026-09-30 02:45:07.385,success
2063,event-ingest,webhook,2026-09-30 02:45:07.438,success
2064,event-ingest,webhook,2026-09-30 02:45:07.489,success
2065,event-ingest,webhook,2026-09-30 02:45:09.636,success
2066,event-ingest,webhook,2026-09-30 02:45:09.687,success
2067,event-ingest,webhook,2026-09-30 02:45:09.735,success
2068,event-ingest,webhook,2026-09-30 02:45:09.816,success
2069,event-ingest,webhook,2026-09-30 02:45:09.903,success
2070,event-ingest,webhook,2026-09-30 02:45:09.964,success
2071,event-ingest,webhook,2026-09-30 02:45:10.608,success
2072,event-ingest,webhook,2026-09-30 02:45:11.546,success
2073,event-ingest,webhook,2026-09-30 02:45:12.492,success
2074,event-ingest,webhook,2026-09-30 02:45:13.137,success
2075,event-ingest,webhook,2026-09-30 02:45:13.182,success
2076,event-ingest,webhook,2026-09-30 02:45:14.125,success
2077,event-ingest,webhook,2026-09-30 02:45:14.176,success
2078,event-ingest,webhook,2026-09-30 02:45:14.229,success
2079,event-ingest,webhook,2026-09-30 02:45:14.287,success
2080,event-ingest,webhook,2026-09-30 02:45:16.194,success
2081,event-ingest,webhook,2026-09-30 02:45:16.283,success
2082,event-ingest,webhook,2026-09-30 02:45:16.436,success
2083,event-ingest,webhook,2026-09-30 02:45:16.615,success
2084,event-ingest,webhook,2026-09-30 02:45:18.215,success
2085,event-ingest,webhook,2026-09-30 02:45:18.267,success
2086,event-ingest,webhook,2026-09-30 02:45:18.326,success
2087,event-ingest,webhook,2026-09-30 02:45:18.390,success
2088,event-ingest,webhook,2026-09-30 02:45:20.243,success
2089,event-ingest,webhook,2026-09-30 02:45:20.300,success
2090,event-ingest,webhook,2026-09-30 02:45:20.372,success
2091,event-ingest,webhook,2026-09-30 02:45:20.450,success
2092,event-ingest,webhook,2026-09-30 02:45:22.375,success
2093,event-ingest,webhook,2026-09-30 02:45:22.453,success
2094,event-ingest,webhook,2026-09-30 02:45:22.534,success
2095,event-ingest,webhook,2026-09-30 02:45:22.658,success
2096,event-ingest,webhook,2026-09-30 02:45:24.546,success
2097,event-ingest,webhook,2026-09-30 02:45:24.587,success
2098,event-ingest,webhook,2026-09-30 02:45:24.677,success
2099,event-ingest,webhook,2026-09-30 02:45:24.833,success
2100,event-ingest,webhook,2026-09-30 02:45:26.446,success
2101,event-ingest,webhook,2026-09-30 02:45:26.532,success
2102,event-ingest,webhook,2026-09-30 02:45:26.660,success
2103,event-ingest,webhook,2026-09-30 02:45:26.746,success
2104,event-ingest,webhook,2026-09-30 02:45:28.601,success
2105,event-ingest,webhook,2026-09-30 02:45:28.663,success
2106,event-ingest,webhook,2026-09-30 02:45:28.733,success
2107,event-ingest,webhook,2026-09-30 02:45:28.862,success
2108,event-ingest,webhook,2026-09-30 02:45:30.524,success
2109,event-ingest,webhook,2026-09-30 02:45:30.593,success
2110,event-ingest,webhook,2026-09-30 02:45:30.657,success
2111,event-ingest,webhook,2026-09-30 02:45:30.811,success
2112,event-ingest,webhook,2026-09-30 02:45:32.654,success
2113,event-ingest,webhook,2026-09-30 02:45:32.726,success
2114,event-ingest,webhook,2026-09-30 02:45:32.783,success
2115,event-ingest,webhook,2026-09-30 02:45:32.980,success
2116,event-ingest,webhook,2026-09-30 02:45:33.318,success
2117,event-ingest,webhook,2026-09-30 02:45:33.474,success
2118,event-ingest,webhook,2026-09-30 02:45:33.606,success
2119,event-ingest,webhook,2026-09-30 02:45:33.761,success
2120,event-ingest,webhook,2026-09-30 02:45:33.917,success
2121,event-ingest,webhook,2026-09-30 02:45:34.117,success
2122,event-ingest,webhook,2026-09-30 02:45:34.211,success
2123,event-ingest,webhook,2026-09-30 02:45:34.275,success
2124,ioc-extractor,trigger,2026-09-30 03:00:00.052,success
2125,report-generator,trigger,2026-09-30 03:00:00.073,success
2126,event-ingest,webhook,2026-09-30 03:00:03.519,success
2127,event-ingest,webhook,2026-09-30 03:00:03.576,success
2128,event-ingest,webhook,2026-09-30 03:00:03.664,success
2129,event-ingest,webhook,2026-09-30 03:00:03.713,success
2130,event-ingest,webhook,2026-09-30 03:00:05.564,success
2131,event-ingest,webhook,2026-09-30 03:00:05.648,success
2132,event-ingest,webhook,2026-09-30 03:00:05.764,success
2133,event-ingest,webhook,2026-09-30 03:00:05.895,success
2134,event-ingest,webhook,2026-09-30 03:00:07.755,success
2135,event-ingest,webhook,2026-09-30 03:00:07.806,success
2136,event-ingest,webhook,2026-09-30 03:00:07.857,success
2137,event-ingest,webhook,2026-09-30 03:00:07.956,success
2138,event-ingest,webhook,2026-09-30 03:00:09.812,success
2139,event-ingest,webhook,2026-09-30 03:00:09.859,success
2140,event-ingest,webhook,2026-09-30 03:00:09.907,success
2141,event-ingest,webhook,2026-09-30 03:00:10.000,success
2142,event-ingest,webhook,2026-09-30 03:00:11.862,success
2143,event-ingest,webhook,2026-09-30 03:00:11.910,success
2144,event-ingest,webhook,2026-09-30 03:00:11.964,success
2145,event-ingest,webhook,2026-09-30 03:00:12.043,success
2146,event-ingest,webhook,2026-09-30 03:00:13.888,success
2147,event-ingest,webhook,2026-09-30 03:00:13.938,success
2148,event-ingest,webhook,2026-09-30 03:00:13.985,success
2149,event-ingest,webhook,2026-09-30 03:00:14.064,success
2150,event-ingest,webhook,2026-09-30 03:00:14.144,success
2151,event-ingest,webhook,2026-09-30 03:00:14.227,success
2152,event-ingest,webhook,2026-09-30 03:00:14.872,success
2153,event-ingest,webhook,2026-09-30 03:00:15.815,success
2154,event-ingest,webhook,2026-09-30 03:00:16.488,success
2155,event-ingest,webhook,2026-09-30 03:00:17.435,success
2156,event-ingest,webhook,2026-09-30 03:00:18.074,success
2157,event-ingest,webhook,2026-09-30 03:00:18.123,success
2158,event-ingest,webhook,2026-09-30 03:00:19.062,success
2159,event-ingest,webhook,2026-09-30 03:00:19.104,success
2160,event-ingest,webhook,2026-09-30 03:00:19.150,success
2161,event-ingest,webhook,2026-09-30 03:00:19.236,success
2162,event-ingest,webhook,2026-09-30 03:00:21.092,success
2163,event-ingest,webhook,2026-09-30 03:00:21.149,success
2164,event-ingest,webhook,2026-09-30 03:00:21.199,success
2165,event-ingest,webhook,2026-09-30 03:00:21.278,success
2166,event-ingest,webhook,2026-09-30 03:00:23.125,success
2167,event-ingest,webhook,2026-09-30 03:00:23.220,success
2168,event-ingest,webhook,2026-09-30 03:00:23.277,success
2169,event-ingest,webhook,2026-09-30 03:00:23.357,success
2170,event-ingest,webhook,2026-09-30 03:00:25.287,success
2171,event-ingest,webhook,2026-09-30 03:00:25.339,success
2172,event-ingest,webhook,2026-09-30 03:00:25.401,success
2173,event-ingest,webhook,2026-09-30 03:00:25.620,success
2174,event-ingest,webhook,2026-09-30 03:00:27.345,success
2175,event-ingest,webhook,2026-09-30 03:00:27.409,success
2176,event-ingest,webhook,2026-09-30 03:00:27.467,success
2177,event-ingest,webhook,2026-09-30 03:00:27.550,success
2178,event-ingest,webhook,2026-09-30 03:00:29.395,success
2179,event-ingest,webhook,2026-09-30 03:00:29.466,success
2180,event-ingest,webhook,2026-09-30 03:00:29.515,success
2181,event-ingest,webhook,2026-09-30 03:00:29.638,success
2182,event-ingest,webhook,2026-09-30 03:00:31.330,success
2183,event-ingest,webhook,2026-09-30 03:00:31.413,success
2184,event-ingest,webhook,2026-09-30 03:00:31.500,success
2185,event-ingest,webhook,2026-09-30 03:00:31.634,success
2186,event-ingest,webhook,2026-09-30 03:00:31.718,success
2187,event-ingest,webhook,2026-09-30 03:00:32.074,success
2188,event-ingest,webhook,2026-09-30 03:00:32.347,success
2189,event-ingest,webhook,2026-09-30 03:00:32.503,success
2190,event-ingest,webhook,2026-09-30 03:00:32.625,success
2191,event-ingest,webhook,2026-09-30 03:00:32.786,success
2192,event-ingest,webhook,2026-09-30 03:00:32.945,success
2193,ioc-extractor,trigger,2026-09-30 03:15:00.042,success
2194,event-ingest,webhook,2026-09-30 03:15:02.852,success
2195,event-ingest,webhook,2026-09-30 03:15:02.896,success
2196,event-ingest,webhook,2026-09-30 03:15:02.969,success
2197,event-ingest,webhook,2026-09-30 03:15:03.018,success
2198,event-ingest,webhook,2026-09-30 03:15:04.867,success
2199,event-ingest,webhook,2026-09-30 03:15:04.930,success
2200,event-ingest,webhook,2026-09-30 03:15:04.983,success
2201,event-ingest,webhook,2026-09-30 03:15:05.021,success
2202,event-ingest,webhook,2026-09-30 03:15:06.860,success
2203,event-ingest,webhook,2026-09-30 03:15:06.905,success
2204,event-ingest,webhook,2026-09-30 03:15:06.943,success
2205,event-ingest,webhook,2026-09-30 03:15:06.995,success
2206,event-ingest,webhook,2026-09-30 03:15:09.136,success
2207,event-ingest,webhook,2026-09-30 03:15:09.173,success
2208,event-ingest,webhook,2026-09-30 03:15:09.209,success
2209,event-ingest,webhook,2026-09-30 03:15:09.253,success
2210,event-ingest,webhook,2026-09-30 03:15:09.316,success
2211,event-ingest,webhook,2026-09-30 03:15:09.369,success
2212,event-ingest,webhook,2026-09-30 03:15:10.322,success
2213,event-ingest,webhook,2026-09-30 03:15:10.968,success
2214,event-ingest,webhook,2026-09-30 03:15:11.906,success
2215,event-ingest,webhook,2026-09-30 03:15:12.541,success
2216,event-ingest,webhook,2026-09-30 03:15:13.490,success
2217,event-ingest,webhook,2026-09-30 03:15:14.132,success
2218,event-ingest,webhook,2026-09-30 03:15:14.177,success
2219,event-ingest,webhook,2026-09-30 03:15:15.126,success
2220,event-ingest,webhook,2026-09-30 03:15:15.164,success
2221,event-ingest,webhook,2026-09-30 03:15:15.200,success
2222,event-ingest,webhook,2026-09-30 03:15:15.247,success
2223,event-ingest,webhook,2026-09-30 03:15:17.390,success
2224,event-ingest,webhook,2026-09-30 03:15:17.430,success
2225,event-ingest,webhook,2026-09-30 03:15:17.471,success
2226,event-ingest,webhook,2026-09-30 03:15:17.523,success
2227,event-ingest,webhook,2026-09-30 03:15:19.374,success
2228,event-ingest,webhook,2026-09-30 03:15:19.415,success
2229,event-ingest,webhook,2026-09-30 03:15:19.457,success
2230,event-ingest,webhook,2026-09-30 03:15:19.498,success
2231,event-ingest,webhook,2026-09-30 03:15:21.360,success
2232,event-ingest,webhook,2026-09-30 03:15:21.399,success
2233,event-ingest,webhook,2026-09-30 03:15:21.466,success
2234,event-ingest,webhook,2026-09-30 03:15:21.510,success
2235,event-ingest,webhook,2026-09-30 03:15:23.360,success
2236,event-ingest,webhook,2026-09-30 03:15:23.419,success
2237,event-ingest,webhook,2026-09-30 03:15:23.466,success
2238,event-ingest,webhook,2026-09-30 03:15:23.500,success
2239,event-ingest,webhook,2026-09-30 03:15:25.636,success
2240,event-ingest,webhook,2026-09-30 03:15:25.690,success
2241,event-ingest,webhook,2026-09-30 03:15:25.732,success
2242,event-ingest,webhook,2026-09-30 03:15:25.782,success
2243,event-ingest,webhook,2026-09-30 03:15:27.634,success
2244,event-ingest,webhook,2026-09-30 03:15:27.670,success
2245,event-ingest,webhook,2026-09-30 03:15:27.736,success
2246,event-ingest,webhook,2026-09-30 03:15:27.775,success
2247,event-ingest,webhook,2026-09-30 03:15:29.613,success
2248,event-ingest,webhook,2026-09-30 03:15:29.648,success
2249,event-ingest,webhook,2026-09-30 03:15:29.703,success
2250,event-ingest,webhook,2026-09-30 03:15:29.758,success
2251,event-ingest,webhook,2026-09-30 03:15:29.809,success
2252,event-ingest,webhook,2026-09-30 03:15:29.884,success
2253,event-ingest,webhook,2026-09-30 03:15:30.845,success
2254,event-ingest,webhook,2026-09-30 03:15:31.483,success
2255,event-ingest,webhook,2026-09-30 03:15:32.420,success
2256,event-ingest,webhook,2026-09-30 03:15:33.064,success
2257,event-ingest,webhook,2026-09-30 03:15:34.002,success
2258,event-ingest,webhook,2026-09-30 03:15:34.637,success
2259,event-ingest,webhook,2026-09-30 03:15:35.584,success
2260,event-ingest,webhook,2026-09-30 03:15:35.624,success
2261,event-ingest,webhook,2026-09-30 03:15:36.557,success
2262,event-ingest,webhook,2026-09-30 03:15:36.592,success
2263,event-ingest,webhook,2026-09-30 03:15:36.627,success
2264,event-ingest,webhook,2026-09-30 03:15:36.736,success
2265,event-ingest,webhook,2026-09-30 03:15:38.613,success
2266,event-ingest,webhook,2026-09-30 03:15:38.653,success
2267,event-ingest,webhook,2026-09-30 03:15:38.691,success
2268,event-ingest,webhook,2026-09-30 03:15:38.742,success
2269,event-ingest,webhook,2026-09-30 03:15:40.615,success
2270,event-ingest,webhook,2026-09-30 03:15:40.681,success
2271,event-ingest,webhook,2026-09-30 03:15:40.732,success
2272,event-ingest,webhook,2026-09-30 03:15:40.780,success
2273,event-ingest,webhook,2026-09-30 03:15:42.626,success
2274,event-ingest,webhook,2026-09-30 03:15:42.779,success
2275,event-ingest,webhook,2026-09-30 03:15:43.022,success
2276,event-ingest,webhook,2026-09-30 03:15:43.196,success
2277,event-ingest,webhook,2026-09-30 03:15:43.361,success
2278,event-ingest,webhook,2026-09-30 03:15:43.505,success
2279,event-ingest,webhook,2026-09-30 03:15:43.723,success
2280,event-ingest,webhook,2026-09-30 03:15:43.850,success
2281,event-ingest,webhook,2026-09-30 03:15:43.940,success
2282,event-ingest,webhook,2026-09-30 03:15:44.008,success
2283,event-ingest,webhook,2026-09-30 03:15:44.082,success
2284,event-ingest,webhook,2026-09-30 03:15:44.164,success
2285,event-ingest,webhook,2026-09-30 03:15:44.211,success
2286,ioc-extractor,trigger,2026-09-30 03:30:00.038,success
2287,event-ingest,webhook,2026-09-30 03:30:02.661,success
2288,event-ingest,webhook,2026-09-30 03:30:02.699,success
2289,event-ingest,webhook,2026-09-30 03:30:02.742,success
2290,event-ingest,webhook,2026-09-30 03:30:02.797,success
2291,event-ingest,webhook,2026-09-30 03:30:02.875,success
2292,event-ingest,webhook,2026-09-30 03:30:02.928,success
2293,event-ingest,webhook,2026-09-30 03:30:03.576,success
2294,event-ingest,webhook,2026-09-30 03:30:04.516,success
2295,event-ingest,webhook,2026-09-30 03:30:05.168,success
2296,event-ingest,webhook,2026-09-30 03:30:06.113,success
2297,event-ingest,webhook,2026-09-30 03:30:06.766,success
2298,event-ingest,webhook,2026-09-30 03:30:07.720,success
2299,event-ingest,webhook,2026-09-30 03:30:07.767,success
2300,event-ingest,webhook,2026-09-30 03:30:08.707,success
2301,event-ingest,webhook,2026-09-30 03:30:08.756,success
2302,event-ingest,webhook,2026-09-30 03:30:08.820,success
2303,event-ingest,webhook,2026-09-30 03:30:08.861,success
2304,event-ingest,webhook,2026-09-30 03:30:10.695,success
2305,event-ingest,webhook,2026-09-30 03:30:10.731,success
2306,event-ingest,webhook,2026-09-30 03:30:10.777,success
2307,event-ingest,webhook,2026-09-30 03:30:10.859,success
2308,event-ingest,webhook,2026-09-30 03:30:12.702,success
2309,event-ingest,webhook,2026-09-30 03:30:12.746,success
2310,event-ingest,webhook,2026-09-30 03:30:12.788,success
2311,event-ingest,webhook,2026-09-30 03:30:12.839,success
2312,event-ingest,webhook,2026-09-30 03:30:14.997,success
2313,event-ingest,webhook,2026-09-30 03:30:15.041,success
2314,event-ingest,webhook,2026-09-30 03:30:15.074,success
2315,event-ingest,webhook,2026-09-30 03:30:15.117,success
2316,event-ingest,webhook,2026-09-30 03:30:16.978,success
2317,event-ingest,webhook,2026-09-30 03:30:17.026,success
2318,event-ingest,webhook,2026-09-30 03:30:17.074,success
2319,event-ingest,webhook,2026-09-30 03:30:17.130,success
2320,event-ingest,webhook,2026-09-30 03:30:18.973,success
2321,event-ingest,webhook,2026-09-30 03:30:19.019,success
2322,event-ingest,webhook,2026-09-30 03:30:19.091,success
2323,event-ingest,webhook,2026-09-30 03:30:19.212,success
2324,event-ingest,webhook,2026-09-30 03:30:19.496,success
2325,ioc-extractor,trigger,2026-09-30 03:45:00.025,success
2326,event-ingest,webhook,2026-09-30 03:45:02.278,success
2327,event-ingest,webhook,2026-09-30 03:45:02.321,success
2328,event-ingest,webhook,2026-09-30 03:45:02.356,success
2329,event-ingest,webhook,2026-09-30 03:45:02.409,success
2330,event-ingest,webhook,2026-09-30 03:45:04.554,success
2331,event-ingest,webhook,2026-09-30 03:45:04.594,success
2332,event-ingest,webhook,2026-09-30 03:45:04.633,success
2333,event-ingest,webhook,2026-09-30 03:45:04.677,success
2334,event-ingest,webhook,2026-09-30 03:45:06.533,success
2335,event-ingest,webhook,2026-09-30 03:45:06.582,success
2336,event-ingest,webhook,2026-09-30 03:45:06.616,success
2337,event-ingest,webhook,2026-09-30 03:45:06.663,success
2338,event-ingest,webhook,2026-09-30 03:45:08.510,success
2339,event-ingest,webhook,2026-09-30 03:45:08.550,success
2340,event-ingest,webhook,2026-09-30 03:45:08.587,success
2341,event-ingest,webhook,2026-09-30 03:45:08.627,success
2342,event-ingest,webhook,2026-09-30 03:45:10.780,success
2343,event-ingest,webhook,2026-09-30 03:45:10.838,success
2344,event-ingest,webhook,2026-09-30 03:45:10.874,success
2345,event-ingest,webhook,2026-09-30 03:45:10.913,success
2346,event-ingest,webhook,2026-09-30 03:45:12.750,success
2347,event-ingest,webhook,2026-09-30 03:45:12.804,success
2348,event-ingest,webhook,2026-09-30 03:45:12.847,success
2349,event-ingest,webhook,2026-09-30 03:45:12.899,success
2350,event-ingest,webhook,2026-09-30 03:45:14.755,success
2351,event-ingest,webhook,2026-09-30 03:45:14.798,success
2352,event-ingest,webhook,2026-09-30 03:45:14.845,success
2353,event-ingest,webhook,2026-09-30 03:45:14.885,success
2354,event-ingest,webhook,2026-09-30 03:45:16.737,success
2355,event-ingest,webhook,2026-09-30 03:45:16.818,success
2356,event-ingest,webhook,2026-09-30 03:45:16.854,success
2357,event-ingest,webhook,2026-09-30 03:45:16.900,success
2358,event-ingest,webhook,2026-09-30 03:45:18.758,success
2359,event-ingest,webhook,2026-09-30 03:45:18.795,success
2360,event-ingest,webhook,2026-09-30 03:45:18.835,success
2361,event-ingest,webhook,2026-09-30 03:45:18.880,success
2362,event-ingest,webhook,2026-09-30 03:45:18.936,success
2363,event-ingest,webhook,2026-09-30 03:45:19.005,success
2364,event-ingest,webhook,2026-09-30 03:45:19.989,success
2365,event-ingest,webhook,2026-09-30 03:45:20.622,success
2366,event-ingest,webhook,2026-09-30 03:45:21.561,success
2367,event-ingest,webhook,2026-09-30 03:45:22.201,success
2368,event-ingest,webhook,2026-09-30 03:45:22.242,success
2369,event-ingest,webhook,2026-09-30 03:45:23.193,success
2370,event-ingest,webhook,2026-09-30 03:45:23.232,success
2371,event-ingest,webhook,2026-09-30 03:45:23.263,success
2372,event-ingest,webhook,2026-09-30 03:45:23.315,success
2373,event-ingest,webhook,2026-09-30 03:45:25.452,success
2374,event-ingest,webhook,2026-09-30 03:45:25.487,success
2375,event-ingest,webhook,2026-09-30 03:45:25.535,success
2376,event-ingest,webhook,2026-09-30 03:45:25.583,success
2377,event-ingest,webhook,2026-09-30 03:45:27.433,success
2378,event-ingest,webhook,2026-09-30 03:45:27.513,success
2379,event-ingest,webhook,2026-09-30 03:45:27.566,success
2380,event-ingest,webhook,2026-09-30 03:45:27.621,success
2381,event-ingest,webhook,2026-09-30 03:45:29.500,success
2382,event-ingest,webhook,2026-09-30 03:45:29.568,success
2383,event-ingest,webhook,2026-09-30 03:45:29.609,success
2384,event-ingest,webhook,2026-09-30 03:45:29.652,success
2385,event-ingest,webhook,2026-09-30 03:45:31.520,success
2386,event-ingest,webhook,2026-09-30 03:45:31.593,success
2387,event-ingest,webhook,2026-09-30 03:45:31.648,success
2388,event-ingest,webhook,2026-09-30 03:45:31.701,success
2389,event-ingest,webhook,2026-09-30 03:45:33.588,success
2390,event-ingest,webhook,2026-09-30 03:45:33.637,success
2391,event-ingest,webhook,2026-09-30 03:45:33.672,success
2392,event-ingest,webhook,2026-09-30 03:45:33.716,success
2393,event-ingest,webhook,2026-09-30 03:45:35.565,success
2394,event-ingest,webhook,2026-09-30 03:45:35.616,success
2395,event-ingest,webhook,2026-09-30 03:45:35.676,success
2396,event-ingest,webhook,2026-09-30 03:45:35.719,success
2397,event-ingest,webhook,2026-09-30 03:45:35.807,success
2398,event-ingest,webhook,2026-09-30 03:45:36.062,success
2399,event-ingest,webhook,2026-09-30 03:45:36.136,success
2400,event-ingest,webhook,2026-09-30 03:45:36.198,success
2401,event-ingest,webhook,2026-09-30 03:45:36.309,success
2402,event-ingest,webhook,2026-09-30 03:45:36.477,success
2403,event-ingest,webhook,2026-09-30 03:45:36.561,success
2404,event-ingest,webhook,2026-09-30 03:45:36.612,success
2405,event-ingest,webhook,2026-09-30 03:45:36.691,success
2406,event-ingest,webhook,2026-09-30 03:45:36.734,success
2407,ioc-extractor,trigger,2026-09-30 04:00:00.067,success
2408,event-ingest,webhook,2026-09-30 04:00:02.722,success
2409,event-ingest,webhook,2026-09-30 04:00:02.793,success
2410,event-ingest,webhook,2026-09-30 04:00:02.894,success
2411,event-ingest,webhook,2026-09-30 04:00:03.178,success
2412,event-ingest,webhook,2026-09-30 04:00:04.512,success
2413,event-ingest,webhook,2026-09-30 04:00:04.570,success
2414,event-ingest,webhook,2026-09-30 04:00:04.605,success
2415,event-ingest,webhook,2026-09-30 04:00:04.662,success
2416,event-ingest,webhook,2026-09-30 04:00:06.805,success
2417,event-ingest,webhook,2026-09-30 04:00:06.846,success
2418,event-ingest,webhook,2026-09-30 04:00:06.894,success
2419,event-ingest,webhook,2026-09-30 04:00:06.947,success
2420,event-ingest,webhook,2026-09-30 04:00:07.305,success
2421,event-ingest,webhook,2026-09-30 04:00:07.385,success
2422,event-ingest,webhook,2026-09-30 04:00:08.359,success
2423,event-ingest,webhook,2026-09-30 04:00:09.310,success
2424,event-ingest,webhook,2026-09-30 04:00:09.963,success
2425,event-ingest,webhook,2026-09-30 04:00:10.911,success
2426,event-ingest,webhook,2026-09-30 04:00:11.565,success
2427,event-ingest,webhook,2026-09-30 04:00:12.513,success
2428,event-ingest,webhook,2026-09-30 04:00:12.605,success
2429,event-ingest,webhook,2026-09-30 04:00:13.567,success
2430,event-ingest,webhook,2026-09-30 04:00:13.612,success
2431,event-ingest,webhook,2026-09-30 04:00:13.654,success
2432,event-ingest,webhook,2026-09-30 04:00:13.717,success
2433,event-ingest,webhook,2026-09-30 04:00:13.792,success
2434,event-ingest,webhook,2026-09-30 04:00:13.851,success
2435,event-ingest,webhook,2026-09-30 04:00:14.804,success
2436,event-ingest,webhook,2026-09-30 04:00:15.461,success
2437,event-ingest,webhook,2026-09-30 04:00:16.414,success
2438,event-ingest,webhook,2026-09-30 04:00:17.053,success
2439,event-ingest,webhook,2026-09-30 04:00:17.999,success
2440,event-ingest,webhook,2026-09-30 04:00:18.636,success
2441,event-ingest,webhook,2026-09-30 04:00:19.574,success
2442,event-ingest,webhook,2026-09-30 04:00:19.612,success
2443,event-ingest,webhook,2026-09-30 04:00:20.550,success
2444,event-ingest,webhook,2026-09-30 04:00:20.605,success
2445,event-ingest,webhook,2026-09-30 04:00:20.661,success
2446,event-ingest,webhook,2026-09-30 04:00:20.714,success
2447,event-ingest,webhook,2026-09-30 04:00:22.564,success
2448,event-ingest,webhook,2026-09-30 04:00:22.603,success
2449,event-ingest,webhook,2026-09-30 04:00:22.664,success
2450,event-ingest,webhook,2026-09-30 04:00:22.705,success
2451,event-ingest,webhook,2026-09-30 04:00:24.552,success
2452,event-ingest,webhook,2026-09-30 04:00:24.595,success
2453,event-ingest,webhook,2026-09-30 04:00:24.704,success
2454,event-ingest,webhook,2026-09-30 04:00:24.927,success
2455,ioc-extractor,trigger,2026-09-30 04:15:00.037,success
2456,event-ingest,webhook,2026-09-30 04:15:02.673,success
2457,event-ingest,webhook,2026-09-30 04:15:02.715,success
2458,event-ingest,webhook,2026-09-30 04:15:02.753,success
2459,event-ingest,webhook,2026-09-30 04:15:02.847,success
2460,event-ingest,webhook,2026-09-30 04:15:04.720,success
2461,event-ingest,webhook,2026-09-30 04:15:04.759,success
2462,event-ingest,webhook,2026-09-30 04:15:04.796,success
2463,event-ingest,webhook,2026-09-30 04:15:04.842,success
2464,event-ingest,webhook,2026-09-30 04:15:06.694,success
2465,event-ingest,webhook,2026-09-30 04:15:06.731,success
2466,event-ingest,webhook,2026-09-30 04:15:06.768,success
2467,event-ingest,webhook,2026-09-30 04:15:06.822,success
2468,event-ingest,webhook,2026-09-30 04:15:08.676,success
2469,event-ingest,webhook,2026-09-30 04:15:08.730,success
2470,event-ingest,webhook,2026-09-30 04:15:08.814,success
2471,event-ingest,webhook,2026-09-30 04:15:08.910,success
2472,event-ingest,webhook,2026-09-30 04:15:10.785,success
2473,event-ingest,webhook,2026-09-30 04:15:10.909,success
2474,event-ingest,webhook,2026-09-30 04:15:11.008,success
2475,event-ingest,webhook,2026-09-30 04:15:11.085,success
2476,event-ingest,webhook,2026-09-30 04:15:11.126,success
2477,event-ingest,webhook,2026-09-30 04:15:11.176,success
2478,event-ingest,webhook,2026-09-30 04:15:12.130,success
2479,event-ingest,webhook,2026-09-30 04:15:13.068,success
2480,event-ingest,webhook,2026-09-30 04:15:13.710,success
2481,event-ingest,webhook,2026-09-30 04:15:14.655,success
2482,event-ingest,webhook,2026-09-30 04:15:15.292,success
2483,event-ingest,webhook,2026-09-30 04:15:16.239,success
2484,event-ingest,webhook,2026-09-30 04:15:16.887,success
2485,event-ingest,webhook,2026-09-30 04:15:16.943,success
2486,event-ingest,webhook,2026-09-30 04:15:17.881,success
2487,event-ingest,webhook,2026-09-30 04:15:17.925,success
2488,event-ingest,webhook,2026-09-30 04:15:17.971,success
2489,event-ingest,webhook,2026-09-30 04:15:18.022,success
2490,event-ingest,webhook,2026-09-30 04:15:18.361,success
2491,event-ingest,webhook,2026-09-30 04:15:18.398,success
2492,event-ingest,webhook,2026-09-30 04:15:19.345,success
2493,event-ingest,webhook,2026-09-30 04:15:19.993,success
2494,event-ingest,webhook,2026-09-30 04:15:20.941,success
2495,event-ingest,webhook,2026-09-30 04:15:21.594,success
2496,event-ingest,webhook,2026-09-30 04:15:21.651,success
2497,event-ingest,webhook,2026-09-30 04:15:22.590,success
2498,event-ingest,webhook,2026-09-30 04:15:22.627,success
2499,event-ingest,webhook,2026-09-30 04:15:22.673,success
2500,event-ingest,webhook,2026-09-30 04:15:22.715,success
2501,event-ingest,webhook,2026-09-30 04:15:24.571,success
2502,event-ingest,webhook,2026-09-30 04:15:24.653,success
2503,event-ingest,webhook,2026-09-30 04:15:24.699,success
2504,event-ingest,webhook,2026-09-30 04:15:24.738,success
2505,event-ingest,webhook,2026-09-30 04:15:26.647,success
2506,event-ingest,webhook,2026-09-30 04:15:26.714,success
2507,event-ingest,webhook,2026-09-30 04:15:26.753,success
2508,event-ingest,webhook,2026-09-30 04:15:26.889,success
2509,event-ingest,webhook,2026-09-30 04:15:27.220,success
2510,event-ingest,webhook,2026-09-30 04:15:27.283,success
2511,ioc-extractor,trigger,2026-09-30 04:30:00.040,success
2512,event-ingest,webhook,2026-09-30 04:30:02.561,success
2513,event-ingest,webhook,2026-09-30 04:30:02.606,success
2514,event-ingest,webhook,2026-09-30 04:30:02.655,success
2515,event-ingest,webhook,2026-09-30 04:30:02.734,success
2516,event-ingest,webhook,2026-09-30 04:30:04.587,success
2517,event-ingest,webhook,2026-09-30 04:30:04.633,success
2518,event-ingest,webhook,2026-09-30 04:30:04.671,success
2519,event-ingest,webhook,2026-09-30 04:30:04.716,success
2520,event-ingest,webhook,2026-09-30 04:30:06.859,success
2521,event-ingest,webhook,2026-09-30 04:30:06.898,success
2522,event-ingest,webhook,2026-09-30 04:30:06.935,success
2523,event-ingest,webhook,2026-09-30 04:30:06.977,success
2524,event-ingest,webhook,2026-09-30 04:30:08.818,success
2525,event-ingest,webhook,2026-09-30 04:30:08.853,success
2526,event-ingest,webhook,2026-09-30 04:30:08.900,success
2527,event-ingest,webhook,2026-09-30 04:30:08.944,success
2528,event-ingest,webhook,2026-09-30 04:30:09.005,success
2529,event-ingest,webhook,2026-09-30 04:30:09.063,success
2530,event-ingest,webhook,2026-09-30 04:30:10.004,success
2531,event-ingest,webhook,2026-09-30 04:30:10.949,success
2532,event-ingest,webhook,2026-09-30 04:30:11.592,success
2533,event-ingest,webhook,2026-09-30 04:30:12.533,success
2534,event-ingest,webhook,2026-09-30 04:30:13.177,success
2535,event-ingest,webhook,2026-09-30 04:30:13.221,success
2536,event-ingest,webhook,2026-09-30 04:30:14.167,success
2537,event-ingest,webhook,2026-09-30 04:30:14.216,success
2538,event-ingest,webhook,2026-09-30 04:30:14.253,success
2539,event-ingest,webhook,2026-09-30 04:30:14.293,success
2540,event-ingest,webhook,2026-09-30 04:30:16.431,success
2541,event-ingest,webhook,2026-09-30 04:30:16.469,success
2542,event-ingest,webhook,2026-09-30 04:30:16.503,success
2543,event-ingest,webhook,2026-09-30 04:30:16.552,success
2544,event-ingest,webhook,2026-09-30 04:30:18.405,success
2545,event-ingest,webhook,2026-09-30 04:30:18.452,success
2546,event-ingest,webhook,2026-09-30 04:30:18.489,success
2547,event-ingest,webhook,2026-09-30 04:30:18.528,success
2548,event-ingest,webhook,2026-09-30 04:30:20.379,success
2549,event-ingest,webhook,2026-09-30 04:30:20.421,success
2550,event-ingest,webhook,2026-09-30 04:30:20.476,success
2551,event-ingest,webhook,2026-09-30 04:30:20.523,success
2552,event-ingest,webhook,2026-09-30 04:30:22.670,success
2553,event-ingest,webhook,2026-09-30 04:30:22.729,success
2554,event-ingest,webhook,2026-09-30 04:30:22.773,success
2555,event-ingest,webhook,2026-09-30 04:30:22.835,success
2556,event-ingest,webhook,2026-09-30 04:30:24.691,success
2557,event-ingest,webhook,2026-09-30 04:30:24.747,success
2558,event-ingest,webhook,2026-09-30 04:30:24.799,success
2559,event-ingest,webhook,2026-09-30 04:30:24.840,success
2560,event-ingest,webhook,2026-09-30 04:30:26.680,success
2561,event-ingest,webhook,2026-09-30 04:30:26.724,success
2562,event-ingest,webhook,2026-09-30 04:30:26.792,success
2563,event-ingest,webhook,2026-09-30 04:30:26.835,success
2564,event-ingest,webhook,2026-09-30 04:30:28.673,success
2565,event-ingest,webhook,2026-09-30 04:30:28.729,success
2566,event-ingest,webhook,2026-09-30 04:30:28.788,success
2567,event-ingest,webhook,2026-09-30 04:30:28.858,success
2568,event-ingest,webhook,2026-09-30 04:30:29.147,success
2569,event-ingest,webhook,2026-09-30 04:30:29.235,success
2570,event-ingest,webhook,2026-09-30 04:30:29.289,success
2571,event-ingest,webhook,2026-09-30 04:30:29.391,success
2572,event-ingest,webhook,2026-09-30 04:30:29.485,success
2573,event-ingest,webhook,2026-09-30 04:30:29.584,success
2574,ioc-extractor,trigger,2026-09-30 04:45:00.036,success
2575,event-ingest,webhook,2026-09-30 04:45:02.756,success
2576,event-ingest,webhook,2026-09-30 04:45:02.795,success
2577,event-ingest,webhook,2026-09-30 04:45:02.831,success
2578,event-ingest,webhook,2026-09-30 04:45:02.870,success
2579,event-ingest,webhook,2026-09-30 04:45:04.732,success
2580,event-ingest,webhook,2026-09-30 04:45:04.771,success
2581,event-ingest,webhook,2026-09-30 04:45:04.807,success
2582,event-ingest,webhook,2026-09-30 04:45:04.852,success
2583,event-ingest,webhook,2026-09-30 04:45:06.706,success
2584,event-ingest,webhook,2026-09-30 04:45:06.751,success
2585,event-ingest,webhook,2026-09-30 04:45:06.800,success
2586,event-ingest,webhook,2026-09-30 04:45:06.840,success
2587,event-ingest,webhook,2026-09-30 04:45:08.988,success
2588,event-ingest,webhook,2026-09-30 04:45:09.028,success
2589,event-ingest,webhook,2026-09-30 04:45:09.070,success
2590,event-ingest,webhook,2026-09-30 04:45:09.115,success
2591,event-ingest,webhook,2026-09-30 04:45:10.958,success
2592,event-ingest,webhook,2026-09-30 04:45:11.008,success
2593,event-ingest,webhook,2026-09-30 04:45:11.063,success
2594,event-ingest,webhook,2026-09-30 04:45:11.109,success
2595,event-ingest,webhook,2026-09-30 04:45:11.442,success
2596,event-ingest,webhook,2026-09-30 04:45:11.479,success
2597,event-ingest,webhook,2026-09-30 04:45:12.432,success
2598,event-ingest,webhook,2026-09-30 04:45:13.073,success
2599,event-ingest,webhook,2026-09-30 04:45:14.028,success
2600,event-ingest,webhook,2026-09-30 04:45:14.676,success
2601,event-ingest,webhook,2026-09-30 04:45:15.634,success
2602,event-ingest,webhook,2026-09-30 04:45:15.675,success
2603,event-ingest,webhook,2026-09-30 04:45:16.619,success
2604,event-ingest,webhook,2026-09-30 04:45:16.831,success
2605,event-ingest,webhook,2026-09-30 04:45:16.921,success
2606,event-ingest,webhook,2026-09-30 04:45:16.979,success
2607,ioc-extractor,trigger,2026-09-30 05:00:00.053,success
2608,report-generator,trigger,2026-09-30 05:00:00.061,success
2609,event-ingest,webhook,2026-09-30 05:00:02.487,success
2610,event-ingest,webhook,2026-09-30 05:00:02.527,success
2611,event-ingest,webhook,2026-09-30 05:00:02.564,success
2612,event-ingest,webhook,2026-09-30 05:00:02.621,success
2613,event-ingest,webhook,2026-09-30 05:00:04.479,success
2614,event-ingest,webhook,2026-09-30 05:00:04.521,success
2615,event-ingest,webhook,2026-09-30 05:00:04.553,success
2616,event-ingest,webhook,2026-09-30 05:00:04.606,success
2617,event-ingest,webhook,2026-09-30 05:00:06.744,success
2618,event-ingest,webhook,2026-09-30 05:00:06.798,success
2619,event-ingest,webhook,2026-09-30 05:00:06.835,success
2620,event-ingest,webhook,2026-09-30 05:00:06.875,success
2621,event-ingest,webhook,2026-09-30 05:00:08.732,success
2622,event-ingest,webhook,2026-09-30 05:00:08.771,success
2623,event-ingest,webhook,2026-09-30 05:00:08.813,success
2624,event-ingest,webhook,2026-09-30 05:00:08.851,success
2625,event-ingest,webhook,2026-09-30 05:00:10.700,success
2626,event-ingest,webhook,2026-09-30 05:00:10.740,success
2627,event-ingest,webhook,2026-09-30 05:00:10.779,success
2628,event-ingest,webhook,2026-09-30 05:00:10.828,success
2629,event-ingest,webhook,2026-09-30 05:00:12.677,success
2630,event-ingest,webhook,2026-09-30 05:00:12.736,success
2631,event-ingest,webhook,2026-09-30 05:00:12.789,success
2632,event-ingest,webhook,2026-09-30 05:00:12.838,success
2633,event-ingest,webhook,2026-09-30 05:00:14.986,success
2634,event-ingest,webhook,2026-09-30 05:00:15.031,success
2635,event-ingest,webhook,2026-09-30 05:00:15.081,success
2636,event-ingest,webhook,2026-09-30 05:00:15.163,success
2637,event-ingest,webhook,2026-09-30 05:00:17.006,success
2638,event-ingest,webhook,2026-09-30 05:00:17.043,success
2639,event-ingest,webhook,2026-09-30 05:00:17.082,success
2640,event-ingest,webhook,2026-09-30 05:00:17.127,success
2641,event-ingest,webhook,2026-09-30 05:00:17.172,success
2642,event-ingest,webhook,2026-09-30 05:00:17.224,success
2643,event-ingest,webhook,2026-09-30 05:00:18.177,success
2644,event-ingest,webhook,2026-09-30 05:00:18.823,success
2645,event-ingest,webhook,2026-09-30 05:00:19.760,success
2646,event-ingest,webhook,2026-09-30 05:00:20.707,success
2647,event-ingest,webhook,2026-09-30 05:00:21.369,success
2648,event-ingest,webhook,2026-09-30 05:00:21.416,success
2649,event-ingest,webhook,2026-09-30 05:00:22.359,success
2650,event-ingest,webhook,2026-09-30 05:00:22.396,success
2651,event-ingest,webhook,2026-09-30 05:00:22.442,success
2652,event-ingest,webhook,2026-09-30 05:00:22.490,success
2653,event-ingest,webhook,2026-09-30 05:00:24.335,success
2654,event-ingest,webhook,2026-09-30 05:00:24.410,success
2655,event-ingest,webhook,2026-09-30 05:00:24.482,success
2656,event-ingest,webhook,2026-09-30 05:00:24.648,success
2657,event-ingest,webhook,2026-09-30 05:00:24.813,success
2658,event-ingest,webhook,2026-09-30 05:00:24.903,success
2659,event-ingest,webhook,2026-09-30 05:00:24.984,success
2660,event-ingest,webhook,2026-09-30 05:00:25.071,success
2661,ioc-extractor,trigger,2026-09-30 05:15:00.036,success
2662,event-ingest,webhook,2026-09-30 05:15:02.749,success
2663,event-ingest,webhook,2026-09-30 05:15:02.794,success
2664,event-ingest,webhook,2026-09-30 05:15:02.876,success
2665,event-ingest,webhook,2026-09-30 05:15:02.921,success
2666,event-ingest,webhook,2026-09-30 05:15:04.771,success
2667,event-ingest,webhook,2026-09-30 05:15:04.813,success
2668,event-ingest,webhook,2026-09-30 05:15:04.856,success
2669,event-ingest,webhook,2026-09-30 05:15:04.897,success
2670,event-ingest,webhook,2026-09-30 05:15:06.742,success
2671,event-ingest,webhook,2026-09-30 05:15:06.786,success
2672,event-ingest,webhook,2026-09-30 05:15:06.822,success
2673,event-ingest,webhook,2026-09-30 05:15:06.869,success
2674,event-ingest,webhook,2026-09-30 05:15:08.726,success
2675,event-ingest,webhook,2026-09-30 05:15:08.766,success
2676,event-ingest,webhook,2026-09-30 05:15:08.809,success
2677,event-ingest,webhook,2026-09-30 05:15:08.853,success
2678,event-ingest,webhook,2026-09-30 05:15:11.004,success
2679,event-ingest,webhook,2026-09-30 05:15:11.047,success
2680,event-ingest,webhook,2026-09-30 05:15:11.088,success
2681,event-ingest,webhook,2026-09-30 05:15:11.129,success
2682,event-ingest,webhook,2026-09-30 05:15:12.973,success
2683,event-ingest,webhook,2026-09-30 05:15:13.026,success
2684,event-ingest,webhook,2026-09-30 05:15:13.064,success
2685,event-ingest,webhook,2026-09-30 05:15:13.156,success
2686,event-ingest,webhook,2026-09-30 05:15:15.003,success
2687,event-ingest,webhook,2026-09-30 05:15:15.043,success
2688,event-ingest,webhook,2026-09-30 05:15:15.076,success
2689,event-ingest,webhook,2026-09-30 05:15:15.119,success
2690,event-ingest,webhook,2026-09-30 05:15:16.960,success
2691,event-ingest,webhook,2026-09-30 05:15:17.004,success
2692,event-ingest,webhook,2026-09-30 05:15:17.053,success
2693,event-ingest,webhook,2026-09-30 05:15:17.105,success
2694,event-ingest,webhook,2026-09-30 05:15:17.192,success
2695,event-ingest,webhook,2026-09-30 05:15:17.237,success
2696,event-ingest,webhook,2026-09-30 05:15:18.183,success
2697,event-ingest,webhook,2026-09-30 05:15:19.132,success
2698,event-ingest,webhook,2026-09-30 05:15:19.778,success
2699,event-ingest,webhook,2026-09-30 05:15:20.749,success
2700,event-ingest,webhook,2026-09-30 05:15:21.396,success
2701,event-ingest,webhook,2026-09-30 05:15:21.445,success
2702,event-ingest,webhook,2026-09-30 05:15:22.381,success
2703,event-ingest,webhook,2026-09-30 05:15:22.421,success
2704,event-ingest,webhook,2026-09-30 05:15:22.464,success
2705,event-ingest,webhook,2026-09-30 05:15:22.516,success
2706,event-ingest,webhook,2026-09-30 05:15:24.647,success
2707,event-ingest,webhook,2026-09-30 05:15:24.689,success
2708,event-ingest,webhook,2026-09-30 05:15:24.726,success
2709,event-ingest,webhook,2026-09-30 05:15:24.775,success
2710,event-ingest,webhook,2026-09-30 05:15:26.632,success
2711,event-ingest,webhook,2026-09-30 05:15:26.688,success
2712,event-ingest,webhook,2026-09-30 05:15:26.745,success
2713,event-ingest,webhook,2026-09-30 05:15:26.791,success
2714,event-ingest,webhook,2026-09-30 05:15:28.639,success
2715,event-ingest,webhook,2026-09-30 05:15:28.697,success
2716,event-ingest,webhook,2026-09-30 05:15:28.743,success
2717,event-ingest,webhook,2026-09-30 05:15:28.778,success
2718,event-ingest,webhook,2026-09-30 05:15:30.620,success
2719,event-ingest,webhook,2026-09-30 05:15:30.669,success
2720,event-ingest,webhook,2026-09-30 05:15:30.751,success
2721,event-ingest,webhook,2026-09-30 05:15:30.795,success
2722,event-ingest,webhook,2026-09-30 05:15:31.029,success
2723,event-ingest,webhook,2026-09-30 05:15:31.129,success
2724,event-ingest,webhook,2026-09-30 05:15:31.209,success
2725,event-ingest,webhook,2026-09-30 05:15:31.298,success
2726,event-ingest,webhook,2026-09-30 05:15:31.398,success
2727,event-ingest,webhook,2026-09-30 05:15:31.537,success
2728,event-ingest,webhook,2026-09-30 05:15:31.619,success
2729,ioc-extractor,trigger,2026-09-30 05:30:00.049,success
2730,event-ingest,webhook,2026-09-30 05:30:02.441,success
2731,event-ingest,webhook,2026-09-30 05:30:02.480,success
2732,event-ingest,webhook,2026-09-30 05:30:02.516,success
2733,event-ingest,webhook,2026-09-30 05:30:02.565,success
2734,event-ingest,webhook,2026-09-30 05:30:04.410,success
2735,event-ingest,webhook,2026-09-30 05:30:04.463,success
2736,event-ingest,webhook,2026-09-30 05:30:04.532,success
2737,event-ingest,webhook,2026-09-30 05:30:04.576,success
2738,event-ingest,webhook,2026-09-30 05:30:06.425,success
2739,event-ingest,webhook,2026-09-30 05:30:06.464,success
2740,event-ingest,webhook,2026-09-30 05:30:06.552,success
2741,event-ingest,webhook,2026-09-30 05:30:06.645,success
2742,event-ingest,webhook,2026-09-30 05:30:06.704,success
2743,event-ingest,webhook,2026-09-30 05:30:06.765,success
2744,event-ingest,webhook,2026-09-30 05:30:07.727,success
2745,event-ingest,webhook,2026-09-30 05:30:08.685,success
2746,event-ingest,webhook,2026-09-30 05:30:09.338,success
2747,event-ingest,webhook,2026-09-30 05:30:10.285,success
2748,event-ingest,webhook,2026-09-30 05:30:10.938,success
2749,event-ingest,webhook,2026-09-30 05:30:10.993,success
2750,event-ingest,webhook,2026-09-30 05:30:11.938,success
2751,event-ingest,webhook,2026-09-30 05:30:11.983,success
2752,event-ingest,webhook,2026-09-30 05:30:12.016,success
2753,event-ingest,webhook,2026-09-30 05:30:12.060,success
2754,event-ingest,webhook,2026-09-30 05:30:14.209,success
2755,event-ingest,webhook,2026-09-30 05:30:14.256,success
2756,event-ingest,webhook,2026-09-30 05:30:14.332,success
2757,event-ingest,webhook,2026-09-30 05:30:14.413,success
2758,event-ingest,webhook,2026-09-30 05:30:16.275,success
2759,event-ingest,webhook,2026-09-30 05:30:16.329,success
2760,event-ingest,webhook,2026-09-30 05:30:16.364,success
2761,event-ingest,webhook,2026-09-30 05:30:16.405,success
2762,event-ingest,webhook,2026-09-30 05:30:18.251,success
2763,event-ingest,webhook,2026-09-30 05:30:18.299,success
2764,event-ingest,webhook,2026-09-30 05:30:18.335,success
2765,event-ingest,webhook,2026-09-30 05:30:18.375,success
2766,event-ingest,webhook,2026-09-30 05:30:20.220,success
2767,event-ingest,webhook,2026-09-30 05:30:20.260,success
2768,event-ingest,webhook,2026-09-30 05:30:20.305,success
2769,event-ingest,webhook,2026-09-30 05:30:20.389,success
2770,event-ingest,webhook,2026-09-30 05:30:22.240,success
2771,event-ingest,webhook,2026-09-30 05:30:22.309,success
2772,event-ingest,webhook,2026-09-30 05:30:22.361,success
2773,event-ingest,webhook,2026-09-30 05:30:22.397,success
2774,event-ingest,webhook,2026-09-30 05:30:24.550,success
2775,event-ingest,webhook,2026-09-30 05:30:24.597,success
2776,event-ingest,webhook,2026-09-30 05:30:24.629,success
2777,event-ingest,webhook,2026-09-30 05:30:24.673,success
2778,event-ingest,webhook,2026-09-30 05:30:26.537,success
2779,event-ingest,webhook,2026-09-30 05:30:26.618,success
2780,event-ingest,webhook,2026-09-30 05:30:26.694,success
2781,event-ingest,webhook,2026-09-30 05:30:26.866,success
2782,event-ingest,webhook,2026-09-30 05:30:28.425,success
2783,event-ingest,webhook,2026-09-30 05:30:28.467,success
2784,event-ingest,webhook,2026-09-30 05:30:28.506,success
2785,event-ingest,webhook,2026-09-30 05:30:28.559,success
2786,event-ingest,webhook,2026-09-30 05:30:30.691,success
2787,event-ingest,webhook,2026-09-30 05:30:30.730,success
2788,event-ingest,webhook,2026-09-30 05:30:30.767,success
2789,event-ingest,webhook,2026-09-30 05:30:30.819,success
2790,event-ingest,webhook,2026-09-30 05:30:32.654,success
2791,event-ingest,webhook,2026-09-30 05:30:32.692,success
2792,event-ingest,webhook,2026-09-30 05:30:32.807,success
2793,event-ingest,webhook,2026-09-30 05:30:33.026,success
2794,event-ingest,webhook,2026-09-30 05:30:33.168,success
2795,event-ingest,webhook,2026-09-30 05:30:33.290,success
2796,event-ingest,webhook,2026-09-30 05:30:33.346,success
2797,event-ingest,webhook,2026-09-30 05:30:33.413,success
2798,event-ingest,webhook,2026-09-30 05:30:33.585,success
2799,event-ingest,webhook,2026-09-30 05:30:33.650,success
2800,event-ingest,webhook,2026-09-30 05:30:33.705,success
2801,event-ingest,webhook,2026-09-30 05:30:33.800,success
2802,ioc-extractor,trigger,2026-09-30 05:45:00.073,success
2803,event-ingest,webhook,2026-09-30 05:45:03.358,success
2804,event-ingest,webhook,2026-09-30 05:45:03.405,success
2805,event-ingest,webhook,2026-09-30 05:45:03.495,success
2806,event-ingest,webhook,2026-09-30 05:45:03.566,success
2807,event-ingest,webhook,2026-09-30 05:45:05.461,success
2808,event-ingest,webhook,2026-09-30 05:45:05.556,success
2809,event-ingest,webhook,2026-09-30 05:45:05.647,success
2810,event-ingest,webhook,2026-09-30 05:45:05.943,success
2811,event-ingest,webhook,2026-09-30 05:45:07.956,success
2812,event-ingest,webhook,2026-09-30 05:45:08.032,success
2813,event-ingest,webhook,2026-09-30 05:45:08.133,success
2814,event-ingest,webhook,2026-09-30 05:45:08.248,success
2815,event-ingest,webhook,2026-09-30 05:45:09.830,success
2816,event-ingest,webhook,2026-09-30 05:45:09.926,success
2817,event-ingest,webhook,2026-09-30 05:45:10.028,success
2818,event-ingest,webhook,2026-09-30 05:45:10.189,success
2819,event-ingest,webhook,2026-09-30 05:45:12.347,success
2820,event-ingest,webhook,2026-09-30 05:45:12.427,success
2821,event-ingest,webhook,2026-09-30 05:45:12.532,success
2822,event-ingest,webhook,2026-09-30 05:45:12.649,success
2823,event-ingest,webhook,2026-09-30 05:45:12.752,success
2824,event-ingest,webhook,2026-09-30 05:45:12.859,success
2825,event-ingest,webhook,2026-09-30 05:45:13.845,success
2826,event-ingest,webhook,2026-09-30 05:45:14.489,success
2827,event-ingest,webhook,2026-09-30 05:45:15.432,success
2828,event-ingest,webhook,2026-09-30 05:45:16.382,success
2829,event-ingest,webhook,2026-09-30 05:45:16.426,success
2830,event-ingest,webhook,2026-09-30 05:45:17.371,success
2831,event-ingest,webhook,2026-09-30 05:45:17.422,success
2832,event-ingest,webhook,2026-09-30 05:45:17.470,success
2833,event-ingest,webhook,2026-09-30 05:45:17.544,success
2834,event-ingest,webhook,2026-09-30 05:45:19.400,success
2835,event-ingest,webhook,2026-09-30 05:45:19.438,success
2836,event-ingest,webhook,2026-09-30 05:45:19.479,success
2837,event-ingest,webhook,2026-09-30 05:45:19.524,success
2838,event-ingest,webhook,2026-09-30 05:45:21.380,success
2839,event-ingest,webhook,2026-09-30 05:45:21.428,success
2840,event-ingest,webhook,2026-09-30 05:45:21.482,success
2841,event-ingest,webhook,2026-09-30 05:45:21.518,success
2842,event-ingest,webhook,2026-09-30 05:45:23.362,success
2843,event-ingest,webhook,2026-09-30 05:45:23.400,success
2844,event-ingest,webhook,2026-09-30 05:45:23.465,success
2845,event-ingest,webhook,2026-09-30 05:45:23.512,success
2846,event-ingest,webhook,2026-09-30 05:45:25.388,success
2847,event-ingest,webhook,2026-09-30 05:45:25.455,success
2848,event-ingest,webhook,2026-09-30 05:45:25.500,success
2849,event-ingest,webhook,2026-09-30 05:45:25.543,success
2850,event-ingest,webhook,2026-09-30 05:45:27.406,success
2851,event-ingest,webhook,2026-09-30 05:45:27.488,success
2852,event-ingest,webhook,2026-09-30 05:45:27.562,success
2853,event-ingest,webhook,2026-09-30 05:45:27.601,success
2854,event-ingest,webhook,2026-09-30 05:45:29.479,success
2855,event-ingest,webhook,2026-09-30 05:45:29.621,success
2856,event-ingest,webhook,2026-09-30 05:45:29.880,success
2857,event-ingest,webhook,2026-09-30 05:45:30.210,success
2858,event-ingest,webhook,2026-09-30 05:45:30.594,success
2859,event-ingest,webhook,2026-09-30 05:45:30.787,success
2860,event-ingest,webhook,2026-09-30 05:45:30.944,success
2861,event-ingest,webhook,2026-09-30 05:45:31.142,success
2862,event-ingest,webhook,2026-09-30 05:45:31.350,success
2863,event-ingest,webhook,2026-09-30 05:45:31.473,success
2864,ioc-extractor,trigger,2026-09-30 06:00:00.033,success
2865,event-ingest,webhook,2026-09-30 06:00:03.734,success
2866,event-ingest,webhook,2026-09-30 06:00:03.786,success
2867,event-ingest,webhook,2026-09-30 06:00:03.846,success
2868,event-ingest,webhook,2026-09-30 06:00:03.926,success
2869,event-ingest,webhook,2026-09-30 06:00:05.787,success
2870,event-ingest,webhook,2026-09-30 06:00:05.878,success
2871,event-ingest,webhook,2026-09-30 06:00:05.981,success
2872,event-ingest,webhook,2026-09-30 06:00:06.098,success
2873,event-ingest,webhook,2026-09-30 06:00:07.654,success
2874,event-ingest,webhook,2026-09-30 06:00:07.704,success
2875,event-ingest,webhook,2026-09-30 06:00:07.752,success
2876,event-ingest,webhook,2026-09-30 06:00:07.809,success
2877,event-ingest,webhook,2026-09-30 06:00:09.948,success
2878,event-ingest,webhook,2026-09-30 06:00:09.993,success
2879,event-ingest,webhook,2026-09-30 06:00:10.042,success
2880,event-ingest,webhook,2026-09-30 06:00:10.091,success
2881,event-ingest,webhook,2026-09-30 06:00:11.929,success
2882,event-ingest,webhook,2026-09-30 06:00:11.973,success
2883,event-ingest,webhook,2026-09-30 06:00:12.018,success
2884,event-ingest,webhook,2026-09-30 06:00:12.068,success
2885,event-ingest,webhook,2026-09-30 06:00:13.917,success
2886,event-ingest,webhook,2026-09-30 06:00:13.957,success
2887,event-ingest,webhook,2026-09-30 06:00:13.995,success
2888,event-ingest,webhook,2026-09-30 06:00:14.070,success
2889,event-ingest,webhook,2026-09-30 06:00:15.918,success
2890,event-ingest,webhook,2026-09-30 06:00:15.955,success
2891,event-ingest,webhook,2026-09-30 06:00:16.001,success
2892,event-ingest,webhook,2026-09-30 06:00:16.053,success
2893,event-ingest,webhook,2026-09-30 06:00:18.215,success
2894,event-ingest,webhook,2026-09-30 06:00:18.250,success
2895,event-ingest,webhook,2026-09-30 06:00:18.284,success
2896,event-ingest,webhook,2026-09-30 06:00:18.333,success
2897,event-ingest,webhook,2026-09-30 06:00:20.180,success
2898,event-ingest,webhook,2026-09-30 06:00:20.223,success
2899,event-ingest,webhook,2026-09-30 06:00:20.267,success
2900,event-ingest,webhook,2026-09-30 06:00:20.309,success
2901,event-ingest,webhook,2026-09-30 06:00:22.150,success
2902,event-ingest,webhook,2026-09-30 06:00:22.186,success
2903,event-ingest,webhook,2026-09-30 06:00:22.225,success
2904,event-ingest,webhook,2026-09-30 06:00:22.259,success
2905,event-ingest,webhook,2026-09-30 06:00:24.412,success
2906,event-ingest,webhook,2026-09-30 06:00:24.462,success
2907,event-ingest,webhook,2026-09-30 06:00:24.499,success
2908,event-ingest,webhook,2026-09-30 06:00:24.545,success
2909,event-ingest,webhook,2026-09-30 06:00:26.384,success
2910,event-ingest,webhook,2026-09-30 06:00:26.424,success
2911,event-ingest,webhook,2026-09-30 06:00:26.483,success
2912,event-ingest,webhook,2026-09-30 06:00:26.541,success
2913,event-ingest,webhook,2026-09-30 06:00:26.616,success
2914,event-ingest,webhook,2026-09-30 06:00:26.705,success
2915,event-ingest,webhook,2026-09-30 06:00:27.667,success
2916,event-ingest,webhook,2026-09-30 06:00:28.322,success
2917,event-ingest,webhook,2026-09-30 06:00:29.273,success
2918,event-ingest,webhook,2026-09-30 06:00:29.920,success
2919,event-ingest,webhook,2026-09-30 06:00:30.876,success
2920,event-ingest,webhook,2026-09-30 06:00:31.521,success
2921,event-ingest,webhook,2026-09-30 06:00:31.563,success
2922,event-ingest,webhook,2026-09-30 06:00:32.511,success
2923,event-ingest,webhook,2026-09-30 06:00:32.563,success
2924,event-ingest,webhook,2026-09-30 06:00:32.604,success
2925,event-ingest,webhook,2026-09-30 06:00:32.653,success
2926,event-ingest,webhook,2026-09-30 06:00:32.710,success
2927,event-ingest,webhook,2026-09-30 06:00:32.925,success
2928,event-ingest,webhook,2026-09-30 06:00:33.109,success
2929,event-ingest,webhook,2026-09-30 06:00:33.213,success
2930,event-ingest,webhook,2026-09-30 06:00:33.267,success
2931,event-ingest,webhook,2026-09-30 06:00:33.377,success
2932,event-ingest,webhook,2026-09-30 06:00:33.524,success
2933,ioc-extractor,trigger,2026-09-30 06:15:00.035,success
2934,event-ingest,webhook,2026-09-30 06:15:02.519,success
2935,event-ingest,webhook,2026-09-30 06:15:02.575,success
2936,event-ingest,webhook,2026-09-30 06:15:02.619,success
2937,event-ingest,webhook,2026-09-30 06:15:02.669,success
2938,event-ingest,webhook,2026-09-30 06:15:04.527,success
2939,event-ingest,webhook,2026-09-30 06:15:04.609,success
2940,event-ingest,webhook,2026-09-30 06:15:04.668,success
2941,event-ingest,webhook,2026-09-30 06:15:04.736,success
2942,event-ingest,webhook,2026-09-30 06:15:06.589,success
2943,event-ingest,webhook,2026-09-30 06:15:06.656,success
2944,event-ingest,webhook,2026-09-30 06:15:06.710,success
2945,event-ingest,webhook,2026-09-30 06:15:06.780,success
2946,event-ingest,webhook,2026-09-30 06:15:06.835,success
2947,event-ingest,webhook,2026-09-30 06:15:06.895,success
2948,event-ingest,webhook,2026-09-30 06:15:07.853,success
2949,event-ingest,webhook,2026-09-30 06:15:08.806,success
2950,event-ingest,webhook,2026-09-30 06:15:09.461,success
2951,event-ingest,webhook,2026-09-30 06:15:10.395,success
2952,event-ingest,webhook,2026-09-30 06:15:11.031,success
2953,event-ingest,webhook,2026-09-30 06:15:11.972,success
2954,event-ingest,webhook,2026-09-30 06:15:12.022,success
2955,event-ingest,webhook,2026-09-30 06:15:12.966,success
2956,event-ingest,webhook,2026-09-30 06:15:13.014,success
2957,event-ingest,webhook,2026-09-30 06:15:13.058,success
2958,event-ingest,webhook,2026-09-30 06:15:13.110,success
2959,event-ingest,webhook,2026-09-30 06:15:14.949,success
2960,event-ingest,webhook,2026-09-30 06:15:14.991,success
2961,event-ingest,webhook,2026-09-30 06:15:15.043,success
2962,event-ingest,webhook,2026-09-30 06:15:15.104,success
2963,event-ingest,webhook,2026-09-30 06:15:16.974,success
2964,event-ingest,webhook,2026-09-30 06:15:17.031,success
2965,event-ingest,webhook,2026-09-30 06:15:17.118,success
2966,event-ingest,webhook,2026-09-30 06:15:17.205,success
2967,event-ingest,webhook,2026-09-30 06:15:19.058,success
2968,event-ingest,webhook,2026-09-30 06:15:19.107,success
2969,event-ingest,webhook,2026-09-30 06:15:19.158,success
2970,event-ingest,webhook,2026-09-30 06:15:19.196,success
2971,event-ingest,webhook,2026-09-30 06:15:21.037,success
2972,event-ingest,webhook,2026-09-30 06:15:21.075,success
2973,event-ingest,webhook,2026-09-30 06:15:21.139,success
2974,event-ingest,webhook,2026-09-30 06:15:21.187,success
2975,event-ingest,webhook,2026-09-30 06:15:23.349,success
2976,event-ingest,webhook,2026-09-30 06:15:23.496,success
2977,event-ingest,webhook,2026-09-30 06:15:23.627,success
2978,event-ingest,webhook,2026-09-30 06:15:23.686,success
2979,event-ingest,webhook,2026-09-30 06:15:23.771,success
2980,event-ingest,webhook,2026-09-30 06:15:23.852,success
2981,event-ingest,webhook,2026-09-30 06:15:23.941,success
2982,ioc-extractor,trigger,2026-09-30 06:30:00.029,success
2983,event-ingest,webhook,2026-09-30 06:30:03.733,success
2984,event-ingest,webhook,2026-09-30 06:30:03.841,success
2985,event-ingest,webhook,2026-09-30 06:30:03.959,success
2986,event-ingest,webhook,2026-09-30 06:30:04.099,success
2987,event-ingest,webhook,2026-09-30 06:30:05.649,success
2988,event-ingest,webhook,2026-09-30 06:30:05.769,success
2989,event-ingest,webhook,2026-09-30 06:30:05.843,success
2990,event-ingest,webhook,2026-09-30 06:30:05.933,success
2991,event-ingest,webhook,2026-09-30 06:30:06.296,success
2992,event-ingest,webhook,2026-09-30 06:30:06.337,success
2993,event-ingest,webhook,2026-09-30 06:30:07.293,success
2994,event-ingest,webhook,2026-09-30 06:30:07.944,success
2995,event-ingest,webhook,2026-09-30 06:30:08.885,success
2996,event-ingest,webhook,2026-09-30 06:30:09.522,success
2997,event-ingest,webhook,2026-09-30 06:30:09.575,success
2998,event-ingest,webhook,2026-09-30 06:30:10.520,success
2999,event-ingest,webhook,2026-09-30 06:30:10.569,success
3000,event-ingest,webhook,2026-09-30 06:30:10.621,success
3001,event-ingest,webhook,2026-09-30 06:30:10.702,success
3002,event-ingest,webhook,2026-09-30 06:30:12.561,success
3003,event-ingest,webhook,2026-09-30 06:30:12.608,success
3004,event-ingest,webhook,2026-09-30 06:30:12.662,success
3005,event-ingest,webhook,2026-09-30 06:30:12.714,success
3006,event-ingest,webhook,2026-09-30 06:30:14.560,success
3007,event-ingest,webhook,2026-09-30 06:30:14.610,success
3008,event-ingest,webhook,2026-09-30 06:30:14.663,success
3009,event-ingest,webhook,2026-09-30 06:30:14.754,success
3010,event-ingest,webhook,2026-09-30 06:30:16.906,success
3011,event-ingest,webhook,2026-09-30 06:30:16.964,success
3012,event-ingest,webhook,2026-09-30 06:30:17.029,success
3013,event-ingest,webhook,2026-09-30 06:30:17.146,success
3014,event-ingest,webhook,2026-09-30 06:30:18.724,success
3015,event-ingest,webhook,2026-09-30 06:30:18.774,success
3016,event-ingest,webhook,2026-09-30 06:30:18.821,success
3017,event-ingest,webhook,2026-09-30 06:30:18.910,success
3018,event-ingest,webhook,2026-09-30 06:30:20.762,success
3019,event-ingest,webhook,2026-09-30 06:30:20.811,success
3020,event-ingest,webhook,2026-09-30 06:30:20.856,success
3021,event-ingest,webhook,2026-09-30 06:30:20.900,success
3022,event-ingest,webhook,2026-09-30 06:30:23.046,success
3023,event-ingest,webhook,2026-09-30 06:30:23.155,success
3024,event-ingest,webhook,2026-09-30 06:30:23.282,success
3025,event-ingest,webhook,2026-09-30 06:30:23.356,success
3026,event-ingest,webhook,2026-09-30 06:30:24.916,success
3027,event-ingest,webhook,2026-09-30 06:30:24.991,success
3028,event-ingest,webhook,2026-09-30 06:30:25.076,success
3029,event-ingest,webhook,2026-09-30 06:30:25.310,success
3030,event-ingest,webhook,2026-09-30 06:30:27.182,success
3031,event-ingest,webhook,2026-09-30 06:30:27.240,success
3032,event-ingest,webhook,2026-09-30 06:30:27.388,success
3033,event-ingest,webhook,2026-09-30 06:30:27.669,success
3034,event-ingest,webhook,2026-09-30 06:30:29.003,success
3035,event-ingest,webhook,2026-09-30 06:30:29.050,success
3036,event-ingest,webhook,2026-09-30 06:30:29.091,success
3037,event-ingest,webhook,2026-09-30 06:30:29.156,success
3038,event-ingest,webhook,2026-09-30 06:30:31.316,success
3039,event-ingest,webhook,2026-09-30 06:30:31.389,success
3040,event-ingest,webhook,2026-09-30 06:30:31.433,success
3041,event-ingest,webhook,2026-09-30 06:30:31.497,success
3042,event-ingest,webhook,2026-09-30 06:30:33.341,success
3043,event-ingest,webhook,2026-09-30 06:30:33.403,success
3044,event-ingest,webhook,2026-09-30 06:30:33.482,success
3045,event-ingest,webhook,2026-09-30 06:30:33.601,success
3046,event-ingest,webhook,2026-09-30 06:30:35.251,success
3047,event-ingest,webhook,2026-09-30 06:30:35.345,success
3048,event-ingest,webhook,2026-09-30 06:30:35.514,success
3049,event-ingest,webhook,2026-09-30 06:30:35.798,success
3050,event-ingest,webhook,2026-09-30 06:30:36.037,success
3051,event-ingest,webhook,2026-09-30 06:30:36.257,success
3052,event-ingest,webhook,2026-09-30 06:30:36.395,success
3053,event-ingest,webhook,2026-09-30 06:30:36.526,success
3054,event-ingest,webhook,2026-09-30 06:30:36.666,success
3055,event-ingest,webhook,2026-09-30 06:30:36.835,success
3056,event-ingest,webhook,2026-09-30 06:30:36.925,success
3057,event-ingest,webhook,2026-09-30 06:30:37.009,success
3058,event-ingest,webhook,2026-09-30 06:30:37.093,success
3059,ioc-extractor,trigger,2026-09-30 06:45:00.052,success
3060,event-ingest,webhook,2026-09-30 06:45:03.194,success
3061,event-ingest,webhook,2026-09-30 06:45:03.254,success
3062,event-ingest,webhook,2026-09-30 06:45:03.338,success
3063,event-ingest,webhook,2026-09-30 06:45:03.389,success
3064,event-ingest,webhook,2026-09-30 06:45:03.473,success
3065,event-ingest,webhook,2026-09-30 06:45:03.539,success
3066,event-ingest,webhook,2026-09-30 06:45:04.485,success
3067,event-ingest,webhook,2026-09-30 06:45:05.438,success
3068,event-ingest,webhook,2026-09-30 06:45:06.080,success
3069,event-ingest,webhook,2026-09-30 06:45:07.019,success
3070,event-ingest,webhook,2026-09-30 06:45:07.658,success
3071,event-ingest,webhook,2026-09-30 06:45:07.707,success
3072,event-ingest,webhook,2026-09-30 06:45:08.648,success
3073,event-ingest,webhook,2026-09-30 06:45:08.692,success
3074,event-ingest,webhook,2026-09-30 06:45:08.739,success
3075,event-ingest,webhook,2026-09-30 06:45:08.794,success
3076,event-ingest,webhook,2026-09-30 06:45:10.638,success
3077,event-ingest,webhook,2026-09-30 06:45:10.682,success
3078,event-ingest,webhook,2026-09-30 06:45:10.721,success
3079,event-ingest,webhook,2026-09-30 06:45:10.766,success
3080,event-ingest,webhook,2026-09-30 06:45:12.916,success
3081,event-ingest,webhook,2026-09-30 06:45:12.968,success
3082,event-ingest,webhook,2026-09-30 06:45:13.017,success
3083,event-ingest,webhook,2026-09-30 06:45:13.075,success
3084,event-ingest,webhook,2026-09-30 06:45:14.922,success
3085,event-ingest,webhook,2026-09-30 06:45:14.968,success
3086,event-ingest,webhook,2026-09-30 06:45:15.013,success
3087,event-ingest,webhook,2026-09-30 06:45:15.060,success
3088,event-ingest,webhook,2026-09-30 06:45:16.909,success
3089,event-ingest,webhook,2026-09-30 06:45:16.962,success
3090,event-ingest,webhook,2026-09-30 06:45:17.039,success
3091,event-ingest,webhook,2026-09-30 06:45:17.271,success
3092,ioc-extractor,trigger,2026-09-30 07:00:00.053,success
3093,report-generator,trigger,2026-09-30 07:00:00.065,success
3094,event-ingest,webhook,2026-09-30 07:00:03.737,success
3095,event-ingest,webhook,2026-09-30 07:00:03.789,success
3096,event-ingest,webhook,2026-09-30 07:00:03.852,success
3097,event-ingest,webhook,2026-09-30 07:00:03.950,success
3098,event-ingest,webhook,2026-09-30 07:00:05.806,success
3099,event-ingest,webhook,2026-09-30 07:00:05.859,success
3100,event-ingest,webhook,2026-09-30 07:00:05.937,success
3101,event-ingest,webhook,2026-09-30 07:00:06.017,success
3102,event-ingest,webhook,2026-09-30 07:00:07.884,success
3103,event-ingest,webhook,2026-09-30 07:00:07.926,success
3104,event-ingest,webhook,2026-09-30 07:00:07.970,success
3105,event-ingest,webhook,2026-09-30 07:00:08.027,success
3106,event-ingest,webhook,2026-09-30 07:00:09.883,success
3107,event-ingest,webhook,2026-09-30 07:00:09.927,success
3108,event-ingest,webhook,2026-09-30 07:00:09.971,success
3109,event-ingest,webhook,2026-09-30 07:00:10.028,success
3110,event-ingest,webhook,2026-09-30 07:00:11.875,success
3111,event-ingest,webhook,2026-09-30 07:00:11.919,success
3112,event-ingest,webhook,2026-09-30 07:00:11.970,success
3113,event-ingest,webhook,2026-09-30 07:00:12.019,success
3114,event-ingest,webhook,2026-09-30 07:00:14.169,success
3115,event-ingest,webhook,2026-09-30 07:00:14.263,success
3116,event-ingest,webhook,2026-09-30 07:00:14.327,success
3117,event-ingest,webhook,2026-09-30 07:00:14.391,success
3118,event-ingest,webhook,2026-09-30 07:00:15.058,success
3119,event-ingest,webhook,2026-09-30 07:00:15.107,success
3120,event-ingest,webhook,2026-09-30 07:00:16.049,success
3121,event-ingest,webhook,2026-09-30 07:00:16.991,success
3122,event-ingest,webhook,2026-09-30 07:00:17.640,success
3123,event-ingest,webhook,2026-09-30 07:00:18.582,success
3124,event-ingest,webhook,2026-09-30 07:00:19.224,success
3125,event-ingest,webhook,2026-09-30 07:00:20.163,success
3126,event-ingest,webhook,2026-09-30 07:00:20.798,success
3127,event-ingest,webhook,2026-09-30 07:00:20.851,success
3128,event-ingest,webhook,2026-09-30 07:00:21.794,success
3129,event-ingest,webhook,2026-09-30 07:00:21.835,success
3130,event-ingest,webhook,2026-09-30 07:00:21.876,success
3131,event-ingest,webhook,2026-09-30 07:00:21.934,success
3132,event-ingest,webhook,2026-09-30 07:00:23.781,success
3133,event-ingest,webhook,2026-09-30 07:00:23.865,success
3134,event-ingest,webhook,2026-09-30 07:00:23.911,success
3135,event-ingest,webhook,2026-09-30 07:00:23.962,success
3136,event-ingest,webhook,2026-09-30 07:00:25.813,success
3137,event-ingest,webhook,2026-09-30 07:00:25.986,success
3138,event-ingest,webhook,2026-09-30 07:00:26.283,success
3139,event-ingest,webhook,2026-09-30 07:00:26.331,success
3140,event-ingest,webhook,2026-09-30 07:00:27.898,success
3141,event-ingest,webhook,2026-09-30 07:00:27.952,success
3142,event-ingest,webhook,2026-09-30 07:00:27.997,success
3143,event-ingest,webhook,2026-09-30 07:00:28.083,success
3144,event-ingest,webhook,2026-09-30 07:00:29.924,success
3145,event-ingest,webhook,2026-09-30 07:00:29.995,success
3146,event-ingest,webhook,2026-09-30 07:00:30.055,success
3147,event-ingest,webhook,2026-09-30 07:00:30.097,success
3148,event-ingest,webhook,2026-09-30 07:00:32.423,success
3149,event-ingest,webhook,2026-09-30 07:00:32.557,success
3150,event-ingest,webhook,2026-09-30 07:00:32.658,success
3151,event-ingest,webhook,2026-09-30 07:00:32.758,success
3152,event-ingest,webhook,2026-09-30 07:00:32.894,success
3153,event-ingest,webhook,2026-09-30 07:00:33.030,success
3154,event-ingest,webhook,2026-09-30 07:00:33.110,success
3155,event-ingest,webhook,2026-09-30 07:00:33.232,success
3156,event-ingest,webhook,2026-09-30 07:00:33.332,success
3157,event-ingest,webhook,2026-09-30 07:00:33.422,success
3158,ioc-extractor,trigger,2026-09-30 07:15:00.034,success
3159,event-ingest,webhook,2026-09-30 07:15:03.301,success
3160,event-ingest,webhook,2026-09-30 07:15:03.362,success
3161,event-ingest,webhook,2026-09-30 07:15:03.515,success
3162,event-ingest,webhook,2026-09-30 07:15:03.700,success
3163,event-ingest,webhook,2026-09-30 07:15:05.624,success
3164,event-ingest,webhook,2026-09-30 07:15:05.684,success
3165,event-ingest,webhook,2026-09-30 07:15:05.727,success
3166,event-ingest,webhook,2026-09-30 07:15:05.813,success
3167,event-ingest,webhook,2026-09-30 07:15:07.663,success
3168,event-ingest,webhook,2026-09-30 07:15:07.732,success
3169,event-ingest,webhook,2026-09-30 07:15:07.829,success
3170,event-ingest,webhook,2026-09-30 07:15:07.935,success
3171,event-ingest,webhook,2026-09-30 07:15:09.515,success
3172,event-ingest,webhook,2026-09-30 07:15:09.595,success
3173,event-ingest,webhook,2026-09-30 07:15:09.649,success
3174,event-ingest,webhook,2026-09-30 07:15:09.703,success
3175,event-ingest,webhook,2026-09-30 07:15:11.559,success
3176,event-ingest,webhook,2026-09-30 07:15:11.643,success
3177,event-ingest,webhook,2026-09-30 07:15:11.702,success
3178,event-ingest,webhook,2026-09-30 07:15:11.767,success
3179,event-ingest,webhook,2026-09-30 07:15:13.643,success
3180,event-ingest,webhook,2026-09-30 07:15:13.686,success
3181,event-ingest,webhook,2026-09-30 07:15:13.731,success
3182,event-ingest,webhook,2026-09-30 07:15:13.782,success
3183,event-ingest,webhook,2026-09-30 07:15:15.934,success
3184,event-ingest,webhook,2026-09-30 07:15:15.981,success
3185,event-ingest,webhook,2026-09-30 07:15:16.039,success
3186,event-ingest,webhook,2026-09-30 07:15:16.126,success
3187,event-ingest,webhook,2026-09-30 07:15:17.977,success
3188,event-ingest,webhook,2026-09-30 07:15:18.035,success
3189,event-ingest,webhook,2026-09-30 07:15:18.096,success
3190,event-ingest,webhook,2026-09-30 07:15:18.179,success
3191,event-ingest,webhook,2026-09-30 07:15:20.022,success
3192,event-ingest,webhook,2026-09-30 07:15:20.063,success
3193,event-ingest,webhook,2026-09-30 07:15:20.111,success
3194,event-ingest,webhook,2026-09-30 07:15:20.166,success
3195,event-ingest,webhook,2026-09-30 07:15:22.013,success
3196,event-ingest,webhook,2026-09-30 07:15:22.095,success
3197,event-ingest,webhook,2026-09-30 07:15:22.173,success
3198,event-ingest,webhook,2026-09-30 07:15:22.295,success
3199,event-ingest,webhook,2026-09-30 07:15:22.412,success
3200,event-ingest,webhook,2026-09-30 07:15:22.458,success
3201,event-ingest,webhook,2026-09-30 07:15:23.408,success
3202,event-ingest,webhook,2026-09-30 07:15:24.048,success
3203,event-ingest,webhook,2026-09-30 07:15:25.008,success
3204,event-ingest,webhook,2026-09-30 07:15:25.649,success
3205,event-ingest,webhook,2026-09-30 07:15:26.593,success
3206,event-ingest,webhook,2026-09-30 07:15:27.232,success
3207,event-ingest,webhook,2026-09-30 07:15:27.279,success
3208,event-ingest,webhook,2026-09-30 07:15:28.226,success
3209,event-ingest,webhook,2026-09-30 07:15:28.275,success
3210,event-ingest,webhook,2026-09-30 07:15:28.331,success
3211,event-ingest,webhook,2026-09-30 07:15:28.383,success
3212,event-ingest,webhook,2026-09-30 07:15:30.534,success
3213,event-ingest,webhook,2026-09-30 07:15:30.598,success
3214,event-ingest,webhook,2026-09-30 07:15:30.654,success
3215,event-ingest,webhook,2026-09-30 07:15:30.713,success
3216,event-ingest,webhook,2026-09-30 07:15:32.551,success
3217,event-ingest,webhook,2026-09-30 07:15:32.673,success
3218,event-ingest,webhook,2026-09-30 07:15:32.735,success
3219,event-ingest,webhook,2026-09-30 07:15:32.836,success
3220,event-ingest,webhook,2026-09-30 07:15:34.437,success
3221,event-ingest,webhook,2026-09-30 07:15:34.482,success
3222,event-ingest,webhook,2026-09-30 07:15:34.524,success
3223,event-ingest,webhook,2026-09-30 07:15:34.572,success
3224,event-ingest,webhook,2026-09-30 07:15:36.794,success
3225,event-ingest,webhook,2026-09-30 07:15:36.982,success
3226,event-ingest,webhook,2026-09-30 07:15:37.165,success
3227,event-ingest,webhook,2026-09-30 07:15:37.327,success
3228,event-ingest,webhook,2026-09-30 07:15:37.473,success
3229,event-ingest,webhook,2026-09-30 07:15:37.562,success
3230,event-ingest,webhook,2026-09-30 07:15:37.691,success
3231,event-ingest,webhook,2026-09-30 07:15:37.849,success
3232,event-ingest,webhook,2026-09-30 07:15:37.987,success
3233,event-ingest,webhook,2026-09-30 07:15:38.096,success
3234,event-ingest,webhook,2026-09-30 07:15:38.184,success
3235,event-ingest,webhook,2026-09-30 07:15:38.240,success
3236,event-ingest,webhook,2026-09-30 07:15:38.306,success
3237,ioc-extractor,trigger,2026-09-30 07:30:00.035,success
3238,event-ingest,webhook,2026-09-30 07:30:03.695,success
3239,event-ingest,webhook,2026-09-30 07:30:03.753,success
3240,event-ingest,webhook,2026-09-30 07:30:03.816,success
3241,event-ingest,webhook,2026-09-30 07:30:03.895,success
3242,event-ingest,webhook,2026-09-30 07:30:05.746,success
3243,event-ingest,webhook,2026-09-30 07:30:05.800,success
3244,event-ingest,webhook,2026-09-30 07:30:05.862,success
3245,event-ingest,webhook,2026-09-30 07:30:05.908,success
3246,event-ingest,webhook,2026-09-30 07:30:07.752,success
3247,event-ingest,webhook,2026-09-30 07:30:07.796,success
3248,event-ingest,webhook,2026-09-30 07:30:07.846,success
3249,event-ingest,webhook,2026-09-30 07:30:07.900,success
3250,event-ingest,webhook,2026-09-30 07:30:09.751,success
3251,event-ingest,webhook,2026-09-30 07:30:09.798,success
3252,event-ingest,webhook,2026-09-30 07:30:09.840,success
3253,event-ingest,webhook,2026-09-30 07:30:09.923,success
3254,event-ingest,webhook,2026-09-30 07:30:11.773,success
3255,event-ingest,webhook,2026-09-30 07:30:11.825,success
3256,event-ingest,webhook,2026-09-30 07:30:11.875,success
3257,event-ingest,webhook,2026-09-30 07:30:11.933,success
3258,event-ingest,webhook,2026-09-30 07:30:12.323,success
3259,event-ingest,webhook,2026-09-30 07:30:12.449,success
3260,event-ingest,webhook,2026-09-30 07:30:13.193,success
3261,event-ingest,webhook,2026-09-30 07:30:14.133,success
3262,event-ingest,webhook,2026-09-30 07:30:14.769,success
3263,event-ingest,webhook,2026-09-30 07:30:15.712,success
3264,event-ingest,webhook,2026-09-30 07:30:16.351,success
3265,event-ingest,webhook,2026-09-30 07:30:17.291,success
3266,event-ingest,webhook,2026-09-30 07:30:17.929,success
3267,event-ingest,webhook,2026-09-30 07:30:17.976,success
3268,event-ingest,webhook,2026-09-30 07:30:18.915,success
3269,event-ingest,webhook,2026-09-30 07:30:18.966,success
3270,event-ingest,webhook,2026-09-30 07:30:19.008,success
3271,event-ingest,webhook,2026-09-30 07:30:19.068,success
3272,event-ingest,webhook,2026-09-30 07:30:20.914,success
3273,event-ingest,webhook,2026-09-30 07:30:20.991,success
3274,event-ingest,webhook,2026-09-30 07:30:21.052,success
3275,event-ingest,webhook,2026-09-30 07:30:21.118,success
3276,event-ingest,webhook,2026-09-30 07:30:21.410,success
3277,ioc-extractor,trigger,2026-09-30 07:45:00.036,success
3278,event-ingest,webhook,2026-09-30 07:45:03.698,success
3279,event-ingest,webhook,2026-09-30 07:45:03.757,success
3280,event-ingest,webhook,2026-09-30 07:45:03.835,success
3281,event-ingest,webhook,2026-09-30 07:45:03.895,success
3282,event-ingest,webhook,2026-09-30 07:45:05.450,success
3283,event-ingest,webhook,2026-09-30 07:45:05.505,success
3284,event-ingest,webhook,2026-09-30 07:45:05.550,success
3285,event-ingest,webhook,2026-09-30 07:45:05.609,success
3286,event-ingest,webhook,2026-09-30 07:45:07.755,success
3287,event-ingest,webhook,2026-09-30 07:45:07.810,success
3288,event-ingest,webhook,2026-09-30 07:45:07.857,success
3289,event-ingest,webhook,2026-09-30 07:45:07.909,success
3290,event-ingest,webhook,2026-09-30 07:45:09.767,success
3291,event-ingest,webhook,2026-09-30 07:45:09.850,success
3292,event-ingest,webhook,2026-09-30 07:45:09.902,success
3293,event-ingest,webhook,2026-09-30 07:45:09.950,success
3294,event-ingest,webhook,2026-09-30 07:45:11.805,success
3295,event-ingest,webhook,2026-09-30 07:45:11.852,success
3296,event-ingest,webhook,2026-09-30 07:45:11.892,success
3297,event-ingest,webhook,2026-09-30 07:45:11.944,success
3298,event-ingest,webhook,2026-09-30 07:45:13.798,success
3299,event-ingest,webhook,2026-09-30 07:45:13.842,success
3300,event-ingest,webhook,2026-09-30 07:45:13.884,success
3301,event-ingest,webhook,2026-09-30 07:45:13.941,success
3302,event-ingest,webhook,2026-09-30 07:45:15.797,success
3303,event-ingest,webhook,2026-09-30 07:45:15.854,success
3304,event-ingest,webhook,2026-09-30 07:45:15.908,success
3305,event-ingest,webhook,2026-09-30 07:45:15.964,success
3306,event-ingest,webhook,2026-09-30 07:45:17.810,success
3307,event-ingest,webhook,2026-09-30 07:45:17.854,success
3308,event-ingest,webhook,2026-09-30 07:45:17.896,success
3309,event-ingest,webhook,2026-09-30 07:45:17.978,success
3310,event-ingest,webhook,2026-09-30 07:45:20.131,success
3311,event-ingest,webhook,2026-09-30 07:45:20.179,success
3312,event-ingest,webhook,2026-09-30 07:45:20.223,success
3313,event-ingest,webhook,2026-09-30 07:45:20.279,success
3314,event-ingest,webhook,2026-09-30 07:45:22.142,success
3315,event-ingest,webhook,2026-09-30 07:45:22.233,success
3316,event-ingest,webhook,2026-09-30 07:45:22.546,success
3317,event-ingest,webhook,2026-09-30 07:45:22.615,success
3318,event-ingest,webhook,2026-09-30 07:45:24.174,success
3319,event-ingest,webhook,2026-09-30 07:45:24.264,success
3320,event-ingest,webhook,2026-09-30 07:45:24.306,success
3321,event-ingest,webhook,2026-09-30 07:45:24.367,success
3322,event-ingest,webhook,2026-09-30 07:45:26.227,success
3323,event-ingest,webhook,2026-09-30 07:45:26.326,success
3324,event-ingest,webhook,2026-09-30 07:45:26.386,success
3325,event-ingest,webhook,2026-09-30 07:45:26.485,success
3326,event-ingest,webhook,2026-09-30 07:45:26.599,success
3327,event-ingest,webhook,2026-09-30 07:45:26.646,success
3328,event-ingest,webhook,2026-09-30 07:45:27.594,success
3329,event-ingest,webhook,2026-09-30 07:45:28.235,success
3330,event-ingest,webhook,2026-09-30 07:45:29.176,success
3331,event-ingest,webhook,2026-09-30 07:45:29.834,success
3332,event-ingest,webhook,2026-09-30 07:45:30.775,success
3333,event-ingest,webhook,2026-09-30 07:45:31.419,success
3334,event-ingest,webhook,2026-09-30 07:45:32.365,success
3335,event-ingest,webhook,2026-09-30 07:45:32.426,success
3336,event-ingest,webhook,2026-09-30 07:45:33.366,success
3337,event-ingest,webhook,2026-09-30 07:45:33.443,success
3338,event-ingest,webhook,2026-09-30 07:45:33.671,success
3339,event-ingest,webhook,2026-09-30 07:45:33.770,success
3340,event-ingest,webhook,2026-09-30 07:45:33.894,success
3341,event-ingest,webhook,2026-09-30 07:45:34.021,success
3342,event-ingest,webhook,2026-09-30 07:45:34.155,success
3343,event-ingest,webhook,2026-09-30 07:45:34.244,success
3344,event-ingest,webhook,2026-09-30 07:45:34.331,success
3345,event-ingest,webhook,2026-09-30 07:45:34.467,success
3346,event-ingest,webhook,2026-09-30 07:45:34.548,success
3347,ioc-extractor,trigger,2026-09-30 08:00:00.056,success
3348,event-ingest,webhook,2026-09-30 08:00:03.575,success
3349,event-ingest,webhook,2026-09-30 08:00:03.628,success
3350,event-ingest,webhook,2026-09-30 08:00:03.683,success
3351,event-ingest,webhook,2026-09-30 08:00:03.792,success
3352,event-ingest,webhook,2026-09-30 08:00:05.657,success
3353,event-ingest,webhook,2026-09-30 08:00:05.710,success
3354,event-ingest,webhook,2026-09-30 08:00:05.801,success
3355,event-ingest,webhook,2026-09-30 08:00:05.855,success
3356,event-ingest,webhook,2026-09-30 08:00:07.705,success
3357,event-ingest,webhook,2026-09-30 08:00:07.762,success
3358,event-ingest,webhook,2026-09-30 08:00:07.826,success
3359,event-ingest,webhook,2026-09-30 08:00:07.905,success
3360,event-ingest,webhook,2026-09-30 08:00:08.564,success
3361,event-ingest,webhook,2026-09-30 08:00:08.605,success
3362,event-ingest,webhook,2026-09-30 08:00:09.848,success
3363,event-ingest,webhook,2026-09-30 08:00:10.489,success
3364,event-ingest,webhook,2026-09-30 08:00:11.440,success
3365,event-ingest,webhook,2026-09-30 08:00:12.115,success
3366,event-ingest,webhook,2026-09-30 08:00:12.780,success
3367,event-ingest,webhook,2026-09-30 08:00:12.839,success
3368,event-ingest,webhook,2026-09-30 08:00:13.794,success
3369,event-ingest,webhook,2026-09-30 08:00:13.924,success
3370,event-ingest,webhook,2026-09-30 08:00:14.038,success
3371,event-ingest,webhook,2026-09-30 08:00:14.155,success
3372,event-ingest,webhook,2026-09-30 08:00:14.354,success
3373,event-ingest,webhook,2026-09-30 08:00:14.463,success
3374,event-ingest,webhook,2026-09-30 08:00:15.445,success
3375,event-ingest,webhook,2026-09-30 08:00:16.086,success
3376,event-ingest,webhook,2026-09-30 08:00:17.023,success
3377,event-ingest,webhook,2026-09-30 08:00:17.704,success
3378,event-ingest,webhook,2026-09-30 08:00:17.752,success
3379,event-ingest,webhook,2026-09-30 08:00:18.705,success
3380,event-ingest,webhook,2026-09-30 08:00:18.756,success
3381,event-ingest,webhook,2026-09-30 08:00:18.823,success
3382,event-ingest,webhook,2026-09-30 08:00:18.907,success
3383,event-ingest,webhook,2026-09-30 08:00:20.786,success
3384,event-ingest,webhook,2026-09-30 08:00:20.853,success
3385,event-ingest,webhook,2026-09-30 08:00:20.915,success
3386,event-ingest,webhook,2026-09-30 08:00:20.997,success
3387,event-ingest,webhook,2026-09-30 08:00:22.996,success
3388,event-ingest,webhook,2026-09-30 08:00:23.088,success
3389,event-ingest,webhook,2026-09-30 08:00:23.197,success
3390,event-ingest,webhook,2026-09-30 08:00:23.333,success
3391,event-ingest,webhook,2026-09-30 08:00:24.886,success
3392,event-ingest,webhook,2026-09-30 08:00:24.937,success
3393,event-ingest,webhook,2026-09-30 08:00:25.035,success
3394,event-ingest,webhook,2026-09-30 08:00:25.216,success
3395,event-ingest,webhook,2026-09-30 08:00:27.085,success
3396,event-ingest,webhook,2026-09-30 08:00:27.129,success
3397,event-ingest,webhook,2026-09-30 08:00:27.211,success
3398,event-ingest,webhook,2026-09-30 08:00:27.293,success
3399,event-ingest,webhook,2026-09-30 08:00:29.147,success
3400,event-ingest,webhook,2026-09-30 08:00:29.213,success
3401,event-ingest,webhook,2026-09-30 08:00:29.267,success
3402,event-ingest,webhook,2026-09-30 08:00:29.385,success
3403,event-ingest,webhook,2026-09-30 08:00:31.258,success
3404,event-ingest,webhook,2026-09-30 08:00:31.306,success
3405,event-ingest,webhook,2026-09-30 08:00:31.361,success
3406,event-ingest,webhook,2026-09-30 08:00:31.464,success
3407,event-ingest,webhook,2026-09-30 08:00:33.333,success
3408,event-ingest,webhook,2026-09-30 08:00:34.027,success
3409,event-ingest,webhook,2026-09-30 08:00:34.191,success
3410,event-ingest,webhook,2026-09-30 08:00:34.351,success
3411,event-ingest,webhook,2026-09-30 08:00:34.718,success
3412,event-ingest,webhook,2026-09-30 08:00:34.911,success
3413,event-ingest,webhook,2026-09-30 08:00:35.086,success
3414,event-ingest,webhook,2026-09-30 08:00:35.223,success
3415,event-ingest,webhook,2026-09-30 08:00:35.537,success
