id,eventid,session,timestamp,created_at,latencia_ms
1,cowrie.session.connect,967e31c9559c,2026-09-30 00:00:03.696605+00,2026-09-30 00:00:04.550456+00,853.851
2,cowrie.client.version,967e31c9559c,2026-09-30 00:00:03.698445+00,2026-09-30 00:00:04.597518+00,899.073
3,cowrie.client.kex,967e31c9559c,2026-09-30 00:00:03.700272+00,2026-09-30 00:00:04.600332+00,900.060
4,cowrie.login.failed,967e31c9559c,2026-09-30 00:00:03.758819+00,2026-09-30 00:00:04.744592+00,985.773
5,cowrie.session.connect,58bf11c95e71,2026-09-30 00:00:05.764353+00,2026-09-30 00:00:06.479526+00,715.173
6,cowrie.client.kex,58bf11c95e71,2026-09-30 00:00:05.767625+00,2026-09-30 00:00:06.62919+00,861.565
7,cowrie.client.version,58bf11c95e71,2026-09-30 00:00:05.765119+00,2026-09-30 00:00:06.706453+00,941.334
8,cowrie.client.size,58bf11c95e71,2026-09-30 00:00:06.051927+00,2026-09-30 00:00:06.816839+00,764.912
9,cowrie.login.success,58bf11c95e71,2026-09-30 00:00:05.819548+00,2026-09-30 00:00:06.906063+00,1086.515
10,cowrie.session.params,58bf11c95e71,2026-09-30 00:00:06.054156+00,2026-09-30 00:00:07.020394+00,966.238
11,cowrie.command.input,58bf11c95e71,2026-09-30 00:00:07.056727+00,2026-09-30 00:00:07.55017+00,493.443
12,cowrie.command.input,58bf11c95e71,2026-09-30 00:00:07.858001+00,2026-09-30 00:00:08.499062+00,641.061
13,cowrie.command.input,58bf11c95e71,2026-09-30 00:00:08.658852+00,2026-09-30 00:00:09.148226+00,489.374
14,cowrie.log.closed,58bf11c95e71,2026-09-30 00:00:09.459359+00,2026-09-30 00:00:10.114828+00,655.469
15,cowrie.session.closed,58bf11c95e71,2026-09-30 00:00:09.460711+00,2026-09-30 00:00:10.239607+00,778.896
16,cowrie.session.connect,d72c1eb2167d,2026-09-30 00:00:10.459075+00,2026-09-30 00:00:11.106138+00,647.063
17,cowrie.login.failed,d72c1eb2167d,2026-09-30 00:00:10.50755+00,2026-09-30 00:00:11.224121+00,716.571
18,cowrie.client.version,d72c1eb2167d,2026-09-30 00:00:10.459767+00,2026-09-30 00:00:11.255377+00,795.610
19,cowrie.client.kex,d72c1eb2167d,2026-09-30 00:00:10.461909+00,2026-09-30 00:00:11.314303+00,852.394
20,cowrie.session.connect,1fce9b11e734,2026-09-30 00:00:12.512664+00,2026-09-30 00:00:13.128288+00,615.624
21,cowrie.client.kex,1fce9b11e734,2026-09-30 00:00:12.514369+00,2026-09-30 00:00:13.418614+00,904.245
22,cowrie.client.version,1fce9b11e734,2026-09-30 00:00:12.513034+00,2026-09-30 00:00:13.738312+00,1225.278
23,cowrie.login.failed,1fce9b11e734,2026-09-30 00:00:12.564943+00,2026-09-30 00:00:13.905116+00,1340.173
24,cowrie.session.connect,b997cc0dccc2,2026-09-30 00:00:14.570809+00,2026-09-30 00:00:15.054269+00,483.460
25,cowrie.login.failed,b997cc0dccc2,2026-09-30 00:00:14.621943+00,2026-09-30 00:00:15.18376+00,561.817
26,cowrie.client.kex,b997cc0dccc2,2026-09-30 00:00:14.573844+00,2026-09-30 00:00:15.220236+00,646.392
27,cowrie.client.version,b997cc0dccc2,2026-09-30 00:00:14.571526+00,2026-09-30 00:00:15.225481+00,653.955
28,cowrie.session.connect,1aedc214aab1,2026-09-30 00:00:16.625996+00,2026-09-30 00:00:17.355534+00,729.538
29,cowrie.login.failed,1aedc214aab1,2026-09-30 00:00:16.676227+00,2026-09-30 00:00:17.525369+00,849.142
30,cowrie.client.version,1aedc214aab1,2026-09-30 00:00:16.626376+00,2026-09-30 00:00:17.565523+00,939.147
31,cowrie.client.kex,1aedc214aab1,2026-09-30 00:00:16.627631+00,2026-09-30 00:00:19.2858+00,2658.169
32,cowrie.session.connect,28a8bd9a5489,2026-09-30 00:00:18.68251+00,2026-09-30 00:00:21.060498+00,2377.988
33,cowrie.login.failed,28a8bd9a5489,2026-09-30 00:00:18.738682+00,2026-09-30 00:00:21.217625+00,2478.943
34,cowrie.client.version,28a8bd9a5489,2026-09-30 00:00:18.683267+00,2026-09-30 00:00:21.226153+00,2542.886
35,cowrie.client.kex,28a8bd9a5489,2026-09-30 00:00:18.685492+00,2026-09-30 00:00:21.270339+00,2584.847
36,cowrie.session.connect,ba9aa59deb0f,2026-09-30 00:00:20.744256+00,2026-09-30 00:00:23.097584+00,2353.328
37,cowrie.client.version,ba9aa59deb0f,2026-09-30 00:00:20.744877+00,2026-09-30 00:00:23.315814+00,2570.937
38,cowrie.client.kex,ba9aa59deb0f,2026-09-30 00:00:20.746245+00,2026-09-30 00:00:23.363534+00,2617.289
39,cowrie.login.failed,ba9aa59deb0f,2026-09-30 00:00:20.800701+00,2026-09-30 00:00:23.50404+00,2703.339
40,cowrie.session.connect,e96bf8666ae7,2026-09-30 00:00:22.80605+00,2026-09-30 00:00:24.971506+00,2165.456
41,cowrie.client.kex,e96bf8666ae7,2026-09-30 00:00:22.808918+00,2026-09-30 00:00:25.167508+00,2358.590
42,cowrie.client.version,e96bf8666ae7,2026-09-30 00:00:22.806737+00,2026-09-30 00:00:25.207196+00,2400.459
43,cowrie.login.failed,e96bf8666ae7,2026-09-30 00:00:22.859962+00,2026-09-30 00:00:25.295166+00,2435.204
44,cowrie.session.connect,70387499fb96,2026-09-30 00:00:24.865388+00,2026-09-30 00:00:27.058416+00,2193.028
45,cowrie.client.version,70387499fb96,2026-09-30 00:00:24.866065+00,2026-09-30 00:00:27.246099+00,2380.034
46,cowrie.login.failed,70387499fb96,2026-09-30 00:00:24.916461+00,2026-09-30 00:00:27.315103+00,2398.642
47,cowrie.client.kex,70387499fb96,2026-09-30 00:00:24.868144+00,2026-09-30 00:00:27.381913+00,2513.769
48,cowrie.session.closed,70387499fb96,2026-09-30 00:00:26.922823+00,2026-09-30 00:00:29.138399+00,2215.576
49,cowrie.session.closed,967e31c9559c,2026-09-30 00:00:26.930601+00,2026-09-30 00:00:29.495857+00,2565.256
50,cowrie.session.closed,b997cc0dccc2,2026-09-30 00:00:26.958407+00,2026-09-30 00:00:29.63397+00,2675.563
51,cowrie.session.closed,28a8bd9a5489,2026-09-30 00:00:26.962561+00,2026-09-30 00:00:29.735158+00,2772.597
52,cowrie.session.closed,e96bf8666ae7,2026-09-30 00:00:26.970461+00,2026-09-30 00:00:29.99315+00,3022.689
53,cowrie.session.closed,d72c1eb2167d,2026-09-30 00:00:26.965812+00,2026-09-30 00:00:30.107856+00,3142.044
54,cowrie.session.closed,1aedc214aab1,2026-09-30 00:00:26.971481+00,2026-09-30 00:00:30.237103+00,3265.622
55,cowrie.session.closed,1fce9b11e734,2026-09-30 00:00:26.971049+00,2026-09-30 00:00:30.271976+00,3300.927
56,cowrie.session.closed,ba9aa59deb0f,2026-09-30 00:00:26.971933+00,2026-09-30 00:00:30.39779+00,3425.857
57,cowrie.session.connect,b14bf5a1b328,2026-09-30 00:15:02.32432+00,2026-09-30 00:15:03.055795+00,731.475
58,cowrie.login.failed,b14bf5a1b328,2026-09-30 00:15:02.374327+00,2026-09-30 00:15:03.14666+00,772.333
59,cowrie.client.version,b14bf5a1b328,2026-09-30 00:15:02.324944+00,2026-09-30 00:15:03.164789+00,839.845
60,cowrie.client.kex,b14bf5a1b328,2026-09-30 00:15:02.326376+00,2026-09-30 00:15:03.21553+00,889.154
61,cowrie.session.connect,5c1b5166a643,2026-09-30 00:15:04.380824+00,2026-09-30 00:15:05.009461+00,628.637
62,cowrie.login.failed,5c1b5166a643,2026-09-30 00:15:04.439395+00,2026-09-30 00:15:05.134539+00,695.144
63,cowrie.client.version,5c1b5166a643,2026-09-30 00:15:04.381592+00,2026-09-30 00:15:05.152703+00,771.111
64,cowrie.client.kex,5c1b5166a643,2026-09-30 00:15:04.384238+00,2026-09-30 00:15:05.193483+00,809.245
65,cowrie.session.connect,4ad293babf75,2026-09-30 00:15:06.44566+00,2026-09-30 00:15:06.979203+00,533.543
66,cowrie.login.success,4ad293babf75,2026-09-30 00:15:06.497626+00,2026-09-30 00:15:07.124414+00,626.788
67,cowrie.client.version,4ad293babf75,2026-09-30 00:15:06.446368+00,2026-09-30 00:15:07.154759+00,708.391
68,cowrie.client.kex,4ad293babf75,2026-09-30 00:15:06.448746+00,2026-09-30 00:15:07.19315+00,744.404
69,cowrie.client.size,4ad293babf75,2026-09-30 00:15:06.721053+00,2026-09-30 00:15:07.289035+00,567.982
70,cowrie.session.params,4ad293babf75,2026-09-30 00:15:06.723474+00,2026-09-30 00:15:07.345272+00,621.798
71,cowrie.command.input,4ad293babf75,2026-09-30 00:15:07.726608+00,2026-09-30 00:15:08.203309+00,476.701
72,cowrie.command.input,4ad293babf75,2026-09-30 00:15:08.527799+00,2026-09-30 00:15:09.167565+00,639.766
73,cowrie.command.input,4ad293babf75,2026-09-30 00:15:09.32839+00,2026-09-30 00:15:09.798583+00,470.193
74,cowrie.command.input,4ad293babf75,2026-09-30 00:15:10.128558+00,2026-09-30 00:15:10.746013+00,617.455
75,cowrie.log.closed,4ad293babf75,2026-09-30 00:15:10.928752+00,2026-09-30 00:15:11.402633+00,473.881
76,cowrie.session.closed,4ad293babf75,2026-09-30 00:15:10.93128+00,2026-09-30 00:15:11.534813+00,603.533
77,cowrie.session.connect,27f69a4f49da,2026-09-30 00:15:11.928981+00,2026-09-30 00:15:12.39247+00,463.489
78,cowrie.login.failed,27f69a4f49da,2026-09-30 00:15:11.978816+00,2026-09-30 00:15:12.510412+00,531.596
79,cowrie.client.version,27f69a4f49da,2026-09-30 00:15:11.929326+00,2026-09-30 00:15:12.551266+00,621.940
80,cowrie.client.kex,27f69a4f49da,2026-09-30 00:15:11.930329+00,2026-09-30 00:15:12.57468+00,644.351
81,cowrie.session.connect,2a9c31029a4e,2026-09-30 00:15:13.983139+00,2026-09-30 00:15:14.748579+00,765.440
82,cowrie.client.version,2a9c31029a4e,2026-09-30 00:15:13.98353+00,2026-09-30 00:15:14.930297+00,946.767
83,cowrie.client.kex,2a9c31029a4e,2026-09-30 00:15:13.984736+00,2026-09-30 00:15:14.968212+00,983.476
84,cowrie.login.failed,2a9c31029a4e,2026-09-30 00:15:14.035841+00,2026-09-30 00:15:14.987306+00,951.465
85,cowrie.session.connect,02b79d9758a2,2026-09-30 00:15:16.041555+00,2026-09-30 00:15:16.678531+00,636.976
86,cowrie.login.failed,02b79d9758a2,2026-09-30 00:15:16.097423+00,2026-09-30 00:15:16.825117+00,727.694
87,cowrie.client.version,02b79d9758a2,2026-09-30 00:15:16.042092+00,2026-09-30 00:15:18.495364+00,2453.272
88,cowrie.client.kex,02b79d9758a2,2026-09-30 00:15:16.044245+00,2026-09-30 00:15:18.537488+00,2493.243
89,cowrie.session.connect,1c2abe8066bd,2026-09-30 00:15:18.103772+00,2026-09-30 00:15:20.33086+00,2227.088
90,cowrie.login.failed,1c2abe8066bd,2026-09-30 00:15:18.166167+00,2026-09-30 00:15:20.466921+00,2300.754
91,cowrie.client.version,1c2abe8066bd,2026-09-30 00:15:18.104747+00,2026-09-30 00:15:20.487167+00,2382.420
92,cowrie.client.kex,1c2abe8066bd,2026-09-30 00:15:18.106759+00,2026-09-30 00:15:20.554692+00,2447.933
93,cowrie.session.connect,e9658e55aedf,2026-09-30 00:15:20.172904+00,2026-09-30 00:15:22.323723+00,2150.819
94,cowrie.login.failed,e9658e55aedf,2026-09-30 00:15:20.229045+00,2026-09-30 00:15:22.463164+00,2234.119
95,cowrie.client.version,e9658e55aedf,2026-09-30 00:15:20.173675+00,2026-09-30 00:15:22.571979+00,2398.304
96,cowrie.client.kex,e9658e55aedf,2026-09-30 00:15:20.176154+00,2026-09-30 00:15:22.612425+00,2436.271
97,cowrie.session.connect,27a019938c98,2026-09-30 00:15:22.234777+00,2026-09-30 00:15:24.332989+00,2098.212
98,cowrie.login.failed,27a019938c98,2026-09-30 00:15:22.286782+00,2026-09-30 00:15:24.522542+00,2235.760
99,cowrie.client.version,27a019938c98,2026-09-30 00:15:22.235403+00,2026-09-30 00:15:24.553652+00,2318.249
100,cowrie.client.kex,27a019938c98,2026-09-30 00:15:22.237945+00,2026-09-30 00:15:24.565444+00,2327.499
101,cowrie.session.connect,df89e4dadb35,2026-09-30 00:15:24.293096+00,2026-09-30 00:15:26.716222+00,2423.126
102,cowrie.login.failed,df89e4dadb35,2026-09-30 00:15:24.343454+00,2026-09-30 00:15:26.82226+00,2478.806
103,cowrie.client.kex,df89e4dadb35,2026-09-30 00:15:24.296099+00,2026-09-30 00:15:26.865142+00,2569.043
104,cowrie.client.version,df89e4dadb35,2026-09-30 00:15:24.293723+00,2026-09-30 00:15:26.879665+00,2585.942
105,cowrie.session.closed,df89e4dadb35,2026-09-30 00:15:26.349094+00,2026-09-30 00:15:28.660805+00,2311.711
106,cowrie.session.closed,2a9c31029a4e,2026-09-30 00:15:26.376028+00,2026-09-30 00:15:28.942879+00,2566.851
107,cowrie.session.closed,27a019938c98,2026-09-30 00:15:26.397309+00,2026-09-30 00:15:29.110906+00,2713.597
108,cowrie.session.closed,1c2abe8066bd,2026-09-30 00:15:26.388752+00,2026-09-30 00:15:29.185503+00,2796.751
109,cowrie.session.closed,5c1b5166a643,2026-09-30 00:15:26.397867+00,2026-09-30 00:15:29.355068+00,2957.201
110,cowrie.session.closed,27f69a4f49da,2026-09-30 00:15:26.400926+00,2026-09-30 00:15:29.388084+00,2987.158
111,cowrie.session.closed,b14bf5a1b328,2026-09-30 00:15:26.40045+00,2026-09-30 00:15:29.426167+00,3025.717
112,cowrie.session.closed,02b79d9758a2,2026-09-30 00:15:26.401426+00,2026-09-30 00:15:29.567735+00,3166.309
113,cowrie.session.closed,e9658e55aedf,2026-09-30 00:15:26.401872+00,2026-09-30 00:15:29.595956+00,3194.084
114,cowrie.session.connect,c75409ee94f6,2026-09-30 00:30:02.209814+00,2026-09-30 00:30:02.871931+00,662.117
115,cowrie.login.failed,c75409ee94f6,2026-09-30 00:30:02.262784+00,2026-09-30 00:30:03.009654+00,746.870
116,cowrie.client.version,c75409ee94f6,2026-09-30 00:30:02.210474+00,2026-09-30 00:30:03.060894+00,850.420
117,cowrie.client.kex,c75409ee94f6,2026-09-30 00:30:02.211966+00,2026-09-30 00:30:03.083417+00,871.451
118,cowrie.session.connect,984821fb2c12,2026-09-30 00:30:04.269208+00,2026-09-30 00:30:04.863665+00,594.457
119,cowrie.login.failed,984821fb2c12,2026-09-30 00:30:04.321977+00,2026-09-30 00:30:05.041286+00,719.309
120,cowrie.client.version,984821fb2c12,2026-09-30 00:30:04.269913+00,2026-09-30 00:30:05.078433+00,808.520
121,cowrie.client.kex,984821fb2c12,2026-09-30 00:30:04.272458+00,2026-09-30 00:30:05.08753+00,815.072
122,cowrie.session.connect,19e55b06a171,2026-09-30 00:30:06.326833+00,2026-09-30 00:30:06.875955+00,549.122
123,cowrie.login.failed,19e55b06a171,2026-09-30 00:30:06.378222+00,2026-09-30 00:30:06.996495+00,618.273
124,cowrie.client.version,19e55b06a171,2026-09-30 00:30:06.327265+00,2026-09-30 00:30:07.009292+00,682.027
125,cowrie.client.kex,19e55b06a171,2026-09-30 00:30:06.328836+00,2026-09-30 00:30:07.059894+00,731.058
126,cowrie.session.connect,b9ebaaf30952,2026-09-30 00:30:08.383919+00,2026-09-30 00:30:08.882927+00,499.008
127,cowrie.client.version,b9ebaaf30952,2026-09-30 00:30:08.384573+00,2026-09-30 00:30:09.001736+00,617.163
128,cowrie.login.failed,b9ebaaf30952,2026-09-30 00:30:08.439398+00,2026-09-30 00:30:09.015975+00,576.577
129,cowrie.client.kex,b9ebaaf30952,2026-09-30 00:30:08.386942+00,2026-09-30 00:30:09.061943+00,675.001
130,cowrie.session.connect,cfe8c95c238e,2026-09-30 00:30:10.444033+00,2026-09-30 00:30:11.127726+00,683.693
131,cowrie.login.failed,cfe8c95c238e,2026-09-30 00:30:10.495835+00,2026-09-30 00:30:11.268631+00,772.796
132,cowrie.client.version,cfe8c95c238e,2026-09-30 00:30:10.444844+00,2026-09-30 00:30:11.286119+00,841.275
133,cowrie.client.kex,cfe8c95c238e,2026-09-30 00:30:10.447292+00,2026-09-30 00:30:11.314868+00,867.576
134,cowrie.session.connect,ed1ad2a655a2,2026-09-30 00:30:12.502657+00,2026-09-30 00:30:13.149392+00,646.735
135,cowrie.login.failed,ed1ad2a655a2,2026-09-30 00:30:12.518895+00,2026-09-30 00:30:13.233659+00,714.764
136,cowrie.client.version,ed1ad2a655a2,2026-09-30 00:30:12.505635+00,2026-09-30 00:30:13.251137+00,745.502
137,cowrie.client.kex,ed1ad2a655a2,2026-09-30 00:30:12.506587+00,2026-09-30 00:30:13.289041+00,782.454
138,cowrie.session.connect,5abd9ed97318,2026-09-30 00:30:14.523913+00,2026-09-30 00:30:15.125112+00,601.199
139,cowrie.login.failed,5abd9ed97318,2026-09-30 00:30:14.57378+00,2026-09-30 00:30:15.225265+00,651.485
140,cowrie.client.version,5abd9ed97318,2026-09-30 00:30:14.524354+00,2026-09-30 00:30:15.26071+00,736.356
141,cowrie.client.kex,5abd9ed97318,2026-09-30 00:30:14.525503+00,2026-09-30 00:30:15.304929+00,779.426
142,cowrie.session.connect,1ddaadb9e2bf,2026-09-30 00:30:16.579698+00,2026-09-30 00:30:17.117282+00,537.584
143,cowrie.login.failed,1ddaadb9e2bf,2026-09-30 00:30:16.63596+00,2026-09-30 00:30:17.238776+00,602.816
144,cowrie.client.version,1ddaadb9e2bf,2026-09-30 00:30:16.580534+00,2026-09-30 00:30:17.258141+00,677.607
145,cowrie.client.kex,1ddaadb9e2bf,2026-09-30 00:30:16.581937+00,2026-09-30 00:30:18.935926+00,2353.989
146,cowrie.session.connect,f77de392ea30,2026-09-30 00:30:18.64241+00,2026-09-30 00:30:20.711726+00,2069.316
147,cowrie.login.failed,f77de392ea30,2026-09-30 00:30:18.708294+00,2026-09-30 00:30:20.880035+00,2171.741
148,cowrie.client.version,f77de392ea30,2026-09-30 00:30:18.643239+00,2026-09-30 00:30:20.906201+00,2262.962
149,cowrie.client.kex,f77de392ea30,2026-09-30 00:30:18.64506+00,2026-09-30 00:30:20.961638+00,2316.578
150,cowrie.session.connect,49f31d37ef4a,2026-09-30 00:30:20.713458+00,2026-09-30 00:30:23.045485+00,2332.027
151,cowrie.client.version,49f31d37ef4a,2026-09-30 00:30:20.713825+00,2026-09-30 00:30:23.206468+00,2492.643
152,cowrie.login.success,49f31d37ef4a,2026-09-30 00:30:20.762927+00,2026-09-30 00:30:23.315717+00,2552.790
153,cowrie.client.kex,49f31d37ef4a,2026-09-30 00:30:20.715114+00,2026-09-30 00:30:23.36862+00,2653.506
154,cowrie.client.size,49f31d37ef4a,2026-09-30 00:30:21.207275+00,2026-09-30 00:30:23.522253+00,2314.978
155,cowrie.session.params,49f31d37ef4a,2026-09-30 00:30:21.209133+00,2026-09-30 00:30:23.557287+00,2348.154
156,cowrie.command.input,49f31d37ef4a,2026-09-30 00:30:22.215027+00,2026-09-30 00:30:24.398758+00,2183.731
157,cowrie.command.input,49f31d37ef4a,2026-09-30 00:30:23.013804+00,2026-09-30 00:30:25.394752+00,2380.948
158,cowrie.command.input,49f31d37ef4a,2026-09-30 00:30:23.814225+00,2026-09-30 00:30:26.040993+00,2226.768
159,cowrie.command.input,49f31d37ef4a,2026-09-30 00:30:24.613873+00,2026-09-30 00:30:27.019661+00,2405.788
160,cowrie.log.closed,49f31d37ef4a,2026-09-30 00:30:25.414966+00,2026-09-30 00:30:27.651848+00,2236.882
161,cowrie.session.closed,49f31d37ef4a,2026-09-30 00:30:25.416141+00,2026-09-30 00:30:27.781234+00,2365.093
162,cowrie.session.closed,f77de392ea30,2026-09-30 00:30:26.429216+00,2026-09-30 00:30:28.624205+00,2194.989
163,cowrie.session.closed,c75409ee94f6,2026-09-30 00:30:26.438842+00,2026-09-30 00:30:28.874116+00,2435.274
164,cowrie.session.closed,19e55b06a171,2026-09-30 00:30:26.430512+00,2026-09-30 00:30:29.007721+00,2577.209
165,cowrie.session.closed,cfe8c95c238e,2026-09-30 00:30:26.4375+00,2026-09-30 00:30:29.045215+00,2607.715
166,cowrie.session.closed,1ddaadb9e2bf,2026-09-30 00:30:26.462747+00,2026-09-30 00:30:29.176887+00,2714.140
167,cowrie.session.closed,ed1ad2a655a2,2026-09-30 00:30:26.462049+00,2026-09-30 00:30:29.219307+00,2757.258
168,cowrie.session.closed,b9ebaaf30952,2026-09-30 00:30:26.481262+00,2026-09-30 00:30:29.388002+00,2906.740
169,cowrie.session.closed,984821fb2c12,2026-09-30 00:30:26.480247+00,2026-09-30 00:30:29.425821+00,2945.574
170,cowrie.session.closed,5abd9ed97318,2026-09-30 00:30:26.480785+00,2026-09-30 00:30:29.686379+00,3205.594
171,cowrie.session.connect,3c66ef611b42,2026-09-30 00:45:02.085087+00,2026-09-30 00:45:02.748556+00,663.469
172,cowrie.client.kex,3c66ef611b42,2026-09-30 00:45:02.086879+00,2026-09-30 00:45:02.919789+00,832.910
173,cowrie.client.version,3c66ef611b42,2026-09-30 00:45:02.085544+00,2026-09-30 00:45:02.982743+00,897.199
174,cowrie.login.failed,3c66ef611b42,2026-09-30 00:45:02.137084+00,2026-09-30 00:45:03.042047+00,904.963
175,cowrie.session.connect,d0d7a70a6dc2,2026-09-30 00:45:04.14311+00,2026-09-30 00:45:04.792598+00,649.488
176,cowrie.client.version,d0d7a70a6dc2,2026-09-30 00:45:04.144091+00,2026-09-30 00:45:04.959806+00,815.715
177,cowrie.login.failed,d0d7a70a6dc2,2026-09-30 00:45:04.202369+00,2026-09-30 00:45:04.992305+00,789.936
178,cowrie.client.kex,d0d7a70a6dc2,2026-09-30 00:45:04.146767+00,2026-09-30 00:45:05.017422+00,870.655
179,cowrie.session.connect,d6bc24881e33,2026-09-30 00:45:06.207152+00,2026-09-30 00:45:06.813221+00,606.069
180,cowrie.login.failed,d6bc24881e33,2026-09-30 00:45:06.265603+00,2026-09-30 00:45:06.970626+00,705.023
181,cowrie.client.version,d6bc24881e33,2026-09-30 00:45:06.207829+00,2026-09-30 00:45:07.013513+00,805.684
182,cowrie.client.kex,d6bc24881e33,2026-09-30 00:45:06.210429+00,2026-09-30 00:45:07.057941+00,847.512
183,cowrie.session.connect,796159a9a58a,2026-09-30 00:45:08.271841+00,2026-09-30 00:45:08.826012+00,554.171
184,cowrie.client.version,796159a9a58a,2026-09-30 00:45:08.272477+00,2026-09-30 00:45:08.963052+00,690.575
185,cowrie.login.failed,796159a9a58a,2026-09-30 00:45:08.333871+00,2026-09-30 00:45:08.985801+00,651.930
186,cowrie.client.kex,796159a9a58a,2026-09-30 00:45:08.274568+00,2026-09-30 00:45:09.002923+00,728.355
187,cowrie.session.connect,68f5048d8771,2026-09-30 00:45:10.336638+00,2026-09-30 00:45:10.774052+00,437.414
188,cowrie.client.version,68f5048d8771,2026-09-30 00:45:10.33705+00,2026-09-30 00:45:10.983939+00,646.889
189,cowrie.client.kex,68f5048d8771,2026-09-30 00:45:10.338406+00,2026-09-30 00:45:11.015937+00,677.531
190,cowrie.login.failed,68f5048d8771,2026-09-30 00:45:10.386772+00,2026-09-30 00:45:11.025851+00,639.079
191,cowrie.session.connect,ec6627fe2d2e,2026-09-30 00:45:12.393117+00,2026-09-30 00:45:13.144273+00,751.156
192,cowrie.login.failed,ec6627fe2d2e,2026-09-30 00:45:12.45201+00,2026-09-30 00:45:13.229743+00,777.733
193,cowrie.client.version,ec6627fe2d2e,2026-09-30 00:45:12.393749+00,2026-09-30 00:45:13.243723+00,849.974
194,cowrie.client.kex,ec6627fe2d2e,2026-09-30 00:45:12.396037+00,2026-09-30 00:45:13.301576+00,905.539
195,cowrie.session.connect,13d39f335f44,2026-09-30 00:45:14.456456+00,2026-09-30 00:45:15.40943+00,952.974
196,cowrie.client.version,13d39f335f44,2026-09-30 00:45:14.456869+00,2026-09-30 00:45:15.515163+00,1058.294
197,cowrie.login.failed,13d39f335f44,2026-09-30 00:45:14.506365+00,2026-09-30 00:45:15.533188+00,1026.823
198,cowrie.client.kex,13d39f335f44,2026-09-30 00:45:14.458116+00,2026-09-30 00:45:15.612674+00,1154.558
199,cowrie.session.connect,77751d138ec3,2026-09-30 00:45:16.511532+00,2026-09-30 00:45:17.061123+00,549.591
200,cowrie.client.kex,77751d138ec3,2026-09-30 00:45:16.514507+00,2026-09-30 00:45:17.221586+00,707.079
201,cowrie.client.version,77751d138ec3,2026-09-30 00:45:16.512176+00,2026-09-30 00:45:17.289777+00,777.601
202,cowrie.session.params,77751d138ec3,2026-09-30 00:45:16.845138+00,2026-09-30 00:45:17.383542+00,538.404
203,cowrie.login.success,77751d138ec3,2026-09-30 00:45:16.563446+00,2026-09-30 00:45:17.418147+00,854.701
204,cowrie.client.size,77751d138ec3,2026-09-30 00:45:16.830074+00,2026-09-30 00:45:17.486095+00,656.021
205,cowrie.command.input,77751d138ec3,2026-09-30 00:45:17.848228+00,2026-09-30 00:45:18.325708+00,477.480
206,cowrie.command.input,77751d138ec3,2026-09-30 00:45:18.648841+00,2026-09-30 00:45:19.275718+00,626.877
207,cowrie.command.input,77751d138ec3,2026-09-30 00:45:19.449436+00,2026-09-30 00:45:19.978722+00,529.286
208,cowrie.command.input,77751d138ec3,2026-09-30 00:45:20.250323+00,2026-09-30 00:45:20.902902+00,652.579
209,cowrie.command.input,77751d138ec3,2026-09-30 00:45:21.050201+00,2026-09-30 00:45:21.530482+00,480.281
210,cowrie.command.input,77751d138ec3,2026-09-30 00:45:21.851952+00,2026-09-30 00:45:22.522312+00,670.360
211,cowrie.log.closed,77751d138ec3,2026-09-30 00:45:22.651974+00,2026-09-30 00:45:23.104828+00,452.854
212,cowrie.session.closed,77751d138ec3,2026-09-30 00:45:22.653287+00,2026-09-30 00:45:23.230388+00,577.101
213,cowrie.session.connect,aad37a05a736,2026-09-30 00:45:23.653003+00,2026-09-30 00:45:25.732993+00,2079.990
214,cowrie.client.version,aad37a05a736,2026-09-30 00:45:23.653393+00,2026-09-30 00:45:25.865929+00,2212.536
215,cowrie.login.failed,aad37a05a736,2026-09-30 00:45:23.702531+00,2026-09-30 00:45:25.896708+00,2194.177
216,cowrie.client.kex,aad37a05a736,2026-09-30 00:45:23.654618+00,2026-09-30 00:45:25.915183+00,2260.565
217,cowrie.session.connect,9e1c38f7767f,2026-09-30 00:45:25.707694+00,2026-09-30 00:45:28.023612+00,2315.918
218,cowrie.login.failed,9e1c38f7767f,2026-09-30 00:45:25.758511+00,2026-09-30 00:45:28.153991+00,2395.480
219,cowrie.client.version,9e1c38f7767f,2026-09-30 00:45:25.708338+00,2026-09-30 00:45:28.203505+00,2495.167
220,cowrie.client.kex,9e1c38f7767f,2026-09-30 00:45:25.710768+00,2026-09-30 00:45:28.225056+00,2514.288
221,cowrie.session.connect,01a1a72d8d09,2026-09-30 00:45:27.76493+00,2026-09-30 00:45:30.019863+00,2254.933
222,cowrie.client.kex,01a1a72d8d09,2026-09-30 00:45:27.768074+00,2026-09-30 00:45:30.266125+00,2498.051
223,cowrie.client.version,01a1a72d8d09,2026-09-30 00:45:27.765724+00,2026-09-30 00:45:30.294654+00,2528.930
224,cowrie.login.failed,01a1a72d8d09,2026-09-30 00:45:27.823446+00,2026-09-30 00:45:30.413638+00,2590.192
225,cowrie.session.connect,f7ca8dc2760a,2026-09-30 00:45:29.830283+00,2026-09-30 00:45:32.180549+00,2350.266
226,cowrie.client.version,f7ca8dc2760a,2026-09-30 00:45:29.830972+00,2026-09-30 00:45:32.334883+00,2503.911
227,cowrie.login.failed,f7ca8dc2760a,2026-09-30 00:45:29.887745+00,2026-09-30 00:45:32.367611+00,2479.866
228,cowrie.client.kex,f7ca8dc2760a,2026-09-30 00:45:29.833548+00,2026-09-30 00:45:32.385259+00,2551.711
229,cowrie.session.connect,f42989611413,2026-09-30 00:45:31.894009+00,2026-09-30 00:45:34.257488+00,2363.479
230,cowrie.client.version,f42989611413,2026-09-30 00:45:31.894758+00,2026-09-30 00:45:34.41718+00,2522.422
231,cowrie.client.kex,f42989611413,2026-09-30 00:45:31.897249+00,2026-09-30 00:45:34.446216+00,2548.967
232,cowrie.login.failed,f42989611413,2026-09-30 00:45:31.952236+00,2026-09-30 00:45:34.491259+00,2539.023
233,cowrie.session.connect,d81f4d568c88,2026-09-30 00:45:33.958193+00,2026-09-30 00:45:36.341876+00,2383.683
234,cowrie.client.version,d81f4d568c88,2026-09-30 00:45:33.958761+00,2026-09-30 00:45:36.524758+00,2565.997
235,cowrie.login.failed,d81f4d568c88,2026-09-30 00:45:34.015629+00,2026-09-30 00:45:36.571794+00,2556.165
236,cowrie.client.kex,d81f4d568c88,2026-09-30 00:45:33.96128+00,2026-09-30 00:45:36.583211+00,2621.931
237,cowrie.session.closed,d81f4d568c88,2026-09-30 00:45:36.022051+00,2026-09-30 00:45:38.119688+00,2097.637
238,cowrie.session.closed,3c66ef611b42,2026-09-30 00:45:36.041239+00,2026-09-30 00:45:38.317984+00,2276.745
239,cowrie.session.closed,ec6627fe2d2e,2026-09-30 00:45:36.02949+00,2026-09-30 00:45:38.36545+00,2335.960
240,cowrie.session.closed,aad37a05a736,2026-09-30 00:45:36.039811+00,2026-09-30 00:45:38.424936+00,2385.125
241,cowrie.session.closed,01a1a72d8d09,2026-09-30 00:45:36.044873+00,2026-09-30 00:45:38.637729+00,2592.856
242,cowrie.session.closed,13d39f335f44,2026-09-30 00:45:36.070304+00,2026-09-30 00:45:38.939339+00,2869.035
243,cowrie.session.closed,68f5048d8771,2026-09-30 00:45:36.060742+00,2026-09-30 00:45:38.987405+00,2926.663
244,cowrie.session.closed,f42989611413,2026-09-30 00:45:36.064584+00,2026-09-30 00:45:39.013284+00,2948.700
245,cowrie.session.closed,d0d7a70a6dc2,2026-09-30 00:45:36.088+00,2026-09-30 00:45:39.22511+00,3137.110
246,cowrie.session.closed,d6bc24881e33,2026-09-30 00:45:36.079323+00,2026-09-30 00:45:39.251633+00,3172.310
247,cowrie.session.closed,f7ca8dc2760a,2026-09-30 00:45:36.087301+00,2026-09-30 00:45:40.150691+00,4063.390
248,cowrie.session.closed,9e1c38f7767f,2026-09-30 00:45:36.088911+00,2026-09-30 00:45:40.350727+00,4261.816
249,cowrie.session.closed,796159a9a58a,2026-09-30 00:45:36.0897+00,2026-09-30 00:45:40.388549+00,4298.849
250,cowrie.session.connect,2ce45e350265,2026-09-30 01:00:02.256063+00,2026-09-30 01:00:04.377157+00,2121.094
251,cowrie.client.kex,2ce45e350265,2026-09-30 01:00:02.257712+00,2026-09-30 01:00:04.585953+00,2328.241
252,cowrie.client.version,2ce45e350265,2026-09-30 01:00:02.256481+00,2026-09-30 01:00:04.612095+00,2355.614
253,cowrie.login.failed,2ce45e350265,2026-09-30 01:00:02.31132+00,2026-09-30 01:00:04.729622+00,2418.302
254,cowrie.client.version,d428037ba79d,2026-09-30 01:00:04.320835+00,2026-09-30 01:00:05.719921+00,1399.086
255,cowrie.login.failed,d428037ba79d,2026-09-30 01:00:04.376586+00,2026-09-30 01:00:05.744722+00,1368.136
256,cowrie.session.connect,d428037ba79d,2026-09-30 01:00:04.320174+00,2026-09-30 01:00:05.766596+00,1446.422
257,cowrie.client.kex,d428037ba79d,2026-09-30 01:00:04.323268+00,2026-09-30 01:00:05.781019+00,1457.751
258,cowrie.session.connect,424d07790eed,2026-09-30 01:00:06.382674+00,2026-09-30 01:00:07.103007+00,720.333
259,cowrie.login.failed,424d07790eed,2026-09-30 01:00:06.438839+00,2026-09-30 01:00:07.237178+00,798.339
260,cowrie.client.version,424d07790eed,2026-09-30 01:00:06.38337+00,2026-09-30 01:00:07.245036+00,861.666
261,cowrie.client.kex,424d07790eed,2026-09-30 01:00:06.386242+00,2026-09-30 01:00:07.286865+00,900.623
262,cowrie.session.connect,804a6c17e52c,2026-09-30 01:00:08.445138+00,2026-09-30 01:00:09.078191+00,633.053
263,cowrie.login.failed,804a6c17e52c,2026-09-30 01:00:08.502434+00,2026-09-30 01:00:09.216582+00,714.148
264,cowrie.client.version,804a6c17e52c,2026-09-30 01:00:08.445777+00,2026-09-30 01:00:09.23988+00,794.103
265,cowrie.client.kex,804a6c17e52c,2026-09-30 01:00:08.448462+00,2026-09-30 01:00:09.263606+00,815.144
266,cowrie.session.connect,5d945f75a67e,2026-09-30 01:00:10.505655+00,2026-09-30 01:00:11.09416+00,588.505
267,cowrie.login.failed,5d945f75a67e,2026-09-30 01:00:10.563722+00,2026-09-30 01:00:11.209418+00,645.696
268,cowrie.client.version,5d945f75a67e,2026-09-30 01:00:10.506411+00,2026-09-30 01:00:11.226192+00,719.781
269,cowrie.client.kex,5d945f75a67e,2026-09-30 01:00:10.50908+00,2026-09-30 01:00:11.262865+00,753.785
270,cowrie.session.connect,85c705b89d14,2026-09-30 01:00:12.568954+00,2026-09-30 01:00:13.030959+00,462.005
271,cowrie.login.success,85c705b89d14,2026-09-30 01:00:12.62356+00,2026-09-30 01:00:13.17632+00,552.760
272,cowrie.client.version,85c705b89d14,2026-09-30 01:00:12.569369+00,2026-09-30 01:00:13.223981+00,654.612
273,cowrie.client.kex,85c705b89d14,2026-09-30 01:00:12.570682+00,2026-09-30 01:00:13.258428+00,687.746
274,cowrie.client.size,85c705b89d14,2026-09-30 01:00:12.85703+00,2026-09-30 01:00:13.516638+00,659.608
275,cowrie.session.params,85c705b89d14,2026-09-30 01:00:12.85912+00,2026-09-30 01:00:13.659473+00,800.353
276,cowrie.command.input,85c705b89d14,2026-09-30 01:00:13.862843+00,2026-09-30 01:00:14.512822+00,649.979
277,cowrie.command.input,85c705b89d14,2026-09-30 01:00:14.662853+00,2026-09-30 01:00:15.159432+00,496.579
278,cowrie.command.input,85c705b89d14,2026-09-30 01:00:15.463684+00,2026-09-30 01:00:16.131506+00,667.822
279,cowrie.log.closed,85c705b89d14,2026-09-30 01:00:16.265171+00,2026-09-30 01:00:16.740095+00,474.924
280,cowrie.session.closed,85c705b89d14,2026-09-30 01:00:16.267623+00,2026-09-30 01:00:16.839449+00,571.826
281,cowrie.session.connect,840e8a27179c,2026-09-30 01:00:17.267102+00,2026-09-30 01:00:17.72054+00,453.438
282,cowrie.client.version,840e8a27179c,2026-09-30 01:00:17.26794+00,2026-09-30 01:00:17.861883+00,593.943
283,cowrie.login.failed,840e8a27179c,2026-09-30 01:00:17.324886+00,2026-09-30 01:00:17.875053+00,550.167
284,cowrie.client.kex,840e8a27179c,2026-09-30 01:00:17.27021+00,2026-09-30 01:00:17.910712+00,640.502
285,cowrie.session.closed,840e8a27179c,2026-09-30 01:00:19.331573+00,2026-09-30 01:00:21.777421+00,2445.848
286,cowrie.session.closed,804a6c17e52c,2026-09-30 01:00:19.332618+00,2026-09-30 01:00:22.012157+00,2679.539
287,cowrie.session.closed,424d07790eed,2026-09-30 01:00:19.373303+00,2026-09-30 01:00:22.038691+00,2665.388
288,cowrie.session.closed,2ce45e350265,2026-09-30 01:00:19.357708+00,2026-09-30 01:00:22.084908+00,2727.200
289,cowrie.session.closed,5d945f75a67e,2026-09-30 01:00:19.377275+00,2026-09-30 01:00:22.279414+00,2902.139
290,cowrie.session.closed,d428037ba79d,2026-09-30 01:00:19.377855+00,2026-09-30 01:00:22.317469+00,2939.614
291,cowrie.session.connect,83d7864b9ccd,2026-09-30 01:15:02.616262+00,2026-09-30 01:15:03.3619+00,745.638
292,cowrie.login.success,83d7864b9ccd,2026-09-30 01:15:02.665049+00,2026-09-30 01:15:03.448259+00,783.210
293,cowrie.client.version,83d7864b9ccd,2026-09-30 01:15:02.616603+00,2026-09-30 01:15:03.476518+00,859.915
294,cowrie.client.kex,83d7864b9ccd,2026-09-30 01:15:02.617765+00,2026-09-30 01:15:03.559185+00,941.420
295,cowrie.client.size,83d7864b9ccd,2026-09-30 01:15:02.671547+00,2026-09-30 01:15:03.63446+00,962.913
296,cowrie.session.params,83d7864b9ccd,2026-09-30 01:15:02.673642+00,2026-09-30 01:15:03.66534+00,991.698
297,cowrie.command.input,83d7864b9ccd,2026-09-30 01:15:03.676837+00,2026-09-30 01:15:04.26552+00,588.683
298,cowrie.command.input,83d7864b9ccd,2026-09-30 01:15:04.47833+00,2026-09-30 01:15:05.190085+00,711.755
299,cowrie.command.input,83d7864b9ccd,2026-09-30 01:15:05.279148+00,2026-09-30 01:15:05.801053+00,521.905
300,cowrie.command.input,83d7864b9ccd,2026-09-30 01:15:06.079161+00,2026-09-30 01:15:06.75317+00,674.009
301,cowrie.command.input,83d7864b9ccd,2026-09-30 01:15:06.879411+00,2026-09-30 01:15:07.414199+00,534.788
302,cowrie.log.closed,83d7864b9ccd,2026-09-30 01:15:07.680941+00,2026-09-30 01:15:08.373246+00,692.305
303,cowrie.session.closed,83d7864b9ccd,2026-09-30 01:15:07.683438+00,2026-09-30 01:15:08.481127+00,797.689
304,cowrie.session.connect,6016e5327863,2026-09-30 01:15:08.682842+00,2026-09-30 01:15:09.351025+00,668.183
305,cowrie.login.failed,6016e5327863,2026-09-30 01:15:08.736699+00,2026-09-30 01:15:09.498062+00,761.363
306,cowrie.client.version,6016e5327863,2026-09-30 01:15:08.683521+00,2026-09-30 01:15:09.506308+00,822.787
307,cowrie.client.kex,6016e5327863,2026-09-30 01:15:08.685554+00,2026-09-30 01:15:09.565562+00,880.008
308,cowrie.session.connect,0fbd53f59878,2026-09-30 01:15:10.739459+00,2026-09-30 01:15:11.329696+00,590.237
309,cowrie.login.failed,0fbd53f59878,2026-09-30 01:15:10.796346+00,2026-09-30 01:15:11.455186+00,658.840
310,cowrie.client.version,0fbd53f59878,2026-09-30 01:15:10.739903+00,2026-09-30 01:15:11.487442+00,747.539
311,cowrie.client.kex,0fbd53f59878,2026-09-30 01:15:10.742316+00,2026-09-30 01:15:11.521921+00,779.605
312,cowrie.session.connect,b4b21c1e485d,2026-09-30 01:15:12.803992+00,2026-09-30 01:15:13.306164+00,502.172
313,cowrie.login.failed,b4b21c1e485d,2026-09-30 01:15:12.858238+00,2026-09-30 01:15:13.449234+00,590.996
314,cowrie.client.version,b4b21c1e485d,2026-09-30 01:15:12.804788+00,2026-09-30 01:15:13.472135+00,667.347
315,cowrie.client.kex,b4b21c1e485d,2026-09-30 01:15:12.807023+00,2026-09-30 01:15:13.496003+00,688.980
316,cowrie.session.connect,7cec6277ae47,2026-09-30 01:15:14.863528+00,2026-09-30 01:15:15.596832+00,733.304
317,cowrie.login.failed,7cec6277ae47,2026-09-30 01:15:14.919752+00,2026-09-30 01:15:15.717002+00,797.250
318,cowrie.client.version,7cec6277ae47,2026-09-30 01:15:14.864136+00,2026-09-30 01:15:15.725203+00,861.067
319,cowrie.client.kex,7cec6277ae47,2026-09-30 01:15:14.866283+00,2026-09-30 01:15:15.751872+00,885.589
320,cowrie.session.connect,cc6351284ad2,2026-09-30 01:15:16.924852+00,2026-09-30 01:15:17.55601+00,631.158
321,cowrie.login.failed,cc6351284ad2,2026-09-30 01:15:16.978747+00,2026-09-30 01:15:17.704738+00,725.991
322,cowrie.client.version,cc6351284ad2,2026-09-30 01:15:16.925341+00,2026-09-30 01:15:17.717735+00,792.394
323,cowrie.client.kex,cc6351284ad2,2026-09-30 01:15:16.926659+00,2026-09-30 01:15:19.386159+00,2459.500
324,cowrie.session.connect,28202fc9f577,2026-09-30 01:15:18.984615+00,2026-09-30 01:15:21.202593+00,2217.978
325,cowrie.login.failed,28202fc9f577,2026-09-30 01:15:19.040114+00,2026-09-30 01:15:21.342895+00,2302.781
326,cowrie.client.version,28202fc9f577,2026-09-30 01:15:18.985218+00,2026-09-30 01:15:21.364211+00,2378.993
327,cowrie.client.kex,28202fc9f577,2026-09-30 01:15:18.987523+00,2026-09-30 01:15:21.391001+00,2403.478
328,cowrie.session.connect,a9ef53d74ab3,2026-09-30 01:15:21.046219+00,2026-09-30 01:15:23.171145+00,2124.926
329,cowrie.client.kex,a9ef53d74ab3,2026-09-30 01:15:21.049192+00,2026-09-30 01:15:23.299231+00,2250.039
330,cowrie.client.version,a9ef53d74ab3,2026-09-30 01:15:21.046937+00,2026-09-30 01:15:23.415126+00,2368.189
331,cowrie.login.success,a9ef53d74ab3,2026-09-30 01:15:21.103181+00,2026-09-30 01:15:23.486152+00,2382.971
332,cowrie.client.size,a9ef53d74ab3,2026-09-30 01:15:21.338146+00,2026-09-30 01:15:23.715395+00,2377.249
333,cowrie.session.params,a9ef53d74ab3,2026-09-30 01:15:21.340846+00,2026-09-30 01:15:23.835469+00,2494.623
334,cowrie.command.input,a9ef53d74ab3,2026-09-30 01:15:22.343234+00,2026-09-30 01:15:24.676169+00,2332.935
335,cowrie.command.input,a9ef53d74ab3,2026-09-30 01:15:23.144155+00,2026-09-30 01:15:25.339153+00,2194.998
336,cowrie.command.input,a9ef53d74ab3,2026-09-30 01:15:23.947361+00,2026-09-30 01:15:26.300524+00,2353.163
337,cowrie.command.input,a9ef53d74ab3,2026-09-30 01:15:24.746039+00,2026-09-30 01:15:26.919543+00,2173.504
338,cowrie.command.input,a9ef53d74ab3,2026-09-30 01:15:25.546989+00,2026-09-30 01:15:27.874084+00,2327.095
339,cowrie.log.closed,a9ef53d74ab3,2026-09-30 01:15:26.347854+00,2026-09-30 01:15:28.526917+00,2179.063
340,cowrie.session.closed,a9ef53d74ab3,2026-09-30 01:15:26.350272+00,2026-09-30 01:15:28.734099+00,2383.827
341,cowrie.session.connect,f00eb6f8be5b,2026-09-30 01:15:27.34943+00,2026-09-30 01:15:29.550467+00,2201.037
342,cowrie.login.failed,f00eb6f8be5b,2026-09-30 01:15:27.40218+00,2026-09-30 01:15:29.711361+00,2309.181
343,cowrie.client.version,f00eb6f8be5b,2026-09-30 01:15:27.35017+00,2026-09-30 01:15:29.750234+00,2400.064
344,cowrie.client.kex,f00eb6f8be5b,2026-09-30 01:15:27.352605+00,2026-09-30 01:15:29.780119+00,2427.514
345,cowrie.session.connect,5b5e12624c24,2026-09-30 01:15:29.408597+00,2026-09-30 01:15:31.557622+00,2149.025
346,cowrie.login.failed,5b5e12624c24,2026-09-30 01:15:29.467093+00,2026-09-30 01:15:31.70385+00,2236.757
347,cowrie.client.version,5b5e12624c24,2026-09-30 01:15:29.409387+00,2026-09-30 01:15:31.727862+00,2318.475
348,cowrie.client.kex,5b5e12624c24,2026-09-30 01:15:29.411865+00,2026-09-30 01:15:31.780714+00,2368.849
349,cowrie.session.connect,61171608a30e,2026-09-30 01:15:31.473977+00,2026-09-30 01:15:33.84865+00,2374.673
350,cowrie.login.failed,61171608a30e,2026-09-30 01:15:31.535908+00,2026-09-30 01:15:33.982034+00,2446.126
351,cowrie.client.version,61171608a30e,2026-09-30 01:15:31.474622+00,2026-09-30 01:15:33.99858+00,2523.958
352,cowrie.client.kex,61171608a30e,2026-09-30 01:15:31.477132+00,2026-09-30 01:15:34.044051+00,2566.919
353,cowrie.session.connect,adf8d8207657,2026-09-30 01:15:33.54202+00,2026-09-30 01:15:35.849306+00,2307.286
354,cowrie.login.failed,adf8d8207657,2026-09-30 01:15:33.59999+00,2026-09-30 01:15:36.058541+00,2458.551
355,cowrie.client.version,adf8d8207657,2026-09-30 01:15:33.542753+00,2026-09-30 01:15:36.072103+00,2529.350
356,cowrie.client.kex,adf8d8207657,2026-09-30 01:15:33.545073+00,2026-09-30 01:15:36.115676+00,2570.603
357,cowrie.session.closed,adf8d8207657,2026-09-30 01:15:35.606607+00,2026-09-30 01:15:37.823462+00,2216.855
358,cowrie.session.closed,6016e5327863,2026-09-30 01:15:35.612799+00,2026-09-30 01:15:38.165808+00,2553.009
359,cowrie.session.closed,b4b21c1e485d,2026-09-30 01:15:35.625695+00,2026-09-30 01:15:38.242591+00,2616.896
360,cowrie.session.closed,f00eb6f8be5b,2026-09-30 01:15:35.631827+00,2026-09-30 01:15:38.458785+00,2826.958
361,cowrie.session.closed,61171608a30e,2026-09-30 01:15:35.647608+00,2026-09-30 01:15:38.480066+00,2832.458
362,cowrie.session.closed,cc6351284ad2,2026-09-30 01:15:35.633569+00,2026-09-30 01:15:38.604639+00,2971.070
363,cowrie.session.closed,0fbd53f59878,2026-09-30 01:15:35.66136+00,2026-09-30 01:15:38.74237+00,3081.010
364,cowrie.session.closed,7cec6277ae47,2026-09-30 01:15:35.660836+00,2026-09-30 01:15:38.870998+00,3210.162
365,cowrie.session.closed,28202fc9f577,2026-09-30 01:15:35.661855+00,2026-09-30 01:15:38.984495+00,3322.640
366,cowrie.session.closed,5b5e12624c24,2026-09-30 01:15:35.662312+00,2026-09-30 01:15:39.009156+00,3346.844
367,cowrie.session.connect,6bc88d4a8211,2026-09-30 01:30:04.889237+00,2026-09-30 01:30:05.547146+00,657.909
368,cowrie.login.failed,6bc88d4a8211,2026-09-30 01:30:04.945107+00,2026-09-30 01:30:05.782815+00,837.708
369,cowrie.client.kex,6bc88d4a8211,2026-09-30 01:30:04.891596+00,2026-09-30 01:30:05.866783+00,975.187
370,cowrie.client.version,6bc88d4a8211,2026-09-30 01:30:04.88982+00,2026-09-30 01:30:05.882494+00,992.674
371,cowrie.session.connect,c286af846638,2026-09-30 01:30:06.954756+00,2026-09-30 01:30:07.673977+00,719.221
372,cowrie.login.failed,c286af846638,2026-09-30 01:30:07.007598+00,2026-09-30 01:30:08.13793+00,1130.332
373,cowrie.client.version,c286af846638,2026-09-30 01:30:06.955729+00,2026-09-30 01:30:08.183035+00,1227.306
374,cowrie.client.kex,c286af846638,2026-09-30 01:30:06.95663+00,2026-09-30 01:30:08.251871+00,1295.241
375,cowrie.session.connect,e0c91fe30df9,2026-09-30 01:30:09.011566+00,2026-09-30 01:30:09.583934+00,572.368
376,cowrie.login.failed,e0c91fe30df9,2026-09-30 01:30:09.062151+00,2026-09-30 01:30:09.84535+00,783.199
377,cowrie.client.version,e0c91fe30df9,2026-09-30 01:30:09.011968+00,2026-09-30 01:30:09.862645+00,850.677
378,cowrie.client.kex,e0c91fe30df9,2026-09-30 01:30:09.013851+00,2026-09-30 01:30:09.921151+00,907.300
379,cowrie.session.connect,1451cd27b7c2,2026-09-30 01:30:11.072143+00,2026-09-30 01:30:11.70278+00,630.637
380,cowrie.login.failed,1451cd27b7c2,2026-09-30 01:30:11.123922+00,2026-09-30 01:30:11.974356+00,850.434
381,cowrie.client.version,1451cd27b7c2,2026-09-30 01:30:11.072616+00,2026-09-30 01:30:11.997394+00,924.778
382,cowrie.client.kex,1451cd27b7c2,2026-09-30 01:30:11.073987+00,2026-09-30 01:30:12.059736+00,985.749
383,cowrie.session.connect,0543da996a4f,2026-09-30 01:30:13.128289+00,2026-09-30 01:30:13.8924+00,764.111
384,cowrie.login.success,0543da996a4f,2026-09-30 01:30:13.177568+00,2026-09-30 01:30:14.244071+00,1066.503
385,cowrie.client.version,0543da996a4f,2026-09-30 01:30:13.128677+00,2026-09-30 01:30:14.265111+00,1136.434
386,cowrie.client.kex,0543da996a4f,2026-09-30 01:30:13.1301+00,2026-09-30 01:30:14.343118+00,1213.018
387,cowrie.client.size,0543da996a4f,2026-09-30 01:30:13.810552+00,2026-09-30 01:30:14.560343+00,749.791
388,cowrie.session.params,0543da996a4f,2026-09-30 01:30:13.82562+00,2026-09-30 01:30:14.860723+00,1035.103
389,cowrie.command.input,0543da996a4f,2026-09-30 01:30:14.828731+00,2026-09-30 01:30:15.31044+00,481.709
390,cowrie.command.input,0543da996a4f,2026-09-30 01:30:15.631049+00,2026-09-30 01:30:16.320075+00,689.026
391,cowrie.command.input,0543da996a4f,2026-09-30 01:30:16.431005+00,2026-09-30 01:30:16.975707+00,544.702
392,cowrie.command.input,0543da996a4f,2026-09-30 01:30:17.231898+00,2026-09-30 01:30:18.051659+00,819.761
393,cowrie.command.input,0543da996a4f,2026-09-30 01:30:18.031881+00,2026-09-30 01:30:18.564551+00,532.670
394,cowrie.command.input,0543da996a4f,2026-09-30 01:30:18.832842+00,2026-09-30 01:30:19.527456+00,694.614
395,cowrie.log.closed,0543da996a4f,2026-09-30 01:30:19.633625+00,2026-09-30 01:30:20.174645+00,541.020
396,cowrie.session.closed,0543da996a4f,2026-09-30 01:30:19.634927+00,2026-09-30 01:30:20.448638+00,813.711
397,cowrie.session.connect,f3525e8e266f,2026-09-30 01:30:20.635063+00,2026-09-30 01:30:22.919817+00,2284.754
398,cowrie.client.version,f3525e8e266f,2026-09-30 01:30:20.635484+00,2026-09-30 01:30:23.245932+00,2610.448
399,cowrie.login.failed,f3525e8e266f,2026-09-30 01:30:20.686059+00,2026-09-30 01:30:23.286742+00,2600.683
400,cowrie.client.kex,f3525e8e266f,2026-09-30 01:30:20.636738+00,2026-09-30 01:30:23.340834+00,2704.096
401,cowrie.session.connect,60e5cfe53e1b,2026-09-30 01:30:22.690935+00,2026-09-30 01:30:25.050277+00,2359.342
402,cowrie.client.version,60e5cfe53e1b,2026-09-30 01:30:22.691304+00,2026-09-30 01:30:25.396878+00,2705.574
403,cowrie.client.kex,60e5cfe53e1b,2026-09-30 01:30:22.692746+00,2026-09-30 01:30:25.533349+00,2840.603
404,cowrie.login.failed,60e5cfe53e1b,2026-09-30 01:30:22.74241+00,2026-09-30 01:30:25.586655+00,2844.245
405,cowrie.session.connect,1d1f132375ef,2026-09-30 01:30:24.747044+00,2026-09-30 01:30:27.167469+00,2420.425
406,cowrie.client.version,1d1f132375ef,2026-09-30 01:30:24.747467+00,2026-09-30 01:30:27.521865+00,2774.398
407,cowrie.login.failed,1d1f132375ef,2026-09-30 01:30:24.803947+00,2026-09-30 01:30:27.637815+00,2833.868
408,cowrie.client.kex,1d1f132375ef,2026-09-30 01:30:24.748655+00,2026-09-30 01:30:27.703629+00,2954.974
409,cowrie.session.connect,d09a6a2bfe5e,2026-09-30 01:30:26.82065+00,2026-09-30 01:30:29.063849+00,2243.199
410,cowrie.client.version,d09a6a2bfe5e,2026-09-30 01:30:26.821062+00,2026-09-30 01:30:29.3533+00,2532.238
411,cowrie.login.failed,d09a6a2bfe5e,2026-09-30 01:30:26.872937+00,2026-09-30 01:30:29.428603+00,2555.666
412,cowrie.client.kex,d09a6a2bfe5e,2026-09-30 01:30:26.822878+00,2026-09-30 01:30:29.769924+00,2947.046
413,cowrie.session.connect,b28a78d4fa36,2026-09-30 01:30:28.881303+00,2026-09-30 01:30:31.042566+00,2161.263
414,cowrie.client.version,b28a78d4fa36,2026-09-30 01:30:28.881747+00,2026-09-30 01:30:31.504188+00,2622.441
415,cowrie.login.failed,b28a78d4fa36,2026-09-30 01:30:28.966966+00,2026-09-30 01:30:31.582401+00,2615.435
416,cowrie.client.kex,b28a78d4fa36,2026-09-30 01:30:28.883219+00,2026-09-30 01:30:31.619262+00,2736.043
417,cowrie.session.closed,b28a78d4fa36,2026-09-30 01:30:30.973228+00,2026-09-30 01:30:33.171115+00,2197.887
418,cowrie.session.closed,1451cd27b7c2,2026-09-30 01:30:30.979843+00,2026-09-30 01:30:33.640746+00,2660.903
419,cowrie.session.closed,e0c91fe30df9,2026-09-30 01:30:30.981272+00,2026-09-30 01:30:33.686852+00,2705.580
420,cowrie.session.closed,d09a6a2bfe5e,2026-09-30 01:30:30.989304+00,2026-09-30 01:30:33.740413+00,2751.109
421,cowrie.session.closed,60e5cfe53e1b,2026-09-30 01:30:30.999201+00,2026-09-30 01:30:34.311112+00,3311.911
422,cowrie.session.closed,1d1f132375ef,2026-09-30 01:30:31.037046+00,2026-09-30 01:30:34.616527+00,3579.481
423,cowrie.session.closed,6bc88d4a8211,2026-09-30 01:30:31.036103+00,2026-09-30 01:30:34.734498+00,3698.395
424,cowrie.session.closed,c286af846638,2026-09-30 01:30:31.069012+00,2026-09-30 01:30:35.032263+00,3963.251
425,cowrie.session.closed,f3525e8e266f,2026-09-30 01:30:31.05943+00,2026-09-30 01:30:35.133201+00,4073.771
426,cowrie.session.connect,df9993a1e008,2026-09-30 01:45:03.40274+00,2026-09-30 01:45:04.099892+00,697.152
427,cowrie.client.version,df9993a1e008,2026-09-30 01:45:03.403519+00,2026-09-30 01:45:04.364106+00,960.587
428,cowrie.login.failed,df9993a1e008,2026-09-30 01:45:03.468917+00,2026-09-30 01:45:04.408215+00,939.298
429,cowrie.client.kex,df9993a1e008,2026-09-30 01:45:03.40543+00,2026-09-30 01:45:04.598582+00,1193.152
430,cowrie.session.connect,77f50c4189b6,2026-09-30 01:45:05.478488+00,2026-09-30 01:45:05.933033+00,454.545
431,cowrie.login.failed,77f50c4189b6,2026-09-30 01:45:05.532338+00,2026-09-30 01:45:06.150262+00,617.924
432,cowrie.client.version,77f50c4189b6,2026-09-30 01:45:05.478943+00,2026-09-30 01:45:06.174624+00,695.681
433,cowrie.client.kex,77f50c4189b6,2026-09-30 01:45:05.480332+00,2026-09-30 01:45:06.229208+00,748.876
434,cowrie.session.connect,66cfc37ff78d,2026-09-30 01:45:07.536914+00,2026-09-30 01:45:07.994875+00,457.961
435,cowrie.login.failed,66cfc37ff78d,2026-09-30 01:45:07.594644+00,2026-09-30 01:45:08.199933+00,605.289
436,cowrie.client.version,66cfc37ff78d,2026-09-30 01:45:07.537337+00,2026-09-30 01:45:08.232137+00,694.800
437,cowrie.client.kex,66cfc37ff78d,2026-09-30 01:45:07.53856+00,2026-09-30 01:45:08.259587+00,721.027
438,cowrie.session.connect,fa53d88ee709,2026-09-30 01:45:09.598655+00,2026-09-30 01:45:10.043585+00,444.930
439,cowrie.client.version,fa53d88ee709,2026-09-30 01:45:09.599042+00,2026-09-30 01:45:10.228935+00,629.893
440,cowrie.login.failed,fa53d88ee709,2026-09-30 01:45:09.651402+00,2026-09-30 01:45:10.242637+00,591.235
441,cowrie.client.kex,fa53d88ee709,2026-09-30 01:45:09.600225+00,2026-09-30 01:45:10.294447+00,694.222
442,cowrie.session.connect,0db66a53800b,2026-09-30 01:45:11.655402+00,2026-09-30 01:45:12.470404+00,815.002
443,cowrie.login.failed,0db66a53800b,2026-09-30 01:45:11.707397+00,2026-09-30 01:45:12.655104+00,947.707
444,cowrie.client.version,0db66a53800b,2026-09-30 01:45:11.655837+00,2026-09-30 01:45:12.673541+00,1017.704
445,cowrie.client.kex,0db66a53800b,2026-09-30 01:45:11.657513+00,2026-09-30 01:45:12.83854+00,1181.027
446,cowrie.session.connect,141ba3a630c0,2026-09-30 01:45:13.712239+00,2026-09-30 01:45:14.223067+00,510.828
447,cowrie.login.failed,141ba3a630c0,2026-09-30 01:45:13.769436+00,2026-09-30 01:45:14.345624+00,576.188
448,cowrie.client.version,141ba3a630c0,2026-09-30 01:45:13.713403+00,2026-09-30 01:45:14.383077+00,669.674
449,cowrie.client.kex,141ba3a630c0,2026-09-30 01:45:13.714912+00,2026-09-30 01:45:14.434318+00,719.406
450,cowrie.session.connect,cdbcecd46703,2026-09-30 01:45:15.773946+00,2026-09-30 01:45:16.672211+00,898.265
451,cowrie.client.kex,cdbcecd46703,2026-09-30 01:45:15.776062+00,2026-09-30 01:45:16.829359+00,1053.297
452,cowrie.client.version,cdbcecd46703,2026-09-30 01:45:15.774581+00,2026-09-30 01:45:16.880549+00,1105.968
453,cowrie.client.size,cdbcecd46703,2026-09-30 01:45:15.831899+00,2026-09-30 01:45:17.211838+00,1379.939
454,cowrie.login.success,cdbcecd46703,2026-09-30 01:45:15.827363+00,2026-09-30 01:45:17.226759+00,1399.396
455,cowrie.session.params,cdbcecd46703,2026-09-30 01:45:15.833851+00,2026-09-30 01:45:17.380184+00,1546.333
456,cowrie.command.input,cdbcecd46703,2026-09-30 01:45:16.836649+00,2026-09-30 01:45:17.532605+00,695.956
457,cowrie.command.input,cdbcecd46703,2026-09-30 01:45:17.638259+00,2026-09-30 01:45:18.079642+00,441.383
458,cowrie.command.input,cdbcecd46703,2026-09-30 01:45:18.43794+00,2026-09-30 01:45:19.068516+00,630.576
459,cowrie.log.closed,cdbcecd46703,2026-09-30 01:45:19.238666+00,2026-09-30 01:45:20.067781+00,829.115
460,cowrie.session.closed,cdbcecd46703,2026-09-30 01:45:19.239891+00,2026-09-30 01:45:20.202894+00,963.003
461,cowrie.session.connect,7b58ef07064d,2026-09-30 01:45:20.239935+00,2026-09-30 01:45:20.978235+00,738.300
462,cowrie.client.version,7b58ef07064d,2026-09-30 01:45:20.240323+00,2026-09-30 01:45:21.139613+00,899.290
463,cowrie.login.failed,7b58ef07064d,2026-09-30 01:45:20.289492+00,2026-09-30 01:45:21.184964+00,895.472
464,cowrie.client.kex,7b58ef07064d,2026-09-30 01:45:20.241392+00,2026-09-30 01:45:21.211495+00,970.103
465,cowrie.session.connect,0248257ef1f6,2026-09-30 01:45:22.293852+00,2026-09-30 01:45:24.380688+00,2086.836
466,cowrie.login.success,0248257ef1f6,2026-09-30 01:45:22.351044+00,2026-09-30 01:45:24.641924+00,2290.880
467,cowrie.client.version,0248257ef1f6,2026-09-30 01:45:22.294329+00,2026-09-30 01:45:24.676434+00,2382.105
468,cowrie.client.kex,0248257ef1f6,2026-09-30 01:45:22.295645+00,2026-09-30 01:45:24.724374+00,2428.729
469,cowrie.client.size,0248257ef1f6,2026-09-30 01:45:22.730159+00,2026-09-30 01:45:24.982675+00,2252.516
470,cowrie.session.params,0248257ef1f6,2026-09-30 01:45:22.748838+00,2026-09-30 01:45:25.131314+00,2382.476
471,cowrie.command.input,0248257ef1f6,2026-09-30 01:45:23.75161+00,2026-09-30 01:45:25.967967+00,2216.357
472,cowrie.command.input,0248257ef1f6,2026-09-30 01:45:24.552392+00,2026-09-30 01:45:26.923539+00,2371.147
473,cowrie.command.input,0248257ef1f6,2026-09-30 01:45:25.352914+00,2026-09-30 01:45:27.569575+00,2216.661
474,cowrie.command.input,0248257ef1f6,2026-09-30 01:45:26.153925+00,2026-09-30 01:45:28.53711+00,2383.185
475,cowrie.log.closed,0248257ef1f6,2026-09-30 01:45:26.953999+00,2026-09-30 01:45:29.168014+00,2214.015
476,cowrie.session.closed,0248257ef1f6,2026-09-30 01:45:26.956511+00,2026-09-30 01:45:29.312475+00,2355.964
477,cowrie.session.closed,0db66a53800b,2026-09-30 01:45:27.980752+00,2026-09-30 01:45:30.148622+00,2167.870
478,cowrie.session.closed,fa53d88ee709,2026-09-30 01:45:28.008446+00,2026-09-30 01:45:30.360474+00,2352.028
479,cowrie.session.closed,df9993a1e008,2026-09-30 01:45:27.98365+00,2026-09-30 01:45:30.454569+00,2470.919
480,cowrie.session.closed,77f50c4189b6,2026-09-30 01:45:28.009486+00,2026-09-30 01:45:30.687659+00,2678.173
481,cowrie.session.closed,66cfc37ff78d,2026-09-30 01:45:28.009042+00,2026-09-30 01:45:30.79615+00,2787.108
482,cowrie.session.closed,141ba3a630c0,2026-09-30 01:45:28.010316+00,2026-09-30 01:45:31.026205+00,3015.889
483,cowrie.session.closed,7b58ef07064d,2026-09-30 01:45:28.009876+00,2026-09-30 01:45:31.135599+00,3125.723
484,cowrie.client.kex,ad6269303607,2026-09-30 02:00:03.405841+00,2026-09-30 02:00:05.478361+00,2072.520
485,cowrie.client.version,ad6269303607,2026-09-30 02:00:03.403957+00,2026-09-30 02:00:05.511277+00,2107.320
486,cowrie.login.failed,ad6269303607,2026-09-30 02:00:03.456906+00,2026-09-30 02:00:05.526827+00,2069.921
487,cowrie.session.connect,ad6269303607,2026-09-30 02:00:03.403306+00,2026-09-30 02:00:05.542253+00,2138.947
488,cowrie.session.connect,8d9b52dad26d,2026-09-30 02:00:05.461244+00,2026-09-30 02:00:06.212865+00,751.621
489,cowrie.client.kex,8d9b52dad26d,2026-09-30 02:00:05.463345+00,2026-09-30 02:00:06.375627+00,912.282
490,cowrie.client.version,8d9b52dad26d,2026-09-30 02:00:05.46176+00,2026-09-30 02:00:06.434838+00,973.078
491,cowrie.login.failed,8d9b52dad26d,2026-09-30 02:00:05.513374+00,2026-09-30 02:00:06.550755+00,1037.381
492,cowrie.session.connect,99d106dbaafc,2026-09-30 02:00:07.518716+00,2026-09-30 02:00:08.250898+00,732.182
493,cowrie.client.version,99d106dbaafc,2026-09-30 02:00:07.51921+00,2026-09-30 02:00:08.407921+00,888.711
494,cowrie.login.success,99d106dbaafc,2026-09-30 02:00:07.56924+00,2026-09-30 02:00:08.435743+00,866.503
495,cowrie.client.kex,99d106dbaafc,2026-09-30 02:00:07.520946+00,2026-09-30 02:00:08.522895+00,1001.949
496,cowrie.session.params,99d106dbaafc,2026-09-30 02:00:07.786052+00,2026-09-30 02:00:08.638244+00,852.192
497,cowrie.client.size,99d106dbaafc,2026-09-30 02:00:07.783726+00,2026-09-30 02:00:08.691174+00,907.448
498,cowrie.command.input,99d106dbaafc,2026-09-30 02:00:08.788476+00,2026-09-30 02:00:09.218859+00,430.383
499,cowrie.command.input,99d106dbaafc,2026-09-30 02:00:09.589488+00,2026-09-30 02:00:10.199+00,609.512
500,cowrie.command.input,99d106dbaafc,2026-09-30 02:00:10.387844+00,2026-09-30 02:00:11.123444+00,735.600
501,cowrie.command.input,99d106dbaafc,2026-09-30 02:00:11.188306+00,2026-09-30 02:00:11.79042+00,602.114
502,cowrie.log.closed,99d106dbaafc,2026-09-30 02:00:11.98921+00,2026-09-30 02:00:12.713192+00,723.982
503,cowrie.session.closed,99d106dbaafc,2026-09-30 02:00:11.99042+00,2026-09-30 02:00:12.871628+00,881.208
504,cowrie.session.connect,cfe203751e6c,2026-09-30 02:00:12.991862+00,2026-09-30 02:00:13.704835+00,712.973
505,cowrie.client.version,cfe203751e6c,2026-09-30 02:00:12.992191+00,2026-09-30 02:00:13.888284+00,896.093
506,cowrie.login.failed,cfe203751e6c,2026-09-30 02:00:13.041854+00,2026-09-30 02:00:13.902696+00,860.842
507,cowrie.client.kex,cfe203751e6c,2026-09-30 02:00:12.993251+00,2026-09-30 02:00:13.93641+00,943.159
508,cowrie.session.connect,5cea24213264,2026-09-30 02:00:15.046629+00,2026-09-30 02:00:15.860547+00,813.918
509,cowrie.login.failed,5cea24213264,2026-09-30 02:00:15.098432+00,2026-09-30 02:00:15.923153+00,824.721
510,cowrie.client.version,5cea24213264,2026-09-30 02:00:15.047201+00,2026-09-30 02:00:16.016966+00,969.765
511,cowrie.client.kex,5cea24213264,2026-09-30 02:00:15.048605+00,2026-09-30 02:00:16.085541+00,1036.936
512,cowrie.session.closed,5cea24213264,2026-09-30 02:00:17.103641+00,2026-09-30 02:00:17.907547+00,803.906
513,cowrie.session.closed,ad6269303607,2026-09-30 02:00:17.158325+00,2026-09-30 02:00:18.242933+00,1084.608
514,cowrie.session.closed,cfe203751e6c,2026-09-30 02:00:17.159001+00,2026-09-30 02:00:18.304421+00,1145.420
515,cowrie.session.closed,8d9b52dad26d,2026-09-30 02:00:17.159694+00,2026-09-30 02:00:18.560533+00,1400.839
516,cowrie.session.connect,1c38203ee88c,2026-09-30 02:15:03.438111+00,2026-09-30 02:15:04.150632+00,712.521
517,cowrie.client.version,1c38203ee88c,2026-09-30 02:15:03.438757+00,2026-09-30 02:15:04.230528+00,791.771
518,cowrie.login.failed,1c38203ee88c,2026-09-30 02:15:03.505102+00,2026-09-30 02:15:04.265205+00,760.103
519,cowrie.client.kex,1c38203ee88c,2026-09-30 02:15:03.441564+00,2026-09-30 02:15:04.324698+00,883.134
520,cowrie.session.connect,3de344af02af,2026-09-30 02:15:05.511153+00,2026-09-30 02:15:06.127103+00,615.950
521,cowrie.login.failed,3de344af02af,2026-09-30 02:15:05.56347+00,2026-09-30 02:15:06.266151+00,702.681
522,cowrie.client.version,3de344af02af,2026-09-30 02:15:05.511636+00,2026-09-30 02:15:06.309207+00,797.571
523,cowrie.client.kex,3de344af02af,2026-09-30 02:15:05.513064+00,2026-09-30 02:15:06.346652+00,833.588
524,cowrie.session.connect,f9e20da22577,2026-09-30 02:15:07.567801+00,2026-09-30 02:15:08.162356+00,594.555
525,cowrie.client.kex,f9e20da22577,2026-09-30 02:15:07.569553+00,2026-09-30 02:15:08.484117+00,914.564
526,cowrie.client.version,f9e20da22577,2026-09-30 02:15:07.568166+00,2026-09-30 02:15:08.500818+00,932.652
527,cowrie.login.failed,f9e20da22577,2026-09-30 02:15:07.624029+00,2026-09-30 02:15:08.692364+00,1068.335
528,cowrie.session.connect,5d76091e5172,2026-09-30 02:15:09.628801+00,2026-09-30 02:15:10.12872+00,499.919
529,cowrie.client.version,5d76091e5172,2026-09-30 02:15:09.629255+00,2026-09-30 02:15:10.369803+00,740.548
530,cowrie.login.failed,5d76091e5172,2026-09-30 02:15:09.679351+00,2026-09-30 02:15:10.380828+00,701.477
531,cowrie.client.kex,5d76091e5172,2026-09-30 02:15:09.630754+00,2026-09-30 02:15:10.440982+00,810.228
532,cowrie.session.connect,3866421b9589,2026-09-30 02:15:11.683166+00,2026-09-30 02:15:12.198402+00,515.236
533,cowrie.login.failed,3866421b9589,2026-09-30 02:15:11.734004+00,2026-09-30 02:15:12.409959+00,675.955
534,cowrie.client.version,3866421b9589,2026-09-30 02:15:11.683546+00,2026-09-30 02:15:12.460749+00,777.203
535,cowrie.client.kex,3866421b9589,2026-09-30 02:15:11.684844+00,2026-09-30 02:15:12.565109+00,880.265
536,cowrie.session.connect,d9cf887869cb,2026-09-30 02:15:13.738656+00,2026-09-30 02:15:14.235292+00,496.636
537,cowrie.login.failed,d9cf887869cb,2026-09-30 02:15:13.790282+00,2026-09-30 02:15:14.397014+00,606.732
538,cowrie.client.version,d9cf887869cb,2026-09-30 02:15:13.739417+00,2026-09-30 02:15:14.40674+00,667.323
539,cowrie.client.kex,d9cf887869cb,2026-09-30 02:15:13.741078+00,2026-09-30 02:15:14.443792+00,702.714
540,cowrie.session.connect,e33f8afebd7a,2026-09-30 02:15:15.795928+00,2026-09-30 02:15:16.327159+00,531.231
541,cowrie.client.kex,e33f8afebd7a,2026-09-30 02:15:15.797579+00,2026-09-30 02:15:16.496243+00,698.664
542,cowrie.client.version,e33f8afebd7a,2026-09-30 02:15:15.79632+00,2026-09-30 02:15:16.582663+00,786.343
543,cowrie.client.size,e33f8afebd7a,2026-09-30 02:15:16.274553+00,2026-09-30 02:15:16.790021+00,515.468
544,cowrie.login.success,e33f8afebd7a,2026-09-30 02:15:15.84513+00,2026-09-30 02:15:16.889124+00,1043.994
545,cowrie.session.params,e33f8afebd7a,2026-09-30 02:15:16.280667+00,2026-09-30 02:15:17.121759+00,841.092
546,cowrie.command.input,e33f8afebd7a,2026-09-30 02:15:17.284285+00,2026-09-30 02:15:17.799057+00,514.772
547,cowrie.command.input,e33f8afebd7a,2026-09-30 02:15:18.08497+00,2026-09-30 02:15:18.729295+00,644.325
548,cowrie.command.input,e33f8afebd7a,2026-09-30 02:15:18.8849+00,2026-09-30 02:15:19.422155+00,537.255
549,cowrie.command.input,e33f8afebd7a,2026-09-30 02:15:19.685582+00,2026-09-30 02:15:20.320111+00,634.529
550,cowrie.command.input,e33f8afebd7a,2026-09-30 02:15:20.486782+00,2026-09-30 02:15:22.622282+00,2135.500
551,cowrie.command.input,e33f8afebd7a,2026-09-30 02:15:21.287371+00,2026-09-30 02:15:23.564528+00,2277.157
552,cowrie.log.closed,e33f8afebd7a,2026-09-30 02:15:22.08804+00,2026-09-30 02:15:24.191131+00,2103.091
553,cowrie.session.closed,e33f8afebd7a,2026-09-30 02:15:22.089572+00,2026-09-30 02:15:24.363855+00,2274.283
554,cowrie.session.connect,d9a6cb934f86,2026-09-30 02:15:23.088953+00,2026-09-30 02:15:25.188674+00,2099.721
555,cowrie.login.failed,d9a6cb934f86,2026-09-30 02:15:23.14585+00,2026-09-30 02:15:25.361104+00,2215.254
556,cowrie.client.version,d9a6cb934f86,2026-09-30 02:15:23.089376+00,2026-09-30 02:15:25.385072+00,2295.696
557,cowrie.client.kex,d9a6cb934f86,2026-09-30 02:15:23.090726+00,2026-09-30 02:15:25.432334+00,2341.608
558,cowrie.session.connect,f17ce67f1e7e,2026-09-30 02:15:25.150683+00,2026-09-30 02:15:25.867236+00,716.553
559,cowrie.login.failed,f17ce67f1e7e,2026-09-30 02:15:25.201643+00,2026-09-30 02:15:26.039155+00,837.512
560,cowrie.client.version,f17ce67f1e7e,2026-09-30 02:15:25.151068+00,2026-09-30 02:15:26.065578+00,914.510
561,cowrie.client.kex,f17ce67f1e7e,2026-09-30 02:15:25.152314+00,2026-09-30 02:15:26.151899+00,999.585
562,cowrie.session.connect,dbd425ca9649,2026-09-30 02:15:27.206333+00,2026-09-30 02:15:29.538548+00,2332.215
563,cowrie.client.version,dbd425ca9649,2026-09-30 02:15:27.206739+00,2026-09-30 02:15:29.793713+00,2586.974
564,cowrie.login.failed,dbd425ca9649,2026-09-30 02:15:27.258963+00,2026-09-30 02:15:29.819242+00,2560.279
565,cowrie.client.kex,dbd425ca9649,2026-09-30 02:15:27.207939+00,2026-09-30 02:15:29.85487+00,2646.931
566,cowrie.session.connect,9d9765f0a06c,2026-09-30 02:15:29.263757+00,2026-09-30 02:15:31.340752+00,2076.995
567,cowrie.login.failed,9d9765f0a06c,2026-09-30 02:15:29.313998+00,2026-09-30 02:15:31.529398+00,2215.400
568,cowrie.client.version,9d9765f0a06c,2026-09-30 02:15:29.264136+00,2026-09-30 02:15:31.555778+00,2291.642
569,cowrie.client.kex,9d9765f0a06c,2026-09-30 02:15:29.265435+00,2026-09-30 02:15:31.620256+00,2354.821
570,cowrie.session.connect,fd5275d67fee,2026-09-30 02:15:31.319536+00,2026-09-30 02:15:33.734081+00,2414.545
571,cowrie.login.success,fd5275d67fee,2026-09-30 02:15:31.37004+00,2026-09-30 02:15:33.897312+00,2527.272
572,cowrie.client.version,fd5275d67fee,2026-09-30 02:15:31.31993+00,2026-09-30 02:15:33.942497+00,2622.567
573,cowrie.client.kex,fd5275d67fee,2026-09-30 02:15:31.321422+00,2026-09-30 02:15:34.008568+00,2687.146
574,cowrie.session.params,fd5275d67fee,2026-09-30 02:15:31.600473+00,2026-09-30 02:15:34.064075+00,2463.602
575,cowrie.client.size,fd5275d67fee,2026-09-30 02:15:31.598339+00,2026-09-30 02:15:34.121802+00,2523.463
576,cowrie.command.input,fd5275d67fee,2026-09-30 02:15:32.603006+00,2026-09-30 02:15:34.691296+00,2088.290
577,cowrie.command.input,fd5275d67fee,2026-09-30 02:15:33.404099+00,2026-09-30 02:15:35.655548+00,2251.449
578,cowrie.command.input,fd5275d67fee,2026-09-30 02:15:34.204278+00,2026-09-30 02:15:36.309945+00,2105.667
579,cowrie.command.input,fd5275d67fee,2026-09-30 02:15:35.005569+00,2026-09-30 02:15:37.257529+00,2251.960
580,cowrie.command.input,fd5275d67fee,2026-09-30 02:15:35.806401+00,2026-09-30 02:15:37.90965+00,2103.249
581,cowrie.command.input,fd5275d67fee,2026-09-30 02:15:36.607177+00,2026-09-30 02:15:38.85774+00,2250.563
582,cowrie.log.closed,fd5275d67fee,2026-09-30 02:15:37.407511+00,2026-09-30 02:15:39.523513+00,2116.002
583,cowrie.session.closed,fd5275d67fee,2026-09-30 02:15:37.408761+00,2026-09-30 02:15:39.901208+00,2492.447
584,cowrie.session.connect,80b134fb6e7f,2026-09-30 02:15:38.4089+00,2026-09-30 02:15:40.746292+00,2337.392
585,cowrie.client.version,80b134fb6e7f,2026-09-30 02:15:38.409263+00,2026-09-30 02:15:40.950434+00,2541.171
586,cowrie.login.failed,80b134fb6e7f,2026-09-30 02:15:38.461863+00,2026-09-30 02:15:41.004757+00,2542.894
587,cowrie.client.kex,80b134fb6e7f,2026-09-30 02:15:38.410582+00,2026-09-30 02:15:41.037171+00,2626.589
588,cowrie.session.connect,a61c8a6c61d9,2026-09-30 02:15:40.464651+00,2026-09-30 02:15:42.834692+00,2370.041
589,cowrie.client.version,a61c8a6c61d9,2026-09-30 02:15:40.465077+00,2026-09-30 02:15:43.09005+00,2624.973
590,cowrie.client.kex,a61c8a6c61d9,2026-09-30 02:15:40.466291+00,2026-09-30 02:15:43.146526+00,2680.235
591,cowrie.login.failed,a61c8a6c61d9,2026-09-30 02:15:40.51578+00,2026-09-30 02:15:43.198335+00,2682.555
592,cowrie.session.connect,c728da163f55,2026-09-30 02:15:42.520502+00,2026-09-30 02:15:44.724271+00,2203.769
593,cowrie.client.version,c728da163f55,2026-09-30 02:15:42.52084+00,2026-09-30 02:15:44.949809+00,2428.969
594,cowrie.login.failed,c728da163f55,2026-09-30 02:15:42.571261+00,2026-09-30 02:15:45.020351+00,2449.090
595,cowrie.client.kex,c728da163f55,2026-09-30 02:15:42.522154+00,2026-09-30 02:15:45.074138+00,2551.984
596,cowrie.session.connect,bf3ba68c4983,2026-09-30 02:15:44.574991+00,2026-09-30 02:15:46.83559+00,2260.599
597,cowrie.client.version,bf3ba68c4983,2026-09-30 02:15:44.576712+00,2026-09-30 02:15:47.144415+00,2567.703
598,cowrie.client.kex,bf3ba68c4983,2026-09-30 02:15:44.577899+00,2026-09-30 02:15:47.286927+00,2709.028
599,cowrie.login.failed,bf3ba68c4983,2026-09-30 02:15:44.628731+00,2026-09-30 02:15:47.431195+00,2802.464
600,cowrie.session.closed,d9a6cb934f86,2026-09-30 02:15:46.633632+00,2026-09-30 02:15:48.875285+00,2241.653
601,cowrie.session.closed,a61c8a6c61d9,2026-09-30 02:15:46.642586+00,2026-09-30 02:15:49.003169+00,2360.583
602,cowrie.session.closed,bf3ba68c4983,2026-09-30 02:15:46.634191+00,2026-09-30 02:15:49.095201+00,2461.010
603,cowrie.session.closed,5d76091e5172,2026-09-30 02:15:46.651514+00,2026-09-30 02:15:49.487027+00,2835.513
604,cowrie.session.closed,dbd425ca9649,2026-09-30 02:15:46.652148+00,2026-09-30 02:15:49.639679+00,2987.531
605,cowrie.session.closed,f9e20da22577,2026-09-30 02:15:46.657099+00,2026-09-30 02:15:50.069434+00,3412.335
606,cowrie.session.closed,1c38203ee88c,2026-09-30 02:15:46.652612+00,2026-09-30 02:15:50.109962+00,3457.350
607,cowrie.session.closed,3de344af02af,2026-09-30 02:15:46.653351+00,2026-09-30 02:15:50.281454+00,3628.103
608,cowrie.session.closed,f17ce67f1e7e,2026-09-30 02:15:46.687983+00,2026-09-30 02:15:50.391469+00,3703.486
609,cowrie.session.closed,9d9765f0a06c,2026-09-30 02:15:46.671597+00,2026-09-30 02:15:50.497442+00,3825.845
610,cowrie.session.closed,3866421b9589,2026-09-30 02:15:46.702286+00,2026-09-30 02:15:50.930866+00,4228.580
611,cowrie.session.closed,c728da163f55,2026-09-30 02:15:46.689627+00,2026-09-30 02:15:51.026558+00,4336.931
612,cowrie.session.closed,d9cf887869cb,2026-09-30 02:15:46.719587+00,2026-09-30 02:15:51.118808+00,4399.221
613,cowrie.session.closed,80b134fb6e7f,2026-09-30 02:15:46.702971+00,2026-09-30 02:15:51.511782+00,4808.811
614,cowrie.session.connect,f2c1f0c35110,2026-09-30 02:30:05.05765+00,2026-09-30 02:30:06.048912+00,991.262
615,cowrie.login.failed,f2c1f0c35110,2026-09-30 02:30:05.109708+00,2026-09-30 02:30:06.24179+00,1132.082
616,cowrie.client.version,f2c1f0c35110,2026-09-30 02:30:05.058237+00,2026-09-30 02:30:06.303415+00,1245.178
617,cowrie.client.kex,f2c1f0c35110,2026-09-30 02:30:05.059797+00,2026-09-30 02:30:06.431672+00,1371.875
618,cowrie.session.connect,f79ad3a7226b,2026-09-30 02:30:07.119656+00,2026-09-30 02:30:07.881902+00,762.246
619,cowrie.login.failed,f79ad3a7226b,2026-09-30 02:30:07.171212+00,2026-09-30 02:30:08.192177+00,1020.965
620,cowrie.client.version,f79ad3a7226b,2026-09-30 02:30:07.120086+00,2026-09-30 02:30:08.226484+00,1106.398
621,cowrie.client.kex,f79ad3a7226b,2026-09-30 02:30:07.121484+00,2026-09-30 02:30:08.276548+00,1155.064
622,cowrie.session.connect,0b2a1f04c48b,2026-09-30 02:30:09.178663+00,2026-09-30 02:30:09.661648+00,482.985
623,cowrie.login.failed,0b2a1f04c48b,2026-09-30 02:30:09.230548+00,2026-09-30 02:30:09.814611+00,584.063
624,cowrie.client.version,0b2a1f04c48b,2026-09-30 02:30:09.179118+00,2026-09-30 02:30:09.853319+00,674.201
625,cowrie.client.kex,0b2a1f04c48b,2026-09-30 02:30:09.18043+00,2026-09-30 02:30:09.896131+00,715.701
626,cowrie.session.connect,36aedcaa7c8f,2026-09-30 02:30:11.233096+00,2026-09-30 02:30:11.983137+00,750.041
627,cowrie.login.failed,36aedcaa7c8f,2026-09-30 02:30:11.286216+00,2026-09-30 02:30:12.16749+00,881.274
628,cowrie.client.version,36aedcaa7c8f,2026-09-30 02:30:11.233474+00,2026-09-30 02:30:12.181953+00,948.479
629,cowrie.client.kex,36aedcaa7c8f,2026-09-30 02:30:11.234755+00,2026-09-30 02:30:12.23012+00,995.365
630,cowrie.session.connect,0176df2d684b,2026-09-30 02:30:13.290718+00,2026-09-30 02:30:14.018388+00,727.670
631,cowrie.client.version,0176df2d684b,2026-09-30 02:30:13.29111+00,2026-09-30 02:30:14.320518+00,1029.408
632,cowrie.login.success,0176df2d684b,2026-09-30 02:30:13.341412+00,2026-09-30 02:30:14.368794+00,1027.382
633,cowrie.client.kex,0176df2d684b,2026-09-30 02:30:13.292528+00,2026-09-30 02:30:14.441158+00,1148.630
634,cowrie.client.size,0176df2d684b,2026-09-30 02:30:14.191005+00,2026-09-30 02:30:14.940339+00,749.334
635,cowrie.session.params,0176df2d684b,2026-09-30 02:30:14.193623+00,2026-09-30 02:30:15.145449+00,951.826
636,cowrie.command.input,0176df2d684b,2026-09-30 02:30:15.197818+00,2026-09-30 02:30:15.625854+00,428.036
637,cowrie.command.input,0176df2d684b,2026-09-30 02:30:15.997671+00,2026-09-30 02:30:16.635338+00,637.667
638,cowrie.command.input,0176df2d684b,2026-09-30 02:30:16.798553+00,2026-09-30 02:30:17.575932+00,777.379
639,cowrie.command.input,0176df2d684b,2026-09-30 02:30:17.599478+00,2026-09-30 02:30:18.193551+00,594.073
640,cowrie.command.input,0176df2d684b,2026-09-30 02:30:18.399304+00,2026-09-30 02:30:18.818046+00,418.742
641,cowrie.log.closed,0176df2d684b,2026-09-30 02:30:19.200181+00,2026-09-30 02:30:19.780453+00,580.272
642,cowrie.session.closed,0176df2d684b,2026-09-30 02:30:19.201797+00,2026-09-30 02:30:19.932916+00,731.119
643,cowrie.session.connect,e6f0e4da206f,2026-09-30 02:30:20.201908+00,2026-09-30 02:30:20.784966+00,583.058
644,cowrie.login.success,e6f0e4da206f,2026-09-30 02:30:20.254162+00,2026-09-30 02:30:22.66386+00,2409.698
645,cowrie.client.kex,e6f0e4da206f,2026-09-30 02:30:20.203569+00,2026-09-30 02:30:22.705965+00,2502.396
646,cowrie.client.version,e6f0e4da206f,2026-09-30 02:30:20.202358+00,2026-09-30 02:30:22.720378+00,2518.020
647,cowrie.client.size,e6f0e4da206f,2026-09-30 02:30:20.505127+00,2026-09-30 02:30:22.857384+00,2352.257
648,cowrie.session.params,e6f0e4da206f,2026-09-30 02:30:20.517885+00,2026-09-30 02:30:22.906654+00,2388.769
649,cowrie.command.input,e6f0e4da206f,2026-09-30 02:30:21.527856+00,2026-09-30 02:30:23.700995+00,2173.139
650,cowrie.command.input,e6f0e4da206f,2026-09-30 02:30:22.327778+00,2026-09-30 02:30:24.657147+00,2329.369
651,cowrie.command.input,e6f0e4da206f,2026-09-30 02:30:23.128681+00,2026-09-30 02:30:25.282373+00,2153.692
652,cowrie.command.input,e6f0e4da206f,2026-09-30 02:30:23.929886+00,2026-09-30 02:30:26.238983+00,2309.097
653,cowrie.command.input,e6f0e4da206f,2026-09-30 02:30:24.730099+00,2026-09-30 02:30:26.916295+00,2186.196
654,cowrie.log.closed,e6f0e4da206f,2026-09-30 02:30:25.530811+00,2026-09-30 02:30:27.868528+00,2337.717
655,cowrie.session.closed,e6f0e4da206f,2026-09-30 02:30:25.532004+00,2026-09-30 02:30:28.061447+00,2529.443
656,cowrie.session.closed,f79ad3a7226b,2026-09-30 02:30:26.533941+00,2026-09-30 02:30:28.958798+00,2424.857
657,cowrie.session.closed,36aedcaa7c8f,2026-09-30 02:30:26.535347+00,2026-09-30 02:30:29.464072+00,2928.725
658,cowrie.session.closed,0b2a1f04c48b,2026-09-30 02:30:26.581678+00,2026-09-30 02:30:29.497982+00,2916.304
659,cowrie.session.closed,f2c1f0c35110,2026-09-30 02:30:26.60221+00,2026-09-30 02:30:29.905905+00,3303.695
660,cowrie.session.connect,ef65e921060a,2026-09-30 02:45:03.13667+00,2026-09-30 02:45:03.740259+00,603.589
661,cowrie.client.kex,ef65e921060a,2026-09-30 02:45:03.139399+00,2026-09-30 02:45:03.962624+00,823.225
662,cowrie.client.version,ef65e921060a,2026-09-30 02:45:03.13737+00,2026-09-30 02:45:04.001645+00,864.275
663,cowrie.login.failed,ef65e921060a,2026-09-30 02:45:03.192498+00,2026-09-30 02:45:04.209244+00,1016.746
664,cowrie.session.connect,de6307cbfb71,2026-09-30 02:45:05.197178+00,2026-09-30 02:45:06.041056+00,843.878
665,cowrie.client.version,de6307cbfb71,2026-09-30 02:45:05.197765+00,2026-09-30 02:45:06.24125+00,1043.485
666,cowrie.login.failed,de6307cbfb71,2026-09-30 02:45:05.246589+00,2026-09-30 02:45:06.270585+00,1023.996
667,cowrie.client.kex,de6307cbfb71,2026-09-30 02:45:05.198921+00,2026-09-30 02:45:06.560521+00,1361.600
668,cowrie.session.connect,f8ace8b22bb1,2026-09-30 02:45:07.250756+00,2026-09-30 02:45:07.698665+00,447.909
669,cowrie.login.failed,f8ace8b22bb1,2026-09-30 02:45:07.312407+00,2026-09-30 02:45:07.899472+00,587.065
670,cowrie.client.version,f8ace8b22bb1,2026-09-30 02:45:07.25141+00,2026-09-30 02:45:07.962051+00,710.641
671,cowrie.client.kex,f8ace8b22bb1,2026-09-30 02:45:07.253307+00,2026-09-30 02:45:08.012123+00,758.816
672,cowrie.session.connect,94fd767264c6,2026-09-30 02:45:09.316859+00,2026-09-30 02:45:10.066567+00,749.708
673,cowrie.login.success,94fd767264c6,2026-09-30 02:45:09.367086+00,2026-09-30 02:45:10.215354+00,848.268
674,cowrie.client.version,94fd767264c6,2026-09-30 02:45:09.317421+00,2026-09-30 02:45:10.253884+00,936.463
675,cowrie.client.kex,94fd767264c6,2026-09-30 02:45:09.318827+00,2026-09-30 02:45:10.301425+00,982.598
676,cowrie.client.size,94fd767264c6,2026-09-30 02:45:09.578129+00,2026-09-30 02:45:10.469978+00,891.849
677,cowrie.session.params,94fd767264c6,2026-09-30 02:45:09.580147+00,2026-09-30 02:45:10.521317+00,941.170
678,cowrie.command.input,94fd767264c6,2026-09-30 02:45:10.582029+00,2026-09-30 02:45:11.040271+00,458.242
679,cowrie.command.input,94fd767264c6,2026-09-30 02:45:11.383217+00,2026-09-30 02:45:11.971916+00,588.699
680,cowrie.command.input,94fd767264c6,2026-09-30 02:45:12.182986+00,2026-09-30 02:45:12.883304+00,700.318
681,cowrie.log.closed,94fd767264c6,2026-09-30 02:45:12.983715+00,2026-09-30 02:45:13.532704+00,548.989
682,cowrie.session.closed,94fd767264c6,2026-09-30 02:45:12.985259+00,2026-09-30 02:45:13.67643+00,691.171
683,cowrie.session.connect,cd5559383262,2026-09-30 02:45:13.98486+00,2026-09-30 02:45:14.603778+00,618.918
684,cowrie.login.failed,cd5559383262,2026-09-30 02:45:14.041925+00,2026-09-30 02:45:14.713872+00,671.947
685,cowrie.client.version,cd5559383262,2026-09-30 02:45:13.985224+00,2026-09-30 02:45:14.744449+00,759.225
686,cowrie.client.kex,cd5559383262,2026-09-30 02:45:13.986583+00,2026-09-30 02:45:14.794194+00,807.611
687,cowrie.client.kex,6e6d3f4c4134,2026-09-30 02:45:16.049274+00,2026-09-30 02:45:16.952845+00,903.571
688,cowrie.session.connect,6e6d3f4c4134,2026-09-30 02:45:16.047059+00,2026-09-30 02:45:16.984032+00,936.973
689,cowrie.client.version,6e6d3f4c4134,2026-09-30 02:45:16.047507+00,2026-09-30 02:45:17.023156+00,975.649
690,cowrie.login.failed,6e6d3f4c4134,2026-09-30 02:45:16.096468+00,2026-09-30 02:45:17.270381+00,1173.913
691,cowrie.session.connect,08885be93e25,2026-09-30 02:45:18.101027+00,2026-09-30 02:45:18.615584+00,514.557
692,cowrie.login.failed,08885be93e25,2026-09-30 02:45:18.152608+00,2026-09-30 02:45:20.449468+00,2296.860
693,cowrie.client.version,08885be93e25,2026-09-30 02:45:18.101401+00,2026-09-30 02:45:20.492076+00,2390.675
694,cowrie.client.kex,08885be93e25,2026-09-30 02:45:18.102639+00,2026-09-30 02:45:20.521215+00,2418.576
695,cowrie.session.connect,c7dc468a6065,2026-09-30 02:45:20.156638+00,2026-09-30 02:45:22.30133+00,2144.692
696,cowrie.client.version,c7dc468a6065,2026-09-30 02:45:20.157028+00,2026-09-30 02:45:22.481525+00,2324.497
697,cowrie.client.kex,c7dc468a6065,2026-09-30 02:45:20.158247+00,2026-09-30 02:45:22.569719+00,2411.472
698,cowrie.login.failed,c7dc468a6065,2026-09-30 02:45:20.210141+00,2026-09-30 02:45:22.590653+00,2380.512
699,cowrie.session.connect,11172fa40aab,2026-09-30 02:45:22.214944+00,2026-09-30 02:45:24.415199+00,2200.255
700,cowrie.client.kex,11172fa40aab,2026-09-30 02:45:22.216693+00,2026-09-30 02:45:24.647152+00,2430.459
701,cowrie.client.version,11172fa40aab,2026-09-30 02:45:22.215303+00,2026-09-30 02:45:24.690496+00,2475.193
702,cowrie.login.failed,11172fa40aab,2026-09-30 02:45:22.265193+00,2026-09-30 02:45:24.889389+00,2624.196
703,cowrie.session.connect,1b46146f9e0c,2026-09-30 02:45:24.269973+00,2026-09-30 02:45:26.608784+00,2338.811
704,cowrie.client.kex,1b46146f9e0c,2026-09-30 02:45:24.271208+00,2026-09-30 02:45:26.805294+00,2534.086
705,cowrie.client.version,1b46146f9e0c,2026-09-30 02:45:24.270506+00,2026-09-30 02:45:26.865218+00,2594.712
706,cowrie.login.failed,1b46146f9e0c,2026-09-30 02:45:24.320578+00,2026-09-30 02:45:27.091925+00,2771.347
707,cowrie.session.connect,222fe75ff06c,2026-09-30 02:45:26.325266+00,2026-09-30 02:45:28.503395+00,2178.129
708,cowrie.login.failed,222fe75ff06c,2026-09-30 02:45:26.397142+00,2026-09-30 02:45:28.862023+00,2464.881
709,cowrie.client.version,222fe75ff06c,2026-09-30 02:45:26.325662+00,2026-09-30 02:45:28.89104+00,2565.378
710,cowrie.client.kex,222fe75ff06c,2026-09-30 02:45:26.32695+00,2026-09-30 02:45:28.919413+00,2592.463
711,cowrie.session.connect,3013e6bdc4c1,2026-09-30 02:45:28.402529+00,2026-09-30 02:45:30.657679+00,2255.150
712,cowrie.client.version,3013e6bdc4c1,2026-09-30 02:45:28.403054+00,2026-09-30 02:45:30.951528+00,2548.474
713,cowrie.client.kex,3013e6bdc4c1,2026-09-30 02:45:28.404639+00,2026-09-30 02:45:30.988092+00,2583.453
714,cowrie.login.failed,3013e6bdc4c1,2026-09-30 02:45:28.453698+00,2026-09-30 02:45:31.030135+00,2576.437
715,cowrie.session.connect,f052a1a5eed2,2026-09-30 02:45:30.458252+00,2026-09-30 02:45:32.585111+00,2126.859
716,cowrie.client.version,f052a1a5eed2,2026-09-30 02:45:30.458646+00,2026-09-30 02:45:32.843992+00,2385.346
717,cowrie.client.kex,f052a1a5eed2,2026-09-30 02:45:30.45986+00,2026-09-30 02:45:32.943398+00,2483.538
718,cowrie.login.failed,f052a1a5eed2,2026-09-30 02:45:30.509533+00,2026-09-30 02:45:32.958524+00,2448.991
719,cowrie.session.closed,f052a1a5eed2,2026-09-30 02:45:32.515308+00,2026-09-30 02:45:34.72099+00,2205.682
720,cowrie.session.closed,222fe75ff06c,2026-09-30 02:45:32.519764+00,2026-09-30 02:45:35.006337+00,2486.573
721,cowrie.session.closed,de6307cbfb71,2026-09-30 02:45:32.532719+00,2026-09-30 02:45:35.268451+00,2735.732
722,cowrie.session.closed,f8ace8b22bb1,2026-09-30 02:45:32.530597+00,2026-09-30 02:45:35.305507+00,2774.910
723,cowrie.session.closed,ef65e921060a,2026-09-30 02:45:32.570904+00,2026-09-30 02:45:35.571167+00,3000.263
724,cowrie.session.closed,c7dc468a6065,2026-09-30 02:45:32.546955+00,2026-09-30 02:45:35.696938+00,3149.983
725,cowrie.session.closed,cd5559383262,2026-09-30 02:45:32.576454+00,2026-09-30 02:45:35.88485+00,3308.396
726,cowrie.session.closed,1b46146f9e0c,2026-09-30 02:45:32.575968+00,2026-09-30 02:45:36.033265+00,3457.297
727,cowrie.session.closed,08885be93e25,2026-09-30 02:45:32.577357+00,2026-09-30 02:45:36.183749+00,3606.392
728,cowrie.session.closed,6e6d3f4c4134,2026-09-30 02:45:32.57691+00,2026-09-30 02:45:36.265342+00,3688.432
729,cowrie.session.closed,11172fa40aab,2026-09-30 02:45:32.577985+00,2026-09-30 02:45:36.742843+00,4164.858
730,cowrie.session.closed,3013e6bdc4c1,2026-09-30 02:45:32.578431+00,2026-09-30 02:45:37.030205+00,4451.774
731,cowrie.session.connect,78d128cf0d03,2026-09-30 03:00:03.374057+00,2026-09-30 03:00:04.011235+00,637.178
732,cowrie.client.version,78d128cf0d03,2026-09-30 03:00:03.374865+00,2026-09-30 03:00:04.186429+00,811.564
733,cowrie.login.failed,78d128cf0d03,2026-09-30 03:00:03.428805+00,2026-09-30 03:00:04.194803+00,765.998
734,cowrie.client.kex,78d128cf0d03,2026-09-30 03:00:03.377044+00,2026-09-30 03:00:04.227467+00,850.423
735,cowrie.session.connect,01d8c88a994a,2026-09-30 03:00:05.433838+00,2026-09-30 03:00:05.983343+00,549.505
736,cowrie.client.kex,01d8c88a994a,2026-09-30 03:00:05.435765+00,2026-09-30 03:00:06.234597+00,798.832
737,cowrie.client.version,01d8c88a994a,2026-09-30 03:00:05.434259+00,2026-09-30 03:00:06.282013+00,847.754
738,cowrie.login.failed,01d8c88a994a,2026-09-30 03:00:05.486288+00,2026-09-30 03:00:06.418785+00,932.497
739,cowrie.session.connect,01769c0c52e2,2026-09-30 03:00:07.490449+00,2026-09-30 03:00:08.218961+00,728.512
740,cowrie.login.failed,01769c0c52e2,2026-09-30 03:00:07.543153+00,2026-09-30 03:00:08.367532+00,824.379
741,cowrie.client.version,01769c0c52e2,2026-09-30 03:00:07.490834+00,2026-09-30 03:00:08.400336+00,909.502
742,cowrie.client.kex,01769c0c52e2,2026-09-30 03:00:07.492535+00,2026-09-30 03:00:08.449728+00,957.193
743,cowrie.session.connect,2c0277514b10,2026-09-30 03:00:09.54756+00,2026-09-30 03:00:10.244976+00,697.416
744,cowrie.client.version,2c0277514b10,2026-09-30 03:00:09.548076+00,2026-09-30 03:00:10.390364+00,842.288
745,cowrie.login.failed,2c0277514b10,2026-09-30 03:00:09.597846+00,2026-09-30 03:00:10.454808+00,856.962
746,cowrie.client.kex,2c0277514b10,2026-09-30 03:00:09.549338+00,2026-09-30 03:00:10.494733+00,945.395
747,cowrie.session.connect,e3c5e9691a26,2026-09-30 03:00:11.602504+00,2026-09-30 03:00:12.277381+00,674.877
748,cowrie.login.failed,e3c5e9691a26,2026-09-30 03:00:11.652904+00,2026-09-30 03:00:12.469013+00,816.109
749,cowrie.client.version,e3c5e9691a26,2026-09-30 03:00:11.602919+00,2026-09-30 03:00:12.478302+00,875.383
750,cowrie.client.kex,e3c5e9691a26,2026-09-30 03:00:11.604348+00,2026-09-30 03:00:12.524325+00,919.977
751,cowrie.session.connect,13ebebd83aed,2026-09-30 03:00:13.657421+00,2026-09-30 03:00:14.364142+00,706.721
752,cowrie.client.version,13ebebd83aed,2026-09-30 03:00:13.658228+00,2026-09-30 03:00:14.495195+00,836.967
753,cowrie.login.success,13ebebd83aed,2026-09-30 03:00:13.709687+00,2026-09-30 03:00:14.510263+00,800.576
754,cowrie.client.kex,13ebebd83aed,2026-09-30 03:00:13.659067+00,2026-09-30 03:00:14.578249+00,919.182
755,cowrie.client.size,13ebebd83aed,2026-09-30 03:00:13.713875+00,2026-09-30 03:00:14.715813+00,1001.938
756,cowrie.session.params,13ebebd83aed,2026-09-30 03:00:13.715937+00,2026-09-30 03:00:14.751389+00,1035.452
757,cowrie.command.input,13ebebd83aed,2026-09-30 03:00:14.719839+00,2026-09-30 03:00:15.274362+00,554.523
758,cowrie.command.input,13ebebd83aed,2026-09-30 03:00:15.519626+00,2026-09-30 03:00:16.243893+00,724.267
759,cowrie.command.input,13ebebd83aed,2026-09-30 03:00:16.320365+00,2026-09-30 03:00:16.890484+00,570.119
760,cowrie.command.input,13ebebd83aed,2026-09-30 03:00:17.122575+00,2026-09-30 03:00:17.819611+00,697.036
761,cowrie.log.closed,13ebebd83aed,2026-09-30 03:00:17.921437+00,2026-09-30 03:00:18.487257+00,565.820
762,cowrie.session.closed,13ebebd83aed,2026-09-30 03:00:17.922852+00,2026-09-30 03:00:18.649699+00,726.847
763,cowrie.session.connect,a8e1fb7cc69c,2026-09-30 03:00:18.923079+00,2026-09-30 03:00:19.506766+00,583.687
764,cowrie.login.failed,a8e1fb7cc69c,2026-09-30 03:00:18.973411+00,2026-09-30 03:00:19.679116+00,705.705
765,cowrie.client.version,a8e1fb7cc69c,2026-09-30 03:00:18.923452+00,2026-09-30 03:00:21.344031+00,2420.579
766,cowrie.client.kex,a8e1fb7cc69c,2026-09-30 03:00:18.924585+00,2026-09-30 03:00:21.40939+00,2484.805
767,cowrie.session.connect,39a163b09e68,2026-09-30 03:00:20.978611+00,2026-09-30 03:00:23.15248+00,2173.869
768,cowrie.login.failed,39a163b09e68,2026-09-30 03:00:21.02869+00,2026-09-30 03:00:23.345528+00,2316.838
769,cowrie.client.version,39a163b09e68,2026-09-30 03:00:20.979029+00,2026-09-30 03:00:23.386753+00,2407.724
770,cowrie.client.kex,39a163b09e68,2026-09-30 03:00:20.98033+00,2026-09-30 03:00:23.420191+00,2439.861
771,cowrie.session.connect,bd58a60cb792,2026-09-30 03:00:23.033348+00,2026-09-30 03:00:25.217602+00,2184.254
772,cowrie.client.version,bd58a60cb792,2026-09-30 03:00:23.034019+00,2026-09-30 03:00:25.493736+00,2459.717
773,cowrie.client.kex,bd58a60cb792,2026-09-30 03:00:23.035716+00,2026-09-30 03:00:25.600231+00,2564.515
774,cowrie.login.failed,bd58a60cb792,2026-09-30 03:00:23.084293+00,2026-09-30 03:00:25.640479+00,2556.186
775,cowrie.session.connect,d2f4f0c3cfbd,2026-09-30 03:00:25.088882+00,2026-09-30 03:00:27.345232+00,2256.350
776,cowrie.client.version,d2f4f0c3cfbd,2026-09-30 03:00:25.089263+00,2026-09-30 03:00:27.647939+00,2558.676
777,cowrie.client.kex,d2f4f0c3cfbd,2026-09-30 03:00:25.090594+00,2026-09-30 03:00:27.747093+00,2656.499
778,cowrie.login.failed,d2f4f0c3cfbd,2026-09-30 03:00:25.144595+00,2026-09-30 03:00:27.844409+00,2699.814
779,cowrie.session.connect,81aaf3ee8f4a,2026-09-30 03:00:27.155899+00,2026-09-30 03:00:29.404767+00,2248.868
780,cowrie.login.failed,81aaf3ee8f4a,2026-09-30 03:00:27.207719+00,2026-09-30 03:00:29.638853+00,2431.134
781,cowrie.client.version,81aaf3ee8f4a,2026-09-30 03:00:27.156322+00,2026-09-30 03:00:29.659019+00,2502.697
782,cowrie.client.kex,81aaf3ee8f4a,2026-09-30 03:00:27.158131+00,2026-09-30 03:00:29.727742+00,2569.611
783,cowrie.session.connect,c3bb85d0c040,2026-09-30 03:00:29.211941+00,2026-09-30 03:00:31.484112+00,2272.171
784,cowrie.client.version,c3bb85d0c040,2026-09-30 03:00:29.212341+00,2026-09-30 03:00:31.789776+00,2577.435
785,cowrie.client.kex,c3bb85d0c040,2026-09-30 03:00:29.21365+00,2026-09-30 03:00:31.948042+00,2734.392
786,cowrie.login.failed,c3bb85d0c040,2026-09-30 03:00:29.259971+00,2026-09-30 03:00:31.970899+00,2710.928
787,cowrie.session.closed,c3bb85d0c040,2026-09-30 03:00:31.265853+00,2026-09-30 03:00:33.389176+00,2123.323
788,cowrie.session.closed,01d8c88a994a,2026-09-30 03:00:31.291327+00,2026-09-30 03:00:33.581472+00,2290.145
789,cowrie.session.closed,39a163b09e68,2026-09-30 03:00:31.289677+00,2026-09-30 03:00:33.670738+00,2381.061
790,cowrie.session.closed,d2f4f0c3cfbd,2026-09-30 03:00:31.291807+00,2026-09-30 03:00:34.029601+00,2737.794
791,cowrie.session.closed,2c0277514b10,2026-09-30 03:00:31.310417+00,2026-09-30 03:00:34.211302+00,2900.885
792,cowrie.session.closed,e3c5e9691a26,2026-09-30 03:00:31.314118+00,2026-09-30 03:00:34.333047+00,3018.929
793,cowrie.session.closed,bd58a60cb792,2026-09-30 03:00:31.32461+00,2026-09-30 03:00:34.60672+00,3282.110
794,cowrie.session.closed,78d128cf0d03,2026-09-30 03:00:31.315918+00,2026-09-30 03:00:34.689577+00,3373.659
795,cowrie.session.closed,a8e1fb7cc69c,2026-09-30 03:00:31.326751+00,2026-09-30 03:00:34.993506+00,3666.755
796,cowrie.session.closed,01769c0c52e2,2026-09-30 03:00:31.331077+00,2026-09-30 03:00:35.074118+00,3743.041
797,cowrie.session.closed,81aaf3ee8f4a,2026-09-30 03:00:31.327404+00,2026-09-30 03:00:35.41287+00,4085.466
798,cowrie.session.connect,7de0c64abf00,2026-09-30 03:15:02.634004+00,2026-09-30 03:15:03.310055+00,676.051
799,cowrie.login.failed,7de0c64abf00,2026-09-30 03:15:02.689285+00,2026-09-30 03:15:03.406814+00,717.529
800,cowrie.client.version,7de0c64abf00,2026-09-30 03:15:02.634649+00,2026-09-30 03:15:03.424148+00,789.499
801,cowrie.client.kex,7de0c64abf00,2026-09-30 03:15:02.636544+00,2026-09-30 03:15:03.473321+00,836.777
802,cowrie.session.connect,b4946ff08a88,2026-09-30 03:15:04.695392+00,2026-09-30 03:15:05.26371+00,568.318
803,cowrie.login.failed,b4946ff08a88,2026-09-30 03:15:04.748432+00,2026-09-30 03:15:05.408639+00,660.207
804,cowrie.client.version,b4946ff08a88,2026-09-30 03:15:04.696118+00,2026-09-30 03:15:05.445576+00,749.458
805,cowrie.client.kex,b4946ff08a88,2026-09-30 03:15:04.69872+00,2026-09-30 03:15:05.489282+00,790.562
806,cowrie.session.connect,452a9a3e81fa,2026-09-30 03:15:06.754494+00,2026-09-30 03:15:07.254917+00,500.423
807,cowrie.login.failed,452a9a3e81fa,2026-09-30 03:15:06.808583+00,2026-09-30 03:15:07.393384+00,584.801
808,cowrie.client.version,452a9a3e81fa,2026-09-30 03:15:06.755178+00,2026-09-30 03:15:07.424748+00,669.570
809,cowrie.client.kex,452a9a3e81fa,2026-09-30 03:15:06.75722+00,2026-09-30 03:15:07.446366+00,689.146
810,cowrie.session.connect,dfef48204dfc,2026-09-30 03:15:08.815001+00,2026-09-30 03:15:09.55695+00,741.949
811,cowrie.login.success,dfef48204dfc,2026-09-30 03:15:08.86733+00,2026-09-30 03:15:09.663775+00,796.445
812,cowrie.client.version,dfef48204dfc,2026-09-30 03:15:08.815754+00,2026-09-30 03:15:09.69299+00,877.236
813,cowrie.client.kex,dfef48204dfc,2026-09-30 03:15:08.818125+00,2026-09-30 03:15:09.738998+00,920.873
814,cowrie.client.size,dfef48204dfc,2026-09-30 03:15:09.077772+00,2026-09-30 03:15:09.822157+00,744.385
815,cowrie.session.params,dfef48204dfc,2026-09-30 03:15:09.079689+00,2026-09-30 03:15:09.896825+00,817.136
816,cowrie.command.input,dfef48204dfc,2026-09-30 03:15:10.082182+00,2026-09-30 03:15:10.717631+00,635.449
817,cowrie.command.input,dfef48204dfc,2026-09-30 03:15:10.880881+00,2026-09-30 03:15:11.368533+00,487.652
818,cowrie.command.input,dfef48204dfc,2026-09-30 03:15:11.682029+00,2026-09-30 03:15:12.296855+00,614.826
819,cowrie.command.input,dfef48204dfc,2026-09-30 03:15:12.483051+00,2026-09-30 03:15:12.943865+00,460.814
820,cowrie.command.input,dfef48204dfc,2026-09-30 03:15:13.282495+00,2026-09-30 03:15:13.904575+00,622.080
821,cowrie.log.closed,dfef48204dfc,2026-09-30 03:15:14.084561+00,2026-09-30 03:15:14.584609+00,500.048
822,cowrie.session.closed,dfef48204dfc,2026-09-30 03:15:14.086267+00,2026-09-30 03:15:14.669376+00,583.109
823,cowrie.session.connect,9cc0b53ef4b3,2026-09-30 03:15:15.085368+00,2026-09-30 03:15:15.528451+00,443.083
824,cowrie.login.failed,9cc0b53ef4b3,2026-09-30 03:15:15.136856+00,2026-09-30 03:15:15.657737+00,520.881
825,cowrie.client.version,9cc0b53ef4b3,2026-09-30 03:15:15.086059+00,2026-09-30 03:15:15.670877+00,584.818
826,cowrie.client.kex,9cc0b53ef4b3,2026-09-30 03:15:15.088218+00,2026-09-30 03:15:15.710322+00,622.104
827,cowrie.session.connect,a609a38ccca8,2026-09-30 03:15:17.143835+00,2026-09-30 03:15:17.791552+00,647.717
828,cowrie.login.failed,a609a38ccca8,2026-09-30 03:15:17.200796+00,2026-09-30 03:15:19.571817+00,2371.021
829,cowrie.client.version,a609a38ccca8,2026-09-30 03:15:17.144556+00,2026-09-30 03:15:19.593609+00,2449.053
830,cowrie.client.kex,a609a38ccca8,2026-09-30 03:15:17.147398+00,2026-09-30 03:15:19.623846+00,2476.448
831,cowrie.session.connect,40a4c78b785c,2026-09-30 03:15:19.206185+00,2026-09-30 03:15:21.428084+00,2221.899
832,cowrie.login.failed,40a4c78b785c,2026-09-30 03:15:19.260813+00,2026-09-30 03:15:21.552971+00,2292.158
833,cowrie.client.version,40a4c78b785c,2026-09-30 03:15:19.206701+00,2026-09-30 03:15:21.609366+00,2402.665
834,cowrie.client.kex,40a4c78b785c,2026-09-30 03:15:19.207559+00,2026-09-30 03:15:21.669539+00,2461.980
835,cowrie.session.connect,2a6d5b72f17b,2026-09-30 03:15:21.265583+00,2026-09-30 03:15:23.410606+00,2145.023
836,cowrie.login.failed,2a6d5b72f17b,2026-09-30 03:15:21.316712+00,2026-09-30 03:15:23.560885+00,2244.173
837,cowrie.client.version,2a6d5b72f17b,2026-09-30 03:15:21.266228+00,2026-09-30 03:15:23.58439+00,2318.162
838,cowrie.client.kex,2a6d5b72f17b,2026-09-30 03:15:21.268532+00,2026-09-30 03:15:23.62665+00,2358.118
839,cowrie.session.connect,f08ccd70fc62,2026-09-30 03:15:23.322337+00,2026-09-30 03:15:25.412485+00,2090.148
840,cowrie.login.failed,f08ccd70fc62,2026-09-30 03:15:23.377032+00,2026-09-30 03:15:25.544197+00,2167.165
841,cowrie.client.version,f08ccd70fc62,2026-09-30 03:15:23.323047+00,2026-09-30 03:15:25.585044+00,2261.997
842,cowrie.client.kex,f08ccd70fc62,2026-09-30 03:15:23.325659+00,2026-09-30 03:15:25.652298+00,2326.639
843,cowrie.session.connect,c328cb90185c,2026-09-30 03:15:25.382851+00,2026-09-30 03:15:27.693431+00,2310.580
844,cowrie.login.failed,c328cb90185c,2026-09-30 03:15:25.432427+00,2026-09-30 03:15:27.822328+00,2389.901
845,cowrie.client.version,c328cb90185c,2026-09-30 03:15:25.383209+00,2026-09-30 03:15:27.868119+00,2484.910
846,cowrie.client.kex,c328cb90185c,2026-09-30 03:15:25.384493+00,2026-09-30 03:15:27.91012+00,2525.627
847,cowrie.session.connect,2040903ad82f,2026-09-30 03:15:27.437991+00,2026-09-30 03:15:29.671384+00,2233.393
848,cowrie.login.failed,2040903ad82f,2026-09-30 03:15:27.489021+00,2026-09-30 03:15:29.823832+00,2334.811
849,cowrie.client.version,2040903ad82f,2026-09-30 03:15:27.4388+00,2026-09-30 03:15:29.905087+00,2466.287
850,cowrie.client.kex,2040903ad82f,2026-09-30 03:15:27.441558+00,2026-09-30 03:15:29.96146+00,2519.902
851,cowrie.session.connect,c8880db1d1e5,2026-09-30 03:15:29.495407+00,2026-09-30 03:15:31.653019+00,2157.612
852,cowrie.login.success,c8880db1d1e5,2026-09-30 03:15:29.547763+00,2026-09-30 03:15:31.800694+00,2252.931
853,cowrie.client.version,c8880db1d1e5,2026-09-30 03:15:29.495997+00,2026-09-30 03:15:31.824546+00,2328.549
854,cowrie.client.kex,c8880db1d1e5,2026-09-30 03:15:29.49797+00,2026-09-30 03:15:31.889581+00,2391.611
855,cowrie.client.size,c8880db1d1e5,2026-09-30 03:15:29.551142+00,2026-09-30 03:15:31.994463+00,2443.321
856,cowrie.session.params,c8880db1d1e5,2026-09-30 03:15:29.55273+00,2026-09-30 03:15:32.032835+00,2480.105
857,cowrie.command.input,c8880db1d1e5,2026-09-30 03:15:30.555107+00,2026-09-30 03:15:32.891743+00,2336.636
858,cowrie.command.input,c8880db1d1e5,2026-09-30 03:15:31.356236+00,2026-09-30 03:15:33.52086+00,2164.624
859,cowrie.command.input,c8880db1d1e5,2026-09-30 03:15:32.156523+00,2026-09-30 03:15:34.465311+00,2308.788
860,cowrie.command.input,c8880db1d1e5,2026-09-30 03:15:32.957766+00,2026-09-30 03:15:35.121338+00,2163.572
861,cowrie.command.input,c8880db1d1e5,2026-09-30 03:15:33.759062+00,2026-09-30 03:15:36.048479+00,2289.417
862,cowrie.command.input,c8880db1d1e5,2026-09-30 03:15:34.559587+00,2026-09-30 03:15:36.699494+00,2139.907
863,cowrie.log.closed,c8880db1d1e5,2026-09-30 03:15:35.36031+00,2026-09-30 03:15:37.625591+00,2265.281
864,cowrie.session.closed,c8880db1d1e5,2026-09-30 03:15:35.362399+00,2026-09-30 03:15:37.757672+00,2395.273
865,cowrie.session.connect,2cda8ee48410,2026-09-30 03:15:36.360716+00,2026-09-30 03:15:38.591166+00,2230.450
866,cowrie.client.version,2cda8ee48410,2026-09-30 03:15:36.361157+00,2026-09-30 03:15:38.774369+00,2413.212
867,cowrie.client.kex,2cda8ee48410,2026-09-30 03:15:36.362532+00,2026-09-30 03:15:38.838302+00,2475.770
868,cowrie.login.failed,2cda8ee48410,2026-09-30 03:15:36.4133+00,2026-09-30 03:15:38.862153+00,2448.853
869,cowrie.session.connect,75b42eac8197,2026-09-30 03:15:38.417463+00,2026-09-30 03:15:40.662359+00,2244.896
870,cowrie.login.failed,75b42eac8197,2026-09-30 03:15:38.473749+00,2026-09-30 03:15:40.838391+00,2364.642
871,cowrie.client.kex,75b42eac8197,2026-09-30 03:15:38.419425+00,2026-09-30 03:15:40.889008+00,2469.583
872,cowrie.client.version,75b42eac8197,2026-09-30 03:15:38.417828+00,2026-09-30 03:15:40.902949+00,2485.121
873,cowrie.session.connect,f684143c8342,2026-09-30 03:15:40.480443+00,2026-09-30 03:15:42.730873+00,2250.430
874,cowrie.login.failed,f684143c8342,2026-09-30 03:15:40.540123+00,2026-09-30 03:15:42.834217+00,2294.094
875,cowrie.client.version,f684143c8342,2026-09-30 03:15:40.481179+00,2026-09-30 03:15:42.90889+00,2427.711
876,cowrie.client.kex,f684143c8342,2026-09-30 03:15:40.48372+00,2026-09-30 03:15:42.972517+00,2488.797
877,cowrie.session.closed,f684143c8342,2026-09-30 03:15:42.546326+00,2026-09-30 03:15:44.703933+00,2157.607
878,cowrie.session.closed,a609a38ccca8,2026-09-30 03:15:42.572895+00,2026-09-30 03:15:45.167151+00,2594.256
879,cowrie.session.closed,b4946ff08a88,2026-09-30 03:15:42.551875+00,2026-09-30 03:15:45.197097+00,2645.222
880,cowrie.session.closed,2a6d5b72f17b,2026-09-30 03:15:42.576083+00,2026-09-30 03:15:45.514531+00,2938.448
881,cowrie.session.closed,75b42eac8197,2026-09-30 03:15:42.582869+00,2026-09-30 03:15:45.585387+00,3002.518
882,cowrie.session.closed,c328cb90185c,2026-09-30 03:15:42.581722+00,2026-09-30 03:15:45.855546+00,3273.824
883,cowrie.session.closed,9cc0b53ef4b3,2026-09-30 03:15:42.610469+00,2026-09-30 03:15:45.897923+00,3287.454
884,cowrie.session.closed,7de0c64abf00,2026-09-30 03:15:42.601353+00,2026-09-30 03:15:45.998594+00,3397.241
885,cowrie.session.closed,40a4c78b785c,2026-09-30 03:15:42.622856+00,2026-09-30 03:15:46.136529+00,3513.673
886,cowrie.session.closed,452a9a3e81fa,2026-09-30 03:15:42.618118+00,2026-09-30 03:15:46.176495+00,3558.377
887,cowrie.session.closed,f08ccd70fc62,2026-09-30 03:15:42.622393+00,2026-09-30 03:15:46.742655+00,4120.262
888,cowrie.session.closed,2040903ad82f,2026-09-30 03:15:42.623488+00,2026-09-30 03:15:47.188374+00,4564.886
889,cowrie.session.closed,2cda8ee48410,2026-09-30 03:15:42.623994+00,2026-09-30 03:15:47.22006+00,4596.066
890,cowrie.session.connect,f74dcf42d69f,2026-09-30 03:30:02.467172+00,2026-09-30 03:30:03.15623+00,689.058
891,cowrie.login.success,f74dcf42d69f,2026-09-30 03:30:02.519161+00,2026-09-30 03:30:03.187776+00,668.615
892,cowrie.client.version,f74dcf42d69f,2026-09-30 03:30:02.467786+00,2026-09-30 03:30:03.217521+00,749.735
893,cowrie.client.kex,f74dcf42d69f,2026-09-30 03:30:02.469383+00,2026-09-30 03:30:03.274032+00,804.649
894,cowrie.session.params,f74dcf42d69f,2026-09-30 03:30:02.525277+00,2026-09-30 03:30:03.323023+00,797.746
895,cowrie.client.size,f74dcf42d69f,2026-09-30 03:30:02.523621+00,2026-09-30 03:30:03.369102+00,845.481
896,cowrie.command.input,f74dcf42d69f,2026-09-30 03:30:03.528875+00,2026-09-30 03:30:03.980656+00,451.781
897,cowrie.command.input,f74dcf42d69f,2026-09-30 03:30:04.331994+00,2026-09-30 03:30:04.917997+00,586.003
898,cowrie.command.input,f74dcf42d69f,2026-09-30 03:30:05.131534+00,2026-09-30 03:30:05.543737+00,412.203
899,cowrie.command.input,f74dcf42d69f,2026-09-30 03:30:05.931812+00,2026-09-30 03:30:06.531757+00,599.945
900,cowrie.command.input,f74dcf42d69f,2026-09-30 03:30:06.732502+00,2026-09-30 03:30:07.229833+00,497.331
901,cowrie.log.closed,f74dcf42d69f,2026-09-30 03:30:07.532587+00,2026-09-30 03:30:08.156269+00,623.682
902,cowrie.session.closed,f74dcf42d69f,2026-09-30 03:30:07.534062+00,2026-09-30 03:30:08.266599+00,732.537
903,cowrie.session.connect,0ba59cf0b56c,2026-09-30 03:30:08.533717+00,2026-09-30 03:30:09.101436+00,567.719
904,cowrie.login.failed,0ba59cf0b56c,2026-09-30 03:30:08.587763+00,2026-09-30 03:30:09.247964+00,660.201
905,cowrie.client.version,0ba59cf0b56c,2026-09-30 03:30:08.534096+00,2026-09-30 03:30:09.29604+00,761.944
906,cowrie.client.kex,0ba59cf0b56c,2026-09-30 03:30:08.535345+00,2026-09-30 03:30:09.316677+00,781.332
907,cowrie.session.connect,0d6809c7319d,2026-09-30 03:30:10.591047+00,2026-09-30 03:30:11.087589+00,496.542
908,cowrie.login.failed,0d6809c7319d,2026-09-30 03:30:10.643528+00,2026-09-30 03:30:11.272304+00,628.776
909,cowrie.client.kex,0d6809c7319d,2026-09-30 03:30:10.592863+00,2026-09-30 03:30:11.299108+00,706.245
910,cowrie.client.version,0d6809c7319d,2026-09-30 03:30:10.59144+00,2026-09-30 03:30:11.312009+00,720.569
911,cowrie.session.connect,4b64f97bf35f,2026-09-30 03:30:12.648159+00,2026-09-30 03:30:13.097976+00,449.817
912,cowrie.login.failed,4b64f97bf35f,2026-09-30 03:30:12.699669+00,2026-09-30 03:30:13.270657+00,570.988
913,cowrie.client.version,4b64f97bf35f,2026-09-30 03:30:12.648554+00,2026-09-30 03:30:13.287688+00,639.134
914,cowrie.client.kex,4b64f97bf35f,2026-09-30 03:30:12.649729+00,2026-09-30 03:30:13.310522+00,660.793
915,cowrie.session.connect,d941d09596b4,2026-09-30 03:30:14.705462+00,2026-09-30 03:30:15.395804+00,690.342
916,cowrie.login.failed,d941d09596b4,2026-09-30 03:30:14.765104+00,2026-09-30 03:30:15.536233+00,771.129
917,cowrie.client.version,d941d09596b4,2026-09-30 03:30:14.706164+00,2026-09-30 03:30:15.55054+00,844.376
918,cowrie.client.kex,d941d09596b4,2026-09-30 03:30:14.708762+00,2026-09-30 03:30:15.577809+00,869.047
919,cowrie.session.connect,eff082f268bd,2026-09-30 03:30:16.771618+00,2026-09-30 03:30:17.42669+00,655.072
920,cowrie.login.failed,eff082f268bd,2026-09-30 03:30:16.824145+00,2026-09-30 03:30:19.224087+00,2399.942
921,cowrie.client.version,eff082f268bd,2026-09-30 03:30:16.772375+00,2026-09-30 03:30:19.235948+00,2463.573
922,cowrie.client.kex,eff082f268bd,2026-09-30 03:30:16.774728+00,2026-09-30 03:30:19.314863+00,2540.135
923,cowrie.session.closed,eff082f268bd,2026-09-30 03:30:18.829823+00,2026-09-30 03:30:21.012225+00,2182.402
924,cowrie.session.closed,0d6809c7319d,2026-09-30 03:30:18.870369+00,2026-09-30 03:30:21.411869+00,2541.500
925,cowrie.session.closed,4b64f97bf35f,2026-09-30 03:30:18.871533+00,2026-09-30 03:30:21.442648+00,2571.115
926,cowrie.session.closed,0ba59cf0b56c,2026-09-30 03:30:18.870942+00,2026-09-30 03:30:21.462898+00,2591.956
927,cowrie.session.closed,d941d09596b4,2026-09-30 03:30:18.872023+00,2026-09-30 03:30:21.674958+00,2802.935
928,cowrie.session.connect,3ee7935b0bb4,2026-09-30 03:45:02.212995+00,2026-09-30 03:45:02.741291+00,528.296
929,cowrie.login.failed,3ee7935b0bb4,2026-09-30 03:45:02.262605+00,2026-09-30 03:45:02.858717+00,596.112
930,cowrie.client.version,3ee7935b0bb4,2026-09-30 03:45:02.213389+00,2026-09-30 03:45:02.935071+00,721.682
931,cowrie.client.kex,3ee7935b0bb4,2026-09-30 03:45:02.214702+00,2026-09-30 03:45:02.976778+00,762.076
932,cowrie.session.connect,0c325c39df60,2026-09-30 03:45:04.268704+00,2026-09-30 03:45:04.96445+00,695.746
933,cowrie.login.failed,0c325c39df60,2026-09-30 03:45:04.331126+00,2026-09-30 03:45:05.09682+00,765.694
934,cowrie.client.version,0c325c39df60,2026-09-30 03:45:04.269366+00,2026-09-30 03:45:05.124279+00,854.913
935,cowrie.client.kex,0c325c39df60,2026-09-30 03:45:04.271797+00,2026-09-30 03:45:05.149962+00,878.165
936,cowrie.session.connect,c762af046fde,2026-09-30 03:45:06.337054+00,2026-09-30 03:45:06.949404+00,612.350
937,cowrie.login.failed,c762af046fde,2026-09-30 03:45:06.394732+00,2026-09-30 03:45:07.069967+00,675.235
938,cowrie.client.version,c762af046fde,2026-09-30 03:45:06.337749+00,2026-09-30 03:45:07.087785+00,750.036
939,cowrie.client.kex,c762af046fde,2026-09-30 03:45:06.340349+00,2026-09-30 03:45:07.129275+00,788.926
940,cowrie.session.connect,9c1afc79948d,2026-09-30 03:45:08.401246+00,2026-09-30 03:45:08.928723+00,527.477
941,cowrie.client.version,9c1afc79948d,2026-09-30 03:45:08.401975+00,2026-09-30 03:45:09.036862+00,634.887
942,cowrie.login.failed,9c1afc79948d,2026-09-30 03:45:08.459353+00,2026-09-30 03:45:09.049065+00,589.712
943,cowrie.client.kex,9c1afc79948d,2026-09-30 03:45:08.404374+00,2026-09-30 03:45:09.129706+00,725.332
944,cowrie.session.connect,cb3821452634,2026-09-30 03:45:10.465363+00,2026-09-30 03:45:11.255323+00,789.960
945,cowrie.login.failed,cb3821452634,2026-09-30 03:45:10.479355+00,2026-09-30 03:45:11.309355+00,830.000
946,cowrie.client.version,cb3821452634,2026-09-30 03:45:10.466174+00,2026-09-30 03:45:11.32653+00,860.356
947,cowrie.client.kex,cb3821452634,2026-09-30 03:45:10.467369+00,2026-09-30 03:45:11.43811+00,970.741
948,cowrie.session.connect,3538f1808bf5,2026-09-30 03:45:12.485087+00,2026-09-30 03:45:13.195538+00,710.451
949,cowrie.login.failed,3538f1808bf5,2026-09-30 03:45:12.536694+00,2026-09-30 03:45:13.295457+00,758.763
950,cowrie.client.version,3538f1808bf5,2026-09-30 03:45:12.486686+00,2026-09-30 03:45:13.332578+00,845.892
951,cowrie.client.kex,3538f1808bf5,2026-09-30 03:45:12.487964+00,2026-09-30 03:45:13.376023+00,888.059
952,cowrie.session.connect,0793862be35c,2026-09-30 03:45:14.54297+00,2026-09-30 03:45:15.177789+00,634.819
953,cowrie.login.failed,0793862be35c,2026-09-30 03:45:14.596632+00,2026-09-30 03:45:15.287316+00,690.684
954,cowrie.client.version,0793862be35c,2026-09-30 03:45:14.543674+00,2026-09-30 03:45:15.30664+00,762.966
955,cowrie.client.kex,0793862be35c,2026-09-30 03:45:14.546642+00,2026-09-30 03:45:15.38067+00,834.028
956,cowrie.session.connect,7027bb8d3e8b,2026-09-30 03:45:16.603394+00,2026-09-30 03:45:17.149942+00,546.548
957,cowrie.login.failed,7027bb8d3e8b,2026-09-30 03:45:16.659683+00,2026-09-30 03:45:17.298202+00,638.519
958,cowrie.client.version,7027bb8d3e8b,2026-09-30 03:45:16.604177+00,2026-09-30 03:45:17.316429+00,712.252
959,cowrie.client.kex,7027bb8d3e8b,2026-09-30 03:45:16.606681+00,2026-09-30 03:45:19.005348+00,2398.667
960,cowrie.session.connect,aed6b0778f02,2026-09-30 03:45:18.666315+00,2026-09-30 03:45:20.793567+00,2127.252
961,cowrie.login.success,aed6b0778f02,2026-09-30 03:45:18.72519+00,2026-09-30 03:45:20.941454+00,2216.264
962,cowrie.client.version,aed6b0778f02,2026-09-30 03:45:18.667024+00,2026-09-30 03:45:20.963606+00,2296.582
963,cowrie.client.kex,aed6b0778f02,2026-09-30 03:45:18.669429+00,2026-09-30 03:45:21.035128+00,2365.699
964,cowrie.session.params,aed6b0778f02,2026-09-30 03:45:18.735686+00,2026-09-30 03:45:21.06381+00,2328.124
965,cowrie.client.size,aed6b0778f02,2026-09-30 03:45:18.731713+00,2026-09-30 03:45:21.090709+00,2358.996
966,cowrie.command.input,aed6b0778f02,2026-09-30 03:45:19.739763+00,2026-09-30 03:45:22.035033+00,2295.270
967,cowrie.command.input,aed6b0778f02,2026-09-30 03:45:20.540464+00,2026-09-30 03:45:22.659174+00,2118.710
968,cowrie.command.input,aed6b0778f02,2026-09-30 03:45:21.34213+00,2026-09-30 03:45:23.597724+00,2255.594
969,cowrie.log.closed,aed6b0778f02,2026-09-30 03:45:22.141755+00,2026-09-30 03:45:24.255553+00,2113.798
970,cowrie.session.closed,aed6b0778f02,2026-09-30 03:45:22.143578+00,2026-09-30 03:45:24.371188+00,2227.610
971,cowrie.session.connect,b952c6f89104,2026-09-30 03:45:23.143849+00,2026-09-30 03:45:25.239246+00,2095.397
972,cowrie.login.failed,b952c6f89104,2026-09-30 03:45:23.196592+00,2026-09-30 03:45:25.36126+00,2164.668
973,cowrie.client.version,b952c6f89104,2026-09-30 03:45:23.145627+00,2026-09-30 03:45:25.374759+00,2229.132
974,cowrie.client.kex,b952c6f89104,2026-09-30 03:45:23.147069+00,2026-09-30 03:45:25.415906+00,2268.837
975,cowrie.session.connect,7be69a16e3f3,2026-09-30 03:45:25.203099+00,2026-09-30 03:45:27.496005+00,2292.906
976,cowrie.login.failed,7be69a16e3f3,2026-09-30 03:45:25.255438+00,2026-09-30 03:45:27.620787+00,2365.349
977,cowrie.client.version,7be69a16e3f3,2026-09-30 03:45:25.203784+00,2026-09-30 03:45:27.642771+00,2438.987
978,cowrie.client.kex,7be69a16e3f3,2026-09-30 03:45:25.206451+00,2026-09-30 03:45:27.68855+00,2482.099
979,cowrie.session.connect,d619b3d4da83,2026-09-30 03:45:27.260886+00,2026-09-30 03:45:29.484393+00,2223.507
980,cowrie.client.version,d619b3d4da83,2026-09-30 03:45:27.261649+00,2026-09-30 03:45:29.672345+00,2410.696
981,cowrie.login.failed,d619b3d4da83,2026-09-30 03:45:27.315799+00,2026-09-30 03:45:29.704657+00,2388.858
982,cowrie.client.kex,d619b3d4da83,2026-09-30 03:45:27.26447+00,2026-09-30 03:45:29.734487+00,2470.017
983,cowrie.session.connect,d78d8758fac5,2026-09-30 03:45:29.320388+00,2026-09-30 03:45:31.585622+00,2265.234
984,cowrie.login.failed,d78d8758fac5,2026-09-30 03:45:29.375071+00,2026-09-30 03:45:31.723722+00,2348.651
985,cowrie.client.version,d78d8758fac5,2026-09-30 03:45:29.320714+00,2026-09-30 03:45:31.760638+00,2439.924
986,cowrie.client.kex,d78d8758fac5,2026-09-30 03:45:29.322024+00,2026-09-30 03:45:31.797501+00,2475.477
987,cowrie.session.connect,3a7cc62b0b9d,2026-09-30 03:45:31.381205+00,2026-09-30 03:45:33.577552+00,2196.347
988,cowrie.login.failed,3a7cc62b0b9d,2026-09-30 03:45:31.439606+00,2026-09-30 03:45:33.785705+00,2346.099
989,cowrie.client.version,3a7cc62b0b9d,2026-09-30 03:45:31.381967+00,2026-09-30 03:45:33.808222+00,2426.255
990,cowrie.client.kex,3a7cc62b0b9d,2026-09-30 03:45:31.384705+00,2026-09-30 03:45:33.861217+00,2476.512
991,cowrie.session.connect,b2fdba32dc4d,2026-09-30 03:45:33.445931+00,2026-09-30 03:45:35.643736+00,2197.805
992,cowrie.login.failed,b2fdba32dc4d,2026-09-30 03:45:33.503618+00,2026-09-30 03:45:35.7674+00,2263.782
993,cowrie.client.version,b2fdba32dc4d,2026-09-30 03:45:33.446571+00,2026-09-30 03:45:35.79727+00,2350.699
994,cowrie.client.kex,b2fdba32dc4d,2026-09-30 03:45:33.449344+00,2026-09-30 03:45:35.863489+00,2414.145
995,cowrie.session.closed,b2fdba32dc4d,2026-09-30 03:45:35.510756+00,2026-09-30 03:45:37.612207+00,2101.451
996,cowrie.session.closed,b952c6f89104,2026-09-30 03:45:35.533242+00,2026-09-30 03:45:37.784809+00,2251.567
997,cowrie.session.closed,7027bb8d3e8b,2026-09-30 03:45:35.51187+00,2026-09-30 03:45:37.83385+00,2321.980
998,cowrie.session.closed,0c325c39df60,2026-09-30 03:45:35.514323+00,2026-09-30 03:45:37.878685+00,2364.362
999,cowrie.session.closed,d619b3d4da83,2026-09-30 03:45:35.53523+00,2026-09-30 03:45:37.977337+00,2442.107
1000,cowrie.session.closed,3ee7935b0bb4,2026-09-30 03:45:35.548633+00,2026-09-30 03:45:38.191594+00,2642.961
1001,cowrie.session.closed,9c1afc79948d,2026-09-30 03:45:35.535792+00,2026-09-30 03:45:38.290265+00,2754.473
1002,cowrie.session.closed,3a7cc62b0b9d,2026-09-30 03:45:35.552495+00,2026-09-30 03:45:38.442327+00,2889.832
1003,cowrie.session.closed,cb3821452634,2026-09-30 03:45:35.54948+00,2026-09-30 03:45:38.47556+00,2926.080
1004,cowrie.session.closed,7be69a16e3f3,2026-09-30 03:45:35.567026+00,2026-09-30 03:45:38.700531+00,3133.505
1005,cowrie.session.closed,0793862be35c,2026-09-30 03:45:35.556069+00,2026-09-30 03:45:39.632771+00,4076.702
1006,cowrie.session.closed,c762af046fde,2026-09-30 03:45:35.5665+00,2026-09-30 03:45:39.822993+00,4256.493
1007,cowrie.session.closed,3538f1808bf5,2026-09-30 03:45:35.567418+00,2026-09-30 03:45:39.859452+00,4292.034
1008,cowrie.session.closed,d78d8758fac5,2026-09-30 03:45:35.567772+00,2026-09-30 03:45:39.902172+00,4334.400
1009,cowrie.session.connect,17072d219d74,2026-09-30 04:00:02.36838+00,2026-09-30 04:00:03.265601+00,897.221
1010,cowrie.client.version,17072d219d74,2026-09-30 04:00:02.368868+00,2026-09-30 04:00:03.566176+00,1197.308
1011,cowrie.login.failed,17072d219d74,2026-09-30 04:00:02.421348+00,2026-09-30 04:00:03.662276+00,1240.928
1012,cowrie.client.kex,17072d219d74,2026-09-30 04:00:02.370514+00,2026-09-30 04:00:03.709622+00,1339.108
1013,cowrie.session.connect,8692814ea001,2026-09-30 04:00:04.426865+00,2026-09-30 04:00:04.932586+00,505.721
1014,cowrie.login.failed,8692814ea001,2026-09-30 04:00:04.482584+00,2026-09-30 04:00:05.083346+00,600.762
1015,cowrie.client.kex,8692814ea001,2026-09-30 04:00:04.429919+00,2026-09-30 04:00:05.122666+00,692.747
1016,cowrie.client.version,8692814ea001,2026-09-30 04:00:04.42748+00,2026-09-30 04:00:05.129396+00,701.916
1017,cowrie.session.connect,953f51b1ec1f,2026-09-30 04:00:06.488996+00,2026-09-30 04:00:07.217092+00,728.096
1018,cowrie.login.success,953f51b1ec1f,2026-09-30 04:00:06.548174+00,2026-09-30 04:00:07.354801+00,806.627
1019,cowrie.client.version,953f51b1ec1f,2026-09-30 04:00:06.489797+00,2026-09-30 04:00:07.377483+00,887.686
1020,cowrie.client.kex,953f51b1ec1f,2026-09-30 04:00:06.492551+00,2026-09-30 04:00:07.415149+00,922.598
1021,cowrie.client.size,953f51b1ec1f,2026-09-30 04:00:07.243628+00,2026-09-30 04:00:07.712798+00,469.170
1022,cowrie.session.params,953f51b1ec1f,2026-09-30 04:00:07.245382+00,2026-09-30 04:00:07.893122+00,647.740
1023,cowrie.command.input,953f51b1ec1f,2026-09-30 04:00:08.248157+00,2026-09-30 04:00:08.799099+00,550.942
1024,cowrie.command.input,953f51b1ec1f,2026-09-30 04:00:09.050703+00,2026-09-30 04:00:09.707484+00,656.781
1025,cowrie.command.input,953f51b1ec1f,2026-09-30 04:00:09.85009+00,2026-09-30 04:00:10.353043+00,502.953
1026,cowrie.command.input,953f51b1ec1f,2026-09-30 04:00:10.650895+00,2026-09-30 04:00:11.315026+00,664.131
1027,cowrie.command.input,953f51b1ec1f,2026-09-30 04:00:11.449699+00,2026-09-30 04:00:11.983512+00,533.813
1028,cowrie.log.closed,953f51b1ec1f,2026-09-30 04:00:12.251103+00,2026-09-30 04:00:12.96467+00,713.567
1029,cowrie.session.closed,953f51b1ec1f,2026-09-30 04:00:12.253346+00,2026-09-30 04:00:13.168124+00,914.778
1030,cowrie.session.connect,da535c860e51,2026-09-30 04:00:13.251332+00,2026-09-30 04:00:13.987248+00,735.916
1031,cowrie.login.success,da535c860e51,2026-09-30 04:00:13.300521+00,2026-09-30 04:00:14.122084+00,821.563
1032,cowrie.client.version,da535c860e51,2026-09-30 04:00:13.251708+00,2026-09-30 04:00:14.186187+00,934.479
1033,cowrie.client.kex,da535c860e51,2026-09-30 04:00:13.253119+00,2026-09-30 04:00:14.223397+00,970.278
1034,cowrie.client.size,da535c860e51,2026-09-30 04:00:13.498717+00,2026-09-30 04:00:14.349021+00,850.304
1035,cowrie.session.params,da535c860e51,2026-09-30 04:00:13.500587+00,2026-09-30 04:00:14.393602+00,893.015
1036,cowrie.command.input,da535c860e51,2026-09-30 04:00:14.503917+00,2026-09-30 04:00:15.233588+00,729.671
1037,cowrie.command.input,da535c860e51,2026-09-30 04:00:15.303916+00,2026-09-30 04:00:15.881542+00,577.626
1038,cowrie.command.input,da535c860e51,2026-09-30 04:00:16.105648+00,2026-09-30 04:00:16.814715+00,709.067
1039,cowrie.command.input,da535c860e51,2026-09-30 04:00:16.905637+00,2026-09-30 04:00:17.462922+00,557.285
1040,cowrie.command.input,da535c860e51,2026-09-30 04:00:17.707415+00,2026-09-30 04:00:18.446657+00,739.242
1041,cowrie.command.input,da535c860e51,2026-09-30 04:00:18.507827+00,2026-09-30 04:00:19.072045+00,564.218
1042,cowrie.log.closed,da535c860e51,2026-09-30 04:00:19.308469+00,2026-09-30 04:00:19.982406+00,673.937
1043,cowrie.session.closed,da535c860e51,2026-09-30 04:00:19.311086+00,2026-09-30 04:00:20.101803+00,790.717
1044,cowrie.session.connect,1eff2c9db9d5,2026-09-30 04:00:20.309042+00,2026-09-30 04:00:22.621279+00,2312.237
1045,cowrie.login.failed,1eff2c9db9d5,2026-09-30 04:00:20.359829+00,2026-09-30 04:00:22.778833+00,2419.004
1046,cowrie.client.version,1eff2c9db9d5,2026-09-30 04:00:20.309429+00,2026-09-30 04:00:22.812765+00,2503.336
1047,cowrie.client.kex,1eff2c9db9d5,2026-09-30 04:00:20.310513+00,2026-09-30 04:00:22.853678+00,2543.165
1048,cowrie.session.connect,0034b62b2bef,2026-09-30 04:00:22.365313+00,2026-09-30 04:00:24.607867+00,2242.554
1049,cowrie.login.failed,0034b62b2bef,2026-09-30 04:00:22.41566+00,2026-09-30 04:00:24.804969+00,2389.309
1050,cowrie.client.version,0034b62b2bef,2026-09-30 04:00:22.365746+00,2026-09-30 04:00:24.825158+00,2459.412
1051,cowrie.client.kex,0034b62b2bef,2026-09-30 04:00:22.36717+00,2026-09-30 04:00:24.878285+00,2511.115
1052,cowrie.session.closed,0034b62b2bef,2026-09-30 04:00:24.422581+00,2026-09-30 04:00:26.593181+00,2170.600
1053,cowrie.session.closed,17072d219d74,2026-09-30 04:00:24.474417+00,2026-09-30 04:00:26.892273+00,2417.856
1054,cowrie.session.closed,8692814ea001,2026-09-30 04:00:24.438442+00,2026-09-30 04:00:26.930035+00,2491.593
1055,cowrie.session.closed,1eff2c9db9d5,2026-09-30 04:00:24.474939+00,2026-09-30 04:00:27.157988+00,2683.049
1056,cowrie.session.connect,595f6822edd8,2026-09-30 04:15:02.373+00,2026-09-30 04:15:03.228665+00,855.665
1057,cowrie.client.version,595f6822edd8,2026-09-30 04:15:02.373637+00,2026-09-30 04:15:03.328427+00,954.790
1058,cowrie.login.failed,595f6822edd8,2026-09-30 04:15:02.425579+00,2026-09-30 04:15:03.401629+00,976.050
1059,cowrie.client.kex,595f6822edd8,2026-09-30 04:15:02.375368+00,2026-09-30 04:15:03.512419+00,1137.051
1060,cowrie.session.connect,4c79ca2bee74,2026-09-30 04:15:04.431362+00,2026-09-30 04:15:05.13458+00,703.218
1061,cowrie.login.failed,4c79ca2bee74,2026-09-30 04:15:04.489973+00,2026-09-30 04:15:05.229787+00,739.814
1062,cowrie.client.version,4c79ca2bee74,2026-09-30 04:15:04.432112+00,2026-09-30 04:15:05.297131+00,865.019
1063,cowrie.client.kex,4c79ca2bee74,2026-09-30 04:15:04.434482+00,2026-09-30 04:15:05.327329+00,892.847
1064,cowrie.session.connect,af1034bfc408,2026-09-30 04:15:06.495962+00,2026-09-30 04:15:07.093914+00,597.952
1065,cowrie.login.failed,af1034bfc408,2026-09-30 04:15:06.572589+00,2026-09-30 04:15:07.23595+00,663.361
1066,cowrie.client.version,af1034bfc408,2026-09-30 04:15:06.496627+00,2026-09-30 04:15:07.264615+00,767.988
1067,cowrie.client.kex,af1034bfc408,2026-09-30 04:15:06.499105+00,2026-09-30 04:15:07.27818+00,779.075
1068,cowrie.session.connect,12521e3c9a88,2026-09-30 04:15:08.577636+00,2026-09-30 04:15:09.093866+00,516.230
1069,cowrie.client.version,12521e3c9a88,2026-09-30 04:15:08.578104+00,2026-09-30 04:15:09.354285+00,776.181
1070,cowrie.login.failed,12521e3c9a88,2026-09-30 04:15:08.629491+00,2026-09-30 04:15:09.381128+00,751.637
1071,cowrie.client.kex,12521e3c9a88,2026-09-30 04:15:08.579419+00,2026-09-30 04:15:09.412841+00,833.422
1072,cowrie.session.connect,74dbe0ba1388,2026-09-30 04:15:10.635759+00,2026-09-30 04:15:12.834643+00,2198.884
1073,cowrie.login.success,74dbe0ba1388,2026-09-30 04:15:10.689339+00,2026-09-30 04:15:13.142367+00,2453.028
1074,cowrie.client.version,74dbe0ba1388,2026-09-30 04:15:10.637938+00,2026-09-30 04:15:13.173386+00,2535.448
1075,cowrie.client.kex,74dbe0ba1388,2026-09-30 04:15:10.640082+00,2026-09-30 04:15:13.230041+00,2589.959
1076,cowrie.client.size,74dbe0ba1388,2026-09-30 04:15:10.963549+00,2026-09-30 04:15:13.293321+00,2329.772
1077,cowrie.session.params,74dbe0ba1388,2026-09-30 04:15:10.966554+00,2026-09-30 04:15:13.329799+00,2363.245
1078,cowrie.command.input,74dbe0ba1388,2026-09-30 04:15:12.770132+00,2026-09-30 04:15:13.892276+00,1122.144
1079,cowrie.command.input,74dbe0ba1388,2026-09-30 04:15:11.969512+00,2026-09-30 04:15:13.905422+00,1935.910
1080,cowrie.command.input,74dbe0ba1388,2026-09-30 04:15:13.57085+00,2026-09-30 04:15:14.168915+00,598.065
1081,cowrie.command.input,74dbe0ba1388,2026-09-30 04:15:14.371625+00,2026-09-30 04:15:15.08259+00,710.965
1082,cowrie.command.input,74dbe0ba1388,2026-09-30 04:15:15.173549+00,2026-09-30 04:15:15.685931+00,512.382
1083,cowrie.command.input,74dbe0ba1388,2026-09-30 04:15:15.974263+00,2026-09-30 04:15:16.624705+00,650.442
1084,cowrie.log.closed,74dbe0ba1388,2026-09-30 04:15:16.774877+00,2026-09-30 04:15:17.322168+00,547.291
1085,cowrie.session.closed,74dbe0ba1388,2026-09-30 04:15:16.776982+00,2026-09-30 04:15:17.427534+00,650.552
1086,cowrie.session.connect,b5fd8edd14a4,2026-09-30 04:15:17.776371+00,2026-09-30 04:15:18.309044+00,532.673
1087,cowrie.login.success,b5fd8edd14a4,2026-09-30 04:15:17.833037+00,2026-09-30 04:15:18.417241+00,584.204
1088,cowrie.client.version,b5fd8edd14a4,2026-09-30 04:15:17.777133+00,2026-09-30 04:15:18.461584+00,684.451
1089,cowrie.client.kex,b5fd8edd14a4,2026-09-30 04:15:17.779204+00,2026-09-30 04:15:18.507146+00,727.942
1090,cowrie.client.size,b5fd8edd14a4,2026-09-30 04:15:18.054222+00,2026-09-30 04:15:18.747108+00,692.886
1091,cowrie.session.params,b5fd8edd14a4,2026-09-30 04:15:18.056123+00,2026-09-30 04:15:18.909639+00,853.516
1092,cowrie.command.input,b5fd8edd14a4,2026-09-30 04:15:19.060654+00,2026-09-30 04:15:21.398892+00,2338.238
1093,cowrie.command.input,b5fd8edd14a4,2026-09-30 04:15:19.861937+00,2026-09-30 04:15:22.045756+00,2183.819
1094,cowrie.command.input,b5fd8edd14a4,2026-09-30 04:15:20.66312+00,2026-09-30 04:15:22.996398+00,2333.278
1095,cowrie.log.closed,b5fd8edd14a4,2026-09-30 04:15:21.463+00,2026-09-30 04:15:23.658092+00,2195.092
1096,cowrie.session.closed,b5fd8edd14a4,2026-09-30 04:15:21.46417+00,2026-09-30 04:15:23.795351+00,2331.181
1097,cowrie.session.connect,f82113c4493b,2026-09-30 04:15:22.464114+00,2026-09-30 04:15:24.635741+00,2171.627
1098,cowrie.login.failed,f82113c4493b,2026-09-30 04:15:22.515462+00,2026-09-30 04:15:24.755866+00,2240.404
1099,cowrie.client.version,f82113c4493b,2026-09-30 04:15:22.464561+00,2026-09-30 04:15:24.780203+00,2315.642
1100,cowrie.client.kex,f82113c4493b,2026-09-30 04:15:22.465924+00,2026-09-30 04:15:24.831085+00,2365.161
1101,cowrie.session.connect,e209364b0fec,2026-09-30 04:15:24.521667+00,2026-09-30 04:15:26.635435+00,2113.768
1102,cowrie.client.version,e209364b0fec,2026-09-30 04:15:24.522362+00,2026-09-30 04:15:26.849838+00,2327.476
1103,cowrie.client.kex,e209364b0fec,2026-09-30 04:15:24.524661+00,2026-09-30 04:15:26.888714+00,2364.053
1104,cowrie.login.failed,e209364b0fec,2026-09-30 04:15:24.577023+00,2026-09-30 04:15:26.901374+00,2324.351
1105,cowrie.session.closed,12521e3c9a88,2026-09-30 04:15:26.582624+00,2026-09-30 04:15:28.715764+00,2133.140
1106,cowrie.session.closed,e209364b0fec,2026-09-30 04:15:26.583706+00,2026-09-30 04:15:28.982023+00,2398.317
1107,cowrie.session.closed,595f6822edd8,2026-09-30 04:15:26.590214+00,2026-09-30 04:15:29.025699+00,2435.485
1108,cowrie.session.closed,f82113c4493b,2026-09-30 04:15:26.628564+00,2026-09-30 04:15:29.203255+00,2574.691
1109,cowrie.session.closed,af1034bfc408,2026-09-30 04:15:26.643104+00,2026-09-30 04:15:29.347266+00,2704.162
1110,cowrie.session.closed,4c79ca2bee74,2026-09-30 04:15:26.641964+00,2026-09-30 04:15:29.383263+00,2741.299
1111,cowrie.session.connect,98dcdce1838f,2026-09-30 04:30:02.422723+00,2026-09-30 04:30:03.038542+00,615.819
1112,cowrie.login.failed,98dcdce1838f,2026-09-30 04:30:02.48052+00,2026-09-30 04:30:03.151956+00,671.436
1113,cowrie.client.kex,98dcdce1838f,2026-09-30 04:30:02.424336+00,2026-09-30 04:30:03.193567+00,769.231
1114,cowrie.client.version,98dcdce1838f,2026-09-30 04:30:02.423097+00,2026-09-30 04:30:03.19938+00,776.283
1115,cowrie.session.connect,7a59a72c3c5b,2026-09-30 04:30:04.487107+00,2026-09-30 04:30:04.971449+00,484.342
1116,cowrie.login.failed,7a59a72c3c5b,2026-09-30 04:30:04.543838+00,2026-09-30 04:30:05.108969+00,565.131
1117,cowrie.client.version,7a59a72c3c5b,2026-09-30 04:30:04.487809+00,2026-09-30 04:30:05.136242+00,648.433
1118,cowrie.client.kex,7a59a72c3c5b,2026-09-30 04:30:04.490355+00,2026-09-30 04:30:05.181684+00,691.329
1119,cowrie.session.connect,180edaa00b76,2026-09-30 04:30:06.548851+00,2026-09-30 04:30:07.414294+00,865.443
1120,cowrie.login.failed,180edaa00b76,2026-09-30 04:30:06.599385+00,2026-09-30 04:30:07.617893+00,1018.508
1121,cowrie.client.kex,180edaa00b76,2026-09-30 04:30:06.550666+00,2026-09-30 04:30:07.633092+00,1082.426
1122,cowrie.client.version,180edaa00b76,2026-09-30 04:30:06.549253+00,2026-09-30 04:30:07.640445+00,1091.192
1123,cowrie.session.connect,930f265270de,2026-09-30 04:30:08.605057+00,2026-09-30 04:30:09.227659+00,622.602
1124,cowrie.login.success,930f265270de,2026-09-30 04:30:08.660572+00,2026-09-30 04:30:09.345114+00,684.542
1125,cowrie.client.version,930f265270de,2026-09-30 04:30:08.605637+00,2026-09-30 04:30:09.366118+00,760.481
1126,cowrie.client.kex,930f265270de,2026-09-30 04:30:08.60787+00,2026-09-30 04:30:09.412164+00,804.294
1127,cowrie.session.params,930f265270de,2026-09-30 04:30:08.894234+00,2026-09-30 04:30:09.449829+00,555.595
1128,cowrie.client.size,930f265270de,2026-09-30 04:30:08.892238+00,2026-09-30 04:30:09.498082+00,605.844
1129,cowrie.command.input,930f265270de,2026-09-30 04:30:09.900923+00,2026-09-30 04:30:10.391232+00,490.309
1130,cowrie.command.input,930f265270de,2026-09-30 04:30:10.700302+00,2026-09-30 04:30:11.367794+00,667.492
1131,cowrie.command.input,930f265270de,2026-09-30 04:30:11.49843+00,2026-09-30 04:30:11.987751+00,489.321
1132,cowrie.command.input,930f265270de,2026-09-30 04:30:12.300013+00,2026-09-30 04:30:12.933142+00,633.129
1133,cowrie.log.closed,930f265270de,2026-09-30 04:30:13.099736+00,2026-09-30 04:30:13.564126+00,464.390
1134,cowrie.session.closed,930f265270de,2026-09-30 04:30:13.100778+00,2026-09-30 04:30:13.719187+00,618.409
1135,cowrie.session.connect,5b411d147d73,2026-09-30 04:30:14.101156+00,2026-09-30 04:30:14.602324+00,501.168
1136,cowrie.client.version,5b411d147d73,2026-09-30 04:30:14.101956+00,2026-09-30 04:30:14.709437+00,607.481
1137,cowrie.client.kex,5b411d147d73,2026-09-30 04:30:14.103963+00,2026-09-30 04:30:14.762576+00,658.613
1138,cowrie.login.failed,5b411d147d73,2026-09-30 04:30:14.162311+00,2026-09-30 04:30:14.786563+00,624.252
1139,cowrie.session.connect,26f4941b22ad,2026-09-30 04:30:16.168859+00,2026-09-30 04:30:16.875942+00,707.083
1140,cowrie.client.version,26f4941b22ad,2026-09-30 04:30:16.169618+00,2026-09-30 04:30:16.993601+00,823.983
1141,cowrie.client.kex,26f4941b22ad,2026-09-30 04:30:16.172101+00,2026-09-30 04:30:17.032726+00,860.625
1142,cowrie.login.failed,26f4941b22ad,2026-09-30 04:30:16.226324+00,2026-09-30 04:30:17.084195+00,857.871
1143,cowrie.session.connect,e1002f6c46d1,2026-09-30 04:30:18.232478+00,2026-09-30 04:30:20.460384+00,2227.906
1144,cowrie.client.version,e1002f6c46d1,2026-09-30 04:30:18.233169+00,2026-09-30 04:30:20.587279+00,2354.110
1145,cowrie.client.kex,e1002f6c46d1,2026-09-30 04:30:18.235752+00,2026-09-30 04:30:20.6367+00,2400.948
1146,cowrie.login.failed,e1002f6c46d1,2026-09-30 04:30:18.289425+00,2026-09-30 04:30:20.66659+00,2377.165
1147,cowrie.session.connect,b376724d5627,2026-09-30 04:30:20.295761+00,2026-09-30 04:30:22.433927+00,2138.166
1148,cowrie.login.failed,b376724d5627,2026-09-30 04:30:20.354337+00,2026-09-30 04:30:22.574575+00,2220.238
1149,cowrie.client.version,b376724d5627,2026-09-30 04:30:20.296568+00,2026-09-30 04:30:22.616185+00,2319.617
1150,cowrie.client.kex,b376724d5627,2026-09-30 04:30:20.299164+00,2026-09-30 04:30:22.659328+00,2360.164
1151,cowrie.session.connect,6779e557ad7e,2026-09-30 04:30:22.360657+00,2026-09-30 04:30:24.737534+00,2376.877
1152,cowrie.login.failed,6779e557ad7e,2026-09-30 04:30:22.418469+00,2026-09-30 04:30:24.894133+00,2475.664
1153,cowrie.client.version,6779e557ad7e,2026-09-30 04:30:22.361367+00,2026-09-30 04:30:24.91541+00,2554.043
1154,cowrie.client.kex,6779e557ad7e,2026-09-30 04:30:22.364324+00,2026-09-30 04:30:24.967699+00,2603.375
1155,cowrie.session.connect,f9dcbca9432c,2026-09-30 04:30:24.424397+00,2026-09-30 04:30:26.743711+00,2319.314
1156,cowrie.login.failed,f9dcbca9432c,2026-09-30 04:30:24.481324+00,2026-09-30 04:30:26.891288+00,2409.964
1157,cowrie.client.version,f9dcbca9432c,2026-09-30 04:30:24.42502+00,2026-09-30 04:30:26.908475+00,2483.455
1158,cowrie.client.kex,f9dcbca9432c,2026-09-30 04:30:24.427171+00,2026-09-30 04:30:26.966995+00,2539.824
1159,cowrie.session.connect,f17893f1d45e,2026-09-30 04:30:26.488171+00,2026-09-30 04:30:28.725176+00,2237.005
1160,cowrie.login.failed,f17893f1d45e,2026-09-30 04:30:26.544944+00,2026-09-30 04:30:28.91571+00,2370.766
1161,cowrie.client.version,f17893f1d45e,2026-09-30 04:30:26.488894+00,2026-09-30 04:30:28.967053+00,2478.159
1162,cowrie.client.kex,f17893f1d45e,2026-09-30 04:30:26.491575+00,2026-09-30 04:30:28.998386+00,2506.811
1163,cowrie.session.closed,f17893f1d45e,2026-09-30 04:30:28.550442+00,2026-09-30 04:30:30.724658+00,2174.216
1164,cowrie.session.closed,180edaa00b76,2026-09-30 04:30:28.554734+00,2026-09-30 04:30:30.855097+00,2300.363
1165,cowrie.session.closed,98dcdce1838f,2026-09-30 04:30:28.5533+00,2026-09-30 04:30:31.024596+00,2471.296
1166,cowrie.session.closed,26f4941b22ad,2026-09-30 04:30:28.559131+00,2026-09-30 04:30:31.180537+00,2621.406
1167,cowrie.session.closed,b376724d5627,2026-09-30 04:30:28.578574+00,2026-09-30 04:30:31.230823+00,2652.249
1168,cowrie.session.closed,f9dcbca9432c,2026-09-30 04:30:28.59318+00,2026-09-30 04:30:31.411996+00,2818.816
1169,cowrie.session.closed,7a59a72c3c5b,2026-09-30 04:30:28.610559+00,2026-09-30 04:30:31.437892+00,2827.333
1170,cowrie.session.closed,5b411d147d73,2026-09-30 04:30:28.605562+00,2026-09-30 04:30:31.525144+00,2919.582
1171,cowrie.session.closed,6779e557ad7e,2026-09-30 04:30:28.611655+00,2026-09-30 04:30:31.641376+00,3029.721
1172,cowrie.session.closed,e1002f6c46d1,2026-09-30 04:30:28.611121+00,2026-09-30 04:30:31.70107+00,3089.949
1173,cowrie.session.connect,16360e509da7,2026-09-30 04:45:02.516124+00,2026-09-30 04:45:03.334644+00,818.520
1174,cowrie.client.version,16360e509da7,2026-09-30 04:45:02.516965+00,2026-09-30 04:45:03.358389+00,841.424
1175,cowrie.login.failed,16360e509da7,2026-09-30 04:45:02.57095+00,2026-09-30 04:45:03.371334+00,800.384
1176,cowrie.client.kex,16360e509da7,2026-09-30 04:45:02.518295+00,2026-09-30 04:45:03.428354+00,910.059
1177,cowrie.session.connect,46f20c14f992,2026-09-30 04:45:04.576321+00,2026-09-30 04:45:05.152725+00,576.404
1178,cowrie.login.failed,46f20c14f992,2026-09-30 04:45:04.627177+00,2026-09-30 04:45:05.323436+00,696.259
1179,cowrie.client.version,46f20c14f992,2026-09-30 04:45:04.576833+00,2026-09-30 04:45:05.33225+00,755.417
1180,cowrie.client.kex,46f20c14f992,2026-09-30 04:45:04.578455+00,2026-09-30 04:45:05.482151+00,903.696
1181,cowrie.session.connect,b8aee038ef57,2026-09-30 04:45:06.632374+00,2026-09-30 04:45:07.118798+00,486.424
1182,cowrie.login.failed,b8aee038ef57,2026-09-30 04:45:06.692297+00,2026-09-30 04:45:07.227133+00,534.836
1183,cowrie.client.version,b8aee038ef57,2026-09-30 04:45:06.633143+00,2026-09-30 04:45:07.262199+00,629.056
1184,cowrie.client.kex,b8aee038ef57,2026-09-30 04:45:06.636021+00,2026-09-30 04:45:07.341256+00,705.235
1185,cowrie.session.connect,c1009d4c373c,2026-09-30 04:45:08.697853+00,2026-09-30 04:45:09.400594+00,702.741
1186,cowrie.login.failed,c1009d4c373c,2026-09-30 04:45:08.747324+00,2026-09-30 04:45:09.511342+00,764.018
1187,cowrie.client.version,c1009d4c373c,2026-09-30 04:45:08.698909+00,2026-09-30 04:45:09.543964+00,845.055
1188,cowrie.client.kex,c1009d4c373c,2026-09-30 04:45:08.699664+00,2026-09-30 04:45:09.570941+00,871.277
1189,cowrie.session.connect,c3e3016e2c63,2026-09-30 04:45:10.751696+00,2026-09-30 04:45:11.397098+00,645.402
1190,cowrie.login.success,c3e3016e2c63,2026-09-30 04:45:10.800187+00,2026-09-30 04:45:11.500365+00,700.178
1191,cowrie.client.version,c3e3016e2c63,2026-09-30 04:45:10.752035+00,2026-09-30 04:45:11.528908+00,776.873
1192,cowrie.client.kex,c3e3016e2c63,2026-09-30 04:45:10.753296+00,2026-09-30 04:45:11.577733+00,824.437
1193,cowrie.client.size,c3e3016e2c63,2026-09-30 04:45:11.134118+00,2026-09-30 04:45:11.83972+00,705.602
1194,cowrie.session.params,c3e3016e2c63,2026-09-30 04:45:11.136205+00,2026-09-30 04:45:11.992562+00,856.357
1195,cowrie.command.input,c3e3016e2c63,2026-09-30 04:45:12.140342+00,2026-09-30 04:45:12.814464+00,674.122
1196,cowrie.command.input,c3e3016e2c63,2026-09-30 04:45:12.940501+00,2026-09-30 04:45:13.45223+00,511.729
1197,cowrie.command.input,c3e3016e2c63,2026-09-30 04:45:13.740625+00,2026-09-30 04:45:14.464392+00,723.767
1198,cowrie.command.input,c3e3016e2c63,2026-09-30 04:45:14.541653+00,2026-09-30 04:45:15.085041+00,543.388
1199,cowrie.log.closed,c3e3016e2c63,2026-09-30 04:45:15.343498+00,2026-09-30 04:45:16.057769+00,714.271
1200,cowrie.session.closed,c3e3016e2c63,2026-09-30 04:45:15.345495+00,2026-09-30 04:45:16.193612+00,848.117
1201,cowrie.session.closed,46f20c14f992,2026-09-30 04:45:16.357076+00,2026-09-30 04:45:17.179275+00,822.199
1202,cowrie.session.closed,b8aee038ef57,2026-09-30 04:45:16.399574+00,2026-09-30 04:45:17.4137+00,1014.126
1203,cowrie.session.closed,c1009d4c373c,2026-09-30 04:45:16.364062+00,2026-09-30 04:45:17.479906+00,1115.844
1204,cowrie.session.closed,16360e509da7,2026-09-30 04:45:16.399029+00,2026-09-30 04:45:17.514079+00,1115.050
1205,cowrie.session.connect,ec7b58e5a8ec,2026-09-30 05:00:02.304234+00,2026-09-30 05:00:02.941343+00,637.109
1206,cowrie.client.version,ec7b58e5a8ec,2026-09-30 05:00:02.304709+00,2026-09-30 05:00:03.036072+00,731.363
1207,cowrie.login.failed,ec7b58e5a8ec,2026-09-30 05:00:02.356263+00,2026-09-30 05:00:03.055558+00,699.295
1208,cowrie.client.kex,ec7b58e5a8ec,2026-09-30 05:00:02.306099+00,2026-09-30 05:00:03.112533+00,806.434
1209,cowrie.session.connect,45d31438f4c7,2026-09-30 05:00:04.362608+00,2026-09-30 05:00:04.890557+00,527.949
1210,cowrie.login.failed,45d31438f4c7,2026-09-30 05:00:04.421081+00,2026-09-30 05:00:05.026351+00,605.270
1211,cowrie.client.version,45d31438f4c7,2026-09-30 05:00:04.363204+00,2026-09-30 05:00:05.045115+00,681.911
1212,cowrie.client.kex,45d31438f4c7,2026-09-30 05:00:04.365407+00,2026-09-30 05:00:05.094145+00,728.738
1213,cowrie.session.connect,b305f568e412,2026-09-30 05:00:06.427243+00,2026-09-30 05:00:07.134848+00,707.605
1214,cowrie.login.failed,b305f568e412,2026-09-30 05:00:06.484821+00,2026-09-30 05:00:07.274899+00,790.078
1215,cowrie.client.version,b305f568e412,2026-09-30 05:00:06.427883+00,2026-09-30 05:00:07.304892+00,877.009
1216,cowrie.client.kex,b305f568e412,2026-09-30 05:00:06.430305+00,2026-09-30 05:00:07.387732+00,957.427
1217,cowrie.session.connect,2b91f1819f82,2026-09-30 05:00:08.491325+00,2026-09-30 05:00:09.140923+00,649.598
1218,cowrie.login.failed,2b91f1819f82,2026-09-30 05:00:08.549102+00,2026-09-30 05:00:09.255951+00,706.849
1219,cowrie.client.version,2b91f1819f82,2026-09-30 05:00:08.491993+00,2026-09-30 05:00:09.30296+00,810.967
1220,cowrie.client.kex,2b91f1819f82,2026-09-30 05:00:08.494412+00,2026-09-30 05:00:09.328108+00,833.696
1221,cowrie.session.connect,f8b9884953d0,2026-09-30 05:00:10.554078+00,2026-09-30 05:00:11.092443+00,538.365
1222,cowrie.login.failed,f8b9884953d0,2026-09-30 05:00:10.608664+00,2026-09-30 05:00:11.236015+00,627.351
1223,cowrie.client.version,f8b9884953d0,2026-09-30 05:00:10.554487+00,2026-09-30 05:00:11.254711+00,700.224
1224,cowrie.client.kex,f8b9884953d0,2026-09-30 05:00:10.555657+00,2026-09-30 05:00:11.276672+00,721.015
1225,cowrie.session.connect,6ca4b19740f5,2026-09-30 05:00:12.614199+00,2026-09-30 05:00:13.144778+00,530.579
1226,cowrie.login.failed,6ca4b19740f5,2026-09-30 05:00:12.666646+00,2026-09-30 05:00:13.253388+00,586.742
1227,cowrie.client.version,6ca4b19740f5,2026-09-30 05:00:12.614562+00,2026-09-30 05:00:13.266072+00,651.510
1228,cowrie.client.kex,6ca4b19740f5,2026-09-30 05:00:12.615854+00,2026-09-30 05:00:13.327885+00,712.031
1229,cowrie.session.connect,fdb0b26ca418,2026-09-30 05:00:14.672967+00,2026-09-30 05:00:15.411106+00,738.139
1230,cowrie.client.version,fdb0b26ca418,2026-09-30 05:00:14.673769+00,2026-09-30 05:00:15.567042+00,893.273
1231,cowrie.login.failed,fdb0b26ca418,2026-09-30 05:00:14.731561+00,2026-09-30 05:00:15.580117+00,848.556
1232,cowrie.client.kex,fdb0b26ca418,2026-09-30 05:00:14.676099+00,2026-09-30 05:00:15.620833+00,944.734
1233,cowrie.session.connect,c3127d6eef5f,2026-09-30 05:00:16.735994+00,2026-09-30 05:00:17.402047+00,666.053
1234,cowrie.login.success,c3127d6eef5f,2026-09-30 05:00:16.786996+00,2026-09-30 05:00:17.529444+00,742.448
1235,cowrie.client.version,c3127d6eef5f,2026-09-30 05:00:16.736386+00,2026-09-30 05:00:17.55053+00,814.144
1236,cowrie.client.kex,c3127d6eef5f,2026-09-30 05:00:16.737991+00,2026-09-30 05:00:19.255766+00,2517.775
1237,cowrie.client.size,c3127d6eef5f,2026-09-30 05:00:16.976572+00,2026-09-30 05:00:19.353741+00,2377.169
1238,cowrie.session.params,c3127d6eef5f,2026-09-30 05:00:16.97847+00,2026-09-30 05:00:19.379796+00,2401.326
1239,cowrie.command.input,c3127d6eef5f,2026-09-30 05:00:17.982469+00,2026-09-30 05:00:20.226253+00,2243.784
1240,cowrie.command.input,c3127d6eef5f,2026-09-30 05:00:18.782697+00,2026-09-30 05:00:20.857189+00,2074.492
1241,cowrie.command.input,c3127d6eef5f,2026-09-30 05:00:19.583375+00,2026-09-30 05:00:21.810489+00,2227.114
1242,cowrie.command.input,c3127d6eef5f,2026-09-30 05:00:20.384679+00,2026-09-30 05:00:22.755354+00,2370.675
1243,cowrie.log.closed,c3127d6eef5f,2026-09-30 05:00:21.184825+00,2026-09-30 05:00:23.422537+00,2237.712
1244,cowrie.session.closed,c3127d6eef5f,2026-09-30 05:00:21.187003+00,2026-09-30 05:00:23.562527+00,2375.524
1245,cowrie.session.connect,6c81fa9a15fe,2026-09-30 05:00:22.186434+00,2026-09-30 05:00:24.403416+00,2216.982
1246,cowrie.login.failed,6c81fa9a15fe,2026-09-30 05:00:22.243573+00,2026-09-30 05:00:24.545741+00,2302.168
1247,cowrie.client.version,6c81fa9a15fe,2026-09-30 05:00:22.187274+00,2026-09-30 05:00:24.564184+00,2376.910
1248,cowrie.client.kex,6c81fa9a15fe,2026-09-30 05:00:22.18983+00,2026-09-30 05:00:24.633669+00,2443.839
1249,cowrie.session.closed,6c81fa9a15fe,2026-09-30 05:00:24.249148+00,2026-09-30 05:00:26.397577+00,2148.429
1250,cowrie.session.closed,fdb0b26ca418,2026-09-30 05:00:24.259336+00,2026-09-30 05:00:26.534599+00,2275.263
1251,cowrie.session.closed,f8b9884953d0,2026-09-30 05:00:24.251243+00,2026-09-30 05:00:26.72504+00,2473.797
1252,cowrie.session.closed,45d31438f4c7,2026-09-30 05:00:24.27549+00,2026-09-30 05:00:26.791556+00,2516.066
1253,cowrie.session.closed,2b91f1819f82,2026-09-30 05:00:24.297834+00,2026-09-30 05:00:26.979294+00,2681.460
1254,cowrie.session.closed,ec7b58e5a8ec,2026-09-30 05:00:24.29737+00,2026-09-30 05:00:27.01081+00,2713.440
1255,cowrie.session.closed,6ca4b19740f5,2026-09-30 05:00:24.298834+00,2026-09-30 05:00:27.127036+00,2828.202
1256,cowrie.session.closed,b305f568e412,2026-09-30 05:00:24.29834+00,2026-09-30 05:00:27.203032+00,2904.692
1257,cowrie.session.connect,1af73aa97714,2026-09-30 05:15:02.424922+00,2026-09-30 05:15:03.212196+00,787.274
1258,cowrie.login.failed,1af73aa97714,2026-09-30 05:15:02.477213+00,2026-09-30 05:15:03.311049+00,833.836
1259,cowrie.client.version,1af73aa97714,2026-09-30 05:15:02.425259+00,2026-09-30 05:15:03.339846+00,914.587
1260,cowrie.client.kex,1af73aa97714,2026-09-30 05:15:02.426368+00,2026-09-30 05:15:03.394703+00,968.335
1261,cowrie.session.connect,c6f621ce9ab4,2026-09-30 05:15:04.48314+00,2026-09-30 05:15:05.170095+00,686.955
1262,cowrie.login.failed,c6f621ce9ab4,2026-09-30 05:15:04.541929+00,2026-09-30 05:15:05.329341+00,787.412
1263,cowrie.client.version,c6f621ce9ab4,2026-09-30 05:15:04.483802+00,2026-09-30 05:15:05.35005+00,866.248
1264,cowrie.client.kex,c6f621ce9ab4,2026-09-30 05:15:04.486275+00,2026-09-30 05:15:05.365543+00,879.268
1265,cowrie.session.connect,691192345aa0,2026-09-30 05:15:06.548219+00,2026-09-30 05:15:07.155805+00,607.586
1266,cowrie.client.version,691192345aa0,2026-09-30 05:15:06.549093+00,2026-09-30 05:15:07.292923+00,743.830
1267,cowrie.login.failed,691192345aa0,2026-09-30 05:15:06.606211+00,2026-09-30 05:15:07.314591+00,708.380
1268,cowrie.client.kex,691192345aa0,2026-09-30 05:15:06.550585+00,2026-09-30 05:15:07.364795+00,814.210
1269,cowrie.session.connect,3a5ab1cfbcb9,2026-09-30 05:15:08.612339+00,2026-09-30 05:15:09.179068+00,566.729
1270,cowrie.login.failed,3a5ab1cfbcb9,2026-09-30 05:15:08.669873+00,2026-09-30 05:15:09.250955+00,581.082
1271,cowrie.client.version,3a5ab1cfbcb9,2026-09-30 05:15:08.613075+00,2026-09-30 05:15:09.271613+00,658.538
1272,cowrie.client.kex,3a5ab1cfbcb9,2026-09-30 05:15:08.615297+00,2026-09-30 05:15:09.300498+00,685.201
1273,cowrie.session.connect,1345d37f73e0,2026-09-30 05:15:10.675897+00,2026-09-30 05:15:11.453255+00,777.358
1274,cowrie.login.failed,1345d37f73e0,2026-09-30 05:15:10.733491+00,2026-09-30 05:15:11.540118+00,806.627
1275,cowrie.client.version,1345d37f73e0,2026-09-30 05:15:10.676492+00,2026-09-30 05:15:11.571934+00,895.442
1276,cowrie.client.kex,1345d37f73e0,2026-09-30 05:15:10.678777+00,2026-09-30 05:15:11.603984+00,925.207
1277,cowrie.session.connect,cd8b1f8c104e,2026-09-30 05:15:12.737837+00,2026-09-30 05:15:13.400248+00,662.411
1278,cowrie.client.version,cd8b1f8c104e,2026-09-30 05:15:12.738262+00,2026-09-30 05:15:13.519069+00,780.807
1279,cowrie.login.failed,cd8b1f8c104e,2026-09-30 05:15:12.790725+00,2026-09-30 05:15:13.555239+00,764.514
1280,cowrie.client.kex,cd8b1f8c104e,2026-09-30 05:15:12.739668+00,2026-09-30 05:15:13.617144+00,877.476
1281,cowrie.session.connect,8c482eedd648,2026-09-30 05:15:14.799657+00,2026-09-30 05:15:15.463134+00,663.477
1282,cowrie.login.failed,8c482eedd648,2026-09-30 05:15:14.85035+00,2026-09-30 05:15:15.513446+00,663.096
1283,cowrie.client.version,8c482eedd648,2026-09-30 05:15:14.800031+00,2026-09-30 05:15:15.545693+00,745.662
1284,cowrie.client.kex,8c482eedd648,2026-09-30 05:15:14.801197+00,2026-09-30 05:15:15.584244+00,783.047
1285,cowrie.session.connect,ff922597da7f,2026-09-30 05:15:16.854921+00,2026-09-30 05:15:17.403064+00,548.143
1286,cowrie.login.success,ff922597da7f,2026-09-30 05:15:16.909538+00,2026-09-30 05:15:17.516467+00,606.929
1287,cowrie.client.version,ff922597da7f,2026-09-30 05:15:16.855412+00,2026-09-30 05:15:17.540985+00,685.573
1288,cowrie.client.kex,ff922597da7f,2026-09-30 05:15:16.857002+00,2026-09-30 05:15:17.58508+00,728.078
1289,cowrie.session.params,ff922597da7f,2026-09-30 05:15:17.120926+00,2026-09-30 05:15:17.649892+00,528.966
1290,cowrie.client.size,ff922597da7f,2026-09-30 05:15:17.116551+00,2026-09-30 05:15:17.698734+00,582.183
1291,cowrie.command.input,ff922597da7f,2026-09-30 05:15:18.123958+00,2026-09-30 05:15:18.575747+00,451.789
1292,cowrie.command.input,ff922597da7f,2026-09-30 05:15:18.925392+00,2026-09-30 05:15:19.544353+00,618.961
1293,cowrie.command.input,ff922597da7f,2026-09-30 05:15:19.7256+00,2026-09-30 05:15:21.836477+00,2110.877
1294,cowrie.command.input,ff922597da7f,2026-09-30 05:15:20.526227+00,2026-09-30 05:15:22.79082+00,2264.593
1295,cowrie.log.closed,ff922597da7f,2026-09-30 05:15:21.330127+00,2026-09-30 05:15:23.452021+00,2121.894
1296,cowrie.session.closed,ff922597da7f,2026-09-30 05:15:21.332377+00,2026-09-30 05:15:23.579458+00,2247.081
1297,cowrie.session.connect,72fe5faa4f70,2026-09-30 05:15:22.330269+00,2026-09-30 05:15:24.426065+00,2095.796
1298,cowrie.login.failed,72fe5faa4f70,2026-09-30 05:15:22.386101+00,2026-09-30 05:15:24.55549+00,2169.389
1299,cowrie.client.version,72fe5faa4f70,2026-09-30 05:15:22.330635+00,2026-09-30 05:15:24.580344+00,2249.709
1300,cowrie.client.kex,72fe5faa4f70,2026-09-30 05:15:22.331856+00,2026-09-30 05:15:24.61545+00,2283.594
1301,cowrie.session.connect,f1b243e00dc7,2026-09-30 05:15:24.392528+00,2026-09-30 05:15:26.687995+00,2295.467
1302,cowrie.login.failed,f1b243e00dc7,2026-09-30 05:15:24.442312+00,2026-09-30 05:15:26.840068+00,2397.756
1303,cowrie.client.version,f1b243e00dc7,2026-09-30 05:15:24.393217+00,2026-09-30 05:15:26.861754+00,2468.537
1304,cowrie.client.kex,f1b243e00dc7,2026-09-30 05:15:24.395519+00,2026-09-30 05:15:26.886804+00,2491.285
1305,cowrie.session.connect,a2c1e88a8b30,2026-09-30 05:15:26.447822+00,2026-09-30 05:15:28.687633+00,2239.811
1306,cowrie.login.failed,a2c1e88a8b30,2026-09-30 05:15:26.503321+00,2026-09-30 05:15:28.84396+00,2340.639
1307,cowrie.client.version,a2c1e88a8b30,2026-09-30 05:15:26.448564+00,2026-09-30 05:15:28.901433+00,2452.869
1308,cowrie.client.kex,a2c1e88a8b30,2026-09-30 05:15:26.451127+00,2026-09-30 05:15:28.932088+00,2480.961
1309,cowrie.session.connect,5fc5db47f316,2026-09-30 05:15:28.509691+00,2026-09-30 05:15:30.696901+00,2187.210
1310,cowrie.login.failed,5fc5db47f316,2026-09-30 05:15:28.567621+00,2026-09-30 05:15:30.836412+00,2268.791
1311,cowrie.client.version,5fc5db47f316,2026-09-30 05:15:28.510445+00,2026-09-30 05:15:30.932064+00,2421.619
1312,cowrie.client.kex,5fc5db47f316,2026-09-30 05:15:28.512691+00,2026-09-30 05:15:31.0129+00,2500.209
1313,cowrie.session.closed,5fc5db47f316,2026-09-30 05:15:30.574236+00,2026-09-30 05:15:32.674405+00,2100.169
1314,cowrie.session.closed,8c482eedd648,2026-09-30 05:15:30.589256+00,2026-09-30 05:15:32.796968+00,2207.712
1315,cowrie.session.closed,1345d37f73e0,2026-09-30 05:15:30.585036+00,2026-09-30 05:15:33.013964+00,2428.928
1316,cowrie.session.closed,72fe5faa4f70,2026-09-30 05:15:30.612319+00,2026-09-30 05:15:33.07054+00,2458.221
1317,cowrie.session.closed,a2c1e88a8b30,2026-09-30 05:15:30.615354+00,2026-09-30 05:15:33.116612+00,2501.258
1318,cowrie.session.closed,c6f621ce9ab4,2026-09-30 05:15:30.61888+00,2026-09-30 05:15:33.327843+00,2708.963
1319,cowrie.session.closed,691192345aa0,2026-09-30 05:15:30.63097+00,2026-09-30 05:15:33.370141+00,2739.171
1320,cowrie.session.closed,3a5ab1cfbcb9,2026-09-30 05:15:30.628206+00,2026-09-30 05:15:33.450114+00,2821.908
1321,cowrie.session.closed,f1b243e00dc7,2026-09-30 05:15:30.632301+00,2026-09-30 05:15:33.602335+00,2970.034
1322,cowrie.session.closed,1af73aa97714,2026-09-30 05:15:30.631825+00,2026-09-30 05:15:33.669756+00,3037.931
1323,cowrie.session.closed,cd8b1f8c104e,2026-09-30 05:15:30.632756+00,2026-09-30 05:15:34.706141+00,4073.385
1324,cowrie.session.connect,2b9d5e98293f,2026-09-30 05:30:02.21953+00,2026-09-30 05:30:02.893092+00,673.562
1325,cowrie.login.failed,2b9d5e98293f,2026-09-30 05:30:02.271735+00,2026-09-30 05:30:02.947457+00,675.722
1326,cowrie.client.version,2b9d5e98293f,2026-09-30 05:30:02.219874+00,2026-09-30 05:30:02.987986+00,768.112
1327,cowrie.client.kex,2b9d5e98293f,2026-09-30 05:30:02.221293+00,2026-09-30 05:30:03.048529+00,827.236
1328,cowrie.session.connect,89ddf360724d,2026-09-30 05:30:04.278134+00,2026-09-30 05:30:04.834542+00,556.408
1329,cowrie.login.failed,89ddf360724d,2026-09-30 05:30:04.33217+00,2026-09-30 05:30:04.985409+00,653.239
1330,cowrie.client.version,89ddf360724d,2026-09-30 05:30:04.278838+00,2026-09-30 05:30:05.02745+00,748.612
1331,cowrie.client.kex,89ddf360724d,2026-09-30 05:30:04.281333+00,2026-09-30 05:30:05.051763+00,770.430
1332,cowrie.session.connect,8375a0cc8547,2026-09-30 05:30:06.338184+00,2026-09-30 05:30:06.855389+00,517.205
1333,cowrie.client.kex,8375a0cc8547,2026-09-30 05:30:06.341529+00,2026-09-30 05:30:06.98073+00,639.201
1334,cowrie.client.version,8375a0cc8547,2026-09-30 05:30:06.338761+00,2026-09-30 05:30:07.006671+00,667.910
1335,cowrie.session.params,8375a0cc8547,2026-09-30 05:30:06.666687+00,2026-09-30 05:30:07.2309+00,564.213
1336,cowrie.login.success,8375a0cc8547,2026-09-30 05:30:06.39657+00,2026-09-30 05:30:07.244027+00,847.457
1337,cowrie.client.size,8375a0cc8547,2026-09-30 05:30:06.664879+00,2026-09-30 05:30:07.272077+00,607.198
1338,cowrie.command.input,8375a0cc8547,2026-09-30 05:30:07.670561+00,2026-09-30 05:30:08.164083+00,493.522
1339,cowrie.command.input,8375a0cc8547,2026-09-30 05:30:08.470502+00,2026-09-30 05:30:09.090973+00,620.471
1340,cowrie.command.input,8375a0cc8547,2026-09-30 05:30:09.271138+00,2026-09-30 05:30:09.747354+00,476.216
1341,cowrie.command.input,8375a0cc8547,2026-09-30 05:30:10.073131+00,2026-09-30 05:30:10.695604+00,622.473
1342,cowrie.log.closed,8375a0cc8547,2026-09-30 05:30:10.873657+00,2026-09-30 05:30:11.364124+00,490.467
1343,cowrie.session.closed,8375a0cc8547,2026-09-30 05:30:10.875796+00,2026-09-30 05:30:11.525314+00,649.518
1344,cowrie.session.connect,03c4f9fb2931,2026-09-30 05:30:11.873152+00,2026-09-30 05:30:12.356261+00,483.109
1345,cowrie.login.failed,03c4f9fb2931,2026-09-30 05:30:11.934855+00,2026-09-30 05:30:12.464024+00,529.169
1346,cowrie.client.kex,03c4f9fb2931,2026-09-30 05:30:11.876191+00,2026-09-30 05:30:12.524218+00,648.027
1347,cowrie.client.version,03c4f9fb2931,2026-09-30 05:30:11.873839+00,2026-09-30 05:30:12.555508+00,681.669
1348,cowrie.session.connect,db8382e58ccd,2026-09-30 05:30:13.942827+00,2026-09-30 05:30:14.604845+00,662.018
1349,cowrie.client.version,db8382e58ccd,2026-09-30 05:30:13.945227+00,2026-09-30 05:30:14.815743+00,870.516
1350,cowrie.login.failed,db8382e58ccd,2026-09-30 05:30:14.001388+00,2026-09-30 05:30:14.83225+00,830.862
1351,cowrie.client.kex,db8382e58ccd,2026-09-30 05:30:13.94856+00,2026-09-30 05:30:14.895657+00,947.097
1352,cowrie.session.connect,0e48009d118a,2026-09-30 05:30:16.01153+00,2026-09-30 05:30:16.703324+00,691.794
1353,cowrie.client.version,0e48009d118a,2026-09-30 05:30:16.012348+00,2026-09-30 05:30:16.83438+00,822.032
1354,cowrie.client.kex,0e48009d118a,2026-09-30 05:30:16.014879+00,2026-09-30 05:30:16.86693+00,852.051
1355,cowrie.login.failed,0e48009d118a,2026-09-30 05:30:16.065064+00,2026-09-30 05:30:16.922199+00,857.135
1356,cowrie.session.connect,e0aeeecc9559,2026-09-30 05:30:18.0712+00,2026-09-30 05:30:18.711524+00,640.324
1357,cowrie.client.version,e0aeeecc9559,2026-09-30 05:30:18.07194+00,2026-09-30 05:30:18.818665+00,746.725
1358,cowrie.client.kex,e0aeeecc9559,2026-09-30 05:30:18.074492+00,2026-09-30 05:30:20.493679+00,2419.187
1359,cowrie.login.failed,e0aeeecc9559,2026-09-30 05:30:18.126297+00,2026-09-30 05:30:20.519423+00,2393.126
1360,cowrie.session.connect,3f32e3305324,2026-09-30 05:30:20.133002+00,2026-09-30 05:30:22.265873+00,2132.871
1361,cowrie.login.failed,3f32e3305324,2026-09-30 05:30:20.187216+00,2026-09-30 05:30:22.444366+00,2257.150
1362,cowrie.client.version,3f32e3305324,2026-09-30 05:30:20.133781+00,2026-09-30 05:30:22.462166+00,2328.385
1363,cowrie.client.kex,3f32e3305324,2026-09-30 05:30:20.136071+00,2026-09-30 05:30:22.495227+00,2359.156
1364,cowrie.session.connect,2e132f908f13,2026-09-30 05:30:22.193039+00,2026-09-30 05:30:24.316044+00,2123.005
1365,cowrie.login.failed,2e132f908f13,2026-09-30 05:30:22.249838+00,2026-09-30 05:30:24.437922+00,2188.084
1366,cowrie.client.version,2e132f908f13,2026-09-30 05:30:22.193627+00,2026-09-30 05:30:24.4869+00,2293.273
1367,cowrie.client.kex,2e132f908f13,2026-09-30 05:30:22.196064+00,2026-09-30 05:30:24.536674+00,2340.610
1368,cowrie.session.connect,bef40e197eb7,2026-09-30 05:30:24.255032+00,2026-09-30 05:30:26.608078+00,2353.046
1369,cowrie.login.failed,bef40e197eb7,2026-09-30 05:30:24.321037+00,2026-09-30 05:30:26.729109+00,2408.072
1370,cowrie.client.version,bef40e197eb7,2026-09-30 05:30:24.255491+00,2026-09-30 05:30:26.760464+00,2504.973
1371,cowrie.client.kex,bef40e197eb7,2026-09-30 05:30:24.256846+00,2026-09-30 05:30:26.816705+00,2559.859
1372,cowrie.session.connect,7aec97a90330,2026-09-30 05:30:26.327659+00,2026-09-30 05:30:28.619345+00,2291.686
1373,cowrie.client.version,7aec97a90330,2026-09-30 05:30:26.328363+00,2026-09-30 05:30:28.865392+00,2537.029
1374,cowrie.login.failed,7aec97a90330,2026-09-30 05:30:26.38314+00,2026-09-30 05:30:28.920352+00,2537.212
1375,cowrie.client.kex,7aec97a90330,2026-09-30 05:30:26.330524+00,2026-09-30 05:30:28.954667+00,2624.143
1376,cowrie.session.connect,e29fa1631ace,2026-09-30 05:30:28.389247+00,2026-09-30 05:30:30.474813+00,2085.566
1377,cowrie.login.failed,e29fa1631ace,2026-09-30 05:30:28.442619+00,2026-09-30 05:30:30.607769+00,2165.150
1378,cowrie.client.version,e29fa1631ace,2026-09-30 05:30:28.389955+00,2026-09-30 05:30:30.633171+00,2243.216
1379,cowrie.client.kex,e29fa1631ace,2026-09-30 05:30:28.392212+00,2026-09-30 05:30:30.665488+00,2273.276
1380,cowrie.session.connect,563d2430a2eb,2026-09-30 05:30:30.448814+00,2026-09-30 05:30:32.766804+00,2317.990
1381,cowrie.login.failed,563d2430a2eb,2026-09-30 05:30:30.510404+00,2026-09-30 05:30:32.868763+00,2358.359
1382,cowrie.client.version,563d2430a2eb,2026-09-30 05:30:30.449503+00,2026-09-30 05:30:32.94623+00,2496.727
1383,cowrie.client.kex,563d2430a2eb,2026-09-30 05:30:30.452016+00,2026-09-30 05:30:33.086883+00,2634.867
1384,cowrie.session.closed,563d2430a2eb,2026-09-30 05:30:32.517041+00,2026-09-30 05:30:34.705575+00,2188.534
1385,cowrie.session.closed,bef40e197eb7,2026-09-30 05:30:32.543072+00,2026-09-30 05:30:35.013527+00,2470.455
1386,cowrie.session.closed,3f32e3305324,2026-09-30 05:30:32.521156+00,2026-09-30 05:30:35.027679+00,2506.523
1387,cowrie.session.closed,db8382e58ccd,2026-09-30 05:30:32.558184+00,2026-09-30 05:30:35.279005+00,2720.821
1388,cowrie.session.closed,e29fa1631ace,2026-09-30 05:30:32.554271+00,2026-09-30 05:30:35.311856+00,2757.585
1389,cowrie.session.closed,2b9d5e98293f,2026-09-30 05:30:32.56279+00,2026-09-30 05:30:35.50184+00,2939.050
1390,cowrie.session.closed,03c4f9fb2931,2026-09-30 05:30:32.573519+00,2026-09-30 05:30:35.544035+00,2970.516
1391,cowrie.session.closed,0e48009d118a,2026-09-30 05:30:32.57284+00,2026-09-30 05:30:35.612352+00,3039.512
1392,cowrie.session.closed,7aec97a90330,2026-09-30 05:30:32.574963+00,2026-09-30 05:30:35.764565+00,3189.602
1393,cowrie.session.closed,89ddf360724d,2026-09-30 05:30:32.57403+00,2026-09-30 05:30:35.799917+00,3225.887
1394,cowrie.session.closed,e0aeeecc9559,2026-09-30 05:30:32.574485+00,2026-09-30 05:30:36.746901+00,4172.416
1395,cowrie.session.closed,2e132f908f13,2026-09-30 05:30:32.575411+00,2026-09-30 05:30:37.051834+00,4476.423
1396,cowrie.session.connect,60242ef61950,2026-09-30 05:45:03.23682+00,2026-09-30 05:45:03.876091+00,639.271
1397,cowrie.login.failed,60242ef61950,2026-09-30 05:45:03.287082+00,2026-09-30 05:45:03.997406+00,710.324
1398,cowrie.client.version,60242ef61950,2026-09-30 05:45:03.237393+00,2026-09-30 05:45:04.064857+00,827.464
1399,cowrie.client.kex,60242ef61950,2026-09-30 05:45:03.239023+00,2026-09-30 05:45:04.211885+00,972.862
1400,cowrie.session.connect,a10639bf54be,2026-09-30 05:45:05.307068+00,2026-09-30 05:45:06.355916+00,1048.848
1401,cowrie.login.failed,a10639bf54be,2026-09-30 05:45:05.681307+00,2026-09-30 05:45:06.553917+00,872.610
1402,cowrie.client.version,a10639bf54be,2026-09-30 05:45:05.307426+00,2026-09-30 05:45:06.598916+00,1291.490
1403,cowrie.client.kex,a10639bf54be,2026-09-30 05:45:05.308719+00,2026-09-30 05:45:06.649486+00,1340.767
1404,cowrie.session.connect,d812b50c9d47,2026-09-30 05:45:07.694296+00,2026-09-30 05:45:08.439727+00,745.431
1405,cowrie.client.version,d812b50c9d47,2026-09-30 05:45:07.694697+00,2026-09-30 05:45:08.744718+00,1050.021
1406,cowrie.login.failed,d812b50c9d47,2026-09-30 05:45:07.757896+00,2026-09-30 05:45:08.797793+00,1039.897
1407,cowrie.client.kex,d812b50c9d47,2026-09-30 05:45:07.696237+00,2026-09-30 05:45:08.961509+00,1265.272
1408,cowrie.session.connect,104efb1d226a,2026-09-30 05:45:09.762758+00,2026-09-30 05:45:10.398502+00,635.744
1409,cowrie.client.version,104efb1d226a,2026-09-30 05:45:09.763139+00,2026-09-30 05:45:10.670575+00,907.436
1410,cowrie.login.failed,104efb1d226a,2026-09-30 05:45:10.108918+00,2026-09-30 05:45:10.687092+00,578.174
1411,cowrie.client.kex,104efb1d226a,2026-09-30 05:45:09.764372+00,2026-09-30 05:45:10.718724+00,954.352
1412,cowrie.session.connect,f3e98de9c507,2026-09-30 05:45:12.113007+00,2026-09-30 05:45:12.838436+00,725.429
1413,cowrie.login.success,f3e98de9c507,2026-09-30 05:45:12.16585+00,2026-09-30 05:45:13.086505+00,920.655
1414,cowrie.client.version,f3e98de9c507,2026-09-30 05:45:12.113912+00,2026-09-30 05:45:13.103908+00,989.996
1415,cowrie.client.kex,f3e98de9c507,2026-09-30 05:45:12.114795+00,2026-09-30 05:45:13.277364+00,1162.569
1416,cowrie.session.params,f3e98de9c507,2026-09-30 05:45:12.640553+00,2026-09-30 05:45:13.384515+00,743.962
1417,cowrie.client.size,f3e98de9c507,2026-09-30 05:45:12.636973+00,2026-09-30 05:45:13.396665+00,759.692
1418,cowrie.command.input,f3e98de9c507,2026-09-30 05:45:13.651957+00,2026-09-30 05:45:14.273881+00,621.924
1419,cowrie.command.input,f3e98de9c507,2026-09-30 05:45:14.448923+00,2026-09-30 05:45:14.907515+00,458.592
1420,cowrie.command.input,f3e98de9c507,2026-09-30 05:45:15.248701+00,2026-09-30 05:45:15.815175+00,566.474
1421,cowrie.session.closed,f3e98de9c507,2026-09-30 05:45:16.050902+00,2026-09-30 05:45:17.049875+00,998.973
1422,cowrie.log.closed,f3e98de9c507,2026-09-30 05:45:16.049615+00,2026-09-30 05:45:17.081446+00,1031.831
1423,cowrie.session.connect,9eb72a0667ab,2026-09-30 05:45:17.053383+00,2026-09-30 05:45:17.764067+00,710.684
1424,cowrie.client.version,9eb72a0667ab,2026-09-30 05:45:17.055046+00,2026-09-30 05:45:17.959437+00,904.391
1425,cowrie.login.failed,9eb72a0667ab,2026-09-30 05:45:17.107616+00,2026-09-30 05:45:17.96877+00,861.154
1426,cowrie.client.kex,9eb72a0667ab,2026-09-30 05:45:17.056198+00,2026-09-30 05:45:18.018961+00,962.763
1427,cowrie.session.connect,a8848b0af610,2026-09-30 05:45:19.112598+00,2026-09-30 05:45:21.440568+00,2327.970
1428,cowrie.login.failed,a8848b0af610,2026-09-30 05:45:19.164914+00,2026-09-30 05:45:21.579258+00,2414.344
1429,cowrie.client.version,a8848b0af610,2026-09-30 05:45:19.112977+00,2026-09-30 05:45:21.617039+00,2504.062
1430,cowrie.client.kex,a8848b0af610,2026-09-30 05:45:19.114298+00,2026-09-30 05:45:21.654502+00,2540.204
1431,cowrie.session.connect,dd77d99ace7c,2026-09-30 05:45:21.169992+00,2026-09-30 05:45:23.427925+00,2257.933
1432,cowrie.login.failed,dd77d99ace7c,2026-09-30 05:45:21.227049+00,2026-09-30 05:45:23.596028+00,2368.979
1433,cowrie.client.version,dd77d99ace7c,2026-09-30 05:45:21.170667+00,2026-09-30 05:45:23.633095+00,2462.428
1434,cowrie.client.kex,dd77d99ace7c,2026-09-30 05:45:21.173041+00,2026-09-30 05:45:23.69536+00,2522.319
1435,cowrie.session.connect,e5a653731a01,2026-09-30 05:45:23.233098+00,2026-09-30 05:45:25.405756+00,2172.658
1436,cowrie.login.failed,e5a653731a01,2026-09-30 05:45:23.284775+00,2026-09-30 05:45:25.642081+00,2357.306
1437,cowrie.client.version,e5a653731a01,2026-09-30 05:45:23.233748+00,2026-09-30 05:45:25.690304+00,2456.556
1438,cowrie.client.kex,e5a653731a01,2026-09-30 05:45:23.236087+00,2026-09-30 05:45:25.7219+00,2485.813
1439,cowrie.session.connect,6e6fce21dc7d,2026-09-30 05:45:25.289318+00,2026-09-30 05:45:27.470191+00,2180.873
1440,cowrie.client.version,6e6fce21dc7d,2026-09-30 05:45:25.28966+00,2026-09-30 05:45:27.721074+00,2431.414
1441,cowrie.client.kex,6e6fce21dc7d,2026-09-30 05:45:25.293922+00,2026-09-30 05:45:27.773299+00,2479.377
1442,cowrie.login.failed,6e6fce21dc7d,2026-09-30 05:45:25.343824+00,2026-09-30 05:45:27.802768+00,2458.944
1443,cowrie.session.connect,64743d96e1a1,2026-09-30 05:45:27.348568+00,2026-09-30 05:45:29.467635+00,2119.067
1444,cowrie.login.failed,64743d96e1a1,2026-09-30 05:45:27.399984+00,2026-09-30 05:45:29.69332+00,2293.336
1445,cowrie.client.version,64743d96e1a1,2026-09-30 05:45:27.348988+00,2026-09-30 05:45:29.729836+00,2380.848
1446,cowrie.client.kex,64743d96e1a1,2026-09-30 05:45:27.35026+00,2026-09-30 05:45:29.795631+00,2445.371
1447,cowrie.session.closed,64743d96e1a1,2026-09-30 05:45:29.405267+00,2026-09-30 05:45:31.649095+00,2243.828
1448,cowrie.session.closed,60242ef61950,2026-09-30 05:45:29.439334+00,2026-09-30 05:45:32.026122+00,2586.788
1449,cowrie.session.closed,9eb72a0667ab,2026-09-30 05:45:29.444733+00,2026-09-30 05:45:32.053877+00,2609.144
1450,cowrie.session.closed,d812b50c9d47,2026-09-30 05:45:29.445594+00,2026-09-30 05:45:32.440668+00,2995.074
1451,cowrie.session.closed,6e6fce21dc7d,2026-09-30 05:45:29.469668+00,2026-09-30 05:45:32.892943+00,3423.275
1452,cowrie.session.closed,dd77d99ace7c,2026-09-30 05:45:29.450397+00,2026-09-30 05:45:33.092938+00,3642.541
1453,cowrie.session.closed,104efb1d226a,2026-09-30 05:45:29.476257+00,2026-09-30 05:45:33.414807+00,3938.550
1454,cowrie.session.closed,a10639bf54be,2026-09-30 05:45:29.497633+00,2026-09-30 05:45:33.467161+00,3969.528
1455,cowrie.session.closed,a8848b0af610,2026-09-30 05:45:29.492922+00,2026-09-30 05:45:33.531715+00,4038.793
1456,cowrie.session.closed,e5a653731a01,2026-09-30 05:45:29.498246+00,2026-09-30 05:45:33.878149+00,4379.903
1457,cowrie.session.connect,926df1e2198d,2026-09-30 06:00:03.514675+00,2026-09-30 06:00:04.19525+00,680.575
1458,cowrie.login.failed,926df1e2198d,2026-09-30 06:00:03.566061+00,2026-09-30 06:00:04.355298+00,789.237
1459,cowrie.client.version,926df1e2198d,2026-09-30 06:00:03.515301+00,2026-09-30 06:00:04.398419+00,883.118
1460,cowrie.client.kex,926df1e2198d,2026-09-30 06:00:03.517153+00,2026-09-30 06:00:04.427397+00,910.244
1461,cowrie.session.connect,b525f2283979,2026-09-30 06:00:05.570783+00,2026-09-30 06:00:06.243991+00,673.208
1462,cowrie.login.failed,b525f2283979,2026-09-30 06:00:05.61986+00,2026-09-30 06:00:06.527171+00,907.311
1463,cowrie.client.version,b525f2283979,2026-09-30 06:00:05.571262+00,2026-09-30 06:00:06.548883+00,977.621
1464,cowrie.client.kex,b525f2283979,2026-09-30 06:00:05.572568+00,2026-09-30 06:00:06.569657+00,997.089
1465,cowrie.session.connect,130956160d8b,2026-09-30 06:00:07.623959+00,2026-09-30 06:00:08.061927+00,437.968
1466,cowrie.login.failed,130956160d8b,2026-09-30 06:00:07.676135+00,2026-09-30 06:00:08.191996+00,515.861
1467,cowrie.client.version,130956160d8b,2026-09-30 06:00:07.624678+00,2026-09-30 06:00:08.229199+00,604.521
1468,cowrie.client.kex,130956160d8b,2026-09-30 06:00:07.625766+00,2026-09-30 06:00:08.281339+00,655.573
1469,cowrie.session.connect,9f06201fe82d,2026-09-30 06:00:09.681315+00,2026-09-30 06:00:10.402419+00,721.104
1470,cowrie.login.failed,9f06201fe82d,2026-09-30 06:00:09.733061+00,2026-09-30 06:00:10.500882+00,767.821
1471,cowrie.client.version,9f06201fe82d,2026-09-30 06:00:09.68174+00,2026-09-30 06:00:10.522441+00,840.701
1472,cowrie.client.kex,9f06201fe82d,2026-09-30 06:00:09.683286+00,2026-09-30 06:00:10.560472+00,877.186
1473,cowrie.session.connect,dbc28a5046a7,2026-09-30 06:00:11.736918+00,2026-09-30 06:00:12.345762+00,608.844
1474,cowrie.login.failed,dbc28a5046a7,2026-09-30 06:00:11.792644+00,2026-09-30 06:00:12.466094+00,673.450
1475,cowrie.client.version,dbc28a5046a7,2026-09-30 06:00:11.73789+00,2026-09-30 06:00:12.498328+00,760.438
1476,cowrie.client.kex,dbc28a5046a7,2026-09-30 06:00:11.740756+00,2026-09-30 06:00:12.543676+00,802.920
1477,cowrie.session.connect,05893f02da43,2026-09-30 06:00:13.798191+00,2026-09-30 06:00:14.303508+00,505.317
1478,cowrie.client.version,05893f02da43,2026-09-30 06:00:13.799008+00,2026-09-30 06:00:14.461167+00,662.159
1479,cowrie.login.failed,05893f02da43,2026-09-30 06:00:13.854165+00,2026-09-30 06:00:14.473837+00,619.672
1480,cowrie.client.kex,05893f02da43,2026-09-30 06:00:13.801565+00,2026-09-30 06:00:14.504892+00,703.327
1481,cowrie.session.connect,a645e4fbf0f4,2026-09-30 06:00:15.86245+00,2026-09-30 06:00:16.373682+00,511.232
1482,cowrie.login.failed,a645e4fbf0f4,2026-09-30 06:00:15.915875+00,2026-09-30 06:00:16.477194+00,561.319
1483,cowrie.client.kex,a645e4fbf0f4,2026-09-30 06:00:15.864759+00,2026-09-30 06:00:16.511999+00,647.240
1484,cowrie.client.version,a645e4fbf0f4,2026-09-30 06:00:15.863214+00,2026-09-30 06:00:18.123081+00,2259.867
1485,cowrie.session.connect,32f8b56d665c,2026-09-30 06:00:17.920899+00,2026-09-30 06:00:18.630124+00,709.225
1486,cowrie.login.failed,32f8b56d665c,2026-09-30 06:00:17.973741+00,2026-09-30 06:00:18.756664+00,782.923
1487,cowrie.client.version,32f8b56d665c,2026-09-30 06:00:17.921365+00,2026-09-30 06:00:18.778995+00,857.630
1488,cowrie.client.kex,32f8b56d665c,2026-09-30 06:00:17.922845+00,2026-09-30 06:00:18.803754+00,880.909
1489,cowrie.session.connect,f76fd9d0a061,2026-09-30 06:00:19.979851+00,2026-09-30 06:00:20.578171+00,598.320
1490,cowrie.login.failed,f76fd9d0a061,2026-09-30 06:00:20.033135+00,2026-09-30 06:00:20.730821+00,697.686
1491,cowrie.client.version,f76fd9d0a061,2026-09-30 06:00:19.980398+00,2026-09-30 06:00:20.755263+00,774.865
1492,cowrie.client.kex,f76fd9d0a061,2026-09-30 06:00:19.983037+00,2026-09-30 06:00:22.421421+00,2438.384
1493,cowrie.session.connect,b1b1362f6585,2026-09-30 06:00:22.03728+00,2026-09-30 06:00:24.186669+00,2149.389
1494,cowrie.client.version,b1b1362f6585,2026-09-30 06:00:22.037637+00,2026-09-30 06:00:24.322594+00,2284.957
1495,cowrie.client.kex,b1b1362f6585,2026-09-30 06:00:22.039157+00,2026-09-30 06:00:24.373467+00,2334.310
1496,cowrie.login.failed,b1b1362f6585,2026-09-30 06:00:22.088866+00,2026-09-30 06:00:24.405016+00,2316.150
1497,cowrie.session.connect,e35bf6fc689b,2026-09-30 06:00:24.093567+00,2026-09-30 06:00:26.475493+00,2381.926
1498,cowrie.client.version,e35bf6fc689b,2026-09-30 06:00:24.093951+00,2026-09-30 06:00:26.611237+00,2517.286
1499,cowrie.client.kex,e35bf6fc689b,2026-09-30 06:00:24.09531+00,2026-09-30 06:00:26.643473+00,2548.163
1500,cowrie.login.failed,e35bf6fc689b,2026-09-30 06:00:24.150516+00,2026-09-30 06:00:26.692407+00,2541.891
1501,cowrie.session.connect,c7cae8df13e8,2026-09-30 06:00:26.156728+00,2026-09-30 06:00:28.427199+00,2270.471
1502,cowrie.client.version,c7cae8df13e8,2026-09-30 06:00:26.157529+00,2026-09-30 06:00:28.600194+00,2442.665
1503,cowrie.login.success,c7cae8df13e8,2026-09-30 06:00:26.213685+00,2026-09-30 06:00:28.617966+00,2404.281
1504,cowrie.client.kex,c7cae8df13e8,2026-09-30 06:00:26.159963+00,2026-09-30 06:00:28.678749+00,2518.786
1505,cowrie.session.params,c7cae8df13e8,2026-09-30 06:00:26.442504+00,2026-09-30 06:00:28.757692+00,2315.188
1506,cowrie.client.size,c7cae8df13e8,2026-09-30 06:00:26.440109+00,2026-09-30 06:00:28.797564+00,2357.455
1507,cowrie.command.input,c7cae8df13e8,2026-09-30 06:00:27.445602+00,2026-09-30 06:00:29.726398+00,2280.796
1508,cowrie.command.input,c7cae8df13e8,2026-09-30 06:00:28.24696+00,2026-09-30 06:00:30.371948+00,2124.988
1509,cowrie.command.input,c7cae8df13e8,2026-09-30 06:00:29.046415+00,2026-09-30 06:00:31.322786+00,2276.371
1510,cowrie.command.input,c7cae8df13e8,2026-09-30 06:00:29.848234+00,2026-09-30 06:00:31.975217+00,2126.983
1511,cowrie.command.input,c7cae8df13e8,2026-09-30 06:00:30.648425+00,2026-09-30 06:00:33.032151+00,2383.726
1512,cowrie.log.closed,c7cae8df13e8,2026-09-30 06:00:31.449746+00,2026-09-30 06:00:33.573618+00,2123.872
1513,cowrie.session.closed,c7cae8df13e8,2026-09-30 06:00:31.452177+00,2026-09-30 06:00:33.698788+00,2246.611
1514,cowrie.session.closed,a645e4fbf0f4,2026-09-30 06:00:32.463789+00,2026-09-30 06:00:34.569579+00,2105.790
1515,cowrie.session.closed,f76fd9d0a061,2026-09-30 06:00:32.464858+00,2026-09-30 06:00:34.754476+00,2289.618
1516,cowrie.session.closed,9f06201fe82d,2026-09-30 06:00:32.498709+00,2026-09-30 06:00:34.803502+00,2304.793
1517,cowrie.session.closed,e35bf6fc689b,2026-09-30 06:00:32.473477+00,2026-09-30 06:00:35.055678+00,2582.201
1518,cowrie.session.closed,b525f2283979,2026-09-30 06:00:32.497824+00,2026-09-30 06:00:35.111728+00,2613.904
1519,cowrie.session.closed,130956160d8b,2026-09-30 06:00:32.512494+00,2026-09-30 06:00:35.200199+00,2687.705
1520,cowrie.session.closed,05893f02da43,2026-09-30 06:00:32.511286+00,2026-09-30 06:00:35.237363+00,2726.077
1521,cowrie.session.closed,926df1e2198d,2026-09-30 06:00:32.512999+00,2026-09-30 06:00:35.495712+00,2982.713
1522,cowrie.session.closed,b1b1362f6585,2026-09-30 06:00:32.514112+00,2026-09-30 06:00:35.624076+00,3109.964
1523,cowrie.session.closed,dbc28a5046a7,2026-09-30 06:00:32.513649+00,2026-09-30 06:00:35.721767+00,3208.118
1524,cowrie.session.closed,32f8b56d665c,2026-09-30 06:00:32.514557+00,2026-09-30 06:00:36.603903+00,4089.346
1525,cowrie.session.connect,24cc990c8941,2026-09-30 06:15:02.352326+00,2026-09-30 06:15:02.999272+00,646.946
1526,cowrie.login.failed,24cc990c8941,2026-09-30 06:15:02.406919+00,2026-09-30 06:15:03.053768+00,646.849
1527,cowrie.client.version,24cc990c8941,2026-09-30 06:15:02.352787+00,2026-09-30 06:15:03.076502+00,723.715
1528,cowrie.client.kex,24cc990c8941,2026-09-30 06:15:02.35413+00,2026-09-30 06:15:03.112243+00,758.113
1529,cowrie.session.connect,38d8e4bab6f7,2026-09-30 06:15:04.413693+00,2026-09-30 06:15:04.941685+00,527.992
1530,cowrie.client.kex,38d8e4bab6f7,2026-09-30 06:15:04.416448+00,2026-09-30 06:15:05.060933+00,644.485
1531,cowrie.client.version,38d8e4bab6f7,2026-09-30 06:15:04.41433+00,2026-09-30 06:15:05.08959+00,675.260
1532,cowrie.login.failed,38d8e4bab6f7,2026-09-30 06:15:04.471085+00,2026-09-30 06:15:05.232741+00,761.656
1533,cowrie.session.connect,263f3431c24e,2026-09-30 06:15:06.475929+00,2026-09-30 06:15:07.032833+00,556.904
1534,cowrie.client.version,263f3431c24e,2026-09-30 06:15:06.476671+00,2026-09-30 06:15:07.191968+00,715.297
1535,cowrie.login.success,263f3431c24e,2026-09-30 06:15:06.53029+00,2026-09-30 06:15:07.20963+00,679.340
1536,cowrie.client.kex,263f3431c24e,2026-09-30 06:15:06.478061+00,2026-09-30 06:15:07.295125+00,817.064
1537,cowrie.client.size,263f3431c24e,2026-09-30 06:15:06.752591+00,2026-09-30 06:15:07.332216+00,579.625
1538,cowrie.session.params,263f3431c24e,2026-09-30 06:15:06.755103+00,2026-09-30 06:15:07.417823+00,662.720
1539,cowrie.command.input,263f3431c24e,2026-09-30 06:15:07.758256+00,2026-09-30 06:15:08.293081+00,534.825
1540,cowrie.command.input,263f3431c24e,2026-09-30 06:15:08.560055+00,2026-09-30 06:15:09.200559+00,640.504
1541,cowrie.command.input,263f3431c24e,2026-09-30 06:15:09.36032+00,2026-09-30 06:15:09.86106+00,500.740
1542,cowrie.command.input,263f3431c24e,2026-09-30 06:15:10.160131+00,2026-09-30 06:15:10.783586+00,623.455
1543,cowrie.command.input,263f3431c24e,2026-09-30 06:15:10.960468+00,2026-09-30 06:15:11.426031+00,465.563
1544,cowrie.log.closed,263f3431c24e,2026-09-30 06:15:11.760492+00,2026-09-30 06:15:12.377214+00,616.722
1545,cowrie.session.closed,263f3431c24e,2026-09-30 06:15:11.762973+00,2026-09-30 06:15:12.523213+00,760.240
1546,cowrie.session.connect,3e66e8a81249,2026-09-30 06:15:12.762694+00,2026-09-30 06:15:13.386035+00,623.341
1547,cowrie.login.failed,3e66e8a81249,2026-09-30 06:15:12.818042+00,2026-09-30 06:15:13.52234+00,704.298
1548,cowrie.client.version,3e66e8a81249,2026-09-30 06:15:12.763377+00,2026-09-30 06:15:13.546865+00,783.488
1549,cowrie.client.kex,3e66e8a81249,2026-09-30 06:15:12.7655+00,2026-09-30 06:15:13.566826+00,801.326
1550,cowrie.session.connect,601ac5d3aaff,2026-09-30 06:15:14.824596+00,2026-09-30 06:15:15.350545+00,525.949
1551,cowrie.client.version,601ac5d3aaff,2026-09-30 06:15:14.825297+00,2026-09-30 06:15:15.518842+00,693.545
1552,cowrie.login.failed,601ac5d3aaff,2026-09-30 06:15:14.876319+00,2026-09-30 06:15:15.532086+00,655.767
1553,cowrie.client.kex,601ac5d3aaff,2026-09-30 06:15:14.827526+00,2026-09-30 06:15:15.550652+00,723.126
1554,cowrie.client.version,7cbc6a8148ff,2026-09-30 06:15:16.883782+00,2026-09-30 06:15:17.617182+00,733.400
1555,cowrie.session.connect,7cbc6a8148ff,2026-09-30 06:15:16.883025+00,2026-09-30 06:15:19.032563+00,2149.538
1556,cowrie.login.failed,7cbc6a8148ff,2026-09-30 06:15:16.942548+00,2026-09-30 06:15:19.25329+00,2310.742
1557,cowrie.client.kex,7cbc6a8148ff,2026-09-30 06:15:16.885995+00,2026-09-30 06:15:19.310007+00,2424.012
1558,cowrie.session.connect,23fdddcbc5c4,2026-09-30 06:15:18.948758+00,2026-09-30 06:15:21.107608+00,2158.850
1559,cowrie.login.failed,23fdddcbc5c4,2026-09-30 06:15:19.001091+00,2026-09-30 06:15:21.246692+00,2245.601
1560,cowrie.client.version,23fdddcbc5c4,2026-09-30 06:15:18.949555+00,2026-09-30 06:15:21.275961+00,2326.406
1561,cowrie.client.kex,23fdddcbc5c4,2026-09-30 06:15:18.952038+00,2026-09-30 06:15:21.310168+00,2358.130
1562,cowrie.session.connect,224c68b11920,2026-09-30 06:15:21.006839+00,2026-09-30 06:15:23.092928+00,2086.089
1563,cowrie.login.failed,224c68b11920,2026-09-30 06:15:21.062071+00,2026-09-30 06:15:23.236774+00,2174.703
1564,cowrie.client.version,224c68b11920,2026-09-30 06:15:21.007527+00,2026-09-30 06:15:23.266477+00,2258.950
1565,cowrie.client.kex,224c68b11920,2026-09-30 06:15:21.009811+00,2026-09-30 06:15:23.337216+00,2327.405
1566,cowrie.session.closed,224c68b11920,2026-09-30 06:15:23.069157+00,2026-09-30 06:15:25.419206+00,2350.049
1567,cowrie.session.closed,601ac5d3aaff,2026-09-30 06:15:23.102136+00,2026-09-30 06:15:25.691046+00,2588.910
1568,cowrie.session.closed,24cc990c8941,2026-09-30 06:15:23.070749+00,2026-09-30 06:15:25.776311+00,2705.562
1569,cowrie.session.closed,3e66e8a81249,2026-09-30 06:15:23.126029+00,2026-09-30 06:15:25.964125+00,2838.096
1570,cowrie.session.closed,23fdddcbc5c4,2026-09-30 06:15:23.114529+00,2026-09-30 06:15:26.012379+00,2897.850
1571,cowrie.session.closed,38d8e4bab6f7,2026-09-30 06:15:23.125379+00,2026-09-30 06:15:26.057177+00,2931.798
1572,cowrie.session.closed,7cbc6a8148ff,2026-09-30 06:15:23.126489+00,2026-09-30 06:15:26.198782+00,3072.293
1573,cowrie.session.connect,1502368a5f04,2026-09-30 06:30:03.555905+00,2026-09-30 06:30:04.223838+00,667.933
1574,cowrie.login.failed,1502368a5f04,2026-09-30 06:30:03.610627+00,2026-09-30 06:30:04.517939+00,907.312
1575,cowrie.client.version,1502368a5f04,2026-09-30 06:30:03.55812+00,2026-09-30 06:30:04.55853+00,1000.410
1576,cowrie.client.kex,1502368a5f04,2026-09-30 06:30:03.559213+00,2026-09-30 06:30:04.6243+00,1065.087
1577,cowrie.session.connect,a56fb2b57443,2026-09-30 06:30:05.618284+00,2026-09-30 06:30:06.137342+00,519.058
1578,cowrie.client.kex,a56fb2b57443,2026-09-30 06:30:05.622282+00,2026-09-30 06:30:06.258041+00,635.759
1579,cowrie.client.version,a56fb2b57443,2026-09-30 06:30:05.619976+00,2026-09-30 06:30:06.371746+00,751.770
1580,cowrie.login.success,a56fb2b57443,2026-09-30 06:30:05.685353+00,2026-09-30 06:30:06.528027+00,842.674
1581,cowrie.client.size,a56fb2b57443,2026-09-30 06:30:06.0035+00,2026-09-30 06:30:06.696406+00,692.906
1582,cowrie.session.params,a56fb2b57443,2026-09-30 06:30:06.006634+00,2026-09-30 06:30:06.841974+00,835.340
1583,cowrie.command.input,a56fb2b57443,2026-09-30 06:30:07.011556+00,2026-09-30 06:30:07.712375+00,700.819
1584,cowrie.command.input,a56fb2b57443,2026-09-30 06:30:07.811687+00,2026-09-30 06:30:08.33524+00,523.553
1585,cowrie.command.input,a56fb2b57443,2026-09-30 06:30:08.612244+00,2026-09-30 06:30:09.290233+00,677.989
1586,cowrie.log.closed,a56fb2b57443,2026-09-30 06:30:09.412975+00,2026-09-30 06:30:09.929184+00,516.209
1587,cowrie.session.closed,a56fb2b57443,2026-09-30 06:30:09.414254+00,2026-09-30 06:30:10.103307+00,689.053
1588,cowrie.session.connect,4f710d6a1f34,2026-09-30 06:30:10.414236+00,2026-09-30 06:30:10.941233+00,526.997
1589,cowrie.client.version,4f710d6a1f34,2026-09-30 06:30:10.414564+00,2026-09-30 06:30:11.102696+00,688.132
1590,cowrie.login.failed,4f710d6a1f34,2026-09-30 06:30:10.465647+00,2026-09-30 06:30:11.120013+00,654.366
1591,cowrie.client.kex,4f710d6a1f34,2026-09-30 06:30:10.415619+00,2026-09-30 06:30:11.154673+00,739.054
1592,cowrie.session.connect,084537cb17d7,2026-09-30 06:30:12.469465+00,2026-09-30 06:30:12.973041+00,503.576
1593,cowrie.login.failed,084537cb17d7,2026-09-30 06:30:12.52274+00,2026-09-30 06:30:13.111075+00,588.335
1594,cowrie.client.version,084537cb17d7,2026-09-30 06:30:12.469881+00,2026-09-30 06:30:13.154961+00,685.080
1595,cowrie.client.kex,084537cb17d7,2026-09-30 06:30:12.471346+00,2026-09-30 06:30:13.208759+00,737.413
1596,cowrie.session.connect,5ef781b0a84c,2026-09-30 06:30:14.528426+00,2026-09-30 06:30:15.014283+00,485.857
1597,cowrie.client.version,5ef781b0a84c,2026-09-30 06:30:14.528836+00,2026-09-30 06:30:15.180627+00,651.791
1598,cowrie.login.failed,5ef781b0a84c,2026-09-30 06:30:14.583227+00,2026-09-30 06:30:15.211186+00,627.959
1599,cowrie.client.kex,5ef781b0a84c,2026-09-30 06:30:14.530033+00,2026-09-30 06:30:15.260451+00,730.418
1600,cowrie.session.connect,7ac86d2bc0b4,2026-09-30 06:30:16.588152+00,2026-09-30 06:30:17.358188+00,770.036
1601,cowrie.client.version,7ac86d2bc0b4,2026-09-30 06:30:16.588581+00,2026-09-30 06:30:17.694754+00,1106.173
1602,cowrie.login.failed,7ac86d2bc0b4,2026-09-30 06:30:16.637456+00,2026-09-30 06:30:17.705117+00,1067.661
1603,cowrie.client.kex,7ac86d2bc0b4,2026-09-30 06:30:16.589985+00,2026-09-30 06:30:17.800639+00,1210.654
1604,cowrie.session.connect,83792df56b3d,2026-09-30 06:30:18.641955+00,2026-09-30 06:30:19.1383+00,496.345
1605,cowrie.login.failed,83792df56b3d,2026-09-30 06:30:18.693972+00,2026-09-30 06:30:20.991259+00,2297.287
1606,cowrie.client.version,83792df56b3d,2026-09-30 06:30:18.642355+00,2026-09-30 06:30:21.073021+00,2430.666
1607,cowrie.client.kex,83792df56b3d,2026-09-30 06:30:18.643688+00,2026-09-30 06:30:21.094146+00,2450.458
1608,cowrie.session.connect,63eccf23ee07,2026-09-30 06:30:20.698496+00,2026-09-30 06:30:22.808992+00,2110.496
1609,cowrie.client.version,63eccf23ee07,2026-09-30 06:30:20.698972+00,2026-09-30 06:30:23.067055+00,2368.083
1610,cowrie.client.kex,63eccf23ee07,2026-09-30 06:30:20.700372+00,2026-09-30 06:30:23.121552+00,2421.180
1611,cowrie.login.failed,63eccf23ee07,2026-09-30 06:30:20.752147+00,2026-09-30 06:30:23.14656+00,2394.413
1612,cowrie.session.connect,deae42055c0e,2026-09-30 06:30:22.756433+00,2026-09-30 06:30:25.135344+00,2378.911
1613,cowrie.client.kex,deae42055c0e,2026-09-30 06:30:22.758483+00,2026-09-30 06:30:25.338362+00,2579.879
1614,cowrie.client.version,deae42055c0e,2026-09-30 06:30:22.756865+00,2026-09-30 06:30:25.436649+00,2679.784
1615,cowrie.login.failed,deae42055c0e,2026-09-30 06:30:22.807049+00,2026-09-30 06:30:25.587315+00,2780.266
1616,cowrie.session.connect,707b9c3b355d,2026-09-30 06:30:24.812274+00,2026-09-30 06:30:26.997683+00,2185.409
1617,cowrie.client.version,707b9c3b355d,2026-09-30 06:30:24.812681+00,2026-09-30 06:30:27.34297+00,2530.289
1618,cowrie.login.failed,707b9c3b355d,2026-09-30 06:30:24.901514+00,2026-09-30 06:30:27.385511+00,2483.997
1619,cowrie.client.kex,707b9c3b355d,2026-09-30 06:30:24.816311+00,2026-09-30 06:30:27.43832+00,2622.009
1620,cowrie.session.connect,e42c3c62166c,2026-09-30 06:30:26.906734+00,2026-09-30 06:30:29.275974+00,2369.240
1621,cowrie.client.kex,e42c3c62166c,2026-09-30 06:30:26.908804+00,2026-09-30 06:30:29.60935+00,2700.546
1622,cowrie.client.version,e42c3c62166c,2026-09-30 06:30:26.907473+00,2026-09-30 06:30:29.647215+00,2739.742
1623,cowrie.login.failed,e42c3c62166c,2026-09-30 06:30:26.965885+00,2026-09-30 06:30:29.956848+00,2990.963
1624,cowrie.session.connect,c284e3045474,2026-09-30 06:30:28.969606+00,2026-09-30 06:30:31.051996+00,2082.390
1625,cowrie.login.failed,c284e3045474,2026-09-30 06:30:29.01815+00,2026-09-30 06:30:31.234953+00,2216.803
1626,cowrie.client.version,c284e3045474,2026-09-30 06:30:28.970177+00,2026-09-30 06:30:31.291192+00,2321.015
1627,cowrie.client.kex,c284e3045474,2026-09-30 06:30:28.970994+00,2026-09-30 06:30:31.338157+00,2367.163
1628,cowrie.session.connect,b5ebee9511c0,2026-09-30 06:30:31.021981+00,2026-09-30 06:30:33.382258+00,2360.277
1629,cowrie.login.failed,b5ebee9511c0,2026-09-30 06:30:31.078209+00,2026-09-30 06:30:33.560917+00,2482.708
1630,cowrie.client.version,b5ebee9511c0,2026-09-30 06:30:31.022304+00,2026-09-30 06:30:33.618973+00,2596.669
1631,cowrie.client.kex,b5ebee9511c0,2026-09-30 06:30:31.023616+00,2026-09-30 06:30:33.631604+00,2607.988
1632,cowrie.session.connect,4ebcd47a995f,2026-09-30 06:30:33.082872+00,2026-09-30 06:30:35.389019+00,2306.147
1633,cowrie.client.version,4ebcd47a995f,2026-09-30 06:30:33.083306+00,2026-09-30 06:30:35.692816+00,2609.510
1634,cowrie.client.kex,4ebcd47a995f,2026-09-30 06:30:33.084707+00,2026-09-30 06:30:35.738521+00,2653.814
1635,cowrie.login.failed,4ebcd47a995f,2026-09-30 06:30:33.135592+00,2026-09-30 06:30:35.794922+00,2659.330
1636,cowrie.session.closed,4ebcd47a995f,2026-09-30 06:30:35.141133+00,2026-09-30 06:30:37.407645+00,2266.512
1637,cowrie.session.closed,83792df56b3d,2026-09-30 06:30:35.15574+00,2026-09-30 06:30:37.760798+00,2605.058
1638,cowrie.session.closed,707b9c3b355d,2026-09-30 06:30:35.156387+00,2026-09-30 06:30:37.782166+00,2625.779
1639,cowrie.session.closed,deae42055c0e,2026-09-30 06:30:35.159528+00,2026-09-30 06:30:37.999849+00,2840.321
1640,cowrie.session.closed,5ef781b0a84c,2026-09-30 06:30:35.189614+00,2026-09-30 06:30:38.356321+00,3166.707
1641,cowrie.session.closed,4f710d6a1f34,2026-09-30 06:30:35.178542+00,2026-09-30 06:30:38.436554+00,3258.012
1642,cowrie.session.closed,e42c3c62166c,2026-09-30 06:30:35.190599+00,2026-09-30 06:30:38.628454+00,3437.855
1643,cowrie.session.closed,b5ebee9511c0,2026-09-30 06:30:35.190085+00,2026-09-30 06:30:38.731334+00,3541.249
1644,cowrie.session.closed,63eccf23ee07,2026-09-30 06:30:35.198982+00,2026-09-30 06:30:38.900041+00,3701.059
1645,cowrie.session.closed,7ac86d2bc0b4,2026-09-30 06:30:35.191076+00,2026-09-30 06:30:38.990814+00,3799.738
1646,cowrie.session.closed,c284e3045474,2026-09-30 06:30:35.200584+00,2026-09-30 06:30:39.458148+00,4257.564
1647,cowrie.session.closed,1502368a5f04,2026-09-30 06:30:35.199592+00,2026-09-30 06:30:39.801543+00,4601.951
1648,cowrie.session.closed,084537cb17d7,2026-09-30 06:30:35.200058+00,2026-09-30 06:30:39.818705+00,4618.647
1649,cowrie.session.connect,2bef45452c95,2026-09-30 06:45:02.957922+00,2026-09-30 06:45:03.669+00,711.078
1650,cowrie.login.success,2bef45452c95,2026-09-30 06:45:03.010495+00,2026-09-30 06:45:03.807025+00,796.530
1651,cowrie.client.version,2bef45452c95,2026-09-30 06:45:02.958807+00,2026-09-30 06:45:03.840056+00,881.249
1652,cowrie.client.kex,2bef45452c95,2026-09-30 06:45:02.960231+00,2026-09-30 06:45:03.901731+00,941.500
1653,cowrie.client.size,2bef45452c95,2026-09-30 06:45:03.30525+00,2026-09-30 06:45:04.041433+00,736.183
1654,cowrie.session.params,2bef45452c95,2026-09-30 06:45:03.310205+00,2026-09-30 06:45:04.09221+00,782.005
1655,cowrie.command.input,2bef45452c95,2026-09-30 06:45:04.315198+00,2026-09-30 06:45:05.00548+00,690.282
1656,cowrie.command.input,2bef45452c95,2026-09-30 06:45:05.11596+00,2026-09-30 06:45:05.824552+00,708.592
1657,cowrie.command.input,2bef45452c95,2026-09-30 06:45:05.917325+00,2026-09-30 06:45:06.60026+00,682.935
1658,cowrie.command.input,2bef45452c95,2026-09-30 06:45:06.716948+00,2026-09-30 06:45:07.405272+00,688.324
1659,cowrie.log.closed,2bef45452c95,2026-09-30 06:45:07.518317+00,2026-09-30 06:45:08.058377+00,540.060
1660,cowrie.session.closed,2bef45452c95,2026-09-30 06:45:07.519787+00,2026-09-30 06:45:08.19138+00,671.593
1661,cowrie.session.connect,217af9690303,2026-09-30 06:45:08.520838+00,2026-09-30 06:45:09.070549+00,549.711
1662,cowrie.login.failed,217af9690303,2026-09-30 06:45:08.588392+00,2026-09-30 06:45:09.192772+00,604.380
1663,cowrie.client.version,217af9690303,2026-09-30 06:45:08.521267+00,2026-09-30 06:45:09.233375+00,712.108
1664,cowrie.client.kex,217af9690303,2026-09-30 06:45:08.522658+00,2026-09-30 06:45:09.27945+00,756.792
1665,cowrie.session.connect,77cab8e75ca5,2026-09-30 06:45:10.592533+00,2026-09-30 06:45:11.063536+00,471.003
1666,cowrie.client.version,77cab8e75ca5,2026-09-30 06:45:10.592898+00,2026-09-30 06:45:11.249118+00,656.220
1667,cowrie.client.kex,77cab8e75ca5,2026-09-30 06:45:10.594599+00,2026-09-30 06:45:11.276793+00,682.194
1668,cowrie.login.failed,77cab8e75ca5,2026-09-30 06:45:10.644794+00,2026-09-30 06:45:11.292056+00,647.262
1669,cowrie.session.connect,876012743040,2026-09-30 06:45:12.649119+00,2026-09-30 06:45:13.357148+00,708.029
1670,cowrie.login.failed,876012743040,2026-09-30 06:45:12.699503+00,2026-09-30 06:45:13.47863+00,779.127
1671,cowrie.client.version,876012743040,2026-09-30 06:45:12.649561+00,2026-09-30 06:45:13.492917+00,843.356
1672,cowrie.client.kex,876012743040,2026-09-30 06:45:12.650873+00,2026-09-30 06:45:13.576163+00,925.290
1673,cowrie.session.connect,bb9866366c52,2026-09-30 06:45:14.705101+00,2026-09-30 06:45:15.325302+00,620.201
1674,cowrie.client.version,bb9866366c52,2026-09-30 06:45:14.705509+00,2026-09-30 06:45:15.534148+00,828.639
1675,cowrie.client.kex,bb9866366c52,2026-09-30 06:45:14.707362+00,2026-09-30 06:45:15.559998+00,852.636
1676,cowrie.login.failed,bb9866366c52,2026-09-30 06:45:14.756625+00,2026-09-30 06:45:15.590173+00,833.548
1677,cowrie.session.closed,bb9866366c52,2026-09-30 06:45:16.762696+00,2026-09-30 06:45:17.556644+00,793.948
1678,cowrie.session.closed,77cab8e75ca5,2026-09-30 06:45:16.763294+00,2026-09-30 06:45:17.921034+00,1157.740
1679,cowrie.session.closed,876012743040,2026-09-30 06:45:16.812481+00,2026-09-30 06:45:19.424968+00,2612.487
1680,cowrie.session.closed,217af9690303,2026-09-30 06:45:16.811781+00,2026-09-30 06:45:19.522888+00,2711.107
1681,cowrie.session.connect,013a7259676b,2026-09-30 07:00:03.563539+00,2026-09-30 07:00:04.217335+00,653.796
1682,cowrie.client.version,013a7259676b,2026-09-30 07:00:03.564177+00,2026-09-30 07:00:04.334381+00,770.204
1683,cowrie.login.failed,013a7259676b,2026-09-30 07:00:03.617289+00,2026-09-30 07:00:04.353607+00,736.318
1684,cowrie.client.kex,013a7259676b,2026-09-30 07:00:03.565779+00,2026-09-30 07:00:04.398146+00,832.367
1685,cowrie.session.connect,ea615107f60b,2026-09-30 07:00:05.622206+00,2026-09-30 07:00:06.209475+00,587.269
1686,cowrie.client.version,ea615107f60b,2026-09-30 07:00:05.622602+00,2026-09-30 07:00:06.416354+00,793.752
1687,cowrie.login.failed,ea615107f60b,2026-09-30 07:00:05.67233+00,2026-09-30 07:00:06.437657+00,765.327
1688,cowrie.client.kex,ea615107f60b,2026-09-30 07:00:05.624084+00,2026-09-30 07:00:06.483987+00,859.903
1689,cowrie.session.connect,108c24b4e2c8,2026-09-30 07:00:07.677552+00,2026-09-30 07:00:08.276644+00,599.092
1690,cowrie.login.failed,108c24b4e2c8,2026-09-30 07:00:07.728658+00,2026-09-30 07:00:08.427098+00,698.440
1691,cowrie.client.version,108c24b4e2c8,2026-09-30 07:00:07.678018+00,2026-09-30 07:00:08.461983+00,783.965
1692,cowrie.client.kex,108c24b4e2c8,2026-09-30 07:00:07.680164+00,2026-09-30 07:00:08.501707+00,821.543
1693,cowrie.session.connect,453e08a86fc2,2026-09-30 07:00:09.733963+00,2026-09-30 07:00:10.307412+00,573.449
1694,cowrie.login.failed,453e08a86fc2,2026-09-30 07:00:09.784463+00,2026-09-30 07:00:10.450752+00,666.289
1695,cowrie.client.version,453e08a86fc2,2026-09-30 07:00:09.734328+00,2026-09-30 07:00:10.458758+00,724.430
1696,cowrie.client.kex,453e08a86fc2,2026-09-30 07:00:09.73616+00,2026-09-30 07:00:10.506473+00,770.313
1697,cowrie.session.connect,41ce84d4cbc6,2026-09-30 07:00:11.787929+00,2026-09-30 07:00:12.335141+00,547.212
1698,cowrie.login.failed,41ce84d4cbc6,2026-09-30 07:00:11.838897+00,2026-09-30 07:00:12.48124+00,642.343
1699,cowrie.client.version,41ce84d4cbc6,2026-09-30 07:00:11.788682+00,2026-09-30 07:00:12.579851+00,791.169
1700,cowrie.client.kex,41ce84d4cbc6,2026-09-30 07:00:11.790829+00,2026-09-30 07:00:12.597417+00,806.588
1701,cowrie.session.connect,020e32b06f0c,2026-09-30 07:00:13.842637+00,2026-09-30 07:00:14.609039+00,766.402
1702,cowrie.login.success,020e32b06f0c,2026-09-30 07:00:13.89477+00,2026-09-30 07:00:14.826762+00,931.992
1703,cowrie.client.version,020e32b06f0c,2026-09-30 07:00:13.843088+00,2026-09-30 07:00:14.844746+00,1001.658
1704,cowrie.client.kex,020e32b06f0c,2026-09-30 07:00:13.844718+00,2026-09-30 07:00:14.898403+00,1053.685
1705,cowrie.client.size,020e32b06f0c,2026-09-30 07:00:14.871376+00,2026-09-30 07:00:15.507036+00,635.660
1706,cowrie.session.params,020e32b06f0c,2026-09-30 07:00:14.873833+00,2026-09-30 07:00:15.604753+00,730.920
1707,cowrie.command.input,020e32b06f0c,2026-09-30 07:00:15.87708+00,2026-09-30 07:00:16.431714+00,554.634
1708,cowrie.command.input,020e32b06f0c,2026-09-30 07:00:16.677317+00,2026-09-30 07:00:17.413186+00,735.869
1709,cowrie.command.input,020e32b06f0c,2026-09-30 07:00:17.477491+00,2026-09-30 07:00:18.039495+00,562.004
1710,cowrie.command.input,020e32b06f0c,2026-09-30 07:00:18.278755+00,2026-09-30 07:00:19.001637+00,722.882
1711,cowrie.command.input,020e32b06f0c,2026-09-30 07:00:19.079367+00,2026-09-30 07:00:19.60419+00,524.823
1712,cowrie.command.input,020e32b06f0c,2026-09-30 07:00:19.879663+00,2026-09-30 07:00:22.203574+00,2323.911
1713,cowrie.log.closed,020e32b06f0c,2026-09-30 07:00:20.680209+00,2026-09-30 07:00:22.843119+00,2162.910
1714,cowrie.session.closed,020e32b06f0c,2026-09-30 07:00:20.681474+00,2026-09-30 07:00:23.017085+00,2335.611
1715,cowrie.session.connect,6a63113149df,2026-09-30 07:00:21.681834+00,2026-09-30 07:00:23.839513+00,2157.679
1716,cowrie.login.failed,6a63113149df,2026-09-30 07:00:21.734066+00,2026-09-30 07:00:24.005858+00,2271.792
1717,cowrie.client.version,6a63113149df,2026-09-30 07:00:21.68224+00,2026-09-30 07:00:24.031122+00,2348.882
1718,cowrie.client.kex,6a63113149df,2026-09-30 07:00:21.683354+00,2026-09-30 07:00:24.086374+00,2403.020
1719,cowrie.session.connect,b32d2edeecf8,2026-09-30 07:00:23.738414+00,2026-09-30 07:00:25.825536+00,2087.122
1720,cowrie.login.failed,b32d2edeecf8,2026-09-30 07:00:23.756328+00,2026-09-30 07:00:26.098677+00,2342.349
1721,cowrie.client.kex,b32d2edeecf8,2026-09-30 07:00:23.740358+00,2026-09-30 07:00:26.189969+00,2449.611
1722,cowrie.client.version,b32d2edeecf8,2026-09-30 07:00:23.739873+00,2026-09-30 07:00:26.212394+00,2472.521
1723,cowrie.session.connect,65e8c0b1ecd9,2026-09-30 07:00:25.761338+00,2026-09-30 07:00:27.88269+00,2121.352
1724,cowrie.client.version,65e8c0b1ecd9,2026-09-30 07:00:25.761782+00,2026-09-30 07:00:28.247662+00,2485.880
1725,cowrie.client.kex,65e8c0b1ecd9,2026-09-30 07:00:25.763488+00,2026-09-30 07:00:28.454588+00,2691.100
1726,cowrie.login.failed,65e8c0b1ecd9,2026-09-30 07:00:25.821627+00,2026-09-30 07:00:28.489086+00,2667.459
1727,cowrie.session.connect,efdbbe64075d,2026-09-30 07:00:27.825832+00,2026-09-30 07:00:29.961916+00,2136.084
1728,cowrie.login.failed,efdbbe64075d,2026-09-30 07:00:27.884375+00,2026-09-30 07:00:30.128859+00,2244.484
1729,cowrie.client.version,efdbbe64075d,2026-09-30 07:00:27.826174+00,2026-09-30 07:00:30.169681+00,2343.507
1730,cowrie.client.kex,efdbbe64075d,2026-09-30 07:00:27.827605+00,2026-09-30 07:00:30.225169+00,2397.564
1731,cowrie.session.connect,77c792ed3c1b,2026-09-30 07:00:29.88915+00,2026-09-30 07:00:31.981803+00,2092.653
1732,cowrie.login.failed,77c792ed3c1b,2026-09-30 07:00:29.941606+00,2026-09-30 07:00:32.196016+00,2254.410
1733,cowrie.client.version,77c792ed3c1b,2026-09-30 07:00:29.890049+00,2026-09-30 07:00:32.249298+00,2359.249
1734,cowrie.client.kex,77c792ed3c1b,2026-09-30 07:00:29.891085+00,2026-09-30 07:00:32.294164+00,2403.079
1735,cowrie.session.closed,77c792ed3c1b,2026-09-30 07:00:31.947635+00,2026-09-30 07:00:34.511094+00,2563.459
1736,cowrie.session.closed,ea615107f60b,2026-09-30 07:00:31.950028+00,2026-09-30 07:00:34.817303+00,2867.275
1737,cowrie.session.closed,6a63113149df,2026-09-30 07:00:31.967804+00,2026-09-30 07:00:34.87412+00,2906.316
1738,cowrie.session.closed,453e08a86fc2,2026-09-30 07:00:31.954741+00,2026-09-30 07:00:35.013571+00,3058.830
1739,cowrie.session.closed,efdbbe64075d,2026-09-30 07:00:31.996514+00,2026-09-30 07:00:35.103161+00,3106.647
1740,cowrie.session.closed,b32d2edeecf8,2026-09-30 07:00:31.985822+00,2026-09-30 07:00:35.226946+00,3241.124
1741,cowrie.session.closed,41ce84d4cbc6,2026-09-30 07:00:32.000069+00,2026-09-30 07:00:35.390093+00,3390.024
1742,cowrie.session.closed,013a7259676b,2026-09-30 07:00:31.997066+00,2026-09-30 07:00:35.441072+00,3444.006
1743,cowrie.session.closed,108c24b4e2c8,2026-09-30 07:00:31.997562+00,2026-09-30 07:00:35.494984+00,3497.422
1744,cowrie.session.closed,65e8c0b1ecd9,2026-09-30 07:00:32.012526+00,2026-09-30 07:00:35.607738+00,3595.212
1745,cowrie.session.connect,bc8c2f1455d7,2026-09-30 07:15:03.263894+00,2026-09-30 07:15:03.842949+00,579.055
1746,cowrie.client.kex,bc8c2f1455d7,2026-09-30 07:15:03.266159+00,2026-09-30 07:15:04.033915+00,767.756
1747,cowrie.client.version,bc8c2f1455d7,2026-09-30 07:15:03.264513+00,2026-09-30 07:15:04.063517+00,799.004
1748,cowrie.login.failed,bc8c2f1455d7,2026-09-30 07:15:03.318511+00,2026-09-30 07:15:04.304288+00,985.777
1749,cowrie.session.connect,23a396b2bcbf,2026-09-30 07:15:05.324199+00,2026-09-30 07:15:06.034037+00,709.838
1750,cowrie.login.failed,23a396b2bcbf,2026-09-30 07:15:05.375394+00,2026-09-30 07:15:06.221283+00,845.889
1751,cowrie.client.version,23a396b2bcbf,2026-09-30 07:15:05.325184+00,2026-09-30 07:15:06.25223+00,927.046
1752,cowrie.client.kex,23a396b2bcbf,2026-09-30 07:15:05.32612+00,2026-09-30 07:15:06.294112+00,967.992
1753,cowrie.session.connect,e2ab896918c1,2026-09-30 07:15:07.380113+00,2026-09-30 07:15:08.078634+00,698.521
1754,cowrie.client.version,e2ab896918c1,2026-09-30 07:15:07.380519+00,2026-09-30 07:15:08.300175+00,919.656
1755,cowrie.login.failed,e2ab896918c1,2026-09-30 07:15:07.430187+00,2026-09-30 07:15:08.367684+00,937.497
1756,cowrie.client.kex,e2ab896918c1,2026-09-30 07:15:07.38201+00,2026-09-30 07:15:08.406063+00,1024.053
1757,cowrie.session.connect,bfbd175a369a,2026-09-30 07:15:09.435945+00,2026-09-30 07:15:09.969572+00,533.627
1758,cowrie.login.failed,bfbd175a369a,2026-09-30 07:15:09.49531+00,2026-09-30 07:15:10.108966+00,613.656
1759,cowrie.client.version,bfbd175a369a,2026-09-30 07:15:09.43695+00,2026-09-30 07:15:10.163465+00,726.515
1760,cowrie.client.kex,bfbd175a369a,2026-09-30 07:15:09.437599+00,2026-09-30 07:15:10.205391+00,767.792
1761,cowrie.session.connect,318c5d615b8e,2026-09-30 07:15:11.502032+00,2026-09-30 07:15:11.989236+00,487.204
1762,cowrie.login.failed,318c5d615b8e,2026-09-30 07:15:11.553995+00,2026-09-30 07:15:12.202107+00,648.112
1763,cowrie.client.version,318c5d615b8e,2026-09-30 07:15:11.503298+00,2026-09-30 07:15:12.254112+00,750.814
1764,cowrie.client.kex,318c5d615b8e,2026-09-30 07:15:11.505814+00,2026-09-30 07:15:12.271094+00,765.280
1765,cowrie.session.connect,4f6bd4c57a1f,2026-09-30 07:15:13.563319+00,2026-09-30 07:15:14.084119+00,520.800
1766,cowrie.login.failed,4f6bd4c57a1f,2026-09-30 07:15:13.648036+00,2026-09-30 07:15:14.195193+00,547.157
1767,cowrie.client.version,4f6bd4c57a1f,2026-09-30 07:15:13.564178+00,2026-09-30 07:15:14.225941+00,661.763
1768,cowrie.client.kex,4f6bd4c57a1f,2026-09-30 07:15:13.566404+00,2026-09-30 07:15:14.265428+00,699.024
1769,cowrie.session.connect,79148e19c929,2026-09-30 07:15:15.652934+00,2026-09-30 07:15:16.519721+00,866.787
1770,cowrie.client.version,79148e19c929,2026-09-30 07:15:15.653279+00,2026-09-30 07:15:16.555619+00,902.340
1771,cowrie.login.failed,79148e19c929,2026-09-30 07:15:15.705377+00,2026-09-30 07:15:16.636977+00,931.600
1772,cowrie.client.kex,79148e19c929,2026-09-30 07:15:15.654691+00,2026-09-30 07:15:16.689109+00,1034.418
1773,cowrie.session.connect,3df40de1fa12,2026-09-30 07:15:17.709221+00,2026-09-30 07:15:18.392114+00,682.893
1774,cowrie.client.version,3df40de1fa12,2026-09-30 07:15:17.710284+00,2026-09-30 07:15:18.615858+00,905.574
1775,cowrie.login.failed,3df40de1fa12,2026-09-30 07:15:17.802893+00,2026-09-30 07:15:18.638563+00,835.670
1776,cowrie.client.kex,3df40de1fa12,2026-09-30 07:15:17.711117+00,2026-09-30 07:15:20.319389+00,2608.272
1777,cowrie.session.connect,336e8f5ffaa7,2026-09-30 07:15:19.807462+00,2026-09-30 07:15:22.080995+00,2273.533
1778,cowrie.login.failed,336e8f5ffaa7,2026-09-30 07:15:19.85736+00,2026-09-30 07:15:22.246646+00,2389.286
1779,cowrie.client.version,336e8f5ffaa7,2026-09-30 07:15:19.807821+00,2026-09-30 07:15:22.273639+00,2465.818
1780,cowrie.client.kex,336e8f5ffaa7,2026-09-30 07:15:19.808912+00,2026-09-30 07:15:22.327623+00,2518.711
1781,cowrie.session.connect,65824cd55f9d,2026-09-30 07:15:21.86181+00,2026-09-30 07:15:24.058976+00,2197.166
1782,cowrie.client.kex,65824cd55f9d,2026-09-30 07:15:21.863397+00,2026-09-30 07:15:24.239482+00,2376.085
1783,cowrie.client.version,65824cd55f9d,2026-09-30 07:15:21.862272+00,2026-09-30 07:15:24.325488+00,2463.216
1784,cowrie.login.success,65824cd55f9d,2026-09-30 07:15:21.91296+00,2026-09-30 07:15:24.410817+00,2497.857
1785,cowrie.client.size,65824cd55f9d,2026-09-30 07:15:22.172453+00,2026-09-30 07:15:24.583278+00,2410.825
1786,cowrie.session.params,65824cd55f9d,2026-09-30 07:15:22.174631+00,2026-09-30 07:15:24.644053+00,2469.422
1787,cowrie.command.input,65824cd55f9d,2026-09-30 07:15:23.178265+00,2026-09-30 07:15:25.448074+00,2269.809
1788,cowrie.command.input,65824cd55f9d,2026-09-30 07:15:23.979679+00,2026-09-30 07:15:26.112548+00,2132.869
1789,cowrie.command.input,65824cd55f9d,2026-09-30 07:15:24.779438+00,2026-09-30 07:15:27.047329+00,2267.891
1790,cowrie.command.input,65824cd55f9d,2026-09-30 07:15:25.580848+00,2026-09-30 07:15:27.696968+00,2116.120
1791,cowrie.command.input,65824cd55f9d,2026-09-30 07:15:26.380596+00,2026-09-30 07:15:28.636828+00,2256.232
1792,cowrie.log.closed,65824cd55f9d,2026-09-30 07:15:27.181435+00,2026-09-30 07:15:29.282767+00,2101.332
1793,cowrie.session.closed,65824cd55f9d,2026-09-30 07:15:27.18269+00,2026-09-30 07:15:29.432037+00,2249.347
1794,cowrie.session.connect,aa75aa92e441,2026-09-30 07:15:28.182772+00,2026-09-30 07:15:30.270796+00,2088.024
1795,cowrie.login.failed,aa75aa92e441,2026-09-30 07:15:28.236565+00,2026-09-30 07:15:30.435137+00,2198.572
1796,cowrie.client.version,aa75aa92e441,2026-09-30 07:15:28.183123+00,2026-09-30 07:15:30.471144+00,2288.021
1797,cowrie.client.kex,aa75aa92e441,2026-09-30 07:15:28.184286+00,2026-09-30 07:15:30.525099+00,2340.813
1798,cowrie.session.connect,ef5ce8abc4b9,2026-09-30 07:15:30.241179+00,2026-09-30 07:15:32.64261+00,2401.431
1799,cowrie.login.failed,ef5ce8abc4b9,2026-09-30 07:15:30.297902+00,2026-09-30 07:15:32.763513+00,2465.611
1800,cowrie.client.version,ef5ce8abc4b9,2026-09-30 07:15:30.242022+00,2026-09-30 07:15:32.812103+00,2570.081
1801,cowrie.client.kex,ef5ce8abc4b9,2026-09-30 07:15:30.243757+00,2026-09-30 07:15:32.860313+00,2616.556
1802,cowrie.session.connect,49b732fae46b,2026-09-30 07:15:32.302712+00,2026-09-30 07:15:34.637899+00,2335.187
1803,cowrie.client.version,49b732fae46b,2026-09-30 07:15:32.303064+00,2026-09-30 07:15:34.884954+00,2581.890
1804,cowrie.client.kex,49b732fae46b,2026-09-30 07:15:32.304326+00,2026-09-30 07:15:34.93545+00,2631.124
1805,cowrie.login.failed,49b732fae46b,2026-09-30 07:15:32.354113+00,2026-09-30 07:15:34.953381+00,2599.268
1806,cowrie.session.connect,1a180c8ad216,2026-09-30 07:15:34.361454+00,2026-09-30 07:15:36.482217+00,2120.763
1807,cowrie.login.failed,1a180c8ad216,2026-09-30 07:15:34.413025+00,2026-09-30 07:15:36.664271+00,2251.246
1808,cowrie.client.version,1a180c8ad216,2026-09-30 07:15:34.362228+00,2026-09-30 07:15:36.709031+00,2346.803
1809,cowrie.client.kex,1a180c8ad216,2026-09-30 07:15:34.365216+00,2026-09-30 07:15:36.742133+00,2376.917
1810,cowrie.session.closed,ef5ce8abc4b9,2026-09-30 07:15:36.418016+00,2026-09-30 07:15:38.971124+00,2553.108
1811,cowrie.session.closed,1a180c8ad216,2026-09-30 07:15:36.423306+00,2026-09-30 07:15:39.242751+00,2819.445
1812,cowrie.session.closed,4f6bd4c57a1f,2026-09-30 07:15:36.422595+00,2026-09-30 07:15:39.382542+00,2959.947
1813,cowrie.session.closed,e2ab896918c1,2026-09-30 07:15:36.438385+00,2026-09-30 07:15:39.564914+00,3126.529
1814,cowrie.session.closed,318c5d615b8e,2026-09-30 07:15:36.432834+00,2026-09-30 07:15:39.660838+00,3228.004
1815,cowrie.session.closed,aa75aa92e441,2026-09-30 07:15:36.462986+00,2026-09-30 07:15:39.775446+00,3312.460
1816,cowrie.session.closed,bc8c2f1455d7,2026-09-30 07:15:36.459209+00,2026-09-30 07:15:39.940696+00,3481.487
1817,cowrie.session.closed,79148e19c929,2026-09-30 07:15:36.464288+00,2026-09-30 07:15:40.074559+00,3610.271
1818,cowrie.session.closed,3df40de1fa12,2026-09-30 07:15:36.463633+00,2026-09-30 07:15:40.171834+00,3708.201
1819,cowrie.session.closed,bfbd175a369a,2026-09-30 07:15:36.473726+00,2026-09-30 07:15:40.306004+00,3832.278
1820,cowrie.session.closed,49b732fae46b,2026-09-30 07:15:36.464827+00,2026-09-30 07:15:40.992681+00,4527.854
1821,cowrie.session.closed,23a396b2bcbf,2026-09-30 07:15:36.467193+00,2026-09-30 07:15:41.269447+00,4802.254
1822,cowrie.session.closed,336e8f5ffaa7,2026-09-30 07:15:36.479647+00,2026-09-30 07:15:41.401871+00,4922.224
1823,cowrie.session.connect,e84cd02fe9a7,2026-09-30 07:30:03.473224+00,2026-09-30 07:30:04.167461+00,694.237
1824,cowrie.login.failed,e84cd02fe9a7,2026-09-30 07:30:03.526633+00,2026-09-30 07:30:04.292718+00,766.085
1825,cowrie.client.version,e84cd02fe9a7,2026-09-30 07:30:03.473938+00,2026-09-30 07:30:04.321426+00,847.488
1826,cowrie.client.kex,e84cd02fe9a7,2026-09-30 07:30:03.475638+00,2026-09-30 07:30:04.37311+00,897.472
1827,cowrie.session.connect,044acb7cbebe,2026-09-30 07:30:05.531557+00,2026-09-30 07:30:06.144311+00,612.754
1828,cowrie.login.failed,044acb7cbebe,2026-09-30 07:30:05.582215+00,2026-09-30 07:30:06.325881+00,743.666
1829,cowrie.client.version,044acb7cbebe,2026-09-30 07:30:05.53203+00,2026-09-30 07:30:06.341742+00,809.712
1830,cowrie.client.kex,044acb7cbebe,2026-09-30 07:30:05.533793+00,2026-09-30 07:30:06.397532+00,863.739
1831,cowrie.session.connect,93cc409d9aa9,2026-09-30 07:30:07.586946+00,2026-09-30 07:30:08.143325+00,556.379
1832,cowrie.login.failed,93cc409d9aa9,2026-09-30 07:30:07.639744+00,2026-09-30 07:30:08.326247+00,686.503
1833,cowrie.client.version,93cc409d9aa9,2026-09-30 07:30:07.587295+00,2026-09-30 07:30:08.342784+00,755.489
1834,cowrie.client.kex,93cc409d9aa9,2026-09-30 07:30:07.588693+00,2026-09-30 07:30:08.389738+00,801.045
1835,cowrie.session.connect,8d816f2b9f46,2026-09-30 07:30:09.64405+00,2026-09-30 07:30:10.179175+00,535.125
1836,cowrie.login.failed,8d816f2b9f46,2026-09-30 07:30:09.692393+00,2026-09-30 07:30:10.344336+00,651.943
1837,cowrie.client.version,8d816f2b9f46,2026-09-30 07:30:09.644455+00,2026-09-30 07:30:10.377796+00,733.341
1838,cowrie.client.kex,8d816f2b9f46,2026-09-30 07:30:09.645801+00,2026-09-30 07:30:10.54516+00,899.359
1839,cowrie.session.connect,89d78abf875c,2026-09-30 07:30:11.695518+00,2026-09-30 07:30:12.172316+00,476.798
1840,cowrie.client.version,89d78abf875c,2026-09-30 07:30:11.695867+00,2026-09-30 07:30:12.425806+00,729.939
1841,cowrie.client.kex,89d78abf875c,2026-09-30 07:30:11.697202+00,2026-09-30 07:30:12.46803+00,770.828
1842,cowrie.login.success,89d78abf875c,2026-09-30 07:30:11.747581+00,2026-09-30 07:30:12.53689+00,789.309
1843,cowrie.client.size,89d78abf875c,2026-09-30 07:30:12.012789+00,2026-09-30 07:30:12.868917+00,856.128
1844,cowrie.session.params,89d78abf875c,2026-09-30 07:30:12.014854+00,2026-09-30 07:30:13.062953+00,1048.099
1845,cowrie.command.input,89d78abf875c,2026-09-30 07:30:13.017627+00,2026-09-30 07:30:13.577878+00,560.251
1846,cowrie.command.input,89d78abf875c,2026-09-30 07:30:13.819237+00,2026-09-30 07:30:14.521722+00,702.485
1847,cowrie.command.input,89d78abf875c,2026-09-30 07:30:14.619575+00,2026-09-30 07:30:15.231175+00,611.600
1848,cowrie.command.input,89d78abf875c,2026-09-30 07:30:15.41954+00,2026-09-30 07:30:16.093602+00,674.062
1849,cowrie.command.input,89d78abf875c,2026-09-30 07:30:16.219798+00,2026-09-30 07:30:16.731954+00,512.156
1850,cowrie.command.input,89d78abf875c,2026-09-30 07:30:17.020799+00,2026-09-30 07:30:17.67225+00,651.451
1851,cowrie.log.closed,89d78abf875c,2026-09-30 07:30:17.821514+00,2026-09-30 07:30:18.334913+00,513.399
1852,cowrie.session.closed,89d78abf875c,2026-09-30 07:30:17.822952+00,2026-09-30 07:30:18.469465+00,646.513
1853,cowrie.session.connect,95a0483be7f8,2026-09-30 07:30:18.822794+00,2026-09-30 07:30:19.316199+00,493.405
1854,cowrie.login.failed,95a0483be7f8,2026-09-30 07:30:18.875769+00,2026-09-30 07:30:19.456045+00,580.276
1855,cowrie.client.version,95a0483be7f8,2026-09-30 07:30:18.823216+00,2026-09-30 07:30:21.183415+00,2360.199
1856,cowrie.client.kex,95a0483be7f8,2026-09-30 07:30:18.824884+00,2026-09-30 07:30:21.2414+00,2416.516
1857,cowrie.session.closed,95a0483be7f8,2026-09-30 07:30:20.884621+00,2026-09-30 07:30:22.965186+00,2080.565
1858,cowrie.session.closed,8d816f2b9f46,2026-09-30 07:30:20.938323+00,2026-09-30 07:30:23.289484+00,2351.161
1859,cowrie.session.closed,e84cd02fe9a7,2026-09-30 07:30:20.885945+00,2026-09-30 07:30:23.317194+00,2431.249
1860,cowrie.session.closed,044acb7cbebe,2026-09-30 07:30:20.925386+00,2026-09-30 07:30:23.384837+00,2459.451
1861,cowrie.session.closed,93cc409d9aa9,2026-09-30 07:30:20.94362+00,2026-09-30 07:30:23.737348+00,2793.728
1862,cowrie.session.connect,f42e906c935e,2026-09-30 07:45:03.352449+00,2026-09-30 07:45:04.194407+00,841.958
1863,cowrie.login.failed,f42e906c935e,2026-09-30 07:45:03.405496+00,2026-09-30 07:45:04.299853+00,894.357
1864,cowrie.client.version,f42e906c935e,2026-09-30 07:45:03.353062+00,2026-09-30 07:45:04.320525+00,967.463
1865,cowrie.client.kex,f42e906c935e,2026-09-30 07:45:03.354874+00,2026-09-30 07:45:04.378684+00,1023.810
1866,cowrie.session.connect,e1d2bcef213f,2026-09-30 07:45:05.41119+00,2026-09-30 07:45:05.851848+00,440.658
1867,cowrie.login.failed,e1d2bcef213f,2026-09-30 07:45:05.471529+00,2026-09-30 07:45:06.025987+00,554.458
1868,cowrie.client.version,e1d2bcef213f,2026-09-30 07:45:05.412637+00,2026-09-30 07:45:06.05772+00,645.083
1869,cowrie.client.kex,e1d2bcef213f,2026-09-30 07:45:05.413909+00,2026-09-30 07:45:06.103436+00,689.527
1870,cowrie.session.connect,9441c9c3df5c,2026-09-30 07:45:07.476601+00,2026-09-30 07:45:08.154247+00,677.646
1871,cowrie.client.version,9441c9c3df5c,2026-09-30 07:45:07.477043+00,2026-09-30 07:45:08.341423+00,864.380
1872,cowrie.login.failed,9441c9c3df5c,2026-09-30 07:45:07.527816+00,2026-09-30 07:45:08.372837+00,845.021
1873,cowrie.client.kex,9441c9c3df5c,2026-09-30 07:45:07.478798+00,2026-09-30 07:45:08.391043+00,912.245
1874,cowrie.session.connect,4c49bcef6bd0,2026-09-30 07:45:09.538255+00,2026-09-30 07:45:10.195902+00,657.647
1875,cowrie.client.version,4c49bcef6bd0,2026-09-30 07:45:09.539292+00,2026-09-30 07:45:10.365301+00,826.009
1876,cowrie.login.failed,4c49bcef6bd0,2026-09-30 07:45:09.591757+00,2026-09-30 07:45:10.37433+00,782.573
1877,cowrie.client.kex,4c49bcef6bd0,2026-09-30 07:45:09.542231+00,2026-09-30 07:45:10.427485+00,885.254
1878,cowrie.session.connect,e8d768b1256e,2026-09-30 07:45:11.59443+00,2026-09-30 07:45:12.210118+00,615.688
1879,cowrie.login.failed,e8d768b1256e,2026-09-30 07:45:11.650566+00,2026-09-30 07:45:12.347435+00,696.869
1880,cowrie.client.version,e8d768b1256e,2026-09-30 07:45:11.59482+00,2026-09-30 07:45:12.388343+00,793.523
1881,cowrie.client.kex,e8d768b1256e,2026-09-30 07:45:11.5961+00,2026-09-30 07:45:12.421061+00,824.961
1882,cowrie.session.connect,1fbe163238ca,2026-09-30 07:45:13.655649+00,2026-09-30 07:45:14.19748+00,541.831
1883,cowrie.login.failed,1fbe163238ca,2026-09-30 07:45:13.709743+00,2026-09-30 07:45:14.341812+00,632.069
1884,cowrie.client.version,1fbe163238ca,2026-09-30 07:45:13.656099+00,2026-09-30 07:45:14.366373+00,710.274
1885,cowrie.client.kex,1fbe163238ca,2026-09-30 07:45:13.657508+00,2026-09-30 07:45:14.426241+00,768.733
1886,cowrie.session.connect,4c59edf8eaae,2026-09-30 07:45:15.714349+00,2026-09-30 07:45:16.261804+00,547.455
1887,cowrie.login.failed,4c59edf8eaae,2026-09-30 07:45:15.765473+00,2026-09-30 07:45:16.362651+00,597.178
1888,cowrie.client.version,4c59edf8eaae,2026-09-30 07:45:15.715022+00,2026-09-30 07:45:16.389616+00,674.594
1889,cowrie.client.kex,4c59edf8eaae,2026-09-30 07:45:15.715637+00,2026-09-30 07:45:16.470305+00,754.668
1890,cowrie.session.connect,00c0adafd012,2026-09-30 07:45:17.770498+00,2026-09-30 07:45:18.252418+00,481.920
1891,cowrie.client.version,00c0adafd012,2026-09-30 07:45:17.774846+00,2026-09-30 07:45:18.366368+00,591.522
1892,cowrie.login.failed,00c0adafd012,2026-09-30 07:45:17.827652+00,2026-09-30 07:45:20.035674+00,2208.022
1893,cowrie.client.kex,00c0adafd012,2026-09-30 07:45:17.776863+00,2026-09-30 07:45:20.0834+00,2306.537
1894,cowrie.session.connect,aebabf36d8e5,2026-09-30 07:45:19.832158+00,2026-09-30 07:45:22.186725+00,2354.567
1895,cowrie.login.failed,aebabf36d8e5,2026-09-30 07:45:19.885845+00,2026-09-30 07:45:22.396788+00,2510.943
1896,cowrie.client.kex,aebabf36d8e5,2026-09-30 07:45:19.83441+00,2026-09-30 07:45:22.437931+00,2603.521
1897,cowrie.client.version,aebabf36d8e5,2026-09-30 07:45:19.832587+00,2026-09-30 07:45:22.50421+00,2671.623
1898,cowrie.session.connect,b93e6ccd36d1,2026-09-30 07:45:21.889579+00,2026-09-30 07:45:24.189421+00,2299.842
1899,cowrie.client.kex,b93e6ccd36d1,2026-09-30 07:45:21.891912+00,2026-09-30 07:45:24.603998+00,2712.086
1900,cowrie.client.version,b93e6ccd36d1,2026-09-30 07:45:21.890059+00,2026-09-30 07:45:24.640014+00,2749.955
1901,cowrie.login.failed,b93e6ccd36d1,2026-09-30 07:45:21.942619+00,2026-09-30 07:45:24.767157+00,2824.538
1902,cowrie.session.connect,e75a60745555,2026-09-30 07:45:23.949174+00,2026-09-30 07:45:26.265775+00,2316.601
1903,cowrie.login.failed,e75a60745555,2026-09-30 07:45:24.001846+00,2026-09-30 07:45:26.429081+00,2427.235
1904,cowrie.client.version,e75a60745555,2026-09-30 07:45:23.949825+00,2026-09-30 07:45:26.461308+00,2511.483
1905,cowrie.client.kex,e75a60745555,2026-09-30 07:45:23.95218+00,2026-09-30 07:45:26.525435+00,2573.255
1906,cowrie.session.connect,0f14b762e452,2026-09-30 07:45:26.00681+00,2026-09-30 07:45:28.292397+00,2285.587
1907,cowrie.client.version,0f14b762e452,2026-09-30 07:45:26.007214+00,2026-09-30 07:45:28.508871+00,2501.657
1908,cowrie.login.success,0f14b762e452,2026-09-30 07:45:26.05758+00,2026-09-30 07:45:28.596141+00,2538.561
1909,cowrie.client.kex,0f14b762e452,2026-09-30 07:45:26.008611+00,2026-09-30 07:45:28.617293+00,2608.682
1910,cowrie.client.size,0f14b762e452,2026-09-30 07:45:26.36791+00,2026-09-30 07:45:28.775432+00,2407.522
1911,cowrie.session.params,0f14b762e452,2026-09-30 07:45:26.371976+00,2026-09-30 07:45:28.837585+00,2465.609
1912,cowrie.command.input,0f14b762e452,2026-09-30 07:45:27.374817+00,2026-09-30 07:45:29.636469+00,2261.652
1913,cowrie.command.input,0f14b762e452,2026-09-30 07:45:28.175421+00,2026-09-30 07:45:30.276372+00,2100.951
1914,cowrie.command.input,0f14b762e452,2026-09-30 07:45:28.976292+00,2026-09-30 07:45:31.235875+00,2259.583
1915,cowrie.command.input,0f14b762e452,2026-09-30 07:45:29.777406+00,2026-09-30 07:45:31.881541+00,2104.135
1916,cowrie.command.input,0f14b762e452,2026-09-30 07:45:30.577474+00,2026-09-30 07:45:32.821271+00,2243.797
1917,cowrie.command.input,0f14b762e452,2026-09-30 07:45:31.378036+00,2026-09-30 07:45:33.479176+00,2101.140
1918,cowrie.log.closed,0f14b762e452,2026-09-30 07:45:32.178741+00,2026-09-30 07:45:34.441112+00,2262.371
1919,cowrie.session.closed,0f14b762e452,2026-09-30 07:45:32.180164+00,2026-09-30 07:45:34.580756+00,2400.592
1920,cowrie.session.closed,00c0adafd012,2026-09-30 07:45:33.184464+00,2026-09-30 07:45:35.413579+00,2229.115
1921,cowrie.session.closed,f42e906c935e,2026-09-30 07:45:33.195434+00,2026-09-30 07:45:35.753091+00,2557.657
1922,cowrie.session.closed,b93e6ccd36d1,2026-09-30 07:45:33.185844+00,2026-09-30 07:45:35.831583+00,2645.739
1923,cowrie.session.closed,9441c9c3df5c,2026-09-30 07:45:33.209719+00,2026-09-30 07:45:36.062757+00,2853.038
1924,cowrie.session.closed,e8d768b1256e,2026-09-30 07:45:33.221509+00,2026-09-30 07:45:36.13746+00,2915.951
1925,cowrie.session.closed,4c59edf8eaae,2026-09-30 07:45:33.22073+00,2026-09-30 07:45:36.209605+00,2988.875
1926,cowrie.session.closed,aebabf36d8e5,2026-09-30 07:45:33.232145+00,2026-09-30 07:45:36.310373+00,3078.228
1927,cowrie.session.closed,e75a60745555,2026-09-30 07:45:33.228804+00,2026-09-30 07:45:36.43894+00,3210.136
1928,cowrie.session.closed,e1d2bcef213f,2026-09-30 07:45:33.242511+00,2026-09-30 07:45:36.541107+00,3298.596
1929,cowrie.session.closed,1fbe163238ca,2026-09-30 07:45:33.241753+00,2026-09-30 07:45:36.626424+00,3384.671
1930,cowrie.session.closed,4c49bcef6bd0,2026-09-30 07:45:33.243016+00,2026-09-30 07:45:37.440889+00,4197.873
1931,cowrie.session.connect,46ac5d311183,2026-09-30 08:00:03.460695+00,2026-09-30 08:00:04.042084+00,581.389
1932,cowrie.login.failed,46ac5d311183,2026-09-30 08:00:03.514416+00,2026-09-30 08:00:04.209378+00,694.962
1933,cowrie.client.version,46ac5d311183,2026-09-30 08:00:03.461298+00,2026-09-30 08:00:04.226031+00,764.733
1934,cowrie.client.kex,46ac5d311183,2026-09-30 08:00:03.462858+00,2026-09-30 08:00:04.296423+00,833.565
1935,cowrie.session.connect,a3a3d20a1fa1,2026-09-30 08:00:05.519084+00,2026-09-30 08:00:06.114855+00,595.771
1936,cowrie.login.failed,a3a3d20a1fa1,2026-09-30 08:00:05.568413+00,2026-09-30 08:00:06.273995+00,705.582
1937,cowrie.client.version,a3a3d20a1fa1,2026-09-30 08:00:05.519571+00,2026-09-30 08:00:06.311718+00,792.147
1938,cowrie.client.kex,a3a3d20a1fa1,2026-09-30 08:00:05.521232+00,2026-09-30 08:00:06.428506+00,907.274
1939,cowrie.session.connect,455f83de0743,2026-09-30 08:00:07.573067+00,2026-09-30 08:00:08.137244+00,564.177
1940,cowrie.login.success,455f83de0743,2026-09-30 08:00:07.626054+00,2026-09-30 08:00:08.336856+00,710.802
1941,cowrie.client.version,455f83de0743,2026-09-30 08:00:07.573508+00,2026-09-30 08:00:08.356527+00,783.019
1942,cowrie.client.kex,455f83de0743,2026-09-30 08:00:07.575138+00,2026-09-30 08:00:08.424524+00,849.386
1943,cowrie.client.size,455f83de0743,2026-09-30 08:00:08.521808+00,2026-09-30 08:00:08.960669+00,438.861
1944,cowrie.session.params,455f83de0743,2026-09-30 08:00:08.523834+00,2026-09-30 08:00:09.127251+00,603.417
1945,cowrie.command.input,455f83de0743,2026-09-30 08:00:09.527296+00,2026-09-30 08:00:10.240025+00,712.729
1946,cowrie.command.input,455f83de0743,2026-09-30 08:00:10.327596+00,2026-09-30 08:00:10.889955+00,562.359
1947,cowrie.command.input,455f83de0743,2026-09-30 08:00:11.128018+00,2026-09-30 08:00:12.029623+00,901.605
1948,cowrie.command.input,455f83de0743,2026-09-30 08:00:11.927155+00,2026-09-30 08:00:12.616814+00,689.659
1949,cowrie.log.closed,455f83de0743,2026-09-30 08:00:12.727921+00,2026-09-30 08:00:13.308506+00,580.585
1950,cowrie.session.closed,455f83de0743,2026-09-30 08:00:12.729252+00,2026-09-30 08:00:13.703166+00,973.914
1951,cowrie.session.connect,e6e724010458,2026-09-30 08:00:13.730211+00,2026-09-30 08:00:14.354069+00,623.858
1952,cowrie.client.kex,e6e724010458,2026-09-30 08:00:13.731299+00,2026-09-30 08:00:14.50359+00,772.291
1953,cowrie.client.version,e6e724010458,2026-09-30 08:00:13.730716+00,2026-09-30 08:00:14.691793+00,961.077
1954,cowrie.client.size,e6e724010458,2026-09-30 08:00:14.165864+00,2026-09-30 08:00:14.820748+00,654.884
1955,cowrie.login.success,e6e724010458,2026-09-30 08:00:13.785999+00,2026-09-30 08:00:14.856394+00,1070.395
1956,cowrie.session.params,e6e724010458,2026-09-30 08:00:14.170743+00,2026-09-30 08:00:15.051997+00,881.254
1957,cowrie.command.input,e6e724010458,2026-09-30 08:00:15.173833+00,2026-09-30 08:00:15.90879+00,734.957
1958,cowrie.command.input,e6e724010458,2026-09-30 08:00:15.974356+00,2026-09-30 08:00:16.492498+00,518.142
1959,cowrie.command.input,e6e724010458,2026-09-30 08:00:16.775165+00,2026-09-30 08:00:17.428205+00,653.040
1960,cowrie.log.closed,e6e724010458,2026-09-30 08:00:17.575503+00,2026-09-30 08:00:18.100587+00,525.084
1961,cowrie.session.closed,e6e724010458,2026-09-30 08:00:17.576733+00,2026-09-30 08:00:18.264871+00,688.138
1962,cowrie.session.connect,3f261e91c8d5,2026-09-30 08:00:18.577131+00,2026-09-30 08:00:19.108401+00,531.270
1963,cowrie.client.version,3f261e91c8d5,2026-09-30 08:00:18.577504+00,2026-09-30 08:00:20.964514+00,2387.010
1964,cowrie.login.failed,3f261e91c8d5,2026-09-30 08:00:18.62791+00,2026-09-30 08:00:21.010946+00,2383.036
1965,cowrie.client.kex,3f261e91c8d5,2026-09-30 08:00:18.57862+00,2026-09-30 08:00:21.115013+00,2536.393
1966,cowrie.session.connect,d7dd36bddcf4,2026-09-30 08:00:20.632057+00,2026-09-30 08:00:22.841984+00,2209.927
1967,cowrie.client.version,d7dd36bddcf4,2026-09-30 08:00:20.632434+00,2026-09-30 08:00:23.076309+00,2443.875
1968,cowrie.login.failed,d7dd36bddcf4,2026-09-30 08:00:20.681977+00,2026-09-30 08:00:23.208501+00,2526.524
1969,cowrie.client.kex,d7dd36bddcf4,2026-09-30 08:00:20.63354+00,2026-09-30 08:00:23.235262+00,2601.722
1970,cowrie.session.connect,d9cd4234e107,2026-09-30 08:00:22.686086+00,2026-09-30 08:00:25.064307+00,2378.221
1971,cowrie.client.kex,d9cd4234e107,2026-09-30 08:00:22.687845+00,2026-09-30 08:00:25.30027+00,2612.425
1972,cowrie.client.version,d9cd4234e107,2026-09-30 08:00:22.686438+00,2026-09-30 08:00:25.347641+00,2661.203
1973,cowrie.login.failed,d9cd4234e107,2026-09-30 08:00:22.75799+00,2026-09-30 08:00:25.504823+00,2746.833
1974,cowrie.session.connect,551788d3ea5d,2026-09-30 08:00:24.762895+00,2026-09-30 08:00:26.936948+00,2174.053
1975,cowrie.client.kex,551788d3ea5d,2026-09-30 08:00:24.764677+00,2026-09-30 08:00:27.156508+00,2391.831
1976,cowrie.client.version,551788d3ea5d,2026-09-30 08:00:24.763257+00,2026-09-30 08:00:27.231105+00,2467.848
1977,cowrie.login.failed,551788d3ea5d,2026-09-30 08:00:24.814575+00,2026-09-30 08:00:27.423423+00,2608.848
1978,cowrie.session.connect,2ecb2348f792,2026-09-30 08:00:26.819187+00,2026-09-30 08:00:29.12835+00,2309.163
1979,cowrie.client.kex,2ecb2348f792,2026-09-30 08:00:26.820901+00,2026-09-30 08:00:29.30458+00,2483.679
1980,cowrie.client.version,2ecb2348f792,2026-09-30 08:00:26.819597+00,2026-09-30 08:00:29.363323+00,2543.726
1981,cowrie.login.failed,2ecb2348f792,2026-09-30 08:00:26.870717+00,2026-09-30 08:00:29.472203+00,2601.486
1982,cowrie.session.connect,ecf0cdadcaad,2026-09-30 08:00:28.874376+00,2026-09-30 08:00:31.205946+00,2331.570
1983,cowrie.client.version,ecf0cdadcaad,2026-09-30 08:00:28.874821+00,2026-09-30 08:00:31.443319+00,2568.498
1984,cowrie.login.failed,ecf0cdadcaad,2026-09-30 08:00:28.938753+00,2026-09-30 08:00:31.507345+00,2568.592
1985,cowrie.client.kex,ecf0cdadcaad,2026-09-30 08:00:28.879956+00,2026-09-30 08:00:31.580626+00,2700.670
1986,cowrie.session.connect,4ec5b5f6dca6,2026-09-30 08:00:30.942701+00,2026-09-30 08:00:33.333287+00,2390.586
1987,cowrie.client.version,4ec5b5f6dca6,2026-09-30 08:00:30.943063+00,2026-09-30 08:00:33.710524+00,2767.461
1988,cowrie.login.failed,4ec5b5f6dca6,2026-09-30 08:00:30.997003+00,2026-09-30 08:00:33.77913+00,2782.127
1989,cowrie.client.kex,4ec5b5f6dca6,2026-09-30 08:00:30.944661+00,2026-09-30 08:00:33.898497+00,2953.836
1990,cowrie.session.closed,3f261e91c8d5,2026-09-30 08:00:33.001432+00,2026-09-30 08:00:35.592456+00,2591.024
1991,cowrie.session.closed,4ec5b5f6dca6,2026-09-30 08:00:33.00216+00,2026-09-30 08:00:36.167129+00,3164.969
1992,cowrie.session.closed,a3a3d20a1fa1,2026-09-30 08:00:33.056674+00,2026-09-30 08:00:36.510336+00,3453.662
1993,cowrie.session.closed,d7dd36bddcf4,2026-09-30 08:00:33.054203+00,2026-09-30 08:00:36.570949+00,3516.746
1994,cowrie.session.closed,46ac5d311183,2026-09-30 08:00:33.06152+00,2026-09-30 08:00:36.837464+00,3775.944
1995,cowrie.session.closed,ecf0cdadcaad,2026-09-30 08:00:33.083084+00,2026-09-30 08:00:37.208095+00,4125.011
1996,cowrie.session.closed,551788d3ea5d,2026-09-30 08:00:33.062055+00,2026-09-30 08:00:37.438303+00,4376.248
1997,cowrie.session.closed,2ecb2348f792,2026-09-30 08:00:33.106289+00,2026-09-30 08:00:37.838464+00,4732.175
1998,cowrie.session.closed,d9cd4234e107,2026-09-30 08:00:33.098462+00,2026-09-30 08:00:37.91889+00,4820.428
