id,workflow,modo,estado,inicio,fin,duracion_ms
1,event-ingest,webhook,error,2026-10-02 13:34:50.434,2026-10-02 13:34:50.993,559
2,event-ingest,webhook,error,2026-10-02 13:34:50.494,2026-10-02 13:34:50.982,488
3,event-ingest,webhook,error,2026-10-02 13:34:50.532,2026-10-02 13:34:50.988,456
4,event-ingest,webhook,error,2026-10-02 13:34:50.568,2026-10-02 13:34:50.989,421
5,event-ingest,webhook,error,2026-10-02 13:34:50.601,2026-10-02 13:34:51.005,404
6,event-ingest,webhook,error,2026-10-02 13:34:50.633,2026-10-02 13:34:51.029,396
7,event-ingest,webhook,error,2026-10-02 13:34:51.572,2026-10-02 13:34:51.923,351
8,event-ingest,webhook,error,2026-10-02 13:34:52.510,2026-10-02 13:34:52.869,359
9,event-ingest,webhook,error,2026-10-02 13:34:53.140,2026-10-02 13:34:53.494,354
10,event-ingest,webhook,error,2026-10-02 13:34:54.074,2026-10-02 13:34:54.419,345
11,event-ingest,webhook,error,2026-10-02 13:34:54.706,2026-10-02 13:34:55.046,340
12,event-ingest,webhook,error,2026-10-02 13:34:54.742,2026-10-02 13:34:55.136,394
13,event-ingest,webhook,error,2026-10-02 13:34:55.976,2026-10-02 13:34:56.326,350
14,event-ingest,webhook,error,2026-10-02 13:34:56.005,2026-10-02 13:34:56.419,414
15,event-ingest,webhook,error,2026-10-02 13:34:56.036,2026-10-02 13:34:56.410,374
16,event-ingest,webhook,error,2026-10-02 13:34:56.070,2026-10-02 13:34:56.472,402
17,event-ingest,webhook,error,2026-10-02 13:34:57.903,2026-10-02 13:34:58.286,383
18,event-ingest,webhook,error,2026-10-02 13:34:57.933,2026-10-02 13:34:58.342,409
19,event-ingest,webhook,error,2026-10-02 13:34:57.963,2026-10-02 13:34:58.321,358
20,event-ingest,webhook,error,2026-10-02 13:34:57.991,2026-10-02 13:34:58.387,396
21,event-ingest,webhook,error,2026-10-02 13:34:58.018,2026-10-02 13:34:58.389,371
22,event-ingest,webhook,error,2026-10-02 13:34:58.046,2026-10-02 13:34:58.475,429
23,event-ingest,webhook,error,2026-10-02 13:34:58.981,2026-10-02 13:34:59.342,361
24,event-ingest,webhook,error,2026-10-02 13:34:59.912,2026-10-02 13:35:00.268,356
25,event-ingest,webhook,error,2026-10-02 13:35:00.537,2026-10-02 13:35:00.883,346
26,event-ingest,webhook,error,2026-10-02 13:35:01.466,2026-10-02 13:35:01.803,337
27,event-ingest,webhook,error,2026-10-02 13:35:02.095,2026-10-02 13:35:02.445,350
28,event-ingest,webhook,error,2026-10-02 13:35:03.024,2026-10-02 13:35:03.352,328
29,event-ingest,webhook,error,2026-10-02 13:35:03.953,2026-10-02 13:35:04.286,333
30,event-ingest,webhook,error,2026-10-02 13:35:03.981,2026-10-02 13:35:04.362,381
31,event-ingest,webhook,error,2026-10-02 13:35:04.913,2026-10-02 13:35:05.257,344
32,event-ingest,webhook,error,2026-10-02 13:35:04.940,2026-10-02 13:35:05.331,391
33,event-ingest,webhook,error,2026-10-02 13:35:04.967,2026-10-02 13:35:05.339,372
34,event-ingest,webhook,error,2026-10-02 13:35:04.996,2026-10-02 13:35:07.071,2075
35,event-ingest,webhook,error,2026-10-02 13:35:06.836,2026-10-02 13:35:08.868,2032
36,event-ingest,webhook,error,2026-10-02 13:35:06.868,2026-10-02 13:35:08.943,2075
37,event-ingest,webhook,error,2026-10-02 13:35:06.895,2026-10-02 13:35:08.928,2033
38,event-ingest,webhook,error,2026-10-02 13:35:06.926,2026-10-02 13:35:08.988,2062
39,event-ingest,webhook,error,2026-10-02 13:35:09.053,2026-10-02 13:35:11.113,2060
40,event-ingest,webhook,error,2026-10-02 13:35:09.091,2026-10-02 13:35:11.165,2074
41,event-ingest,webhook,error,2026-10-02 13:35:09.118,2026-10-02 13:35:11.150,2032
42,event-ingest,webhook,error,2026-10-02 13:35:09.147,2026-10-02 13:35:11.213,2066
43,event-ingest,webhook,error,2026-10-02 13:35:10.984,2026-10-02 13:35:13.015,2031
44,event-ingest,webhook,error,2026-10-02 13:35:11.013,2026-10-02 13:35:13.143,2130
45,event-ingest,webhook,error,2026-10-02 13:35:11.051,2026-10-02 13:35:13.097,2046
46,event-ingest,webhook,error,2026-10-02 13:35:11.126,2026-10-02 13:35:13.188,2062
47,event-ingest,webhook,error,2026-10-02 13:35:12.970,2026-10-02 13:35:15.000,2030
48,event-ingest,webhook,error,2026-10-02 13:35:12.995,2026-10-02 13:35:15.091,2096
49,event-ingest,webhook,error,2026-10-02 13:35:13.038,2026-10-02 13:35:15.082,2044
50,event-ingest,webhook,error,2026-10-02 13:35:13.079,2026-10-02 13:35:15.184,2105
51,event-ingest,webhook,error,2026-10-02 13:35:13.132,2026-10-02 13:35:15.205,2073
52,event-ingest,webhook,success,2026-10-02 13:36:16.519,2026-10-02 13:36:17.060,541
53,event-ingest,webhook,success,2026-10-02 13:36:35.181,2026-10-02 13:36:35.558,377
54,event-ingest,webhook,success,2026-10-02 13:36:35.229,2026-10-02 13:36:35.637,408
55,event-ingest,webhook,success,2026-10-02 13:36:35.265,2026-10-02 13:36:35.627,362
56,event-ingest,webhook,success,2026-10-02 13:36:35.300,2026-10-02 13:36:35.736,436
57,event-ingest,webhook,success,2026-10-02 13:36:35.329,2026-10-02 13:36:35.703,374
58,event-ingest,webhook,success,2026-10-02 13:36:35.361,2026-10-02 13:36:35.746,385
59,event-ingest,webhook,success,2026-10-02 13:36:36.286,2026-10-02 13:36:36.628,342
60,event-ingest,webhook,success,2026-10-02 13:36:37.218,2026-10-02 13:36:37.576,358
61,event-ingest,webhook,success,2026-10-02 13:36:38.151,2026-10-02 13:36:38.498,347
62,event-ingest,webhook,success,2026-10-02 13:36:38.796,2026-10-02 13:36:39.207,411
63,event-ingest,webhook,success,2026-10-02 13:36:39.748,2026-10-02 13:36:40.158,410
64,event-ingest,webhook,success,2026-10-02 13:36:40.389,2026-10-02 13:36:40.758,369
65,event-ingest,webhook,success,2026-10-02 13:36:40.425,2026-10-02 13:36:40.820,395
66,event-ingest,webhook,success,2026-10-02 13:36:41.362,2026-10-02 13:36:41.718,356
67,event-ingest,webhook,success,2026-10-02 13:36:41.390,2026-10-02 13:36:41.814,424
68,event-ingest,webhook,success,2026-10-02 13:36:41.426,2026-10-02 13:36:41.795,369
69,event-ingest,webhook,success,2026-10-02 13:36:41.484,2026-10-02 13:36:41.884,400
70,event-ingest,webhook,success,2026-10-02 13:36:43.643,2026-10-02 13:36:45.697,2054
71,event-ingest,webhook,success,2026-10-02 13:36:43.674,2026-10-02 13:36:45.748,2074
72,event-ingest,webhook,success,2026-10-02 13:36:43.700,2026-10-02 13:36:44.053,353
73,event-ingest,webhook,success,2026-10-02 13:36:43.731,2026-10-02 13:36:44.118,387
74,event-ingest,webhook,success,2026-10-02 13:36:45.562,2026-10-02 13:36:45.912,350
75,event-ingest,webhook,success,2026-10-02 13:36:45.591,2026-10-02 13:36:47.705,2114
76,event-ingest,webhook,success,2026-10-02 13:36:45.625,2026-10-02 13:36:45.985,360
77,event-ingest,webhook,success,2026-10-02 13:36:45.683,2026-10-02 13:36:46.064,381
78,event-ingest,webhook,success,2026-10-02 13:36:47.544,2026-10-02 13:36:47.896,352
79,event-ingest,webhook,success,2026-10-02 13:36:47.573,2026-10-02 13:36:47.946,373
80,event-ingest,webhook,success,2026-10-02 13:36:47.599,2026-10-02 13:36:49.639,2040
81,event-ingest,webhook,success,2026-10-02 13:36:47.634,2026-10-02 13:36:47.999,365
82,event-ingest,webhook,success,2026-10-02 13:36:49.765,2026-10-02 13:36:50.125,360
83,event-ingest,webhook,success,2026-10-02 13:36:49.809,2026-10-02 13:36:50.209,400
84,event-ingest,webhook,success,2026-10-02 13:36:49.841,2026-10-02 13:36:50.196,355
85,event-ingest,webhook,success,2026-10-02 13:36:49.878,2026-10-02 13:36:50.268,390
86,event-ingest,webhook,success,2026-10-02 13:36:51.711,2026-10-02 13:36:52.046,335
87,event-ingest,webhook,success,2026-10-02 13:36:51.751,2026-10-02 13:36:53.837,2086
88,event-ingest,webhook,success,2026-10-02 13:36:51.788,2026-10-02 13:36:53.830,2042
89,event-ingest,webhook,success,2026-10-02 13:36:51.827,2026-10-02 13:36:53.916,2089
90,event-ingest,webhook,success,2026-10-02 13:36:51.859,2026-10-02 13:36:53.891,2032
91,ioc-extractor,trigger,success,2026-10-02 13:45:00.034,2026-10-02 13:45:00.306,272
92,event-ingest,webhook,success,2026-10-02 13:55:02.130,2026-10-02 13:55:02.744,614
93,event-ingest,webhook,success,2026-10-02 13:55:02.184,2026-10-02 13:55:02.745,561
94,event-ingest,webhook,success,2026-10-02 13:55:02.221,2026-10-02 13:55:02.740,519
95,event-ingest,webhook,success,2026-10-02 13:55:02.257,2026-10-02 13:55:02.743,486
96,event-ingest,webhook,success,2026-10-02 13:55:04.088,2026-10-02 13:55:04.461,373
97,event-ingest,webhook,success,2026-10-02 13:55:04.128,2026-10-02 13:55:04.551,423
98,event-ingest,webhook,success,2026-10-02 13:55:04.159,2026-10-02 13:55:04.539,380
99,event-ingest,webhook,success,2026-10-02 13:55:04.217,2026-10-02 13:55:04.664,447
100,event-ingest,webhook,success,2026-10-02 13:55:04.271,2026-10-02 13:55:04.620,349
101,event-ingest,webhook,success,2026-10-02 13:55:04.303,2026-10-02 13:55:04.715,412
102,event-ingest,webhook,success,2026-10-02 13:55:05.239,2026-10-02 13:55:05.589,350
103,event-ingest,webhook,success,2026-10-02 13:55:06.171,2026-10-02 13:55:06.519,348
104,event-ingest,webhook,success,2026-10-02 13:55:06.798,2026-10-02 13:55:07.162,364
105,event-ingest,webhook,success,2026-10-02 13:55:07.730,2026-10-02 13:55:08.098,368
106,event-ingest,webhook,success,2026-10-02 13:55:08.662,2026-10-02 13:55:09.025,363
107,event-ingest,webhook,success,2026-10-02 13:55:09.293,2026-10-02 13:55:09.656,363
108,event-ingest,webhook,success,2026-10-02 13:55:10.228,2026-10-02 13:55:10.564,336
109,event-ingest,webhook,success,2026-10-02 13:55:10.258,2026-10-02 13:55:10.662,404
110,event-ingest,webhook,success,2026-10-02 13:55:11.194,2026-10-02 13:55:11.546,352
111,event-ingest,webhook,success,2026-10-02 13:55:11.223,2026-10-02 13:55:11.667,444
112,event-ingest,webhook,success,2026-10-02 13:55:11.249,2026-10-02 13:55:11.660,411
113,event-ingest,webhook,success,2026-10-02 13:55:11.279,2026-10-02 13:55:11.705,426
114,event-ingest,webhook,success,2026-10-02 13:55:11.311,2026-10-02 13:55:11.702,391
115,event-ingest,webhook,success,2026-10-02 13:55:11.346,2026-10-02 13:55:11.771,425
116,event-ingest,webhook,success,2026-10-02 13:55:12.277,2026-10-02 13:55:12.636,359
117,event-ingest,webhook,success,2026-10-02 13:55:13.210,2026-10-02 13:55:13.577,367
118,event-ingest,webhook,success,2026-10-02 13:55:13.846,2026-10-02 13:55:14.216,370
119,event-ingest,webhook,success,2026-10-02 13:55:14.779,2026-10-02 13:55:15.147,368
120,event-ingest,webhook,success,2026-10-02 13:55:15.403,2026-10-02 13:55:15.767,364
121,event-ingest,webhook,success,2026-10-02 13:55:16.336,2026-10-02 13:55:16.697,361
122,event-ingest,webhook,success,2026-10-02 13:55:16.965,2026-10-02 13:55:17.338,373
123,event-ingest,webhook,success,2026-10-02 13:55:17.906,2026-10-02 13:55:19.987,2081
124,event-ingest,webhook,success,2026-10-02 13:55:17.956,2026-10-02 13:55:20.047,2091
125,event-ingest,webhook,success,2026-10-02 13:55:18.892,2026-10-02 13:55:20.929,2037
126,event-ingest,webhook,success,2026-10-02 13:55:18.927,2026-10-02 13:55:21.005,2078
127,event-ingest,webhook,success,2026-10-02 13:55:18.958,2026-10-02 13:55:20.992,2034
128,event-ingest,webhook,success,2026-10-02 13:55:18.996,2026-10-02 13:55:21.077,2081
129,event-ingest,webhook,success,2026-10-02 13:55:20.832,2026-10-02 13:55:22.864,2032
130,event-ingest,webhook,success,2026-10-02 13:55:20.860,2026-10-02 13:55:22.938,2078
131,event-ingest,webhook,success,2026-10-02 13:55:20.883,2026-10-02 13:55:22.914,2031
132,event-ingest,webhook,success,2026-10-02 13:55:20.915,2026-10-02 13:55:23.003,2088
133,event-ingest,webhook,success,2026-10-02 13:55:23.062,2026-10-02 13:55:25.097,2035
134,event-ingest,webhook,success,2026-10-02 13:55:23.094,2026-10-02 13:55:25.171,2077
135,event-ingest,webhook,success,2026-10-02 13:55:23.121,2026-10-02 13:55:25.163,2042
136,event-ingest,webhook,success,2026-10-02 13:55:23.150,2026-10-02 13:55:25.211,2061
137,event-ingest,webhook,success,2026-10-02 13:55:24.976,2026-10-02 13:55:27.075,2099
138,event-ingest,webhook,success,2026-10-02 13:55:25.008,2026-10-02 13:55:27.102,2094
139,event-ingest,webhook,success,2026-10-02 13:55:25.036,2026-10-02 13:55:27.080,2044
140,event-ingest,webhook,success,2026-10-02 13:55:25.074,2026-10-02 13:55:27.208,2134
141,event-ingest,webhook,success,2026-10-02 13:55:27.232,2026-10-02 13:55:29.270,2038
142,event-ingest,webhook,success,2026-10-02 13:55:27.267,2026-10-02 13:55:29.340,2073
143,event-ingest,webhook,success,2026-10-02 13:55:27.293,2026-10-02 13:55:29.326,2033
144,event-ingest,webhook,success,2026-10-02 13:55:27.325,2026-10-02 13:55:29.404,2079
145,event-ingest,webhook,success,2026-10-02 13:55:29.159,2026-10-02 13:55:31.189,2030
146,event-ingest,webhook,success,2026-10-02 13:55:29.187,2026-10-02 13:55:31.301,2114
147,event-ingest,webhook,success,2026-10-02 13:55:29.215,2026-10-02 13:55:31.286,2071
148,event-ingest,webhook,success,2026-10-02 13:55:29.247,2026-10-02 13:55:31.333,2086
149,event-ingest,webhook,success,2026-10-02 13:55:31.077,2026-10-02 13:55:33.119,2042
150,event-ingest,webhook,success,2026-10-02 13:55:31.106,2026-10-02 13:55:33.172,2066
151,event-ingest,webhook,success,2026-10-02 13:55:31.130,2026-10-02 13:55:33.160,2030
152,event-ingest,webhook,success,2026-10-02 13:55:31.156,2026-10-02 13:55:33.236,2080
153,event-ingest,webhook,success,2026-10-02 13:55:31.194,2026-10-02 13:55:33.248,2054
154,event-ingest,webhook,success,2026-10-02 13:55:31.305,2026-10-02 13:55:33.430,2125
155,event-ingest,webhook,success,2026-10-02 13:55:31.429,2026-10-02 13:55:33.498,2069
156,ioc-extractor,trigger,success,2026-10-02 14:00:00.035,2026-10-02 14:00:00.461,426
157,event-ingest,webhook,success,2026-10-02 14:00:03.208,2026-10-02 14:00:03.646,438
158,event-ingest,webhook,success,2026-10-02 14:00:03.274,2026-10-02 14:00:03.704,430
159,event-ingest,webhook,success,2026-10-02 14:00:03.310,2026-10-02 14:00:03.674,364
160,event-ingest,webhook,success,2026-10-02 14:00:03.360,2026-10-02 14:00:03.753,393
161,event-ingest,webhook,success,2026-10-02 14:00:05.197,2026-10-02 14:00:05.598,401
162,event-ingest,webhook,success,2026-10-02 14:00:05.224,2026-10-02 14:00:05.699,475
163,event-ingest,webhook,success,2026-10-02 14:00:05.252,2026-10-02 14:00:05.650,398
164,event-ingest,webhook,success,2026-10-02 14:00:05.292,2026-10-02 14:00:05.734,442
165,event-ingest,webhook,success,2026-10-02 14:00:07.132,2026-10-02 14:00:07.509,377
166,event-ingest,webhook,success,2026-10-02 14:00:07.178,2026-10-02 14:00:07.607,429
167,event-ingest,webhook,success,2026-10-02 14:00:07.219,2026-10-02 14:00:07.573,354
168,event-ingest,webhook,success,2026-10-02 14:00:07.261,2026-10-02 14:00:07.673,412
169,event-ingest,webhook,success,2026-10-02 14:00:09.100,2026-10-02 14:00:09.445,345
170,event-ingest,webhook,success,2026-10-02 14:00:09.133,2026-10-02 14:00:09.539,406
171,event-ingest,webhook,success,2026-10-02 14:00:09.166,2026-10-02 14:00:09.519,353
172,event-ingest,webhook,success,2026-10-02 14:00:09.197,2026-10-02 14:00:09.586,389
173,event-ingest,webhook,success,2026-10-02 14:00:11.328,2026-10-02 14:00:11.679,351
174,event-ingest,webhook,success,2026-10-02 14:00:11.359,2026-10-02 14:00:11.770,411
175,event-ingest,webhook,success,2026-10-02 14:00:11.391,2026-10-02 14:00:11.761,370
176,event-ingest,webhook,success,2026-10-02 14:00:11.424,2026-10-02 14:00:11.838,414
177,event-ingest,webhook,success,2026-10-02 14:00:13.260,2026-10-02 14:00:13.600,340
178,event-ingest,webhook,success,2026-10-02 14:00:13.304,2026-10-02 14:00:13.720,416
179,event-ingest,webhook,success,2026-10-02 14:00:13.365,2026-10-02 14:00:13.764,399
180,event-ingest,webhook,success,2026-10-02 14:00:13.412,2026-10-02 14:00:13.837,425
181,event-ingest,webhook,success,2026-10-02 14:00:13.450,2026-10-02 14:00:13.824,374
182,event-ingest,webhook,success,2026-10-02 14:00:13.496,2026-10-02 14:00:13.899,403
183,event-ingest,webhook,success,2026-10-02 14:00:14.435,2026-10-02 14:00:14.797,362
184,event-ingest,webhook,success,2026-10-02 14:00:15.364,2026-10-02 14:00:15.741,377
185,event-ingest,webhook,success,2026-10-02 14:00:15.996,2026-10-02 14:00:16.357,361
186,event-ingest,webhook,success,2026-10-02 14:00:16.933,2026-10-02 14:00:17.291,358
187,event-ingest,webhook,success,2026-10-02 14:00:17.564,2026-10-02 14:00:19.601,2037
188,event-ingest,webhook,success,2026-10-02 14:00:17.600,2026-10-02 14:00:19.671,2071
189,event-ingest,webhook,success,2026-10-02 14:00:18.834,2026-10-02 14:00:20.883,2049
190,event-ingest,webhook,success,2026-10-02 14:00:18.861,2026-10-02 14:00:20.941,2080
191,event-ingest,webhook,success,2026-10-02 14:00:18.888,2026-10-02 14:00:20.927,2039
192,event-ingest,webhook,success,2026-10-02 14:00:18.925,2026-10-02 14:00:21.007,2082
193,event-ingest,webhook,success,2026-10-02 14:00:20.756,2026-10-02 14:00:22.797,2041
194,event-ingest,webhook,success,2026-10-02 14:00:20.785,2026-10-02 14:00:22.906,2121
195,event-ingest,webhook,success,2026-10-02 14:00:20.824,2026-10-02 14:00:22.870,2046
196,event-ingest,webhook,success,2026-10-02 14:00:20.901,2026-10-02 14:00:22.987,2086
197,event-ingest,webhook,success,2026-10-02 14:00:21.028,2026-10-02 14:00:23.111,2083
198,event-ingest,webhook,success,2026-10-02 14:00:21.101,2026-10-02 14:00:23.169,2068
199,event-ingest,webhook,success,2026-10-02 14:05:03.071,2026-10-02 14:05:03.462,391
200,event-ingest,webhook,success,2026-10-02 14:05:03.101,2026-10-02 14:05:03.526,425
201,event-ingest,webhook,success,2026-10-02 14:05:03.151,2026-10-02 14:05:03.536,385
202,event-ingest,webhook,success,2026-10-02 14:05:03.214,2026-10-02 14:05:03.613,399
203,event-ingest,webhook,success,2026-10-02 14:05:05.042,2026-10-02 14:05:05.392,350
204,event-ingest,webhook,success,2026-10-02 14:05:05.074,2026-10-02 14:05:05.467,393
205,event-ingest,webhook,success,2026-10-02 14:05:05.098,2026-10-02 14:05:05.449,351
206,event-ingest,webhook,success,2026-10-02 14:05:05.125,2026-10-02 14:05:05.498,373
207,event-ingest,webhook,success,2026-10-02 14:05:06.953,2026-10-02 14:05:07.313,360
208,event-ingest,webhook,success,2026-10-02 14:05:06.976,2026-10-02 14:05:07.362,386
209,event-ingest,webhook,success,2026-10-02 14:05:07.003,2026-10-02 14:05:07.369,366
210,event-ingest,webhook,success,2026-10-02 14:05:07.031,2026-10-02 14:05:07.420,389
211,event-ingest,webhook,success,2026-10-02 14:05:09.162,2026-10-02 14:05:09.532,370
212,event-ingest,webhook,success,2026-10-02 14:05:09.197,2026-10-02 14:05:09.664,467
213,event-ingest,webhook,success,2026-10-02 14:05:09.231,2026-10-02 14:05:09.605,374
214,event-ingest,webhook,success,2026-10-02 14:05:09.272,2026-10-02 14:05:09.670,398
215,event-ingest,webhook,success,2026-10-02 14:05:09.298,2026-10-02 14:05:09.662,364
216,event-ingest,webhook,success,2026-10-02 14:05:09.326,2026-10-02 14:05:09.723,397
217,event-ingest,webhook,success,2026-10-02 14:05:10.569,2026-10-02 14:05:10.933,364
218,event-ingest,webhook,success,2026-10-02 14:05:11.202,2026-10-02 14:05:11.577,375
219,event-ingest,webhook,success,2026-10-02 14:05:12.135,2026-10-02 14:05:12.480,345
220,event-ingest,webhook,success,2026-10-02 14:05:12.762,2026-10-02 14:05:13.128,366
221,event-ingest,webhook,success,2026-10-02 14:05:13.694,2026-10-02 14:05:14.047,353
222,event-ingest,webhook,success,2026-10-02 14:05:13.721,2026-10-02 14:05:14.090,369
223,event-ingest,webhook,success,2026-10-02 14:05:14.656,2026-10-02 14:05:14.986,330
224,event-ingest,webhook,success,2026-10-02 14:05:14.682,2026-10-02 14:05:15.079,397
225,event-ingest,webhook,success,2026-10-02 14:05:14.707,2026-10-02 14:05:15.072,365
226,event-ingest,webhook,success,2026-10-02 14:05:14.734,2026-10-02 14:05:15.121,387
227,event-ingest,webhook,success,2026-10-02 14:05:16.568,2026-10-02 14:05:16.917,349
228,event-ingest,webhook,success,2026-10-02 14:05:16.594,2026-10-02 14:05:16.992,398
229,event-ingest,webhook,success,2026-10-02 14:05:16.620,2026-10-02 14:05:16.966,346
230,event-ingest,webhook,success,2026-10-02 14:05:16.651,2026-10-02 14:05:17.044,393
231,event-ingest,webhook,success,2026-10-02 14:05:18.790,2026-10-02 14:05:20.817,2027
232,event-ingest,webhook,success,2026-10-02 14:05:18.819,2026-10-02 14:05:20.890,2071
233,event-ingest,webhook,success,2026-10-02 14:05:18.851,2026-10-02 14:05:20.879,2028
234,event-ingest,webhook,success,2026-10-02 14:05:18.879,2026-10-02 14:05:20.941,2062
235,event-ingest,webhook,success,2026-10-02 14:05:20.706,2026-10-02 14:05:22.736,2030
236,event-ingest,webhook,success,2026-10-02 14:05:20.730,2026-10-02 14:05:22.806,2076
237,event-ingest,webhook,success,2026-10-02 14:05:20.753,2026-10-02 14:05:22.784,2031
238,event-ingest,webhook,success,2026-10-02 14:05:20.785,2026-10-02 14:05:22.853,2068
239,event-ingest,webhook,success,2026-10-02 14:05:20.820,2026-10-02 14:05:22.862,2042
240,event-ingest,webhook,success,2026-10-02 14:05:20.866,2026-10-02 14:05:22.959,2093
241,event-ingest,webhook,success,2026-10-02 14:10:03.159,2026-10-02 14:10:03.574,415
242,event-ingest,webhook,success,2026-10-02 14:10:03.194,2026-10-02 14:10:03.639,445
243,event-ingest,webhook,success,2026-10-02 14:10:03.234,2026-10-02 14:10:03.616,382
244,event-ingest,webhook,success,2026-10-02 14:10:03.290,2026-10-02 14:10:03.650,360
245,event-ingest,webhook,success,2026-10-02 14:10:05.118,2026-10-02 14:10:05.490,372
246,event-ingest,webhook,success,2026-10-02 14:10:05.149,2026-10-02 14:10:05.544,395
247,event-ingest,webhook,success,2026-10-02 14:10:05.178,2026-10-02 14:10:05.525,347
248,event-ingest,webhook,success,2026-10-02 14:10:05.206,2026-10-02 14:10:05.581,375
249,event-ingest,webhook,success,2026-10-02 14:10:07.038,2026-10-02 14:10:07.405,367
250,event-ingest,webhook,success,2026-10-02 14:10:07.065,2026-10-02 14:10:07.456,391
251,event-ingest,webhook,success,2026-10-02 14:10:07.088,2026-10-02 14:10:07.431,343
252,event-ingest,webhook,success,2026-10-02 14:10:07.116,2026-10-02 14:10:07.525,409
253,event-ingest,webhook,success,2026-10-02 14:10:07.141,2026-10-02 14:10:07.506,365
254,event-ingest,webhook,success,2026-10-02 14:10:07.172,2026-10-02 14:10:07.558,386
255,event-ingest,webhook,success,2026-10-02 14:10:08.107,2026-10-02 14:10:08.470,363
256,event-ingest,webhook,success,2026-10-02 14:10:09.038,2026-10-02 14:10:09.399,361
257,event-ingest,webhook,success,2026-10-02 14:10:09.661,2026-10-02 14:10:10.013,352
258,event-ingest,webhook,success,2026-10-02 14:10:10.587,2026-10-02 14:10:10.932,345
259,event-ingest,webhook,success,2026-10-02 14:10:11.516,2026-10-02 14:10:11.875,359
260,event-ingest,webhook,success,2026-10-02 14:10:11.554,2026-10-02 14:10:11.928,374
261,event-ingest,webhook,success,2026-10-02 14:10:12.486,2026-10-02 14:10:12.828,342
262,event-ingest,webhook,success,2026-10-02 14:10:12.517,2026-10-02 14:10:12.920,403
263,event-ingest,webhook,success,2026-10-02 14:10:12.545,2026-10-02 14:10:12.894,349
264,event-ingest,webhook,success,2026-10-02 14:10:12.579,2026-10-02 14:10:12.982,403
265,event-ingest,webhook,success,2026-10-02 14:10:14.418,2026-10-02 14:10:14.777,359
266,event-ingest,webhook,success,2026-10-02 14:10:14.451,2026-10-02 14:10:14.871,420
267,event-ingest,webhook,success,2026-10-02 14:10:14.480,2026-10-02 14:10:14.858,378
268,event-ingest,webhook,success,2026-10-02 14:10:14.514,2026-10-02 14:10:14.900,386
269,event-ingest,webhook,success,2026-10-02 14:10:16.656,2026-10-02 14:10:17.011,355
270,event-ingest,webhook,success,2026-10-02 14:10:16.683,2026-10-02 14:10:18.752,2069
271,event-ingest,webhook,success,2026-10-02 14:10:16.708,2026-10-02 14:10:17.062,354
272,event-ingest,webhook,success,2026-10-02 14:10:16.746,2026-10-02 14:10:18.821,2075
273,event-ingest,webhook,success,2026-10-02 14:10:18.578,2026-10-02 14:10:20.605,2027
274,event-ingest,webhook,success,2026-10-02 14:10:18.604,2026-10-02 14:10:20.676,2072
275,event-ingest,webhook,success,2026-10-02 14:10:18.632,2026-10-02 14:10:20.659,2027
276,event-ingest,webhook,success,2026-10-02 14:10:18.659,2026-10-02 14:10:20.719,2060
277,event-ingest,webhook,success,2026-10-02 14:10:20.493,2026-10-02 14:10:22.533,2040
278,event-ingest,webhook,success,2026-10-02 14:10:20.521,2026-10-02 14:10:22.592,2071
279,event-ingest,webhook,success,2026-10-02 14:10:20.552,2026-10-02 14:10:22.582,2030
280,event-ingest,webhook,success,2026-10-02 14:10:20.584,2026-10-02 14:10:22.654,2070
281,event-ingest,webhook,success,2026-10-02 14:10:22.712,2026-10-02 14:10:24.741,2029
282,event-ingest,webhook,success,2026-10-02 14:10:22.746,2026-10-02 14:10:24.819,2073
283,event-ingest,webhook,success,2026-10-02 14:10:22.775,2026-10-02 14:10:24.806,2031
284,event-ingest,webhook,success,2026-10-02 14:10:22.814,2026-10-02 14:10:24.877,2063
285,event-ingest,webhook,success,2026-10-02 14:10:24.645,2026-10-02 14:10:26.679,2034
286,event-ingest,webhook,success,2026-10-02 14:10:24.676,2026-10-02 14:10:26.756,2080
287,event-ingest,webhook,success,2026-10-02 14:10:24.703,2026-10-02 14:10:26.735,2032
288,event-ingest,webhook,success,2026-10-02 14:10:24.738,2026-10-02 14:10:26.830,2092
289,event-ingest,webhook,success,2026-10-02 14:10:26.875,2026-10-02 14:10:28.924,2049
290,event-ingest,webhook,success,2026-10-02 14:10:26.914,2026-10-02 14:10:29.027,2113
291,event-ingest,webhook,success,2026-10-02 14:10:26.947,2026-10-02 14:10:29.016,2069
292,event-ingest,webhook,success,2026-10-02 14:10:26.982,2026-10-02 14:10:29.052,2070
293,event-ingest,webhook,success,2026-10-02 14:10:28.812,2026-10-02 14:10:30.840,2028
294,event-ingest,webhook,success,2026-10-02 14:10:28.837,2026-10-02 14:10:30.933,2096
295,event-ingest,webhook,success,2026-10-02 14:10:28.871,2026-10-02 14:10:30.905,2034
296,event-ingest,webhook,success,2026-10-02 14:10:28.921,2026-10-02 14:10:31.050,2129
297,event-ingest,webhook,success,2026-10-02 14:10:30.782,2026-10-02 14:10:32.817,2035
298,event-ingest,webhook,success,2026-10-02 14:10:30.813,2026-10-02 14:10:32.883,2070
299,event-ingest,webhook,success,2026-10-02 14:10:30.843,2026-10-02 14:10:32.892,2049
300,event-ingest,webhook,success,2026-10-02 14:10:30.879,2026-10-02 14:10:32.945,2066
301,event-ingest,webhook,success,2026-10-02 14:10:33.004,2026-10-02 14:10:35.033,2029
302,event-ingest,webhook,success,2026-10-02 14:10:33.028,2026-10-02 14:10:35.111,2083
303,event-ingest,webhook,success,2026-10-02 14:10:33.056,2026-10-02 14:10:35.089,2033
304,event-ingest,webhook,success,2026-10-02 14:10:33.087,2026-10-02 14:10:35.158,2071
305,event-ingest,webhook,success,2026-10-02 14:10:34.922,2026-10-02 14:10:36.963,2041
306,event-ingest,webhook,success,2026-10-02 14:10:34.965,2026-10-02 14:10:37.050,2085
307,event-ingest,webhook,success,2026-10-02 14:10:34.997,2026-10-02 14:10:37.027,2030
308,event-ingest,webhook,success,2026-10-02 14:10:35.037,2026-10-02 14:10:37.139,2102
309,event-ingest,webhook,success,2026-10-02 14:10:35.093,2026-10-02 14:10:37.176,2083
310,event-ingest,webhook,success,2026-10-02 14:10:35.192,2026-10-02 14:10:37.265,2073
311,event-ingest,webhook,success,2026-10-02 14:10:36.135,2026-10-02 14:10:38.164,2029
312,event-ingest,webhook,success,2026-10-02 14:10:37.057,2026-10-02 14:10:39.090,2033
313,event-ingest,webhook,success,2026-10-02 14:10:37.688,2026-10-02 14:10:39.747,2059
314,event-ingest,webhook,success,2026-10-02 14:10:38.610,2026-10-02 14:10:40.644,2034
315,event-ingest,webhook,success,2026-10-02 14:10:38.640,2026-10-02 14:10:40.701,2061
316,event-ingest,webhook,success,2026-10-02 14:10:39.564,2026-10-02 14:10:41.591,2027
317,event-ingest,webhook,success,2026-10-02 14:10:39.596,2026-10-02 14:10:41.698,2102
318,event-ingest,webhook,success,2026-10-02 14:10:39.636,2026-10-02 14:10:41.677,2041
319,event-ingest,webhook,success,2026-10-02 14:10:39.685,2026-10-02 14:10:41.895,2210
320,event-ingest,webhook,success,2026-10-02 14:10:39.780,2026-10-02 14:10:41.873,2093
321,event-ingest,webhook,success,2026-10-02 14:10:39.875,2026-10-02 14:10:42.023,2148
322,event-ingest,webhook,success,2026-10-02 14:10:39.950,2026-10-02 14:10:42.002,2052
323,event-ingest,webhook,success,2026-10-02 14:10:40.005,2026-10-02 14:10:42.658,2653
324,event-ingest,webhook,success,2026-10-02 14:10:40.045,2026-10-02 14:10:42.079,2034
325,event-ingest,webhook,success,2026-10-02 14:10:40.080,2026-10-02 14:10:42.727,2647
326,event-ingest,webhook,success,2026-10-02 14:10:40.108,2026-10-02 14:10:43.691,3583
327,event-ingest,webhook,success,2026-10-02 14:10:40.136,2026-10-02 14:10:43.617,3481
328,event-ingest,webhook,success,2026-10-02 14:10:40.161,2026-10-02 14:10:43.713,3552
329,ioc-extractor,trigger,success,2026-10-02 14:15:00.030,2026-10-02 14:15:00.910,880
330,event-ingest,webhook,success,2026-10-02 14:15:02.921,2026-10-02 14:15:03.327,406
331,event-ingest,webhook,success,2026-10-02 14:15:02.953,2026-10-02 14:15:03.341,388
332,event-ingest,webhook,success,2026-10-02 14:15:02.980,2026-10-02 14:15:03.336,356
333,event-ingest,webhook,success,2026-10-02 14:15:03.011,2026-10-02 14:15:03.401,390
334,event-ingest,webhook,success,2026-10-02 14:15:05.139,2026-10-02 14:15:05.469,330
335,event-ingest,webhook,success,2026-10-02 14:15:05.164,2026-10-02 14:15:05.552,388
336,event-ingest,webhook,success,2026-10-02 14:15:05.187,2026-10-02 14:15:05.596,409
337,event-ingest,webhook,success,2026-10-02 14:15:05.216,2026-10-02 14:15:05.637,421
338,event-ingest,webhook,success,2026-10-02 14:15:07.048,2026-10-02 14:15:07.419,371
339,event-ingest,webhook,success,2026-10-02 14:15:07.078,2026-10-02 14:15:07.485,407
340,event-ingest,webhook,success,2026-10-02 14:15:07.108,2026-10-02 14:15:07.453,345
341,event-ingest,webhook,success,2026-10-02 14:15:07.141,2026-10-02 14:15:07.530,389
342,event-ingest,webhook,success,2026-10-02 14:15:09.283,2026-10-02 14:15:09.635,352
343,event-ingest,webhook,success,2026-10-02 14:15:09.312,2026-10-02 14:15:09.696,384
344,event-ingest,webhook,success,2026-10-02 14:15:09.336,2026-10-02 14:15:09.687,351
345,event-ingest,webhook,success,2026-10-02 14:15:09.363,2026-10-02 14:15:09.738,375
346,event-ingest,webhook,success,2026-10-02 14:15:11.194,2026-10-02 14:15:11.613,419
347,event-ingest,webhook,success,2026-10-02 14:15:11.223,2026-10-02 14:15:11.624,401
348,event-ingest,webhook,success,2026-10-02 14:15:11.247,2026-10-02 14:15:11.614,367
349,event-ingest,webhook,success,2026-10-02 14:15:11.275,2026-10-02 14:15:11.653,378
350,event-ingest,webhook,success,2026-10-02 14:15:13.417,2026-10-02 14:15:13.773,356
351,event-ingest,webhook,success,2026-10-02 14:15:13.442,2026-10-02 14:15:13.825,383
352,event-ingest,webhook,success,2026-10-02 14:15:13.464,2026-10-02 14:15:13.827,363
353,event-ingest,webhook,success,2026-10-02 14:15:13.491,2026-10-02 14:15:13.867,376
354,event-ingest,webhook,success,2026-10-02 14:15:15.325,2026-10-02 14:15:15.690,365
355,event-ingest,webhook,success,2026-10-02 14:15:15.355,2026-10-02 14:15:15.729,374
356,event-ingest,webhook,success,2026-10-02 14:15:15.390,2026-10-02 14:15:15.752,362
357,event-ingest,webhook,success,2026-10-02 14:15:15.419,2026-10-02 14:15:15.794,375
358,event-ingest,webhook,success,2026-10-02 14:15:17.567,2026-10-02 14:15:17.928,361
359,event-ingest,webhook,success,2026-10-02 14:15:17.596,2026-10-02 14:15:17.988,392
360,event-ingest,webhook,success,2026-10-02 14:15:17.621,2026-10-02 14:15:17.975,354
361,event-ingest,webhook,success,2026-10-02 14:15:17.650,2026-10-02 14:15:18.040,390
362,event-ingest,webhook,success,2026-10-02 14:15:19.486,2026-10-02 14:15:21.509,2023
363,event-ingest,webhook,success,2026-10-02 14:15:19.509,2026-10-02 14:15:21.578,2069
364,event-ingest,webhook,success,2026-10-02 14:15:19.534,2026-10-02 14:15:21.561,2027
365,event-ingest,webhook,success,2026-10-02 14:15:19.563,2026-10-02 14:15:21.625,2062
366,event-ingest,webhook,success,2026-10-02 14:15:21.696,2026-10-02 14:15:23.728,2032
367,event-ingest,webhook,success,2026-10-02 14:15:21.732,2026-10-02 14:15:23.818,2086
368,event-ingest,webhook,success,2026-10-02 14:15:21.763,2026-10-02 14:15:23.807,2044
369,event-ingest,webhook,success,2026-10-02 14:15:21.802,2026-10-02 14:15:23.860,2058
370,event-ingest,webhook,success,2026-10-02 14:15:23.638,2026-10-02 14:15:25.669,2031
371,event-ingest,webhook,success,2026-10-02 14:15:23.663,2026-10-02 14:15:25.738,2075
372,event-ingest,webhook,success,2026-10-02 14:15:23.690,2026-10-02 14:15:25.718,2028
373,event-ingest,webhook,success,2026-10-02 14:15:23.719,2026-10-02 14:15:25.786,2067
374,event-ingest,webhook,success,2026-10-02 14:15:25.856,2026-10-02 14:15:27.882,2026
375,event-ingest,webhook,success,2026-10-02 14:15:25.886,2026-10-02 14:15:27.972,2086
376,event-ingest,webhook,success,2026-10-02 14:15:25.914,2026-10-02 14:15:27.959,2045
377,event-ingest,webhook,success,2026-10-02 14:15:25.943,2026-10-02 14:15:27.996,2053
378,event-ingest,webhook,success,2026-10-02 14:15:27.769,2026-10-02 14:15:29.808,2039
379,event-ingest,webhook,success,2026-10-02 14:15:27.794,2026-10-02 14:15:29.858,2064
380,event-ingest,webhook,success,2026-10-02 14:15:27.818,2026-10-02 14:15:29.848,2030
381,event-ingest,webhook,success,2026-10-02 14:15:27.846,2026-10-02 14:15:29.929,2083
382,event-ingest,webhook,success,2026-10-02 14:15:27.869,2026-10-02 14:15:29.907,2038
383,event-ingest,webhook,success,2026-10-02 14:15:27.918,2026-10-02 14:15:30.026,2108
384,event-ingest,webhook,success,2026-10-02 14:15:28.895,2026-10-02 14:15:30.926,2031
385,event-ingest,webhook,success,2026-10-02 14:15:29.523,2026-10-02 14:15:31.551,2028
386,event-ingest,webhook,success,2026-10-02 14:15:30.455,2026-10-02 14:15:32.482,2027
387,event-ingest,webhook,success,2026-10-02 14:15:31.392,2026-10-02 14:15:33.423,2031
388,event-ingest,webhook,success,2026-10-02 14:15:31.417,2026-10-02 14:15:33.481,2064
389,event-ingest,webhook,success,2026-10-02 14:15:32.345,2026-10-02 14:15:34.370,2025
390,event-ingest,webhook,success,2026-10-02 14:15:32.371,2026-10-02 14:15:34.433,2062
391,event-ingest,webhook,success,2026-10-02 14:15:32.395,2026-10-02 14:15:34.422,2027
392,event-ingest,webhook,success,2026-10-02 14:15:32.419,2026-10-02 14:15:34.475,2056
393,event-ingest,webhook,success,2026-10-02 14:15:34.249,2026-10-02 14:15:36.271,2022
394,event-ingest,webhook,success,2026-10-02 14:15:34.278,2026-10-02 14:15:36.350,2072
395,event-ingest,webhook,success,2026-10-02 14:15:34.306,2026-10-02 14:15:36.340,2034
396,event-ingest,webhook,success,2026-10-02 14:15:34.334,2026-10-02 14:15:36.397,2063
397,event-ingest,webhook,success,2026-10-02 14:15:34.357,2026-10-02 14:15:36.388,2031
398,event-ingest,webhook,success,2026-10-02 14:15:34.395,2026-10-02 14:15:36.461,2066
399,event-ingest,webhook,success,2026-10-02 14:15:35.331,2026-10-02 14:15:37.367,2036
400,event-ingest,webhook,success,2026-10-02 14:15:36.269,2026-10-02 14:15:38.308,2039
401,event-ingest,webhook,success,2026-10-02 14:15:36.903,2026-10-02 14:15:38.927,2024
402,event-ingest,webhook,success,2026-10-02 14:15:37.831,2026-10-02 14:15:39.861,2030
403,event-ingest,webhook,success,2026-10-02 14:15:37.856,2026-10-02 14:15:39.910,2054
404,event-ingest,webhook,success,2026-10-02 14:15:38.777,2026-10-02 14:15:40.809,2032
405,event-ingest,webhook,success,2026-10-02 14:15:38.800,2026-10-02 14:15:40.867,2067
406,event-ingest,webhook,success,2026-10-02 14:15:38.822,2026-10-02 14:15:40.850,2028
407,event-ingest,webhook,success,2026-10-02 14:15:38.850,2026-10-02 14:15:40.911,2061
408,event-ingest,webhook,success,2026-10-02 14:15:38.875,2026-10-02 14:15:40.900,2025
409,event-ingest,webhook,success,2026-10-02 14:15:38.904,2026-10-02 14:15:40.988,2084
410,event-ingest,webhook,success,2026-10-02 14:15:38.963,2026-10-02 14:15:41.003,2040
411,event-ingest,webhook,success,2026-10-02 14:15:39.010,2026-10-02 14:15:41.867,2857
412,event-ingest,webhook,success,2026-10-02 14:15:39.072,2026-10-02 14:15:41.121,2049
413,event-ingest,webhook,success,2026-10-02 14:15:39.121,2026-10-02 14:15:42.822,3701
414,event-ingest,webhook,success,2026-10-02 14:15:39.155,2026-10-02 14:15:41.923,2768
415,event-ingest,webhook,success,2026-10-02 14:15:39.190,2026-10-02 14:15:42.876,3686
416,event-ingest,webhook,success,2026-10-02 14:15:39.224,2026-10-02 14:15:42.860,3636
417,event-ingest,webhook,success,2026-10-02 14:20:02.903,2026-10-02 14:20:03.338,435
418,event-ingest,webhook,success,2026-10-02 14:20:02.931,2026-10-02 14:20:03.340,409
419,event-ingest,webhook,success,2026-10-02 14:20:02.958,2026-10-02 14:20:03.336,378
420,event-ingest,webhook,success,2026-10-02 14:20:02.989,2026-10-02 14:20:03.390,401
421,event-ingest,webhook,success,2026-10-02 14:20:05.118,2026-10-02 14:20:05.466,348
422,event-ingest,webhook,success,2026-10-02 14:20:05.148,2026-10-02 14:20:05.588,440
423,event-ingest,webhook,success,2026-10-02 14:20:05.189,2026-10-02 14:20:05.597,408
424,event-ingest,webhook,success,2026-10-02 14:20:05.243,2026-10-02 14:20:05.637,394
425,event-ingest,webhook,success,2026-10-02 14:20:07.068,2026-10-02 14:20:07.411,343
426,event-ingest,webhook,success,2026-10-02 14:20:07.093,2026-10-02 14:20:07.489,396
427,event-ingest,webhook,success,2026-10-02 14:20:07.120,2026-10-02 14:20:07.470,350
428,event-ingest,webhook,success,2026-10-02 14:20:07.152,2026-10-02 14:20:07.533,381
429,event-ingest,webhook,success,2026-10-02 14:20:07.176,2026-10-02 14:20:07.517,341
430,event-ingest,webhook,success,2026-10-02 14:20:07.201,2026-10-02 14:20:07.636,435
431,event-ingest,webhook,success,2026-10-02 14:20:08.436,2026-10-02 14:20:08.805,369
432,event-ingest,webhook,success,2026-10-02 14:20:09.064,2026-10-02 14:20:09.431,367
433,event-ingest,webhook,success,2026-10-02 14:20:10.003,2026-10-02 14:20:10.347,344
434,event-ingest,webhook,success,2026-10-02 14:20:10.634,2026-10-02 14:20:10.991,357
435,event-ingest,webhook,success,2026-10-02 14:20:11.561,2026-10-02 14:20:11.906,345
436,event-ingest,webhook,success,2026-10-02 14:20:12.187,2026-10-02 14:20:12.581,394
437,event-ingest,webhook,success,2026-10-02 14:20:12.211,2026-10-02 14:20:12.658,447
438,event-ingest,webhook,success,2026-10-02 14:20:13.441,2026-10-02 14:20:13.807,366
439,event-ingest,webhook,success,2026-10-02 14:20:13.480,2026-10-02 14:20:13.930,450
440,event-ingest,webhook,success,2026-10-02 14:20:13.525,2026-10-02 14:20:13.873,348
441,event-ingest,webhook,success,2026-10-02 14:20:13.566,2026-10-02 14:20:13.979,413
442,event-ingest,webhook,success,2026-10-02 14:20:15.405,2026-10-02 14:20:15.769,364
443,event-ingest,webhook,success,2026-10-02 14:20:15.436,2026-10-02 14:20:15.853,417
444,event-ingest,webhook,success,2026-10-02 14:20:15.469,2026-10-02 14:20:15.845,376
445,event-ingest,webhook,success,2026-10-02 14:20:15.517,2026-10-02 14:20:15.938,421
446,event-ingest,webhook,success,2026-10-02 14:20:18.259,2026-10-02 14:20:18.623,364
447,event-ingest,webhook,success,2026-10-02 14:20:18.301,2026-10-02 14:20:20.384,2083
448,event-ingest,webhook,success,2026-10-02 14:20:18.332,2026-10-02 14:20:20.369,2037
449,event-ingest,webhook,success,2026-10-02 14:20:18.367,2026-10-02 14:20:20.800,2433
450,event-ingest,webhook,success,2026-10-02 14:20:19.602,2026-10-02 14:20:21.688,2086
451,event-ingest,webhook,success,2026-10-02 14:20:19.689,2026-10-02 14:20:21.805,2116
452,event-ingest,webhook,success,2026-10-02 14:20:19.737,2026-10-02 14:20:21.793,2056
453,event-ingest,webhook,success,2026-10-02 14:20:19.797,2026-10-02 14:20:21.904,2107
454,event-ingest,webhook,success,2026-10-02 14:20:19.840,2026-10-02 14:20:21.875,2035
455,event-ingest,webhook,success,2026-10-02 14:25:03.258,2026-10-02 14:25:03.678,420
456,event-ingest,webhook,success,2026-10-02 14:25:03.293,2026-10-02 14:25:03.683,390
457,event-ingest,webhook,success,2026-10-02 14:25:03.318,2026-10-02 14:25:03.679,361
458,event-ingest,webhook,success,2026-10-02 14:25:03.348,2026-10-02 14:25:03.716,368
459,event-ingest,webhook,success,2026-10-02 14:25:05.484,2026-10-02 14:25:05.847,363
460,event-ingest,webhook,success,2026-10-02 14:25:05.511,2026-10-02 14:25:05.896,385
461,event-ingest,webhook,success,2026-10-02 14:25:05.536,2026-10-02 14:25:05.897,361
462,event-ingest,webhook,success,2026-10-02 14:25:05.562,2026-10-02 14:25:05.937,375
463,event-ingest,webhook,success,2026-10-02 14:25:07.393,2026-10-02 14:25:07.749,356
464,event-ingest,webhook,success,2026-10-02 14:25:07.421,2026-10-02 14:25:07.842,421
465,event-ingest,webhook,success,2026-10-02 14:25:07.457,2026-10-02 14:25:07.811,354
466,event-ingest,webhook,success,2026-10-02 14:25:07.509,2026-10-02 14:25:07.904,395
467,event-ingest,webhook,success,2026-10-02 14:25:07.540,2026-10-02 14:25:07.887,347
468,event-ingest,webhook,success,2026-10-02 14:25:07.567,2026-10-02 14:25:07.961,394
469,event-ingest,webhook,success,2026-10-02 14:25:08.800,2026-10-02 14:25:09.153,353
470,event-ingest,webhook,success,2026-10-02 14:25:09.426,2026-10-02 14:25:09.788,362
471,event-ingest,webhook,success,2026-10-02 14:25:10.357,2026-10-02 14:25:10.723,366
472,event-ingest,webhook,success,2026-10-02 14:25:10.994,2026-10-02 14:25:11.357,363
473,event-ingest,webhook,success,2026-10-02 14:25:11.926,2026-10-02 14:25:12.272,346
474,event-ingest,webhook,success,2026-10-02 14:25:12.558,2026-10-02 14:25:12.907,349
475,event-ingest,webhook,success,2026-10-02 14:25:13.500,2026-10-02 14:25:13.826,326
476,event-ingest,webhook,success,2026-10-02 14:25:14.435,2026-10-02 14:25:14.790,355
477,event-ingest,webhook,success,2026-10-02 14:25:14.461,2026-10-02 14:25:14.819,358
478,event-ingest,webhook,success,2026-10-02 14:25:15.390,2026-10-02 14:25:15.754,364
479,event-ingest,webhook,success,2026-10-02 14:25:15.416,2026-10-02 14:25:15.816,400
480,event-ingest,webhook,success,2026-10-02 14:25:15.443,2026-10-02 14:25:15.771,328
481,event-ingest,webhook,success,2026-10-02 14:25:15.472,2026-10-02 14:25:15.871,399
482,event-ingest,webhook,success,2026-10-02 14:25:17.303,2026-10-02 14:25:17.651,348
483,event-ingest,webhook,success,2026-10-02 14:25:17.329,2026-10-02 14:25:17.714,385
484,event-ingest,webhook,success,2026-10-02 14:25:17.354,2026-10-02 14:25:17.705,351
485,event-ingest,webhook,success,2026-10-02 14:25:17.379,2026-10-02 14:25:19.443,2064
486,event-ingest,webhook,success,2026-10-02 14:25:19.513,2026-10-02 14:25:21.542,2029
487,event-ingest,webhook,success,2026-10-02 14:25:19.544,2026-10-02 14:25:21.611,2067
488,event-ingest,webhook,success,2026-10-02 14:25:19.568,2026-10-02 14:25:21.597,2029
489,event-ingest,webhook,success,2026-10-02 14:25:19.610,2026-10-02 14:25:21.675,2065
490,event-ingest,webhook,success,2026-10-02 14:25:21.445,2026-10-02 14:25:23.469,2024
491,event-ingest,webhook,success,2026-10-02 14:25:21.473,2026-10-02 14:25:23.552,2079
492,event-ingest,webhook,success,2026-10-02 14:25:21.503,2026-10-02 14:25:23.534,2031
493,event-ingest,webhook,success,2026-10-02 14:25:21.540,2026-10-02 14:25:23.622,2082
494,event-ingest,webhook,success,2026-10-02 14:25:23.383,2026-10-02 14:25:25.416,2033
495,event-ingest,webhook,success,2026-10-02 14:25:23.412,2026-10-02 14:25:25.484,2072
496,event-ingest,webhook,success,2026-10-02 14:25:23.435,2026-10-02 14:25:25.463,2028
497,event-ingest,webhook,success,2026-10-02 14:25:23.467,2026-10-02 14:25:25.552,2085
498,event-ingest,webhook,success,2026-10-02 14:25:25.603,2026-10-02 14:25:27.629,2026
499,event-ingest,webhook,success,2026-10-02 14:25:25.631,2026-10-02 14:25:27.697,2066
500,event-ingest,webhook,success,2026-10-02 14:25:25.654,2026-10-02 14:25:27.678,2024
501,event-ingest,webhook,success,2026-10-02 14:25:25.680,2026-10-02 14:25:27.741,2061
502,event-ingest,webhook,success,2026-10-02 14:25:27.512,2026-10-02 14:25:29.547,2035
503,event-ingest,webhook,success,2026-10-02 14:25:27.545,2026-10-02 14:25:29.622,2077
504,event-ingest,webhook,success,2026-10-02 14:25:27.576,2026-10-02 14:25:29.613,2037
505,event-ingest,webhook,success,2026-10-02 14:25:27.606,2026-10-02 14:25:29.669,2063
506,event-ingest,webhook,success,2026-10-02 14:25:29.737,2026-10-02 14:25:31.768,2031
507,event-ingest,webhook,success,2026-10-02 14:25:29.770,2026-10-02 14:25:31.886,2116
508,event-ingest,webhook,success,2026-10-02 14:25:29.805,2026-10-02 14:25:31.841,2036
509,event-ingest,webhook,success,2026-10-02 14:25:29.855,2026-10-02 14:25:31.981,2126
510,event-ingest,webhook,success,2026-10-02 14:25:29.916,2026-10-02 14:25:31.971,2055
511,event-ingest,webhook,success,2026-10-02 14:25:29.968,2026-10-02 14:25:32.051,2083
512,event-ingest,webhook,success,2026-10-02 14:25:30.004,2026-10-02 14:25:32.038,2034
513,event-ingest,webhook,success,2026-10-02 14:25:30.040,2026-10-02 14:25:32.124,2084
514,event-ingest,webhook,success,2026-10-02 14:25:30.080,2026-10-02 14:25:32.108,2028
515,ioc-extractor,trigger,success,2026-10-02 14:30:00.027,2026-10-02 14:30:01.102,1075
516,event-ingest,webhook,success,2026-10-02 14:30:05.763,2026-10-02 14:30:06.162,399
517,event-ingest,webhook,success,2026-10-02 14:30:05.790,2026-10-02 14:30:06.190,400
518,event-ingest,webhook,success,2026-10-02 14:30:05.817,2026-10-02 14:30:06.171,354
519,event-ingest,webhook,success,2026-10-02 14:30:05.843,2026-10-02 14:30:06.206,363
520,event-ingest,webhook,success,2026-10-02 14:30:07.683,2026-10-02 14:30:08.046,363
521,event-ingest,webhook,success,2026-10-02 14:30:07.707,2026-10-02 14:30:08.110,403
522,event-ingest,webhook,success,2026-10-02 14:30:07.738,2026-10-02 14:30:08.108,370
523,event-ingest,webhook,success,2026-10-02 14:30:07.773,2026-10-02 14:30:08.183,410
524,event-ingest,webhook,success,2026-10-02 14:30:08.117,2026-10-02 14:30:08.506,389
525,event-ingest,webhook,success,2026-10-02 14:30:08.168,2026-10-02 14:30:08.602,434
526,event-ingest,webhook,success,2026-10-02 14:30:09.110,2026-10-02 14:30:09.471,361
527,event-ingest,webhook,success,2026-10-02 14:30:09.733,2026-10-02 14:30:10.092,359
528,event-ingest,webhook,success,2026-10-02 14:30:10.671,2026-10-02 14:30:11.039,368
529,event-ingest,webhook,success,2026-10-02 14:30:11.299,2026-10-02 14:30:11.665,366
530,event-ingest,webhook,success,2026-10-02 14:30:12.228,2026-10-02 14:30:12.567,339
531,event-ingest,webhook,success,2026-10-02 14:30:13.172,2026-10-02 14:30:13.519,347
532,event-ingest,webhook,success,2026-10-02 14:30:13.198,2026-10-02 14:30:13.602,404
533,event-ingest,webhook,success,2026-10-02 14:30:14.137,2026-10-02 14:30:14.503,366
534,event-ingest,webhook,success,2026-10-02 14:30:14.164,2026-10-02 14:30:14.576,412
535,event-ingest,webhook,success,2026-10-02 14:30:14.189,2026-10-02 14:30:14.563,374
536,event-ingest,webhook,success,2026-10-02 14:30:14.218,2026-10-02 14:30:14.600,382
537,event-ingest,webhook,success,2026-10-02 14:30:16.056,2026-10-02 14:30:16.413,357
538,event-ingest,webhook,success,2026-10-02 14:30:16.086,2026-10-02 14:30:16.486,400
539,event-ingest,webhook,success,2026-10-02 14:30:16.115,2026-10-02 14:30:16.489,374
540,event-ingest,webhook,success,2026-10-02 14:30:16.152,2026-10-02 14:30:16.618,466
541,event-ingest,webhook,success,2026-10-02 14:30:18.296,2026-10-02 14:30:18.668,372
542,event-ingest,webhook,success,2026-10-02 14:30:18.329,2026-10-02 14:30:18.716,387
543,event-ingest,webhook,success,2026-10-02 14:30:18.360,2026-10-02 14:30:18.691,331
544,event-ingest,webhook,success,2026-10-02 14:30:18.393,2026-10-02 14:30:18.768,375
545,event-ingest,webhook,success,2026-10-02 14:30:20.378,2026-10-02 14:30:20.798,420
546,event-ingest,webhook,success,2026-10-02 14:30:20.500,2026-10-02 14:30:20.891,391
547,event-ingest,webhook,success,2026-10-02 14:30:20.578,2026-10-02 14:30:20.965,387
548,event-ingest,webhook,success,2026-10-02 14:30:20.657,2026-10-02 14:30:22.722,2065
549,event-ingest,webhook,success,2026-10-02 14:30:22.209,2026-10-02 14:30:24.263,2054
550,event-ingest,webhook,success,2026-10-02 14:30:22.307,2026-10-02 14:30:24.337,2030
551,event-ingest,webhook,success,2026-10-02 14:30:22.357,2026-10-02 14:30:24.408,2051
552,event-ingest,webhook,success,2026-10-02 14:30:22.432,2026-10-02 14:30:24.467,2035
553,event-ingest,webhook,success,2026-10-02 14:30:24.271,2026-10-02 14:30:26.323,2052
554,event-ingest,webhook,success,2026-10-02 14:30:24.332,2026-10-02 14:30:26.432,2100
555,event-ingest,webhook,success,2026-10-02 14:30:24.387,2026-10-02 14:30:26.425,2038
556,event-ingest,webhook,success,2026-10-02 14:30:24.420,2026-10-02 14:30:26.495,2075
557,event-ingest,webhook,success,2026-10-02 14:30:26.565,2026-10-02 14:30:28.594,2029
558,event-ingest,webhook,success,2026-10-02 14:30:26.592,2026-10-02 14:30:28.655,2063
559,event-ingest,webhook,success,2026-10-02 14:30:26.618,2026-10-02 14:30:28.644,2026
560,event-ingest,webhook,success,2026-10-02 14:30:26.647,2026-10-02 14:30:28.704,2057
561,event-ingest,webhook,success,2026-10-02 14:30:28.483,2026-10-02 14:30:30.509,2026
562,event-ingest,webhook,success,2026-10-02 14:30:28.513,2026-10-02 14:30:30.575,2062
563,event-ingest,webhook,success,2026-10-02 14:30:28.539,2026-10-02 14:30:30.568,2029
564,event-ingest,webhook,success,2026-10-02 14:30:28.567,2026-10-02 14:30:30.630,2063
565,event-ingest,webhook,success,2026-10-02 14:30:30.399,2026-10-02 14:30:32.433,2034
566,event-ingest,webhook,success,2026-10-02 14:30:30.427,2026-10-02 14:30:32.488,2061
567,event-ingest,webhook,success,2026-10-02 14:30:30.450,2026-10-02 14:30:32.478,2028
568,event-ingest,webhook,success,2026-10-02 14:30:30.473,2026-10-02 14:30:32.534,2061
569,event-ingest,webhook,success,2026-10-02 14:30:32.598,2026-10-02 14:30:34.623,2025
570,event-ingest,webhook,success,2026-10-02 14:30:32.619,2026-10-02 14:30:34.686,2067
571,event-ingest,webhook,success,2026-10-02 14:30:32.641,2026-10-02 14:30:34.665,2024
572,event-ingest,webhook,success,2026-10-02 14:30:32.668,2026-10-02 14:30:34.743,2075
573,event-ingest,webhook,success,2026-10-02 14:30:34.501,2026-10-02 14:30:36.541,2040
574,event-ingest,webhook,success,2026-10-02 14:30:34.537,2026-10-02 14:30:36.604,2067
575,event-ingest,webhook,success,2026-10-02 14:30:34.564,2026-10-02 14:30:36.596,2032
576,event-ingest,webhook,success,2026-10-02 14:30:34.589,2026-10-02 14:30:36.663,2074
577,event-ingest,webhook,success,2026-10-02 14:30:34.614,2026-10-02 14:30:36.656,2042
578,event-ingest,webhook,success,2026-10-02 14:30:34.655,2026-10-02 14:30:36.761,2106
579,event-ingest,webhook,success,2026-10-02 14:30:34.704,2026-10-02 14:30:36.743,2039
580,event-ingest,webhook,success,2026-10-02 14:30:34.754,2026-10-02 14:30:36.820,2066
581,event-ingest,webhook,success,2026-10-02 14:30:34.822,2026-10-02 14:30:36.963,2141
582,event-ingest,webhook,success,2026-10-02 14:30:34.870,2026-10-02 14:30:36.951,2081
583,event-ingest,webhook,success,2026-10-02 14:30:34.952,2026-10-02 14:30:38.555,3603
584,event-ingest,webhook,success,2026-10-02 14:35:03.127,2026-10-02 14:35:03.582,455
585,event-ingest,webhook,success,2026-10-02 14:35:03.157,2026-10-02 14:35:03.568,411
586,event-ingest,webhook,success,2026-10-02 14:35:03.187,2026-10-02 14:35:03.566,379
587,event-ingest,webhook,success,2026-10-02 14:35:03.221,2026-10-02 14:35:03.626,405
588,event-ingest,webhook,success,2026-10-02 14:35:05.370,2026-10-02 14:35:05.737,367
589,event-ingest,webhook,success,2026-10-02 14:35:05.398,2026-10-02 14:35:05.795,397
590,event-ingest,webhook,success,2026-10-02 14:35:05.424,2026-10-02 14:35:05.769,345
591,event-ingest,webhook,success,2026-10-02 14:35:05.454,2026-10-02 14:35:05.838,384
592,event-ingest,webhook,success,2026-10-02 14:35:05.478,2026-10-02 14:35:05.823,345
593,event-ingest,webhook,success,2026-10-02 14:35:05.506,2026-10-02 14:35:05.882,376
594,event-ingest,webhook,success,2026-10-02 14:35:06.431,2026-10-02 14:35:06.785,354
595,event-ingest,webhook,success,2026-10-02 14:35:07.056,2026-10-02 14:35:07.418,362
596,event-ingest,webhook,success,2026-10-02 14:35:07.989,2026-10-02 14:35:08.332,343
597,event-ingest,webhook,success,2026-10-02 14:35:08.922,2026-10-02 14:35:09.277,355
598,event-ingest,webhook,success,2026-10-02 14:35:09.557,2026-10-02 14:35:09.924,367
599,event-ingest,webhook,success,2026-10-02 14:35:10.492,2026-10-02 14:35:10.852,360
600,event-ingest,webhook,success,2026-10-02 14:35:10.523,2026-10-02 14:35:10.897,374
601,event-ingest,webhook,success,2026-10-02 14:35:11.450,2026-10-02 14:35:11.810,360
602,event-ingest,webhook,success,2026-10-02 14:35:11.476,2026-10-02 14:35:11.864,388
603,event-ingest,webhook,success,2026-10-02 14:35:11.503,2026-10-02 14:35:11.862,359
604,event-ingest,webhook,success,2026-10-02 14:35:11.535,2026-10-02 14:35:11.940,405
605,event-ingest,webhook,success,2026-10-02 14:35:13.369,2026-10-02 14:35:13.738,369
606,event-ingest,webhook,success,2026-10-02 14:35:13.396,2026-10-02 14:35:13.810,414
607,event-ingest,webhook,success,2026-10-02 14:35:13.422,2026-10-02 14:35:13.794,372
608,event-ingest,webhook,success,2026-10-02 14:35:13.465,2026-10-02 14:35:13.849,384
609,event-ingest,webhook,success,2026-10-02 14:35:15.604,2026-10-02 14:35:15.950,346
610,event-ingest,webhook,success,2026-10-02 14:35:15.630,2026-10-02 14:35:16.014,384
611,event-ingest,webhook,success,2026-10-02 14:35:15.653,2026-10-02 14:35:16.012,359
612,event-ingest,webhook,success,2026-10-02 14:35:15.678,2026-10-02 14:35:16.053,375
613,event-ingest,webhook,success,2026-10-02 14:35:17.518,2026-10-02 14:35:17.877,359
614,event-ingest,webhook,success,2026-10-02 14:35:17.552,2026-10-02 14:35:17.947,395
615,event-ingest,webhook,success,2026-10-02 14:35:17.577,2026-10-02 14:35:17.944,367
616,event-ingest,webhook,success,2026-10-02 14:35:17.605,2026-10-02 14:35:19.669,2064
617,event-ingest,webhook,success,2026-10-02 14:35:19.733,2026-10-02 14:35:21.759,2026
618,event-ingest,webhook,success,2026-10-02 14:35:19.760,2026-10-02 14:35:21.828,2068
619,event-ingest,webhook,success,2026-10-02 14:35:19.782,2026-10-02 14:35:21.806,2024
620,event-ingest,webhook,success,2026-10-02 14:35:19.810,2026-10-02 14:35:21.875,2065
621,event-ingest,webhook,success,2026-10-02 14:35:21.653,2026-10-02 14:35:23.677,2024
622,event-ingest,webhook,success,2026-10-02 14:35:21.677,2026-10-02 14:35:23.741,2064
623,event-ingest,webhook,success,2026-10-02 14:35:21.700,2026-10-02 14:35:23.721,2021
624,event-ingest,webhook,success,2026-10-02 14:35:21.726,2026-10-02 14:35:23.787,2061
625,event-ingest,webhook,success,2026-10-02 14:35:23.853,2026-10-02 14:35:25.881,2028
626,event-ingest,webhook,success,2026-10-02 14:35:23.876,2026-10-02 14:35:25.941,2065
627,event-ingest,webhook,success,2026-10-02 14:35:23.901,2026-10-02 14:35:25.927,2026
628,event-ingest,webhook,success,2026-10-02 14:35:23.930,2026-10-02 14:35:25.989,2059
629,event-ingest,webhook,success,2026-10-02 14:35:25.768,2026-10-02 14:35:27.793,2025
630,event-ingest,webhook,success,2026-10-02 14:35:25.791,2026-10-02 14:35:27.856,2065
631,event-ingest,webhook,success,2026-10-02 14:35:25.814,2026-10-02 14:35:27.841,2027
632,event-ingest,webhook,success,2026-10-02 14:35:25.841,2026-10-02 14:35:27.909,2068
633,event-ingest,webhook,success,2026-10-02 14:35:27.971,2026-10-02 14:35:29.994,2023
634,event-ingest,webhook,success,2026-10-02 14:35:27.996,2026-10-02 14:35:30.062,2066
635,event-ingest,webhook,success,2026-10-02 14:35:28.021,2026-10-02 14:35:30.045,2024
636,event-ingest,webhook,success,2026-10-02 14:35:28.047,2026-10-02 14:35:30.105,2058
637,event-ingest,webhook,success,2026-10-02 14:35:29.881,2026-10-02 14:35:31.907,2026
638,event-ingest,webhook,success,2026-10-02 14:35:29.907,2026-10-02 14:35:31.972,2065
639,event-ingest,webhook,success,2026-10-02 14:35:29.930,2026-10-02 14:35:31.954,2024
640,event-ingest,webhook,success,2026-10-02 14:35:29.955,2026-10-02 14:35:32.014,2059
641,event-ingest,webhook,success,2026-10-02 14:35:32.081,2026-10-02 14:35:34.114,2033
642,event-ingest,webhook,success,2026-10-02 14:35:32.114,2026-10-02 14:35:34.180,2066
643,event-ingest,webhook,success,2026-10-02 14:35:32.139,2026-10-02 14:35:34.165,2026
644,event-ingest,webhook,success,2026-10-02 14:35:32.164,2026-10-02 14:35:34.231,2067
645,event-ingest,webhook,success,2026-10-02 14:35:32.190,2026-10-02 14:35:34.214,2024
646,event-ingest,webhook,success,2026-10-02 14:35:32.215,2026-10-02 14:35:34.273,2058
647,event-ingest,webhook,success,2026-10-02 14:35:33.147,2026-10-02 14:35:35.177,2030
648,event-ingest,webhook,success,2026-10-02 14:35:33.774,2026-10-02 14:35:35.800,2026
649,event-ingest,webhook,success,2026-10-02 14:35:34.701,2026-10-02 14:35:36.724,2023
650,event-ingest,webhook,success,2026-10-02 14:35:35.630,2026-10-02 14:35:37.658,2028
651,event-ingest,webhook,success,2026-10-02 14:35:35.658,2026-10-02 14:35:37.715,2057
652,event-ingest,webhook,success,2026-10-02 14:35:36.591,2026-10-02 14:35:38.616,2025
653,event-ingest,webhook,success,2026-10-02 14:35:36.616,2026-10-02 14:35:38.677,2061
654,event-ingest,webhook,success,2026-10-02 14:35:36.639,2026-10-02 14:35:38.670,2031
655,event-ingest,webhook,success,2026-10-02 14:35:36.668,2026-10-02 14:35:38.726,2058
656,event-ingest,webhook,success,2026-10-02 14:35:38.499,2026-10-02 14:35:40.522,2023
657,event-ingest,webhook,success,2026-10-02 14:35:38.523,2026-10-02 14:35:40.591,2068
658,event-ingest,webhook,success,2026-10-02 14:35:38.545,2026-10-02 14:35:40.572,2027
659,event-ingest,webhook,success,2026-10-02 14:35:38.573,2026-10-02 14:35:40.636,2063
660,event-ingest,webhook,success,2026-10-02 14:35:40.703,2026-10-02 14:35:42.747,2044
661,event-ingest,webhook,success,2026-10-02 14:35:40.747,2026-10-02 14:35:42.875,2128
662,event-ingest,webhook,success,2026-10-02 14:35:40.800,2026-10-02 14:35:42.907,2107
663,event-ingest,webhook,success,2026-10-02 14:35:40.852,2026-10-02 14:35:42.897,2045
664,event-ingest,webhook,success,2026-10-02 14:35:40.902,2026-10-02 14:35:43.011,2109
665,event-ingest,webhook,success,2026-10-02 14:35:40.933,2026-10-02 14:35:42.974,2041
666,event-ingest,webhook,success,2026-10-02 14:35:40.991,2026-10-02 14:35:43.105,2114
667,event-ingest,webhook,success,2026-10-02 14:35:41.037,2026-10-02 14:35:43.096,2059
668,event-ingest,webhook,success,2026-10-02 14:35:41.092,2026-10-02 14:35:43.163,2071
669,event-ingest,webhook,success,2026-10-02 14:35:41.119,2026-10-02 14:35:43.146,2027
670,event-ingest,webhook,success,2026-10-02 14:35:41.150,2026-10-02 14:35:44.887,3737
671,event-ingest,webhook,success,2026-10-02 14:35:41.174,2026-10-02 14:35:44.767,3593
672,event-ingest,webhook,success,2026-10-02 14:35:41.203,2026-10-02 14:35:44.904,3701
673,event-ingest,webhook,success,2026-10-02 14:40:03.069,2026-10-02 14:40:03.498,429
674,event-ingest,webhook,success,2026-10-02 14:40:03.096,2026-10-02 14:40:03.527,431
675,event-ingest,webhook,success,2026-10-02 14:40:03.121,2026-10-02 14:40:03.536,415
676,event-ingest,webhook,success,2026-10-02 14:40:03.149,2026-10-02 14:40:03.571,422
677,event-ingest,webhook,success,2026-10-02 14:40:05.295,2026-10-02 14:40:05.646,351
678,event-ingest,webhook,success,2026-10-02 14:40:05.321,2026-10-02 14:40:05.719,398
679,event-ingest,webhook,success,2026-10-02 14:40:05.347,2026-10-02 14:40:05.691,344
680,event-ingest,webhook,success,2026-10-02 14:40:05.378,2026-10-02 14:40:05.754,376
681,event-ingest,webhook,success,2026-10-02 14:40:07.206,2026-10-02 14:40:07.579,373
682,event-ingest,webhook,success,2026-10-02 14:40:07.239,2026-10-02 14:40:07.633,394
683,event-ingest,webhook,success,2026-10-02 14:40:07.263,2026-10-02 14:40:07.602,339
684,event-ingest,webhook,success,2026-10-02 14:40:07.289,2026-10-02 14:40:07.664,375
685,event-ingest,webhook,success,2026-10-02 14:40:09.424,2026-10-02 14:40:09.772,348
686,event-ingest,webhook,success,2026-10-02 14:40:09.453,2026-10-02 14:40:09.855,402
687,event-ingest,webhook,success,2026-10-02 14:40:09.479,2026-10-02 14:40:09.845,366
688,event-ingest,webhook,success,2026-10-02 14:40:09.510,2026-10-02 14:40:09.892,382
689,event-ingest,webhook,success,2026-10-02 14:40:09.536,2026-10-02 14:40:09.901,365
690,event-ingest,webhook,success,2026-10-02 14:40:09.565,2026-10-02 14:40:09.938,373
691,event-ingest,webhook,success,2026-10-02 14:40:10.500,2026-10-02 14:40:10.866,366
692,event-ingest,webhook,success,2026-10-02 14:40:11.131,2026-10-02 14:40:11.533,402
693,event-ingest,webhook,success,2026-10-02 14:40:12.059,2026-10-02 14:40:12.407,348
694,event-ingest,webhook,success,2026-10-02 14:40:12.682,2026-10-02 14:40:13.041,359
695,event-ingest,webhook,success,2026-10-02 14:40:13.613,2026-10-02 14:40:13.958,345
696,event-ingest,webhook,success,2026-10-02 14:40:13.639,2026-10-02 14:40:14.032,393
697,event-ingest,webhook,success,2026-10-02 14:40:14.567,2026-10-02 14:40:14.937,370
698,event-ingest,webhook,success,2026-10-02 14:40:14.609,2026-10-02 14:40:15.018,409
699,event-ingest,webhook,success,2026-10-02 14:40:14.638,2026-10-02 14:40:15.009,371
700,event-ingest,webhook,success,2026-10-02 14:40:14.676,2026-10-02 14:40:15.077,401
701,event-ingest,webhook,success,2026-10-02 14:40:14.701,2026-10-02 14:40:15.050,349
702,event-ingest,webhook,success,2026-10-02 14:40:14.729,2026-10-02 14:40:15.121,392
703,event-ingest,webhook,success,2026-10-02 14:40:15.965,2026-10-02 14:40:16.331,366
704,event-ingest,webhook,success,2026-10-02 14:40:16.598,2026-10-02 14:40:16.965,367
705,event-ingest,webhook,success,2026-10-02 14:40:17.540,2026-10-02 14:40:17.890,350
706,event-ingest,webhook,success,2026-10-02 14:40:18.169,2026-10-02 14:40:18.561,392
707,event-ingest,webhook,success,2026-10-02 14:40:19.095,2026-10-02 14:40:19.457,362
708,event-ingest,webhook,success,2026-10-02 14:40:19.723,2026-10-02 14:40:20.084,361
709,event-ingest,webhook,success,2026-10-02 14:40:20.648,2026-10-02 14:40:21.022,374
710,event-ingest,webhook,success,2026-10-02 14:40:20.678,2026-10-02 14:40:21.055,377
711,event-ingest,webhook,success,2026-10-02 14:40:21.616,2026-10-02 14:40:21.982,366
712,event-ingest,webhook,success,2026-10-02 14:40:21.646,2026-10-02 14:40:23.705,2059
713,event-ingest,webhook,success,2026-10-02 14:40:21.670,2026-10-02 14:40:23.694,2024
714,event-ingest,webhook,success,2026-10-02 14:40:21.698,2026-10-02 14:40:23.753,2055
715,event-ingest,webhook,success,2026-10-02 14:40:23.821,2026-10-02 14:40:25.851,2030
716,event-ingest,webhook,success,2026-10-02 14:40:23.852,2026-10-02 14:40:25.933,2081
717,event-ingest,webhook,success,2026-10-02 14:40:23.880,2026-10-02 14:40:25.905,2025
718,event-ingest,webhook,success,2026-10-02 14:40:23.911,2026-10-02 14:40:26.032,2121
719,event-ingest,webhook,success,2026-10-02 14:40:25.749,2026-10-02 14:40:27.784,2035
720,event-ingest,webhook,success,2026-10-02 14:40:25.780,2026-10-02 14:40:27.861,2081
721,event-ingest,webhook,success,2026-10-02 14:40:25.806,2026-10-02 14:40:27.837,2031
722,event-ingest,webhook,success,2026-10-02 14:40:25.849,2026-10-02 14:40:27.972,2123
723,event-ingest,webhook,success,2026-10-02 14:40:25.893,2026-10-02 14:40:27.940,2047
724,ioc-extractor,trigger,success,2026-10-02 14:45:00.032,2026-10-02 14:45:01.082,1050
725,report-generator,trigger,success,2026-10-02 14:50:00.032,2026-10-02 14:50:00.094,62
726,ioc-extractor,trigger,success,2026-10-02 15:00:00.036,2026-10-02 15:00:00.145,109
727,ioc-extractor,trigger,success,2026-10-02 15:15:00.033,2026-10-02 15:15:00.078,45
728,ioc-extractor,trigger,success,2026-10-02 15:30:00.030,2026-10-02 15:30:00.057,27
729,ioc-extractor,trigger,success,2026-10-02 15:45:00.040,2026-10-02 15:45:00.082,42
730,ioc-extractor,trigger,success,2026-10-02 16:00:00.035,2026-10-02 16:00:00.148,113
731,ioc-extractor,trigger,success,2026-10-02 16:15:00.037,2026-10-02 16:15:00.082,45
732,ioc-extractor,trigger,success,2026-10-02 16:30:00.030,2026-10-02 16:30:00.064,34
733,ioc-extractor,trigger,success,2026-10-02 16:45:00.069,2026-10-02 16:45:00.115,46
734,ioc-extractor,trigger,success,2026-10-02 17:00:00.056,2026-10-02 17:00:00.176,120
735,ioc-extractor,trigger,success,2026-10-02 17:15:00.047,2026-10-02 17:15:00.135,88
736,ioc-extractor,trigger,success,2026-10-05 14:15:00.076,2026-10-05 14:15:00.818,742
737,ioc-extractor,trigger,success,2026-10-05 14:30:00.048,2026-10-05 14:30:00.100,52
738,ioc-extractor,trigger,success,2026-10-05 14:45:00.044,2026-10-05 14:45:00.078,34
739,ioc-extractor,trigger,success,2026-10-05 15:00:00.060,2026-10-05 15:00:00.090,30
740,ioc-extractor,trigger,success,2026-10-05 15:15:00.073,2026-10-05 15:15:00.161,88
741,ioc-extractor,trigger,success,2026-10-05 15:30:00.030,2026-10-05 15:30:00.082,52
742,ioc-extractor,trigger,success,2026-10-05 15:45:00.037,2026-10-05 15:45:00.074,37
743,ioc-extractor,trigger,success,2026-10-05 16:00:00.041,2026-10-05 16:00:00.083,42
744,ioc-extractor,trigger,success,2026-10-05 16:15:00.037,2026-10-05 16:15:00.115,78
745,ioc-extractor,trigger,success,2026-10-05 16:30:00.052,2026-10-05 16:30:00.132,80
746,ioc-extractor,trigger,success,2026-10-05 16:45:00.036,2026-10-05 16:45:00.111,75
747,ioc-extractor,trigger,success,2026-10-05 17:00:00.036,2026-10-05 17:00:00.071,35
748,ioc-extractor,trigger,success,2026-10-05 17:15:00.033,2026-10-05 17:15:00.075,42
749,ioc-extractor,trigger,success,2026-10-05 17:30:00.028,2026-10-05 17:30:00.053,25
750,ioc-extractor,trigger,success,2026-10-05 17:45:00.025,2026-10-05 17:45:00.054,29
751,ioc-extractor,trigger,success,2026-10-05 18:00:00.021,2026-10-05 18:00:00.059,38
752,ioc-extractor,trigger,success,2026-10-05 18:15:00.039,2026-10-05 18:15:00.085,46
753,event-ingest,webhook,success,2026-10-05 18:28:03.200,2026-10-05 18:28:03.792,592
754,event-ingest,webhook,success,2026-10-05 18:28:03.269,2026-10-05 18:28:03.788,519
755,event-ingest,webhook,success,2026-10-05 18:28:03.308,2026-10-05 18:28:03.794,486
756,event-ingest,webhook,success,2026-10-05 18:28:03.349,2026-10-05 18:28:03.819,470
757,event-ingest,webhook,success,2026-10-05 18:28:03.385,2026-10-05 18:28:03.808,423
758,event-ingest,webhook,success,2026-10-05 18:28:03.460,2026-10-05 18:28:03.904,444
759,event-ingest,webhook,success,2026-10-05 18:28:03.495,2026-10-05 18:28:03.905,410
760,event-ingest,webhook,success,2026-10-05 18:28:03.541,2026-10-05 18:28:03.981,440
761,event-ingest,webhook,success,2026-10-05 18:28:03.579,2026-10-05 18:28:03.955,376
762,event-ingest,webhook,success,2026-10-05 18:28:03.621,2026-10-05 18:28:04.117,496
763,event-ingest,webhook,success,2026-10-05 18:28:03.735,2026-10-05 18:28:04.136,401
764,event-ingest,webhook,success,2026-10-05 18:28:03.823,2026-10-05 18:28:04.282,459
765,event-ingest,webhook,success,2026-10-05 18:28:03.970,2026-10-05 18:28:04.379,409
766,event-ingest,webhook,success,2026-10-05 18:28:04.044,2026-10-05 18:28:04.502,458
767,event-ingest,webhook,success,2026-10-05 18:28:04.081,2026-10-05 18:28:04.449,368
768,event-ingest,webhook,success,2026-10-05 18:28:04.148,2026-10-05 18:28:04.531,383
769,event-ingest,webhook,success,2026-10-05 18:28:04.211,2026-10-05 18:28:04.663,452
770,event-ingest,webhook,success,2026-10-05 18:28:04.265,2026-10-05 18:28:04.673,408
771,event-ingest,webhook,success,2026-10-05 18:28:04.332,2026-10-05 18:28:04.782,450
772,event-ingest,webhook,success,2026-10-05 18:28:04.374,2026-10-05 18:28:04.749,375
773,event-ingest,webhook,success,2026-10-05 18:28:04.440,2026-10-05 18:28:04.863,423
774,event-ingest,webhook,success,2026-10-05 18:28:04.511,2026-10-05 18:28:04.906,395
775,event-ingest,webhook,success,2026-10-05 18:28:05.477,2026-10-05 18:28:05.849,372
776,event-ingest,webhook,success,2026-10-05 18:28:05.512,2026-10-05 18:28:05.910,398
777,event-ingest,webhook,success,2026-10-05 18:28:05.543,2026-10-05 18:28:05.898,355
778,event-ingest,webhook,success,2026-10-05 18:28:05.580,2026-10-05 18:28:05.980,400
779,event-ingest,webhook,success,2026-10-05 18:28:07.724,2026-10-05 18:28:08.092,368
780,event-ingest,webhook,success,2026-10-05 18:28:07.764,2026-10-05 18:28:08.194,430
781,event-ingest,webhook,success,2026-10-05 18:28:07.812,2026-10-05 18:28:08.192,380
782,event-ingest,webhook,success,2026-10-05 18:28:07.850,2026-10-05 18:28:08.307,457
783,event-ingest,webhook,success,2026-10-05 18:28:09.727,2026-10-05 18:28:10.108,381
784,event-ingest,webhook,success,2026-10-05 18:28:09.759,2026-10-05 18:28:10.191,432
785,event-ingest,webhook,success,2026-10-05 18:28:09.791,2026-10-05 18:28:10.188,397
786,event-ingest,webhook,success,2026-10-05 18:28:09.843,2026-10-05 18:28:10.252,409
787,event-ingest,webhook,success,2026-10-05 18:28:09.878,2026-10-05 18:28:10.242,364
788,event-ingest,webhook,success,2026-10-05 18:28:09.915,2026-10-05 18:28:10.344,429
789,event-ingest,webhook,success,2026-10-05 18:28:09.953,2026-10-05 18:28:10.329,376
790,event-ingest,webhook,success,2026-10-05 18:28:09.992,2026-10-05 18:28:10.449,457
791,event-ingest,webhook,success,2026-10-05 18:28:10.031,2026-10-05 18:28:10.391,360
792,event-ingest,webhook,success,2026-10-05 18:28:10.076,2026-10-05 18:28:12.209,2133
793,event-ingest,webhook,success,2026-10-05 18:29:21.323,2026-10-05 18:29:21.936,613
794,event-ingest,webhook,success,2026-10-05 18:29:21.390,2026-10-05 18:29:21.929,539
795,event-ingest,webhook,success,2026-10-05 18:29:47.248,2026-10-05 18:29:47.647,399
796,event-ingest,webhook,success,2026-10-05 18:29:47.296,2026-10-05 18:29:47.755,459
797,event-ingest,webhook,success,2026-10-05 18:29:47.350,2026-10-05 18:29:47.740,390
798,event-ingest,webhook,success,2026-10-05 18:29:47.404,2026-10-05 18:29:47.831,427
799,ioc-extractor,trigger,success,2026-10-05 18:30:00.044,2026-10-05 18:30:00.729,685
800,health-monitor,trigger,success,2026-10-05 18:30:00.056,2026-10-05 18:30:00.571,515
801,event-ingest,webhook,success,2026-10-05 18:30:11.465,2026-10-05 18:30:11.849,384
802,event-ingest,webhook,success,2026-10-05 18:30:11.512,2026-10-05 18:30:11.922,410
803,event-ingest,webhook,success,2026-10-05 18:30:11.543,2026-10-05 18:30:11.929,386
804,event-ingest,webhook,success,2026-10-05 18:30:11.580,2026-10-05 18:30:12.058,478
805,event-ingest,webhook,success,2026-10-05 18:30:13.721,2026-10-05 18:30:14.074,353
806,event-ingest,webhook,success,2026-10-05 18:30:13.754,2026-10-05 18:30:14.177,423
807,event-ingest,webhook,success,2026-10-05 18:30:13.786,2026-10-05 18:30:14.145,359
808,event-ingest,webhook,success,2026-10-05 18:30:13.824,2026-10-05 18:30:14.225,401
809,event-ingest,webhook,success,2026-10-05 18:30:15.660,2026-10-05 18:30:16.112,452
810,event-ingest,webhook,success,2026-10-05 18:30:15.695,2026-10-05 18:30:16.100,405
811,event-ingest,webhook,success,2026-10-05 18:30:15.725,2026-10-05 18:30:16.116,391
812,event-ingest,webhook,success,2026-10-05 18:30:15.757,2026-10-05 18:30:16.168,411
813,event-ingest,webhook,success,2026-10-05 18:30:17.590,2026-10-05 18:30:17.964,374
814,event-ingest,webhook,success,2026-10-05 18:30:17.629,2026-10-05 18:30:18.090,461
815,event-ingest,webhook,success,2026-10-05 18:30:17.662,2026-10-05 18:30:18.042,380
816,event-ingest,webhook,success,2026-10-05 18:30:17.702,2026-10-05 18:30:18.112,410
817,event-ingest,webhook,success,2026-10-05 18:30:19.836,2026-10-05 18:30:20.217,381
818,event-ingest,webhook,success,2026-10-05 18:30:19.873,2026-10-05 18:30:20.277,404
819,event-ingest,webhook,success,2026-10-05 18:30:19.902,2026-10-05 18:30:20.279,377
820,event-ingest,webhook,success,2026-10-05 18:30:19.946,2026-10-05 18:30:20.350,404
821,event-ingest,webhook,success,2026-10-05 18:30:21.787,2026-10-05 18:30:22.221,434
822,event-ingest,webhook,success,2026-10-05 18:30:21.823,2026-10-05 18:30:22.238,415
823,event-ingest,webhook,success,2026-10-05 18:30:21.854,2026-10-05 18:30:22.249,395
824,event-ingest,webhook,success,2026-10-05 18:30:21.893,2026-10-05 18:30:22.305,412
825,event-ingest,webhook,success,2026-10-05 18:30:21.925,2026-10-05 18:30:22.283,358
826,event-ingest,webhook,success,2026-10-05 18:30:21.957,2026-10-05 18:30:22.368,411
827,event-ingest,webhook,success,2026-10-05 18:30:22.886,2026-10-05 18:30:23.241,355
828,event-ingest,webhook,success,2026-10-05 18:30:23.822,2026-10-05 18:30:24.184,362
829,event-ingest,webhook,success,2026-10-05 18:30:24.459,2026-10-05 18:30:24.832,373
830,event-ingest,webhook,success,2026-10-05 18:30:25.392,2026-10-05 18:30:25.768,376
831,event-ingest,webhook,success,2026-10-05 18:30:26.322,2026-10-05 18:30:26.705,383
832,event-ingest,webhook,success,2026-10-05 18:30:26.963,2026-10-05 18:30:27.334,371
833,event-ingest,webhook,success,2026-10-05 18:30:26.996,2026-10-05 18:30:27.393,397
834,event-ingest,webhook,success,2026-10-05 18:30:27.926,2026-10-05 18:30:28.283,357
835,event-ingest,webhook,success,2026-10-05 18:30:27.954,2026-10-05 18:30:28.357,403
836,event-ingest,webhook,success,2026-10-05 18:30:27.982,2026-10-05 18:30:28.356,374
837,event-ingest,webhook,success,2026-10-05 18:30:28.020,2026-10-05 18:30:28.404,384
838,event-ingest,webhook,success,2026-10-05 18:30:30.149,2026-10-05 18:30:30.522,373
839,event-ingest,webhook,success,2026-10-05 18:30:30.185,2026-10-05 18:30:30.601,416
840,event-ingest,webhook,success,2026-10-05 18:30:30.215,2026-10-05 18:30:30.576,361
841,event-ingest,webhook,success,2026-10-05 18:30:30.252,2026-10-05 18:30:30.648,396
842,event-ingest,webhook,success,2026-10-05 18:30:32.084,2026-10-05 18:30:32.468,384
843,event-ingest,webhook,success,2026-10-05 18:30:32.116,2026-10-05 18:30:32.629,513
844,event-ingest,webhook,success,2026-10-05 18:30:32.183,2026-10-05 18:30:32.618,435
845,event-ingest,webhook,success,2026-10-05 18:30:32.264,2026-10-05 18:30:32.755,491
846,event-ingest,webhook,success,2026-10-05 18:30:32.330,2026-10-05 18:30:32.704,374
847,event-ingest,webhook,success,2026-10-05 18:30:32.387,2026-10-05 18:30:32.860,473
848,event-ingest,webhook,success,2026-10-05 18:30:32.430,2026-10-05 18:30:32.841,411
849,health-monitor,trigger,success,2026-10-05 18:35:00.028,2026-10-05 18:35:00.094,66
850,health-monitor,trigger,success,2026-10-05 18:40:00.030,2026-10-05 18:40:00.137,107
851,ioc-extractor,trigger,success,2026-10-05 18:45:00.035,2026-10-05 18:45:00.388,353
852,health-monitor,trigger,success,2026-10-05 18:45:00.043,2026-10-05 18:45:00.313,270
853,health-monitor,trigger,success,2026-10-05 18:50:00.025,2026-10-05 18:50:00.089,64
854,health-monitor,trigger,success,2026-10-05 18:55:00.027,2026-10-05 18:55:00.076,49
855,health-monitor,trigger,success,2026-10-05 19:00:00.045,2026-10-05 19:00:00.279,234
856,ioc-extractor,trigger,success,2026-10-05 19:00:00.055,2026-10-05 19:00:00.273,218
857,health-monitor,trigger,success,2026-10-05 19:05:00.036,2026-10-05 19:05:00.228,192
858,event-ingest,webhook,success,2026-10-05 19:06:31.648,2026-10-05 19:06:32.086,438
859,event-ingest,webhook,success,2026-10-05 19:06:31.684,2026-10-05 19:06:32.106,422
860,event-ingest,webhook,success,2026-10-05 19:06:31.713,2026-10-05 19:06:32.097,384
861,event-ingest,webhook,success,2026-10-05 19:06:31.754,2026-10-05 19:06:32.159,405
862,event-ingest,webhook,success,2026-10-05 19:06:33.594,2026-10-05 19:06:33.999,405
863,event-ingest,webhook,success,2026-10-05 19:06:33.627,2026-10-05 19:06:34.043,416
864,event-ingest,webhook,success,2026-10-05 19:06:33.656,2026-10-05 19:06:34.034,378
865,event-ingest,webhook,success,2026-10-05 19:06:33.698,2026-10-05 19:06:34.119,421
866,event-ingest,webhook,success,2026-10-05 19:06:35.546,2026-10-05 19:06:35.901,355
867,event-ingest,webhook,success,2026-10-05 19:06:35.577,2026-10-05 19:06:35.973,396
868,event-ingest,webhook,success,2026-10-05 19:06:35.603,2026-10-05 19:06:36.001,398
869,event-ingest,webhook,success,2026-10-05 19:06:35.635,2026-10-05 19:06:36.043,408
870,event-ingest,webhook,success,2026-10-05 19:06:37.777,2026-10-05 19:06:38.137,360
871,event-ingest,webhook,success,2026-10-05 19:06:37.812,2026-10-05 19:06:38.209,397
872,event-ingest,webhook,success,2026-10-05 19:06:37.839,2026-10-05 19:06:38.211,372
873,event-ingest,webhook,success,2026-10-05 19:06:37.871,2026-10-05 19:06:38.275,404
874,event-ingest,webhook,success,2026-10-05 19:06:39.699,2026-10-05 19:06:40.062,363
875,event-ingest,webhook,success,2026-10-05 19:06:39.730,2026-10-05 19:06:40.120,390
876,event-ingest,webhook,success,2026-10-05 19:06:39.761,2026-10-05 19:06:40.111,350
877,event-ingest,webhook,success,2026-10-05 19:06:39.792,2026-10-05 19:06:40.186,394
878,event-ingest,webhook,success,2026-10-05 19:06:41.928,2026-10-05 19:06:42.299,371
879,event-ingest,webhook,success,2026-10-05 19:06:41.957,2026-10-05 19:06:42.374,417
880,event-ingest,webhook,success,2026-10-05 19:06:41.984,2026-10-05 19:06:42.362,378
881,event-ingest,webhook,success,2026-10-05 19:06:42.028,2026-10-05 19:06:42.427,399
882,event-ingest,webhook,success,2026-10-05 19:06:43.865,2026-10-05 19:06:44.251,386
883,event-ingest,webhook,success,2026-10-05 19:06:43.911,2026-10-05 19:06:44.348,437
884,event-ingest,webhook,success,2026-10-05 19:06:43.950,2026-10-05 19:06:44.333,383
885,event-ingest,webhook,success,2026-10-05 19:06:44.001,2026-10-05 19:06:44.414,413
886,event-ingest,webhook,success,2026-10-05 19:06:45.843,2026-10-05 19:06:46.206,363
887,event-ingest,webhook,success,2026-10-05 19:06:45.871,2026-10-05 19:06:46.309,438
888,event-ingest,webhook,success,2026-10-05 19:06:45.913,2026-10-05 19:06:46.292,379
889,event-ingest,webhook,success,2026-10-05 19:06:45.976,2026-10-05 19:06:46.378,402
890,event-ingest,webhook,success,2026-10-05 19:06:48.115,2026-10-05 19:06:48.465,350
891,event-ingest,webhook,success,2026-10-05 19:06:48.146,2026-10-05 19:06:48.531,385
892,event-ingest,webhook,success,2026-10-05 19:06:48.172,2026-10-05 19:06:48.544,372
893,event-ingest,webhook,success,2026-10-05 19:06:48.201,2026-10-05 19:06:50.294,2093
894,event-ingest,webhook,success,2026-10-05 19:06:48.228,2026-10-05 19:06:50.286,2058
895,event-ingest,webhook,success,2026-10-05 19:06:48.257,2026-10-05 19:06:50.329,2072
896,event-ingest,webhook,success,2026-10-05 19:06:49.198,2026-10-05 19:06:51.234,2036
897,event-ingest,webhook,success,2026-10-05 19:06:49.829,2026-10-05 19:06:51.863,2034
898,event-ingest,webhook,success,2026-10-05 19:06:50.768,2026-10-05 19:06:52.802,2034
899,event-ingest,webhook,success,2026-10-05 19:06:51.393,2026-10-05 19:06:53.421,2028
900,event-ingest,webhook,success,2026-10-05 19:06:52.325,2026-10-05 19:06:54.354,2029
901,event-ingest,webhook,success,2026-10-05 19:06:53.257,2026-10-05 19:06:55.294,2037
902,event-ingest,webhook,success,2026-10-05 19:06:53.895,2026-10-05 19:06:55.937,2042
903,event-ingest,webhook,success,2026-10-05 19:06:54.831,2026-10-05 19:06:56.870,2039
904,event-ingest,webhook,success,2026-10-05 19:06:54.861,2026-10-05 19:06:56.936,2075
905,event-ingest,webhook,success,2026-10-05 19:06:55.811,2026-10-05 19:06:57.853,2042
906,event-ingest,webhook,success,2026-10-05 19:06:55.846,2026-10-05 19:06:57.935,2089
907,event-ingest,webhook,success,2026-10-05 19:06:55.884,2026-10-05 19:06:57.923,2039
908,event-ingest,webhook,success,2026-10-05 19:06:55.921,2026-10-05 19:06:58.018,2097
909,event-ingest,webhook,success,2026-10-05 19:06:55.960,2026-10-05 19:06:58.002,2042
910,event-ingest,webhook,success,2026-10-05 19:06:56.002,2026-10-05 19:06:58.186,2184
911,event-ingest,webhook,success,2026-10-05 19:06:56.058,2026-10-05 19:06:58.135,2077
912,event-ingest,webhook,success,2026-10-05 19:06:56.141,2026-10-05 19:06:58.248,2107
913,event-ingest,webhook,error,2026-10-05 19:08:06.185,2026-10-05 19:08:06.808,623
914,event-ingest,webhook,error,2026-10-05 19:08:06.236,2026-10-05 19:08:06.729,493
915,event-ingest,webhook,error,2026-10-05 19:08:06.275,2026-10-05 19:08:06.738,463
916,event-ingest,webhook,error,2026-10-05 19:08:06.312,2026-10-05 19:08:06.815,503
917,event-ingest,webhook,error,2026-10-05 19:08:08.154,2026-10-05 19:08:08.530,376
918,event-ingest,webhook,error,2026-10-05 19:08:08.187,2026-10-05 19:08:08.595,408
919,event-ingest,webhook,error,2026-10-05 19:08:08.216,2026-10-05 19:08:08.568,352
920,event-ingest,webhook,error,2026-10-05 19:08:08.249,2026-10-05 19:08:08.636,387
921,event-ingest,webhook,error,2026-10-05 19:08:10.392,2026-10-05 19:08:10.751,359
922,event-ingest,webhook,error,2026-10-05 19:08:10.420,2026-10-05 19:08:10.812,392
923,event-ingest,webhook,error,2026-10-05 19:08:10.449,2026-10-05 19:08:10.794,345
924,event-ingest,webhook,error,2026-10-05 19:08:10.477,2026-10-05 19:08:10.867,390
925,event-ingest,webhook,error,2026-10-05 19:08:12.315,2026-10-05 19:08:12.677,362
926,event-ingest,webhook,error,2026-10-05 19:08:12.350,2026-10-05 19:08:12.760,410
927,event-ingest,webhook,error,2026-10-05 19:08:12.381,2026-10-05 19:08:12.735,354
928,event-ingest,webhook,error,2026-10-05 19:08:12.414,2026-10-05 19:08:12.813,399
929,event-ingest,webhook,error,2026-10-05 19:08:14.549,2026-10-05 19:08:14.894,345
930,event-ingest,webhook,error,2026-10-05 19:08:14.581,2026-10-05 19:08:14.989,408
931,event-ingest,webhook,error,2026-10-05 19:08:14.618,2026-10-05 19:08:14.976,358
932,event-ingest,webhook,error,2026-10-05 19:08:14.663,2026-10-05 19:08:15.074,411
933,event-ingest,webhook,error,2026-10-05 19:08:14.701,2026-10-05 19:08:15.054,353
934,event-ingest,webhook,error,2026-10-05 19:08:14.733,2026-10-05 19:08:15.112,379
935,event-ingest,webhook,error,2026-10-05 19:08:15.664,2026-10-05 19:08:16.009,345
936,event-ingest,webhook,error,2026-10-05 19:08:16.295,2026-10-05 19:08:16.640,345
937,event-ingest,webhook,error,2026-10-05 19:08:17.227,2026-10-05 19:08:17.570,343
938,event-ingest,webhook,error,2026-10-05 19:08:17.855,2026-10-05 19:08:18.221,366
939,event-ingest,webhook,error,2026-10-05 19:08:18.786,2026-10-05 19:08:19.155,369
940,event-ingest,webhook,error,2026-10-05 19:08:19.418,2026-10-05 19:08:19.762,344
941,event-ingest,webhook,error,2026-10-05 19:08:20.347,2026-10-05 19:08:20.696,349
942,event-ingest,webhook,error,2026-10-05 19:08:20.376,2026-10-05 19:08:20.779,403
943,event-ingest,webhook,error,2026-10-05 19:08:21.311,2026-10-05 19:08:23.349,2038
944,event-ingest,webhook,error,2026-10-05 19:08:21.339,2026-10-05 19:08:23.418,2079
945,event-ingest,webhook,error,2026-10-05 19:08:21.366,2026-10-05 19:08:23.404,2038
946,event-ingest,webhook,error,2026-10-05 19:08:21.408,2026-10-05 19:08:23.488,2080
947,health-monitor,trigger,error,2026-10-05 19:10:00.024,2026-10-05 19:10:00.101,77
948,ioc-extractor,trigger,error,2026-10-05 19:15:00.035,2026-10-05 19:15:00.074,39
949,health-monitor,trigger,error,2026-10-05 19:15:00.042,2026-10-05 19:15:00.170,128
950,event-ingest,webhook,success,2026-10-05 19:16:48.066,2026-10-05 19:16:48.597,531
951,event-ingest,webhook,success,2026-10-05 19:16:48.121,2026-10-05 19:16:48.597,476
952,event-ingest,webhook,success,2026-10-05 19:16:48.157,2026-10-05 19:16:48.594,437
953,event-ingest,webhook,success,2026-10-05 19:16:48.206,2026-10-05 19:16:48.629,423
954,event-ingest,webhook,success,2026-10-05 19:16:50.366,2026-10-05 19:16:50.744,378
955,event-ingest,webhook,success,2026-10-05 19:16:50.405,2026-10-05 19:16:50.793,388
956,event-ingest,webhook,success,2026-10-05 19:16:50.435,2026-10-05 19:16:50.802,367
957,event-ingest,webhook,success,2026-10-05 19:16:50.476,2026-10-05 19:16:50.843,367
958,event-ingest,webhook,success,2026-10-05 19:16:52.313,2026-10-05 19:16:52.654,341
959,event-ingest,webhook,success,2026-10-05 19:16:52.343,2026-10-05 19:16:52.722,379
960,event-ingest,webhook,success,2026-10-05 19:16:52.371,2026-10-05 19:16:52.711,340
961,event-ingest,webhook,success,2026-10-05 19:16:52.406,2026-10-05 19:16:52.777,371
962,event-ingest,webhook,success,2026-10-05 19:16:54.231,2026-10-05 19:16:54.582,351
963,event-ingest,webhook,success,2026-10-05 19:16:54.257,2026-10-05 19:16:54.645,388
964,event-ingest,webhook,success,2026-10-05 19:16:54.283,2026-10-05 19:16:54.638,355
965,event-ingest,webhook,success,2026-10-05 19:16:54.314,2026-10-05 19:16:54.741,427
966,event-ingest,webhook,success,2026-10-05 19:16:56.469,2026-10-05 19:16:56.946,477
967,event-ingest,webhook,success,2026-10-05 19:16:56.624,2026-10-05 19:16:57.027,403
968,event-ingest,webhook,success,2026-10-05 19:16:56.676,2026-10-05 19:16:57.015,339
969,event-ingest,webhook,success,2026-10-05 19:16:56.716,2026-10-05 19:16:57.108,392
970,event-ingest,webhook,success,2026-10-05 19:16:58.547,2026-10-05 19:16:58.924,377
971,event-ingest,webhook,success,2026-10-05 19:16:58.578,2026-10-05 19:16:58.984,406
972,event-ingest,webhook,success,2026-10-05 19:16:58.613,2026-10-05 19:16:58.971,358
973,event-ingest,webhook,success,2026-10-05 19:16:58.645,2026-10-05 19:16:59.029,384
974,event-ingest,webhook,success,2026-10-05 19:17:00.488,2026-10-05 19:17:00.837,349
975,event-ingest,webhook,success,2026-10-05 19:17:00.518,2026-10-05 19:17:00.958,440
976,event-ingest,webhook,success,2026-10-05 19:17:00.547,2026-10-05 19:17:00.931,384
977,event-ingest,webhook,success,2026-10-05 19:17:00.580,2026-10-05 19:17:00.981,401
978,event-ingest,webhook,success,2026-10-05 19:17:00.608,2026-10-05 19:17:00.970,362
979,event-ingest,webhook,success,2026-10-05 19:17:00.660,2026-10-05 19:17:01.092,432
980,event-ingest,webhook,success,2026-10-05 19:17:01.633,2026-10-05 19:17:01.981,348
981,event-ingest,webhook,success,2026-10-05 19:17:02.565,2026-10-05 19:17:02.947,382
982,event-ingest,webhook,success,2026-10-05 19:17:03.194,2026-10-05 19:17:03.543,349
983,event-ingest,webhook,success,2026-10-05 19:17:04.133,2026-10-05 19:17:04.461,328
984,event-ingest,webhook,success,2026-10-05 19:17:04.757,2026-10-05 19:17:05.114,357
985,event-ingest,webhook,success,2026-10-05 19:17:04.791,2026-10-05 19:17:05.183,392
986,event-ingest,webhook,success,2026-10-05 19:17:05.730,2026-10-05 19:17:06.083,353
987,event-ingest,webhook,success,2026-10-05 19:17:05.757,2026-10-05 19:17:06.141,384
988,event-ingest,webhook,success,2026-10-05 19:17:05.785,2026-10-05 19:17:06.132,347
989,event-ingest,webhook,success,2026-10-05 19:17:05.820,2026-10-05 19:17:06.209,389
990,event-ingest,webhook,success,2026-10-05 19:17:07.959,2026-10-05 19:17:08.316,357
991,event-ingest,webhook,success,2026-10-05 19:17:07.989,2026-10-05 19:17:08.384,395
992,event-ingest,webhook,success,2026-10-05 19:17:08.018,2026-10-05 19:17:08.373,355
993,event-ingest,webhook,success,2026-10-05 19:17:08.053,2026-10-05 19:17:08.425,372
994,event-ingest,webhook,success,2026-10-05 19:17:09.881,2026-10-05 19:17:10.211,330
995,event-ingest,webhook,success,2026-10-05 19:17:09.912,2026-10-05 19:17:10.294,382
996,event-ingest,webhook,success,2026-10-05 19:17:09.945,2026-10-05 19:17:10.307,362
997,event-ingest,webhook,success,2026-10-05 19:17:09.976,2026-10-05 19:17:12.082,2106
998,event-ingest,webhook,success,2026-10-05 19:17:10.017,2026-10-05 19:17:10.355,338
999,event-ingest,webhook,success,2026-10-05 19:17:10.059,2026-10-05 19:17:12.161,2102
1000,event-ingest,webhook,success,2026-10-05 19:17:10.098,2026-10-05 19:17:12.147,2049
1001,event-ingest,webhook,success,2026-10-05 19:17:10.148,2026-10-05 19:17:12.229,2081
1002,health-monitor,trigger,success,2026-10-05 19:20:00.034,2026-10-05 19:20:00.131,97
1003,health-monitor,trigger,success,2026-10-05 19:25:00.029,2026-10-05 19:25:00.098,69
1004,ioc-extractor,trigger,success,2026-10-05 19:30:00.037,2026-10-05 19:30:00.698,661
1005,health-monitor,trigger,success,2026-10-05 19:30:00.045,2026-10-05 19:30:00.513,468
1006,health-monitor,trigger,success,2026-10-05 19:35:00.027,2026-10-05 19:35:00.106,79
1007,health-monitor,trigger,success,2026-10-05 19:40:00.030,2026-10-05 19:40:00.105,75
1008,ioc-extractor,trigger,success,2026-10-05 19:45:00.030,2026-10-05 19:45:00.081,51
1009,health-monitor,trigger,success,2026-10-05 19:45:00.039,2026-10-05 19:45:00.172,133
1010,health-monitor,trigger,success,2026-10-05 19:50:00.031,2026-10-05 19:50:00.086,55
1011,health-monitor,trigger,success,2026-10-05 19:55:00.029,2026-10-05 19:55:00.091,62
1012,health-monitor,trigger,success,2026-10-05 20:00:00.031,2026-10-05 20:00:00.132,101
1013,ioc-extractor,trigger,success,2026-10-05 20:00:00.039,2026-10-05 20:00:00.140,101
1014,health-monitor,trigger,success,2026-10-05 20:05:00.028,2026-10-05 20:05:00.084,56
1015,health-monitor,trigger,success,2026-10-05 20:10:00.025,2026-10-05 20:10:00.086,61
1016,ioc-extractor,trigger,success,2026-10-05 20:15:00.037,2026-10-05 20:15:00.088,51
1017,health-monitor,trigger,success,2026-10-05 20:15:00.047,2026-10-05 20:15:00.174,127
1018,event-ingest,webhook,success,2026-10-05 20:15:20.638,2026-10-05 20:15:21.020,382
1019,event-ingest,webhook,success,2026-10-05 20:15:20.674,2026-10-05 20:15:21.091,417
1020,event-ingest,webhook,success,2026-10-05 20:15:20.706,2026-10-05 20:15:21.066,360
1021,event-ingest,webhook,success,2026-10-05 20:15:20.771,2026-10-05 20:15:21.195,424
1022,event-ingest,webhook,success,2026-10-05 20:15:21.735,2026-10-05 20:15:22.068,333
1023,event-ingest,webhook,success,2026-10-05 20:15:21.770,2026-10-05 20:15:22.148,378
1024,event-ingest,webhook,success,2026-10-05 20:15:21.801,2026-10-05 20:15:22.140,339
1025,event-ingest,webhook,success,2026-10-05 20:15:21.836,2026-10-05 20:15:22.232,396
1026,event-ingest,webhook,success,2026-10-05 20:15:21.873,2026-10-05 20:15:22.223,350
1027,event-ingest,webhook,success,2026-10-05 20:15:22.823,2026-10-05 20:15:23.158,335
1028,event-ingest,webhook,success,2026-10-05 20:15:22.858,2026-10-05 20:15:23.244,386
1029,event-ingest,webhook,success,2026-10-05 20:15:22.892,2026-10-05 20:15:23.246,354
1030,event-ingest,webhook,success,2026-10-05 20:15:22.928,2026-10-05 20:15:23.320,392
1031,event-ingest,webhook,success,2026-10-05 20:15:22.961,2026-10-05 20:15:23.303,342
1032,event-ingest,webhook,success,2026-10-05 20:15:23.002,2026-10-05 20:15:23.398,396
1033,event-ingest,webhook,success,2026-10-05 20:15:23.036,2026-10-05 20:15:23.374,338
1034,event-ingest,webhook,success,2026-10-05 20:15:23.965,2026-10-05 20:15:24.298,333
1035,event-ingest,webhook,success,2026-10-05 20:15:25.496,2026-10-05 20:15:25.830,334
1036,event-ingest,webhook,success,2026-10-05 20:15:27.028,2026-10-05 20:15:27.377,349
1037,event-ingest,webhook,success,2026-10-05 20:15:28.557,2026-10-05 20:15:28.909,352
1038,event-ingest,webhook,success,2026-10-05 20:15:28.601,2026-10-05 20:15:28.994,393
1039,report-generator,cli,success,2026-10-05 20:16:18.192,2026-10-05 20:16:19.615,1423
1040,event-ingest,webhook,success,2026-10-05 20:16:42.809,2026-10-05 20:16:43.224,415
1041,event-ingest,webhook,success,2026-10-05 20:16:42.847,2026-10-05 20:16:43.239,392
1042,event-ingest,webhook,success,2026-10-05 20:16:42.885,2026-10-05 20:16:43.245,360
1043,event-ingest,webhook,success,2026-10-05 20:16:42.929,2026-10-05 20:16:43.310,381
1044,event-ingest,webhook,success,2026-10-05 20:16:43.862,2026-10-05 20:16:44.206,344
1045,event-ingest,webhook,success,2026-10-05 20:16:43.892,2026-10-05 20:16:44.291,399
1046,event-ingest,webhook,success,2026-10-05 20:16:43.924,2026-10-05 20:16:44.287,363
1047,event-ingest,webhook,success,2026-10-05 20:16:43.966,2026-10-05 20:16:44.352,386
1048,event-ingest,webhook,success,2026-10-05 20:16:43.998,2026-10-05 20:16:44.355,357
1049,event-ingest,webhook,success,2026-10-05 20:16:44.932,2026-10-05 20:16:45.268,336
1050,event-ingest,webhook,success,2026-10-05 20:16:44.964,2026-10-05 20:16:45.380,416
1051,event-ingest,webhook,success,2026-10-05 20:16:45.003,2026-10-05 20:16:45.359,356
1052,event-ingest,webhook,success,2026-10-05 20:16:45.058,2026-10-05 20:16:45.497,439
1053,event-ingest,webhook,success,2026-10-05 20:16:45.126,2026-10-05 20:16:45.464,338
1054,event-ingest,webhook,success,2026-10-05 20:16:45.166,2026-10-05 20:16:45.572,406
1055,event-ingest,webhook,success,2026-10-05 20:16:45.203,2026-10-05 20:16:45.551,348
1056,event-ingest,webhook,success,2026-10-05 20:16:46.133,2026-10-05 20:16:46.490,357
1057,event-ingest,webhook,success,2026-10-05 20:16:47.667,2026-10-05 20:16:48.022,355
1058,event-ingest,webhook,success,2026-10-05 20:16:49.205,2026-10-05 20:16:49.562,357
1059,event-ingest,webhook,success,2026-10-05 20:16:50.447,2026-10-05 20:16:50.783,336
1060,event-ingest,webhook,success,2026-10-05 20:16:50.482,2026-10-05 20:16:50.873,391
1061,event-ingest,webhook,success,2026-10-05 20:16:52.019,2026-10-05 20:16:52.383,364
1062,event-ingest,webhook,success,2026-10-05 20:16:52.051,2026-10-05 20:16:52.439,388
1063,event-ingest,webhook,success,2026-10-05 20:16:52.082,2026-10-05 20:16:52.441,359
1064,event-ingest,webhook,success,2026-10-05 20:16:52.116,2026-10-05 20:16:52.510,394
1065,event-ingest,webhook,success,2026-10-05 20:16:53.052,2026-10-05 20:16:53.402,350
1066,event-ingest,webhook,success,2026-10-05 20:16:53.082,2026-10-05 20:16:53.462,380
1067,event-ingest,webhook,success,2026-10-05 20:16:53.108,2026-10-05 20:16:53.460,352
1068,event-ingest,webhook,success,2026-10-05 20:16:53.142,2026-10-05 20:16:53.527,385
1069,event-ingest,webhook,success,2026-10-05 20:16:53.170,2026-10-05 20:16:53.505,335
1070,event-ingest,webhook,success,2026-10-05 20:16:54.104,2026-10-05 20:16:56.151,2047
1071,event-ingest,webhook,success,2026-10-05 20:16:54.137,2026-10-05 20:16:56.221,2084
1072,event-ingest,webhook,success,2026-10-05 20:16:54.169,2026-10-05 20:16:56.209,2040
1073,event-ingest,webhook,success,2026-10-05 20:16:54.207,2026-10-05 20:16:56.296,2089
1074,event-ingest,webhook,success,2026-10-05 20:16:54.237,2026-10-05 20:16:56.273,2036
1075,event-ingest,webhook,success,2026-10-05 20:16:54.273,2026-10-05 20:16:56.361,2088
1076,event-ingest,webhook,success,2026-10-05 20:16:54.312,2026-10-05 20:16:56.344,2032
1077,event-ingest,webhook,success,2026-10-05 20:16:55.247,2026-10-05 20:16:57.285,2038
1078,event-ingest,webhook,success,2026-10-05 20:16:56.779,2026-10-05 20:16:58.816,2037
1079,event-ingest,webhook,success,2026-10-05 20:16:58.307,2026-10-05 20:17:00.345,2038
1080,event-ingest,webhook,success,2026-10-05 20:16:59.833,2026-10-05 20:17:01.876,2043
1081,event-ingest,webhook,success,2026-10-05 20:16:59.876,2026-10-05 20:17:01.959,2083
1082,event-ingest,webhook,success,2026-10-05 20:17:01.419,2026-10-05 20:17:03.467,2048
1083,event-ingest,webhook,success,2026-10-05 20:17:01.469,2026-10-05 20:17:03.575,2106
1084,event-ingest,webhook,success,2026-10-05 20:17:01.525,2026-10-05 20:17:03.564,2039
1085,event-ingest,webhook,success,2026-10-05 20:17:01.560,2026-10-05 20:17:03.635,2075
1086,event-ingest,webhook,success,2026-10-05 20:17:02.493,2026-10-05 20:17:04.531,2038
1087,event-ingest,webhook,success,2026-10-05 20:17:02.522,2026-10-05 20:17:04.599,2077
1088,event-ingest,webhook,success,2026-10-05 20:17:02.550,2026-10-05 20:17:04.585,2035
1089,event-ingest,webhook,success,2026-10-05 20:17:02.583,2026-10-05 20:17:04.682,2099
1090,event-ingest,webhook,success,2026-10-05 20:17:02.617,2026-10-05 20:17:04.657,2040
1091,event-ingest,webhook,success,2026-10-05 20:17:03.551,2026-10-05 20:17:05.620,2069
1092,event-ingest,webhook,success,2026-10-05 20:17:03.632,2026-10-05 20:17:05.679,2047
1093,event-ingest,webhook,success,2026-10-05 20:17:03.678,2026-10-05 20:17:05.761,2083
1094,event-ingest,webhook,success,2026-10-05 20:17:03.712,2026-10-05 20:17:05.746,2034
1095,event-ingest,webhook,success,2026-10-05 20:17:03.748,2026-10-05 20:17:06.546,2798
1096,event-ingest,webhook,success,2026-10-05 20:17:03.780,2026-10-05 20:17:05.815,2035
1097,event-ingest,webhook,success,2026-10-05 20:17:03.814,2026-10-05 20:17:06.597,2783
1098,event-ingest,webhook,success,2026-10-05 20:17:04.744,2026-10-05 20:17:06.775,2031
1099,event-ingest,webhook,success,2026-10-05 20:17:05.970,2026-10-05 20:17:08.007,2037
1100,event-ingest,webhook,success,2026-10-05 20:17:07.512,2026-10-05 20:17:09.549,2037
1101,event-ingest,webhook,success,2026-10-05 20:17:09.040,2026-10-05 20:17:11.081,2041
1102,event-ingest,webhook,success,2026-10-05 20:17:09.077,2026-10-05 20:17:11.151,2074
1103,event-ingest,webhook,success,2026-10-05 20:17:10.609,2026-10-05 20:17:12.649,2040
1104,event-ingest,webhook,success,2026-10-05 20:17:10.638,2026-10-05 20:17:12.722,2084
1105,event-ingest,webhook,success,2026-10-05 20:17:10.669,2026-10-05 20:17:12.708,2039
1106,event-ingest,webhook,success,2026-10-05 20:17:10.704,2026-10-05 20:17:12.778,2074
1107,event-ingest,webhook,success,2026-10-05 20:17:11.639,2026-10-05 20:17:13.682,2043
1108,event-ingest,webhook,success,2026-10-05 20:17:11.671,2026-10-05 20:17:13.758,2087
1109,event-ingest,webhook,success,2026-10-05 20:17:11.705,2026-10-05 20:17:13.743,2038
1110,event-ingest,webhook,success,2026-10-05 20:17:11.740,2026-10-05 20:17:13.824,2084
1111,event-ingest,webhook,success,2026-10-05 20:17:11.781,2026-10-05 20:17:13.812,2031
1112,event-ingest,webhook,success,2026-10-05 20:17:12.729,2026-10-05 20:17:14.802,2073
1113,event-ingest,webhook,success,2026-10-05 20:17:12.812,2026-10-05 20:17:14.901,2089
1114,event-ingest,webhook,success,2026-10-05 20:17:12.844,2026-10-05 20:17:14.879,2035
1115,event-ingest,webhook,success,2026-10-05 20:17:12.883,2026-10-05 20:17:14.970,2087
1116,event-ingest,webhook,success,2026-10-05 20:17:12.918,2026-10-05 20:17:14.958,2040
1117,event-ingest,webhook,success,2026-10-05 20:17:12.953,2026-10-05 20:17:15.759,2806
1118,event-ingest,webhook,success,2026-10-05 20:17:12.987,2026-10-05 20:17:15.693,2706
1119,event-ingest,webhook,success,2026-10-05 20:17:13.913,2026-10-05 20:17:15.951,2038
1120,event-ingest,webhook,success,2026-10-05 20:17:15.444,2026-10-05 20:17:17.492,2048
1121,event-ingest,webhook,success,2026-10-05 20:17:16.975,2026-10-05 20:17:19.008,2033
1122,event-ingest,webhook,success,2026-10-05 20:17:18.517,2026-10-05 20:17:20.570,2053
1123,event-ingest,webhook,success,2026-10-05 20:17:18.568,2026-10-05 20:17:20.665,2097
1124,report-generator,cli,error,2026-10-05 20:17:32.712,2026-10-05 20:17:33.978,1266
1125,prueba-param,cli,success,2026-10-05 20:18:00.053,2026-10-05 20:18:01.240,1187
1126,health-monitor,trigger,success,2026-10-05 20:20:00.088,2026-10-05 20:20:00.312,224
1127,event-ingest,webhook,success,2026-10-05 20:20:04.341,2026-10-05 20:20:04.762,421
1128,event-ingest,webhook,success,2026-10-05 20:20:04.384,2026-10-05 20:20:04.786,402
1129,event-ingest,webhook,success,2026-10-05 20:20:04.419,2026-10-05 20:20:04.773,354
1130,event-ingest,webhook,success,2026-10-05 20:20:04.462,2026-10-05 20:20:04.841,379
1131,event-ingest,webhook,success,2026-10-05 20:20:05.402,2026-10-05 20:20:05.742,340
1132,event-ingest,webhook,success,2026-10-05 20:20:05.444,2026-10-05 20:20:05.863,419
1133,event-ingest,webhook,success,2026-10-05 20:20:05.496,2026-10-05 20:20:05.877,381
1134,event-ingest,webhook,success,2026-10-05 20:20:05.555,2026-10-05 20:20:05.954,399
1135,event-ingest,webhook,success,2026-10-05 20:20:05.586,2026-10-05 20:20:05.921,335
1136,event-ingest,webhook,success,2026-10-05 20:20:06.518,2026-10-05 20:20:06.877,359
1137,event-ingest,webhook,success,2026-10-05 20:20:06.555,2026-10-05 20:20:06.960,405
1138,event-ingest,webhook,success,2026-10-05 20:20:06.590,2026-10-05 20:20:06.934,344
1139,event-ingest,webhook,success,2026-10-05 20:20:06.630,2026-10-05 20:20:07.023,393
1140,event-ingest,webhook,success,2026-10-05 20:20:06.660,2026-10-05 20:20:07.011,351
1141,event-ingest,webhook,success,2026-10-05 20:20:06.702,2026-10-05 20:20:07.115,413
1142,event-ingest,webhook,success,2026-10-05 20:20:06.749,2026-10-05 20:20:07.095,346
1143,event-ingest,webhook,success,2026-10-05 20:20:07.683,2026-10-05 20:20:08.024,341
1144,event-ingest,webhook,success,2026-10-05 20:20:09.215,2026-10-05 20:20:09.558,343
1145,event-ingest,webhook,success,2026-10-05 20:20:10.754,2026-10-05 20:20:11.093,339
1146,event-ingest,webhook,success,2026-10-05 20:20:11.989,2026-10-05 20:20:12.345,356
1147,event-ingest,webhook,success,2026-10-05 20:20:12.038,2026-10-05 20:20:12.416,378
1148,event-ingest,webhook,success,2026-10-05 20:20:26.489,2026-10-05 20:20:26.845,356
1149,event-ingest,webhook,success,2026-10-05 20:20:26.528,2026-10-05 20:20:26.942,414
1150,event-ingest,webhook,success,2026-10-05 20:20:26.563,2026-10-05 20:20:26.924,361
1151,event-ingest,webhook,success,2026-10-05 20:20:26.608,2026-10-05 20:20:27.004,396
1152,event-ingest,webhook,success,2026-10-05 20:20:28.747,2026-10-05 20:20:29.107,360
1153,event-ingest,webhook,success,2026-10-05 20:20:28.780,2026-10-05 20:20:29.184,404
1154,event-ingest,webhook,success,2026-10-05 20:20:28.812,2026-10-05 20:20:29.167,355
1155,event-ingest,webhook,success,2026-10-05 20:20:28.851,2026-10-05 20:20:29.235,384
1156,event-ingest,webhook,success,2026-10-05 20:20:30.702,2026-10-05 20:20:31.065,363
1157,event-ingest,webhook,success,2026-10-05 20:20:30.780,2026-10-05 20:20:32.873,2093
1158,event-ingest,webhook,success,2026-10-05 20:20:30.813,2026-10-05 20:20:32.871,2058
1159,event-ingest,webhook,success,2026-10-05 20:20:30.848,2026-10-05 20:20:32.927,2079
1160,event-ingest,webhook,success,2026-10-05 20:20:32.680,2026-10-05 20:20:34.721,2041
1161,event-ingest,webhook,success,2026-10-05 20:20:32.712,2026-10-05 20:20:34.793,2081
1162,event-ingest,webhook,success,2026-10-05 20:20:32.743,2026-10-05 20:20:34.789,2046
1163,event-ingest,webhook,success,2026-10-05 20:20:32.777,2026-10-05 20:20:34.865,2088
1164,event-ingest,webhook,success,2026-10-05 20:20:34.906,2026-10-05 20:20:36.949,2043
1165,event-ingest,webhook,success,2026-10-05 20:20:34.937,2026-10-05 20:20:37.046,2109
1166,event-ingest,webhook,success,2026-10-05 20:20:34.972,2026-10-05 20:20:37.026,2054
1167,event-ingest,webhook,success,2026-10-05 20:20:35.015,2026-10-05 20:20:37.109,2094
1168,event-ingest,webhook,success,2026-10-05 20:20:36.847,2026-10-05 20:20:38.897,2050
1169,event-ingest,webhook,success,2026-10-05 20:20:36.880,2026-10-05 20:20:38.997,2117
1170,event-ingest,webhook,success,2026-10-05 20:20:36.911,2026-10-05 20:20:38.949,2038
1171,event-ingest,webhook,success,2026-10-05 20:20:36.962,2026-10-05 20:20:39.086,2124
1172,event-ingest,webhook,success,2026-10-05 20:20:38.813,2026-10-05 20:20:40.860,2047
1173,event-ingest,webhook,success,2026-10-05 20:20:38.850,2026-10-05 20:20:40.993,2143
1174,event-ingest,webhook,success,2026-10-05 20:20:38.910,2026-10-05 20:20:41.014,2104
1175,event-ingest,webhook,success,2026-10-05 20:20:39.015,2026-10-05 20:20:41.066,2051
1176,event-ingest,webhook,success,2026-10-05 20:20:40.864,2026-10-05 20:20:42.928,2064
1177,event-ingest,webhook,success,2026-10-05 20:20:40.915,2026-10-05 20:20:43.041,2126
1178,event-ingest,webhook,success,2026-10-05 20:20:40.949,2026-10-05 20:20:42.996,2047
1179,event-ingest,webhook,success,2026-10-05 20:20:41.021,2026-10-05 20:20:43.127,2106
1180,event-ingest,webhook,success,2026-10-05 20:20:42.900,2026-10-05 20:20:44.979,2079
1181,event-ingest,webhook,success,2026-10-05 20:20:42.976,2026-10-05 20:20:45.052,2076
1182,event-ingest,webhook,success,2026-10-05 20:20:43.055,2026-10-05 20:20:45.165,2110
1183,event-ingest,webhook,success,2026-10-05 20:20:43.135,2026-10-05 20:20:45.191,2056
1184,event-ingest,webhook,success,2026-10-05 20:20:43.186,2026-10-05 20:20:45.285,2099
1185,event-ingest,webhook,success,2026-10-05 20:20:43.222,2026-10-05 20:20:45.264,2042
1186,event-ingest,webhook,success,2026-10-05 20:20:44.173,2026-10-05 20:20:46.206,2033
1187,event-ingest,webhook,success,2026-10-05 20:20:45.099,2026-10-05 20:20:47.135,2036
1188,event-ingest,webhook,success,2026-10-05 20:20:45.740,2026-10-05 20:20:47.781,2041
1189,event-ingest,webhook,success,2026-10-05 20:20:46.675,2026-10-05 20:20:48.714,2039
1190,event-ingest,webhook,success,2026-10-05 20:20:47.303,2026-10-05 20:20:49.348,2045
1191,event-ingest,webhook,success,2026-10-05 20:20:48.240,2026-10-05 20:20:50.282,2042
1192,event-ingest,webhook,success,2026-10-05 20:20:48.272,2026-10-05 20:20:50.347,2075
1193,event-ingest,webhook,success,2026-10-05 20:20:49.206,2026-10-05 20:20:51.250,2044
1194,event-ingest,webhook,success,2026-10-05 20:20:49.239,2026-10-05 20:20:51.326,2087
1195,event-ingest,webhook,success,2026-10-05 20:20:49.267,2026-10-05 20:20:51.310,2043
1196,event-ingest,webhook,success,2026-10-05 20:20:49.304,2026-10-05 20:20:51.432,2128
1197,event-ingest,webhook,success,2026-10-05 20:20:51.142,2026-10-05 20:20:53.184,2042
1198,event-ingest,webhook,success,2026-10-05 20:20:51.180,2026-10-05 20:20:53.273,2093
1199,event-ingest,webhook,success,2026-10-05 20:20:51.209,2026-10-05 20:20:53.248,2039
1200,event-ingest,webhook,success,2026-10-05 20:20:51.253,2026-10-05 20:20:53.347,2094
1201,event-ingest,webhook,success,2026-10-05 20:20:53.397,2026-10-05 20:20:55.441,2044
1202,event-ingest,webhook,success,2026-10-05 20:20:53.423,2026-10-05 20:20:55.513,2090
1203,event-ingest,webhook,success,2026-10-05 20:20:53.453,2026-10-05 20:20:55.499,2046
1204,event-ingest,webhook,success,2026-10-05 20:20:53.501,2026-10-05 20:20:55.572,2071
1205,event-ingest,webhook,success,2026-10-05 20:20:55.335,2026-10-05 20:20:57.375,2040
1206,event-ingest,webhook,success,2026-10-05 20:20:55.370,2026-10-05 20:20:57.478,2108
1207,event-ingest,webhook,success,2026-10-05 20:20:55.401,2026-10-05 20:20:57.453,2052
1208,event-ingest,webhook,success,2026-10-05 20:20:55.453,2026-10-05 20:20:57.582,2129
1209,event-ingest,webhook,success,2026-10-05 20:20:57.315,2026-10-05 20:20:59.354,2039
1210,event-ingest,webhook,success,2026-10-05 20:20:57.350,2026-10-05 20:20:59.473,2123
1211,event-ingest,webhook,success,2026-10-05 20:20:57.403,2026-10-05 20:20:59.456,2053
1212,event-ingest,webhook,success,2026-10-05 20:20:57.462,2026-10-05 20:20:59.541,2079
1213,event-ingest,webhook,success,2026-10-05 20:20:59.343,2026-10-05 20:21:01.399,2056
1214,event-ingest,webhook,success,2026-10-05 20:20:59.393,2026-10-05 20:21:01.494,2101
1215,event-ingest,webhook,success,2026-10-05 20:20:59.420,2026-10-05 20:21:01.464,2044
1216,event-ingest,webhook,success,2026-10-05 20:20:59.481,2026-10-05 20:21:01.552,2071
1217,event-ingest,webhook,success,2026-10-05 20:20:59.560,2026-10-05 20:21:01.626,2066
1218,event-ingest,webhook,success,2026-10-05 20:20:59.621,2026-10-05 20:21:01.755,2134
1219,event-ingest,webhook,success,2026-10-05 20:20:59.661,2026-10-05 20:21:01.729,2068
1220,event-ingest,webhook,success,2026-10-05 20:20:59.719,2026-10-05 20:21:01.848,2129
1221,event-ingest,webhook,success,2026-10-05 20:20:59.754,2026-10-05 20:21:01.830,2076
1222,event-ingest,webhook,success,2026-10-05 20:20:59.798,2026-10-05 20:21:01.964,2166
1223,event-ingest,webhook,success,2026-10-05 20:20:59.831,2026-10-05 20:21:03.479,3648
1224,event-ingest,webhook,success,2026-10-05 20:20:59.872,2026-10-05 20:21:03.410,3538
1225,event-ingest,webhook,success,2026-10-05 20:20:59.937,2026-10-05 20:21:03.510,3573
1226,report-generator,cli,success,2026-10-05 20:21:24.403,2026-10-05 20:21:25.598,1195
1227,health-monitor,trigger,success,2026-10-05 20:25:00.027,2026-10-05 20:25:00.149,122
1228,ioc-extractor,trigger,success,2026-10-05 20:30:00.040,2026-10-05 20:30:00.936,896
1229,health-monitor,trigger,success,2026-10-05 20:30:00.048,2026-10-05 20:30:00.399,351
1230,event-ingest,webhook,success,2026-10-05 20:31:22.075,2026-10-05 20:31:22.459,384
1231,event-ingest,webhook,success,2026-10-05 20:31:22.111,2026-10-05 20:31:22.518,407
1232,event-ingest,webhook,success,2026-10-05 20:31:22.147,2026-10-05 20:31:22.505,358
1233,event-ingest,webhook,success,2026-10-05 20:31:22.189,2026-10-05 20:31:22.568,379
1234,event-ingest,webhook,success,2026-10-05 20:31:23.127,2026-10-05 20:31:23.549,422
1235,event-ingest,webhook,success,2026-10-05 20:31:23.192,2026-10-05 20:31:23.711,519
1236,event-ingest,webhook,success,2026-10-05 20:31:23.244,2026-10-05 20:31:23.740,496
1237,event-ingest,webhook,success,2026-10-05 20:31:23.365,2026-10-05 20:31:23.890,525
1238,event-ingest,webhook,success,2026-10-05 20:31:23.435,2026-10-05 20:31:23.815,380
1239,event-ingest,webhook,success,2026-10-05 20:31:24.090,2026-10-05 20:31:24.449,359
1240,event-ingest,webhook,success,2026-10-05 20:31:24.128,2026-10-05 20:31:24.539,411
1241,event-ingest,webhook,success,2026-10-05 20:31:24.163,2026-10-05 20:31:24.502,339
1242,event-ingest,webhook,success,2026-10-05 20:31:24.206,2026-10-05 20:31:24.603,397
1243,event-ingest,webhook,success,2026-10-05 20:31:24.244,2026-10-05 20:31:24.585,341
1244,event-ingest,webhook,success,2026-10-05 20:31:24.287,2026-10-05 20:31:24.786,499
1245,event-ingest,webhook,success,2026-10-05 20:31:24.336,2026-10-05 20:31:24.696,360
1246,event-ingest,webhook,success,2026-10-05 20:31:25.281,2026-10-05 20:31:25.615,334
1247,event-ingest,webhook,success,2026-10-05 20:31:26.818,2026-10-05 20:31:27.156,338
1248,event-ingest,webhook,success,2026-10-05 20:31:28.358,2026-10-05 20:31:28.707,349
1249,event-ingest,webhook,success,2026-10-05 20:31:29.888,2026-10-05 20:31:30.248,360
1250,event-ingest,webhook,success,2026-10-05 20:31:29.936,2026-10-05 20:31:30.329,393
1251,event-ingest,webhook,success,2026-10-05 20:31:41.686,2026-10-05 20:31:42.054,368
1252,event-ingest,webhook,success,2026-10-05 20:31:41.725,2026-10-05 20:31:42.125,400
1253,event-ingest,webhook,success,2026-10-05 20:31:41.764,2026-10-05 20:31:42.109,345
1254,event-ingest,webhook,success,2026-10-05 20:31:41.812,2026-10-05 20:31:42.205,393
1255,event-ingest,webhook,success,2026-10-05 20:31:42.747,2026-10-05 20:31:43.087,340
1256,event-ingest,webhook,success,2026-10-05 20:31:42.780,2026-10-05 20:31:43.177,397
1257,event-ingest,webhook,success,2026-10-05 20:31:42.814,2026-10-05 20:31:43.164,350
1258,event-ingest,webhook,success,2026-10-05 20:31:42.860,2026-10-05 20:31:43.251,391
1259,event-ingest,webhook,success,2026-10-05 20:31:42.897,2026-10-05 20:31:43.237,340
1260,event-ingest,webhook,success,2026-10-05 20:31:43.836,2026-10-05 20:31:44.203,367
1261,event-ingest,webhook,success,2026-10-05 20:31:43.873,2026-10-05 20:31:44.303,430
1262,event-ingest,webhook,success,2026-10-05 20:31:43.906,2026-10-05 20:31:44.270,364
1263,event-ingest,webhook,success,2026-10-05 20:31:43.969,2026-10-05 20:31:44.381,412
1264,event-ingest,webhook,success,2026-10-05 20:31:44.013,2026-10-05 20:31:44.367,354
1265,event-ingest,webhook,success,2026-10-05 20:31:44.059,2026-10-05 20:31:44.512,453
1266,event-ingest,webhook,success,2026-10-05 20:31:44.102,2026-10-05 20:31:44.469,367
1267,event-ingest,webhook,success,2026-10-05 20:31:45.058,2026-10-05 20:31:47.092,2034
1268,event-ingest,webhook,success,2026-10-05 20:31:46.292,2026-10-05 20:31:48.329,2037
1269,event-ingest,webhook,success,2026-10-05 20:31:47.820,2026-10-05 20:31:49.850,2030
1270,event-ingest,webhook,success,2026-10-05 20:31:49.364,2026-10-05 20:31:51.407,2043
1271,event-ingest,webhook,success,2026-10-05 20:31:49.400,2026-10-05 20:31:51.475,2075
1272,event-ingest,webhook,success,2026-10-05 20:31:50.931,2026-10-05 20:31:52.975,2044
1273,event-ingest,webhook,success,2026-10-05 20:31:50.967,2026-10-05 20:31:53.059,2092
1274,health-monitor,trigger,success,2026-10-05 20:35:00.033,2026-10-05 20:35:00.125,92
1275,health-monitor,trigger,success,2026-10-05 20:40:00.026,2026-10-05 20:40:00.106,80
1276,health-monitor,trigger,success,2026-10-05 20:45:00.033,2026-10-05 20:45:00.125,92
1277,ioc-extractor,trigger,success,2026-10-05 20:45:00.043,2026-10-05 20:45:00.271,228
1278,event-ingest,webhook,success,2026-10-05 20:46:51.977,2026-10-05 20:46:52.194,217
1279,event-ingest,webhook,success,2026-10-05 20:46:52.879,2026-10-05 20:46:52.934,55
1280,event-ingest,webhook,success,2026-10-05 20:46:53.883,2026-10-05 20:46:53.915,32
1281,event-ingest,webhook,success,2026-10-05 20:46:54.860,2026-10-05 20:46:54.892,32
1282,event-ingest,webhook,success,2026-10-05 20:46:55.877,2026-10-05 20:46:55.910,33
1283,event-ingest,webhook,success,2026-10-05 20:46:56.871,2026-10-05 20:46:56.901,30
1284,event-ingest,webhook,success,2026-10-05 20:46:57.869,2026-10-05 20:46:57.897,28
1285,event-ingest,webhook,success,2026-10-05 20:46:58.860,2026-10-05 20:46:58.888,28
1286,event-ingest,webhook,success,2026-10-05 20:46:59.875,2026-10-05 20:46:59.903,28
1287,event-ingest,webhook,success,2026-10-05 20:47:00.881,2026-10-05 20:47:00.913,32
1288,event-ingest,webhook,success,2026-10-05 20:47:01.868,2026-10-05 20:47:01.910,42
1289,event-ingest,webhook,success,2026-10-05 20:47:02.879,2026-10-05 20:47:02.906,27
1290,event-ingest,webhook,success,2026-10-05 20:47:03.884,2026-10-05 20:47:03.913,29
1291,event-ingest,webhook,success,2026-10-05 20:47:04.868,2026-10-05 20:47:04.896,28
1292,event-ingest,webhook,success,2026-10-05 20:47:05.880,2026-10-05 20:47:05.913,33
1293,event-ingest,webhook,success,2026-10-05 20:47:06.877,2026-10-05 20:47:06.905,28
1294,event-ingest,webhook,success,2026-10-05 20:47:07.879,2026-10-05 20:47:07.907,28
1295,event-ingest,webhook,success,2026-10-05 20:47:08.873,2026-10-05 20:47:08.900,27
1296,event-ingest,webhook,success,2026-10-05 20:47:09.880,2026-10-05 20:47:09.907,27
1297,event-ingest,webhook,success,2026-10-05 20:47:10.875,2026-10-05 20:47:10.906,31
1298,event-ingest,webhook,success,2026-10-05 20:47:11.867,2026-10-05 20:47:11.894,27
1299,event-ingest,webhook,success,2026-10-05 20:47:12.867,2026-10-05 20:47:12.893,26
1300,event-ingest,webhook,success,2026-10-05 20:47:13.882,2026-10-05 20:47:13.911,29
1301,event-ingest,webhook,success,2026-10-05 20:47:14.875,2026-10-05 20:47:14.905,30
1302,event-ingest,webhook,success,2026-10-05 20:47:15.878,2026-10-05 20:47:15.906,28
1303,event-ingest,webhook,success,2026-10-05 20:47:16.870,2026-10-05 20:47:16.897,27
1304,event-ingest,webhook,success,2026-10-05 20:47:17.871,2026-10-05 20:47:17.897,26
1305,event-ingest,webhook,success,2026-10-05 20:47:18.878,2026-10-05 20:47:18.905,27
1306,event-ingest,webhook,success,2026-10-05 20:47:19.867,2026-10-05 20:47:19.895,28
1307,event-ingest,webhook,success,2026-10-05 20:47:20.873,2026-10-05 20:47:20.912,39
1308,event-ingest,webhook,success,2026-10-05 20:47:21.875,2026-10-05 20:47:21.903,28
1309,event-ingest,webhook,success,2026-10-05 20:47:22.876,2026-10-05 20:47:22.908,32
1310,event-ingest,webhook,success,2026-10-05 20:47:23.872,2026-10-05 20:47:23.898,26
1311,event-ingest,webhook,success,2026-10-05 20:47:24.872,2026-10-05 20:47:24.902,30
1312,event-ingest,webhook,success,2026-10-05 20:47:25.874,2026-10-05 20:47:25.907,33
1313,event-ingest,webhook,success,2026-10-05 20:47:26.869,2026-10-05 20:47:26.899,30
1314,event-ingest,webhook,success,2026-10-05 20:47:27.866,2026-10-05 20:47:27.892,26
1315,event-ingest,webhook,success,2026-10-05 20:47:28.867,2026-10-05 20:47:28.894,27
1316,event-ingest,webhook,success,2026-10-05 20:47:29.876,2026-10-05 20:47:29.907,31
1317,event-ingest,webhook,success,2026-10-05 20:47:30.873,2026-10-05 20:47:30.903,30
1318,event-ingest,webhook,success,2026-10-05 20:47:31.872,2026-10-05 20:47:31.902,30
1319,event-ingest,webhook,success,2026-10-05 20:47:32.874,2026-10-05 20:47:32.905,31
1320,event-ingest,webhook,success,2026-10-05 20:47:33.871,2026-10-05 20:47:33.897,26
1321,event-ingest,webhook,success,2026-10-05 20:47:34.882,2026-10-05 20:47:34.917,35
1322,event-ingest,webhook,success,2026-10-05 20:47:35.873,2026-10-05 20:47:35.899,26
1323,event-ingest,webhook,success,2026-10-05 20:47:36.866,2026-10-05 20:47:36.892,26
1324,event-ingest,webhook,success,2026-10-05 20:47:37.874,2026-10-05 20:47:37.911,37
1325,event-ingest,webhook,success,2026-10-05 20:47:38.876,2026-10-05 20:47:38.904,28
1326,event-ingest,webhook,success,2026-10-05 20:47:39.875,2026-10-05 20:47:39.922,47
1327,event-ingest,webhook,success,2026-10-05 20:47:40.881,2026-10-05 20:47:40.921,40
1328,event-ingest,webhook,success,2026-10-05 20:47:41.871,2026-10-05 20:47:41.899,28
1329,event-ingest,webhook,success,2026-10-05 20:47:42.875,2026-10-05 20:47:42.900,25
1330,event-ingest,webhook,success,2026-10-05 20:47:43.876,2026-10-05 20:47:43.902,26
1331,event-ingest,webhook,success,2026-10-05 20:47:44.875,2026-10-05 20:47:44.901,26
1332,event-ingest,webhook,success,2026-10-05 20:47:45.868,2026-10-05 20:47:45.895,27
1333,event-ingest,webhook,success,2026-10-05 20:47:46.877,2026-10-05 20:47:46.904,27
1334,event-ingest,webhook,success,2026-10-05 20:47:47.880,2026-10-05 20:47:47.904,24
1335,event-ingest,webhook,success,2026-10-05 20:47:48.869,2026-10-05 20:47:48.898,29
1336,event-ingest,webhook,success,2026-10-05 20:47:49.866,2026-10-05 20:47:49.890,24
1337,event-ingest,webhook,success,2026-10-05 20:47:50.883,2026-10-05 20:47:50.913,30
1338,event-ingest,webhook,success,2026-10-05 20:47:51.873,2026-10-05 20:47:51.902,29
1339,event-ingest,webhook,success,2026-10-05 20:47:52.880,2026-10-05 20:47:52.908,28
1340,event-ingest,webhook,success,2026-10-05 20:47:53.869,2026-10-05 20:47:53.894,25
1341,event-ingest,webhook,success,2026-10-05 20:47:54.878,2026-10-05 20:47:54.905,27
1342,event-ingest,webhook,success,2026-10-05 20:47:55.877,2026-10-05 20:47:55.903,26
1343,event-ingest,webhook,success,2026-10-05 20:47:56.875,2026-10-05 20:47:56.901,26
1344,event-ingest,webhook,success,2026-10-05 20:47:57.877,2026-10-05 20:47:57.902,25
1345,event-ingest,webhook,success,2026-10-05 20:47:58.869,2026-10-05 20:47:58.896,27
1346,event-ingest,webhook,success,2026-10-05 20:47:59.873,2026-10-05 20:47:59.897,24
1347,event-ingest,webhook,success,2026-10-05 20:48:00.870,2026-10-05 20:48:00.902,32
1348,event-ingest,webhook,success,2026-10-05 20:48:01.866,2026-10-05 20:48:01.892,26
1349,event-ingest,webhook,success,2026-10-05 20:48:02.881,2026-10-05 20:48:02.906,25
1350,event-ingest,webhook,success,2026-10-05 20:48:03.880,2026-10-05 20:48:03.907,27
1351,event-ingest,webhook,success,2026-10-05 20:48:04.881,2026-10-05 20:48:04.906,25
1352,event-ingest,webhook,success,2026-10-05 20:48:05.870,2026-10-05 20:48:05.895,25
1353,event-ingest,webhook,success,2026-10-05 20:48:06.876,2026-10-05 20:48:06.902,26
1354,event-ingest,webhook,success,2026-10-05 20:48:07.879,2026-10-05 20:48:07.905,26
1355,event-ingest,webhook,success,2026-10-05 20:48:08.873,2026-10-05 20:48:08.900,27
1356,event-ingest,webhook,success,2026-10-05 20:48:09.865,2026-10-05 20:48:09.889,24
1357,event-ingest,webhook,success,2026-10-05 20:48:10.875,2026-10-05 20:48:10.917,42
1358,event-ingest,webhook,success,2026-10-05 20:48:11.868,2026-10-05 20:48:11.897,29
1359,event-ingest,webhook,success,2026-10-05 20:48:12.879,2026-10-05 20:48:12.908,29
1360,event-ingest,webhook,success,2026-10-05 20:48:13.876,2026-10-05 20:48:13.906,30
1361,event-ingest,webhook,success,2026-10-05 20:48:14.881,2026-10-05 20:48:14.913,32
1362,event-ingest,webhook,success,2026-10-05 20:48:15.872,2026-10-05 20:48:15.914,42
1363,event-ingest,webhook,success,2026-10-05 20:48:16.864,2026-10-05 20:48:16.892,28
1364,event-ingest,webhook,success,2026-10-05 20:48:17.868,2026-10-05 20:48:17.891,23
1365,event-ingest,webhook,success,2026-10-05 20:48:18.878,2026-10-05 20:48:18.905,27
1366,event-ingest,webhook,success,2026-10-05 20:48:19.880,2026-10-05 20:48:19.913,33
1367,event-ingest,webhook,success,2026-10-05 20:48:20.865,2026-10-05 20:48:20.907,42
1368,event-ingest,webhook,success,2026-10-05 20:48:21.864,2026-10-05 20:48:21.901,37
1369,event-ingest,webhook,success,2026-10-05 20:48:22.865,2026-10-05 20:48:22.912,47
1370,event-ingest,webhook,success,2026-10-05 20:48:23.878,2026-10-05 20:48:23.903,25
1371,event-ingest,webhook,success,2026-10-05 20:48:24.865,2026-10-05 20:48:24.938,73
1372,event-ingest,webhook,success,2026-10-05 20:48:25.870,2026-10-05 20:48:25.898,28
1373,event-ingest,webhook,success,2026-10-05 20:48:26.862,2026-10-05 20:48:26.890,28
1374,event-ingest,webhook,success,2026-10-05 20:48:27.870,2026-10-05 20:48:27.899,29
1375,event-ingest,webhook,success,2026-10-05 20:48:28.876,2026-10-05 20:48:28.902,26
1376,event-ingest,webhook,success,2026-10-05 20:48:29.871,2026-10-05 20:48:29.896,25
1377,event-ingest,webhook,success,2026-10-05 20:48:30.863,2026-10-05 20:48:30.904,41
1378,event-ingest,webhook,success,2026-10-05 20:48:31.875,2026-10-05 20:48:31.899,24
1379,event-ingest,webhook,success,2026-10-05 20:48:32.875,2026-10-05 20:48:32.902,27
1380,event-ingest,webhook,success,2026-10-05 20:48:33.875,2026-10-05 20:48:33.899,24
1381,event-ingest,webhook,success,2026-10-05 20:48:34.875,2026-10-05 20:48:34.901,26
1382,event-ingest,webhook,success,2026-10-05 20:48:35.869,2026-10-05 20:48:35.896,27
1383,event-ingest,webhook,success,2026-10-05 20:48:36.869,2026-10-05 20:48:36.895,26
1384,event-ingest,webhook,success,2026-10-05 20:48:37.871,2026-10-05 20:48:37.895,24
1385,event-ingest,webhook,success,2026-10-05 20:48:38.866,2026-10-05 20:48:38.894,28
1386,event-ingest,webhook,success,2026-10-05 20:48:39.879,2026-10-05 20:48:39.902,23
1387,event-ingest,webhook,success,2026-10-05 20:48:40.881,2026-10-05 20:48:40.917,36
1388,event-ingest,webhook,success,2026-10-05 20:48:41.883,2026-10-05 20:48:41.908,25
1389,event-ingest,webhook,success,2026-10-05 20:48:42.876,2026-10-05 20:48:42.902,26
1390,event-ingest,webhook,success,2026-10-05 20:48:43.875,2026-10-05 20:48:43.898,23
1391,event-ingest,webhook,success,2026-10-05 20:48:44.882,2026-10-05 20:48:44.906,24
1392,event-ingest,webhook,success,2026-10-05 20:48:45.885,2026-10-05 20:48:45.917,32
1393,event-ingest,webhook,success,2026-10-05 20:48:46.872,2026-10-05 20:48:46.897,25
1394,event-ingest,webhook,success,2026-10-05 20:48:47.874,2026-10-05 20:48:47.901,27
1395,event-ingest,webhook,success,2026-10-05 20:48:48.870,2026-10-05 20:48:48.904,34
1396,event-ingest,webhook,success,2026-10-05 20:48:49.874,2026-10-05 20:48:49.900,26
1397,event-ingest,webhook,success,2026-10-05 20:48:50.865,2026-10-05 20:48:50.897,32
1398,event-ingest,webhook,success,2026-10-05 20:49:20.890,2026-10-05 20:49:20.926,36
1399,event-ingest,webhook,success,2026-10-05 20:49:21.405,2026-10-05 20:49:21.432,27
1400,event-ingest,webhook,success,2026-10-05 20:49:21.900,2026-10-05 20:49:21.926,26
1401,event-ingest,webhook,success,2026-10-05 20:49:22.390,2026-10-05 20:49:22.417,27
1402,event-ingest,webhook,success,2026-10-05 20:49:22.892,2026-10-05 20:49:22.921,29
1403,event-ingest,webhook,success,2026-10-05 20:49:23.399,2026-10-05 20:49:23.429,30
1404,event-ingest,webhook,success,2026-10-05 20:49:23.913,2026-10-05 20:49:23.946,33
1405,event-ingest,webhook,success,2026-10-05 20:49:24.402,2026-10-05 20:49:24.437,35
1406,event-ingest,webhook,success,2026-10-05 20:49:24.897,2026-10-05 20:49:24.920,23
1407,event-ingest,webhook,success,2026-10-05 20:49:25.401,2026-10-05 20:49:25.425,24
1408,event-ingest,webhook,success,2026-10-05 20:49:25.902,2026-10-05 20:49:25.929,27
1409,event-ingest,webhook,success,2026-10-05 20:49:26.398,2026-10-05 20:49:26.424,26
1410,event-ingest,webhook,success,2026-10-05 20:49:26.890,2026-10-05 20:49:26.931,41
1411,event-ingest,webhook,success,2026-10-05 20:49:27.391,2026-10-05 20:49:27.417,26
1412,event-ingest,webhook,success,2026-10-05 20:49:27.910,2026-10-05 20:49:27.934,24
1413,event-ingest,webhook,success,2026-10-05 20:49:28.411,2026-10-05 20:49:28.440,29
1414,event-ingest,webhook,success,2026-10-05 20:49:28.908,2026-10-05 20:49:28.939,31
1415,event-ingest,webhook,success,2026-10-05 20:49:29.406,2026-10-05 20:49:29.432,26
1416,event-ingest,webhook,success,2026-10-05 20:49:29.897,2026-10-05 20:49:29.924,27
1417,event-ingest,webhook,success,2026-10-05 20:49:30.397,2026-10-05 20:49:30.424,27
1418,event-ingest,webhook,success,2026-10-05 20:49:30.898,2026-10-05 20:49:30.919,21
1419,event-ingest,webhook,success,2026-10-05 20:49:31.396,2026-10-05 20:49:31.419,23
1420,event-ingest,webhook,success,2026-10-05 20:49:31.894,2026-10-05 20:49:31.918,24
1421,event-ingest,webhook,success,2026-10-05 20:49:32.402,2026-10-05 20:49:32.424,22
1422,event-ingest,webhook,success,2026-10-05 20:49:32.909,2026-10-05 20:49:32.935,26
1423,event-ingest,webhook,success,2026-10-05 20:49:33.408,2026-10-05 20:49:33.433,25
1424,event-ingest,webhook,success,2026-10-05 20:49:33.908,2026-10-05 20:49:33.933,25
1425,event-ingest,webhook,success,2026-10-05 20:49:34.402,2026-10-05 20:49:34.425,23
1426,event-ingest,webhook,success,2026-10-05 20:49:34.899,2026-10-05 20:49:34.924,25
1427,event-ingest,webhook,success,2026-10-05 20:49:35.400,2026-10-05 20:49:35.444,44
1428,event-ingest,webhook,success,2026-10-05 20:49:35.902,2026-10-05 20:49:35.932,30
1429,event-ingest,webhook,success,2026-10-05 20:49:36.400,2026-10-05 20:49:36.425,25
1430,event-ingest,webhook,success,2026-10-05 20:49:36.910,2026-10-05 20:49:36.936,26
1431,event-ingest,webhook,success,2026-10-05 20:49:37.403,2026-10-05 20:49:37.429,26
1432,event-ingest,webhook,success,2026-10-05 20:49:37.908,2026-10-05 20:49:37.931,23
1433,event-ingest,webhook,success,2026-10-05 20:49:38.408,2026-10-05 20:49:38.432,24
1434,event-ingest,webhook,success,2026-10-05 20:49:38.897,2026-10-05 20:49:38.934,37
1435,event-ingest,webhook,success,2026-10-05 20:49:39.397,2026-10-05 20:49:39.422,25
1436,event-ingest,webhook,success,2026-10-05 20:49:39.890,2026-10-05 20:49:39.915,25
1437,event-ingest,webhook,success,2026-10-05 20:49:40.399,2026-10-05 20:49:40.426,27
1438,event-ingest,webhook,success,2026-10-05 20:49:40.894,2026-10-05 20:49:40.919,25
1439,event-ingest,webhook,success,2026-10-05 20:49:41.406,2026-10-05 20:49:41.430,24
1440,event-ingest,webhook,success,2026-10-05 20:49:41.910,2026-10-05 20:49:41.934,24
1441,event-ingest,webhook,success,2026-10-05 20:49:42.401,2026-10-05 20:49:42.426,25
1442,event-ingest,webhook,success,2026-10-05 20:49:42.908,2026-10-05 20:49:42.931,23
1443,event-ingest,webhook,success,2026-10-05 20:49:43.404,2026-10-05 20:49:43.430,26
1444,event-ingest,webhook,success,2026-10-05 20:49:43.894,2026-10-05 20:49:43.917,23
1445,event-ingest,webhook,success,2026-10-05 20:49:44.401,2026-10-05 20:49:44.425,24
1446,event-ingest,webhook,success,2026-10-05 20:49:44.902,2026-10-05 20:49:44.928,26
1447,event-ingest,webhook,success,2026-10-05 20:49:45.396,2026-10-05 20:49:45.420,24
1448,event-ingest,webhook,success,2026-10-05 20:49:45.898,2026-10-05 20:49:45.925,27
1449,event-ingest,webhook,success,2026-10-05 20:49:46.398,2026-10-05 20:49:46.422,24
1450,event-ingest,webhook,success,2026-10-05 20:49:46.897,2026-10-05 20:49:46.922,25
1451,event-ingest,webhook,success,2026-10-05 20:49:47.387,2026-10-05 20:49:47.421,34
1452,event-ingest,webhook,success,2026-10-05 20:49:47.899,2026-10-05 20:49:47.925,26
1453,event-ingest,webhook,success,2026-10-05 20:49:48.407,2026-10-05 20:49:48.429,22
1454,event-ingest,webhook,success,2026-10-05 20:49:48.905,2026-10-05 20:49:48.940,35
1455,event-ingest,webhook,success,2026-10-05 20:49:49.401,2026-10-05 20:49:49.424,23
1456,event-ingest,webhook,success,2026-10-05 20:49:49.905,2026-10-05 20:49:49.929,24
1457,event-ingest,webhook,success,2026-10-05 20:49:50.400,2026-10-05 20:49:50.423,23
1458,event-ingest,webhook,success,2026-10-05 20:49:50.899,2026-10-05 20:49:50.924,25
1459,event-ingest,webhook,success,2026-10-05 20:49:51.394,2026-10-05 20:49:51.419,25
1460,event-ingest,webhook,success,2026-10-05 20:49:51.899,2026-10-05 20:49:51.924,25
1461,event-ingest,webhook,success,2026-10-05 20:49:52.390,2026-10-05 20:49:52.414,24
1462,event-ingest,webhook,success,2026-10-05 20:49:52.900,2026-10-05 20:49:52.925,25
1463,event-ingest,webhook,success,2026-10-05 20:49:53.397,2026-10-05 20:49:53.427,30
1464,event-ingest,webhook,success,2026-10-05 20:49:53.906,2026-10-05 20:49:53.931,25
1465,event-ingest,webhook,success,2026-10-05 20:49:54.405,2026-10-05 20:49:54.432,27
1466,event-ingest,webhook,success,2026-10-05 20:49:54.900,2026-10-05 20:49:54.925,25
1467,event-ingest,webhook,success,2026-10-05 20:49:55.403,2026-10-05 20:49:55.426,23
1468,event-ingest,webhook,success,2026-10-05 20:49:55.901,2026-10-05 20:49:55.934,33
1469,event-ingest,webhook,success,2026-10-05 20:49:56.402,2026-10-05 20:49:56.426,24
1470,event-ingest,webhook,success,2026-10-05 20:49:56.894,2026-10-05 20:49:56.918,24
1471,event-ingest,webhook,success,2026-10-05 20:49:57.401,2026-10-05 20:49:57.427,26
1472,event-ingest,webhook,success,2026-10-05 20:49:57.899,2026-10-05 20:49:57.923,24
1473,event-ingest,webhook,success,2026-10-05 20:49:58.397,2026-10-05 20:49:58.425,28
1474,event-ingest,webhook,success,2026-10-05 20:49:58.896,2026-10-05 20:49:58.931,35
1475,event-ingest,webhook,success,2026-10-05 20:49:59.400,2026-10-05 20:49:59.430,30
1476,event-ingest,webhook,success,2026-10-05 20:49:59.906,2026-10-05 20:49:59.933,27
1477,health-monitor,trigger,success,2026-10-05 20:50:00.028,2026-10-05 20:50:00.107,79
1478,event-ingest,webhook,success,2026-10-05 20:50:00.402,2026-10-05 20:50:00.429,27
1479,event-ingest,webhook,success,2026-10-05 20:50:00.906,2026-10-05 20:50:00.930,24
1480,event-ingest,webhook,success,2026-10-05 20:50:01.401,2026-10-05 20:50:01.425,24
1481,event-ingest,webhook,success,2026-10-05 20:50:01.900,2026-10-05 20:50:01.925,25
1482,event-ingest,webhook,success,2026-10-05 20:50:02.395,2026-10-05 20:50:02.419,24
1483,event-ingest,webhook,success,2026-10-05 20:50:02.896,2026-10-05 20:50:02.923,27
1484,event-ingest,webhook,success,2026-10-05 20:50:03.411,2026-10-05 20:50:03.436,25
1485,event-ingest,webhook,success,2026-10-05 20:50:03.902,2026-10-05 20:50:03.927,25
1486,event-ingest,webhook,success,2026-10-05 20:50:04.400,2026-10-05 20:50:04.424,24
1487,event-ingest,webhook,success,2026-10-05 20:50:04.909,2026-10-05 20:50:04.938,29
1488,event-ingest,webhook,success,2026-10-05 20:50:05.405,2026-10-05 20:50:05.429,24
1489,event-ingest,webhook,success,2026-10-05 20:50:05.904,2026-10-05 20:50:05.932,28
1490,event-ingest,webhook,success,2026-10-05 20:50:06.403,2026-10-05 20:50:06.427,24
1491,event-ingest,webhook,success,2026-10-05 20:50:06.903,2026-10-05 20:50:06.927,24
1492,event-ingest,webhook,success,2026-10-05 20:50:07.400,2026-10-05 20:50:07.424,24
1493,event-ingest,webhook,success,2026-10-05 20:50:07.895,2026-10-05 20:50:07.925,30
1494,event-ingest,webhook,success,2026-10-05 20:50:08.397,2026-10-05 20:50:08.427,30
1495,event-ingest,webhook,success,2026-10-05 20:50:08.904,2026-10-05 20:50:08.946,42
1496,event-ingest,webhook,success,2026-10-05 20:50:09.404,2026-10-05 20:50:09.430,26
1497,event-ingest,webhook,success,2026-10-05 20:50:09.900,2026-10-05 20:50:09.925,25
1498,event-ingest,webhook,success,2026-10-05 20:50:10.406,2026-10-05 20:50:10.433,27
1499,event-ingest,webhook,success,2026-10-05 20:50:10.902,2026-10-05 20:50:10.925,23
1500,event-ingest,webhook,success,2026-10-05 20:50:11.404,2026-10-05 20:50:11.429,25
1501,event-ingest,webhook,success,2026-10-05 20:50:11.898,2026-10-05 20:50:11.922,24
1502,event-ingest,webhook,success,2026-10-05 20:50:12.399,2026-10-05 20:50:12.424,25
1503,event-ingest,webhook,success,2026-10-05 20:50:12.898,2026-10-05 20:50:12.922,24
1504,event-ingest,webhook,success,2026-10-05 20:50:13.396,2026-10-05 20:50:13.422,26
1505,event-ingest,webhook,success,2026-10-05 20:50:13.903,2026-10-05 20:50:13.928,25
1506,event-ingest,webhook,success,2026-10-05 20:50:14.409,2026-10-05 20:50:14.434,25
1507,event-ingest,webhook,success,2026-10-05 20:50:14.906,2026-10-05 20:50:14.930,24
1508,event-ingest,webhook,success,2026-10-05 20:50:15.398,2026-10-05 20:50:15.424,26
1509,event-ingest,webhook,success,2026-10-05 20:50:15.903,2026-10-05 20:50:15.927,24
1510,event-ingest,webhook,success,2026-10-05 20:50:16.399,2026-10-05 20:50:16.425,26
1511,event-ingest,webhook,success,2026-10-05 20:50:16.901,2026-10-05 20:50:16.925,24
1512,event-ingest,webhook,success,2026-10-05 20:50:17.401,2026-10-05 20:50:17.428,27
1513,event-ingest,webhook,success,2026-10-05 20:50:17.907,2026-10-05 20:50:17.930,23
1514,event-ingest,webhook,success,2026-10-05 20:50:18.402,2026-10-05 20:50:18.426,24
1515,event-ingest,webhook,success,2026-10-05 20:50:18.902,2026-10-05 20:50:18.941,39
1516,event-ingest,webhook,success,2026-10-05 20:50:19.398,2026-10-05 20:50:19.419,21
1517,event-ingest,webhook,success,2026-10-05 20:50:19.898,2026-10-05 20:50:19.921,23
1518,event-ingest,webhook,success,2026-10-05 20:50:20.402,2026-10-05 20:50:20.426,24
1519,event-ingest,webhook,success,2026-10-05 20:50:50.438,2026-10-05 20:50:50.473,35
1520,event-ingest,webhook,success,2026-10-05 20:50:50.633,2026-10-05 20:50:50.656,23
1521,event-ingest,webhook,success,2026-10-05 20:50:50.833,2026-10-05 20:50:50.859,26
1522,event-ingest,webhook,success,2026-10-05 20:50:51.037,2026-10-05 20:50:51.063,26
1523,event-ingest,webhook,success,2026-10-05 20:50:51.244,2026-10-05 20:50:51.269,25
1524,event-ingest,webhook,success,2026-10-05 20:50:51.446,2026-10-05 20:50:51.470,24
1525,event-ingest,webhook,success,2026-10-05 20:50:51.647,2026-10-05 20:50:51.672,25
1526,event-ingest,webhook,success,2026-10-05 20:50:51.833,2026-10-05 20:50:51.859,26
1527,event-ingest,webhook,success,2026-10-05 20:50:52.036,2026-10-05 20:50:52.062,26
1528,event-ingest,webhook,success,2026-10-05 20:50:52.235,2026-10-05 20:50:52.261,26
1529,event-ingest,webhook,success,2026-10-05 20:50:52.438,2026-10-05 20:50:52.470,32
1530,event-ingest,webhook,success,2026-10-05 20:50:52.636,2026-10-05 20:50:52.663,27
1531,event-ingest,webhook,success,2026-10-05 20:50:52.845,2026-10-05 20:50:52.868,23
1532,event-ingest,webhook,success,2026-10-05 20:50:53.046,2026-10-05 20:50:53.072,26
1533,event-ingest,webhook,success,2026-10-05 20:50:53.233,2026-10-05 20:50:53.262,29
1534,event-ingest,webhook,success,2026-10-05 20:50:53.436,2026-10-05 20:50:53.463,27
1535,event-ingest,webhook,success,2026-10-05 20:50:53.642,2026-10-05 20:50:53.670,28
1536,event-ingest,webhook,success,2026-10-05 20:50:53.838,2026-10-05 20:50:53.863,25
1537,event-ingest,webhook,success,2026-10-05 20:50:54.038,2026-10-05 20:50:54.072,34
1538,event-ingest,webhook,success,2026-10-05 20:50:54.245,2026-10-05 20:50:54.268,23
1539,event-ingest,webhook,success,2026-10-05 20:50:54.428,2026-10-05 20:50:54.454,26
1540,event-ingest,webhook,success,2026-10-05 20:50:54.634,2026-10-05 20:50:54.657,23
1541,event-ingest,webhook,success,2026-10-05 20:50:54.837,2026-10-05 20:50:54.863,26
1542,event-ingest,webhook,success,2026-10-05 20:50:55.038,2026-10-05 20:50:55.068,30
1543,event-ingest,webhook,success,2026-10-05 20:50:55.243,2026-10-05 20:50:55.266,23
1544,event-ingest,webhook,success,2026-10-05 20:50:55.444,2026-10-05 20:50:55.466,22
1545,event-ingest,webhook,success,2026-10-05 20:50:55.628,2026-10-05 20:50:55.651,23
1546,event-ingest,webhook,success,2026-10-05 20:50:55.831,2026-10-05 20:50:55.854,23
1547,event-ingest,webhook,success,2026-10-05 20:50:56.035,2026-10-05 20:50:56.061,26
1548,event-ingest,webhook,success,2026-10-05 20:50:56.238,2026-10-05 20:50:56.262,24
1549,event-ingest,webhook,success,2026-10-05 20:50:56.440,2026-10-05 20:50:56.466,26
1550,event-ingest,webhook,success,2026-10-05 20:50:56.641,2026-10-05 20:50:56.665,24
1551,event-ingest,webhook,success,2026-10-05 20:50:56.844,2026-10-05 20:50:56.872,28
1552,event-ingest,webhook,success,2026-10-05 20:50:57.029,2026-10-05 20:50:57.051,22
1553,event-ingest,webhook,success,2026-10-05 20:50:57.233,2026-10-05 20:50:57.260,27
1554,event-ingest,webhook,success,2026-10-05 20:50:57.436,2026-10-05 20:50:57.461,25
1555,event-ingest,webhook,success,2026-10-05 20:50:57.640,2026-10-05 20:50:57.664,24
1556,event-ingest,webhook,success,2026-10-05 20:50:57.840,2026-10-05 20:50:57.863,23
1557,event-ingest,webhook,success,2026-10-05 20:50:58.044,2026-10-05 20:50:58.074,30
1558,event-ingest,webhook,success,2026-10-05 20:50:58.234,2026-10-05 20:50:58.259,25
1559,event-ingest,webhook,success,2026-10-05 20:50:58.435,2026-10-05 20:50:58.457,22
1560,event-ingest,webhook,success,2026-10-05 20:50:58.638,2026-10-05 20:50:58.662,24
1561,event-ingest,webhook,success,2026-10-05 20:50:58.841,2026-10-05 20:50:58.864,23
1562,event-ingest,webhook,success,2026-10-05 20:50:59.035,2026-10-05 20:50:59.061,26
1563,event-ingest,webhook,success,2026-10-05 20:50:59.242,2026-10-05 20:50:59.266,24
1564,event-ingest,webhook,success,2026-10-05 20:50:59.445,2026-10-05 20:50:59.472,27
1565,event-ingest,webhook,success,2026-10-05 20:50:59.630,2026-10-05 20:50:59.656,26
1566,event-ingest,webhook,success,2026-10-05 20:50:59.834,2026-10-05 20:50:59.860,26
1567,event-ingest,webhook,success,2026-10-05 20:51:00.031,2026-10-05 20:51:00.053,22
1568,event-ingest,webhook,success,2026-10-05 20:51:00.240,2026-10-05 20:51:00.268,28
1569,event-ingest,webhook,success,2026-10-05 20:51:00.442,2026-10-05 20:51:00.467,25
1570,event-ingest,webhook,success,2026-10-05 20:51:00.643,2026-10-05 20:51:00.669,26
1571,event-ingest,webhook,success,2026-10-05 20:51:00.835,2026-10-05 20:51:00.858,23
1572,event-ingest,webhook,success,2026-10-05 20:51:01.041,2026-10-05 20:51:01.069,28
1573,event-ingest,webhook,success,2026-10-05 20:51:01.232,2026-10-05 20:51:01.255,23
1574,event-ingest,webhook,success,2026-10-05 20:51:01.432,2026-10-05 20:51:01.454,22
1575,event-ingest,webhook,success,2026-10-05 20:51:01.644,2026-10-05 20:51:01.666,22
1576,event-ingest,webhook,success,2026-10-05 20:51:01.842,2026-10-05 20:51:01.867,25
1577,event-ingest,webhook,success,2026-10-05 20:51:02.043,2026-10-05 20:51:02.066,23
1578,event-ingest,webhook,success,2026-10-05 20:51:02.245,2026-10-05 20:51:02.269,24
1579,event-ingest,webhook,success,2026-10-05 20:51:02.428,2026-10-05 20:51:02.452,24
1580,event-ingest,webhook,success,2026-10-05 20:51:02.631,2026-10-05 20:51:02.655,24
1581,event-ingest,webhook,success,2026-10-05 20:51:02.838,2026-10-05 20:51:02.861,23
1582,event-ingest,webhook,success,2026-10-05 20:51:03.039,2026-10-05 20:51:03.062,23
1583,event-ingest,webhook,success,2026-10-05 20:51:03.248,2026-10-05 20:51:03.271,23
1584,event-ingest,webhook,success,2026-10-05 20:51:03.432,2026-10-05 20:51:03.457,25
1585,event-ingest,webhook,success,2026-10-05 20:51:03.634,2026-10-05 20:51:03.658,24
1586,event-ingest,webhook,success,2026-10-05 20:51:03.835,2026-10-05 20:51:03.860,25
1587,event-ingest,webhook,success,2026-10-05 20:51:04.037,2026-10-05 20:51:04.064,27
1588,event-ingest,webhook,success,2026-10-05 20:51:04.241,2026-10-05 20:51:04.266,25
1589,event-ingest,webhook,success,2026-10-05 20:51:04.436,2026-10-05 20:51:04.462,26
1590,event-ingest,webhook,success,2026-10-05 20:51:04.641,2026-10-05 20:51:04.664,23
1591,event-ingest,webhook,success,2026-10-05 20:51:04.847,2026-10-05 20:51:04.872,25
1592,event-ingest,webhook,success,2026-10-05 20:51:05.034,2026-10-05 20:51:05.058,24
1593,event-ingest,webhook,success,2026-10-05 20:51:05.235,2026-10-05 20:51:05.258,23
1594,event-ingest,webhook,success,2026-10-05 20:51:05.433,2026-10-05 20:51:05.458,25
1595,event-ingest,webhook,success,2026-10-05 20:51:05.638,2026-10-05 20:51:05.671,33
1596,event-ingest,webhook,success,2026-10-05 20:51:05.841,2026-10-05 20:51:05.866,25
1597,event-ingest,webhook,success,2026-10-05 20:51:06.045,2026-10-05 20:51:06.069,24
1598,event-ingest,webhook,success,2026-10-05 20:51:06.229,2026-10-05 20:51:06.252,23
1599,event-ingest,webhook,success,2026-10-05 20:51:06.437,2026-10-05 20:51:06.461,24
1600,event-ingest,webhook,success,2026-10-05 20:51:06.635,2026-10-05 20:51:06.661,26
1601,event-ingest,webhook,success,2026-10-05 20:51:06.840,2026-10-05 20:51:06.863,23
1602,event-ingest,webhook,success,2026-10-05 20:51:07.041,2026-10-05 20:51:07.065,24
1603,event-ingest,webhook,success,2026-10-05 20:51:07.232,2026-10-05 20:51:07.256,24
1604,event-ingest,webhook,success,2026-10-05 20:51:07.433,2026-10-05 20:51:07.458,25
1605,event-ingest,webhook,success,2026-10-05 20:51:07.635,2026-10-05 20:51:07.658,23
1606,event-ingest,webhook,success,2026-10-05 20:51:07.836,2026-10-05 20:51:07.861,25
1607,event-ingest,webhook,success,2026-10-05 20:51:08.050,2026-10-05 20:51:08.095,45
1608,event-ingest,webhook,success,2026-10-05 20:51:08.245,2026-10-05 20:51:08.269,24
1609,event-ingest,webhook,success,2026-10-05 20:51:08.432,2026-10-05 20:51:08.455,23
1610,event-ingest,webhook,success,2026-10-05 20:51:08.632,2026-10-05 20:51:08.656,24
1611,event-ingest,webhook,success,2026-10-05 20:51:08.837,2026-10-05 20:51:08.861,24
1612,event-ingest,webhook,success,2026-10-05 20:51:09.030,2026-10-05 20:51:09.053,23
1613,event-ingest,webhook,success,2026-10-05 20:51:09.238,2026-10-05 20:51:09.261,23
1614,event-ingest,webhook,success,2026-10-05 20:51:09.437,2026-10-05 20:51:09.460,23
1615,event-ingest,webhook,success,2026-10-05 20:51:09.641,2026-10-05 20:51:09.665,24
1616,event-ingest,webhook,success,2026-10-05 20:51:09.844,2026-10-05 20:51:09.869,25
1617,event-ingest,webhook,success,2026-10-05 20:51:10.041,2026-10-05 20:51:10.064,23
1618,event-ingest,webhook,success,2026-10-05 20:51:10.246,2026-10-05 20:51:10.268,22
1619,event-ingest,webhook,success,2026-10-05 20:51:10.430,2026-10-05 20:51:10.455,25
1620,event-ingest,webhook,success,2026-10-05 20:51:10.636,2026-10-05 20:51:10.659,23
1621,event-ingest,webhook,success,2026-10-05 20:51:10.838,2026-10-05 20:51:10.862,24
1622,event-ingest,webhook,success,2026-10-05 20:51:11.048,2026-10-05 20:51:11.077,29
1623,event-ingest,webhook,success,2026-10-05 20:51:11.248,2026-10-05 20:51:11.273,25
1624,event-ingest,webhook,success,2026-10-05 20:51:11.446,2026-10-05 20:51:11.475,29
1625,event-ingest,webhook,success,2026-10-05 20:51:11.631,2026-10-05 20:51:11.654,23
1626,event-ingest,webhook,success,2026-10-05 20:51:11.834,2026-10-05 20:51:11.859,25
1627,event-ingest,webhook,success,2026-10-05 20:51:12.039,2026-10-05 20:51:12.063,24
1628,event-ingest,webhook,success,2026-10-05 20:51:12.240,2026-10-05 20:51:12.265,25
1629,event-ingest,webhook,success,2026-10-05 20:51:12.444,2026-10-05 20:51:12.466,22
1630,event-ingest,webhook,success,2026-10-05 20:51:12.644,2026-10-05 20:51:12.667,23
1631,event-ingest,webhook,success,2026-10-05 20:51:12.834,2026-10-05 20:51:12.858,24
1632,event-ingest,webhook,success,2026-10-05 20:51:13.034,2026-10-05 20:51:13.065,31
1633,event-ingest,webhook,success,2026-10-05 20:51:13.237,2026-10-05 20:51:13.264,27
1634,event-ingest,webhook,success,2026-10-05 20:51:13.439,2026-10-05 20:51:13.462,23
1635,event-ingest,webhook,success,2026-10-05 20:51:13.644,2026-10-05 20:51:13.667,23
1636,event-ingest,webhook,success,2026-10-05 20:51:13.829,2026-10-05 20:51:13.861,32
1637,event-ingest,webhook,success,2026-10-05 20:51:14.029,2026-10-05 20:51:14.055,26
1638,event-ingest,webhook,success,2026-10-05 20:51:14.234,2026-10-05 20:51:14.258,24
1639,event-ingest,webhook,success,2026-10-05 20:51:44.276,2026-10-05 20:51:44.309,33
1640,event-ingest,webhook,success,2026-10-05 20:51:44.377,2026-10-05 20:51:44.401,24
1641,event-ingest,webhook,success,2026-10-05 20:51:44.467,2026-10-05 20:51:44.492,25
1642,event-ingest,webhook,success,2026-10-05 20:51:44.580,2026-10-05 20:51:44.605,25
1643,event-ingest,webhook,success,2026-10-05 20:51:44.668,2026-10-05 20:51:44.691,23
1644,event-ingest,webhook,success,2026-10-05 20:51:44.780,2026-10-05 20:51:44.825,45
1645,event-ingest,webhook,success,2026-10-05 20:51:44.895,2026-10-05 20:51:44.925,30
1646,event-ingest,webhook,success,2026-10-05 20:51:44.970,2026-10-05 20:51:45.000,30
1647,event-ingest,webhook,success,2026-10-05 20:51:45.078,2026-10-05 20:51:45.107,29
1648,event-ingest,webhook,success,2026-10-05 20:51:45.168,2026-10-05 20:51:45.193,25
1649,event-ingest,webhook,success,2026-10-05 20:51:45.278,2026-10-05 20:51:45.303,25
1650,event-ingest,webhook,success,2026-10-05 20:51:45.376,2026-10-05 20:51:45.398,22
1651,event-ingest,webhook,success,2026-10-05 20:51:45.465,2026-10-05 20:51:45.489,24
1652,event-ingest,webhook,success,2026-10-05 20:51:45.578,2026-10-05 20:51:45.601,23
1653,event-ingest,webhook,success,2026-10-05 20:51:45.669,2026-10-05 20:51:45.693,24
1654,event-ingest,webhook,success,2026-10-05 20:51:45.780,2026-10-05 20:51:45.804,24
1655,event-ingest,webhook,success,2026-10-05 20:51:45.870,2026-10-05 20:51:45.895,25
1656,event-ingest,webhook,success,2026-10-05 20:51:45.964,2026-10-05 20:51:45.990,26
1657,event-ingest,webhook,success,2026-10-05 20:51:46.075,2026-10-05 20:51:46.098,23
1658,event-ingest,webhook,success,2026-10-05 20:51:46.165,2026-10-05 20:51:46.188,23
1659,event-ingest,webhook,success,2026-10-05 20:51:46.279,2026-10-05 20:51:46.302,23
1660,event-ingest,webhook,success,2026-10-05 20:51:46.367,2026-10-05 20:51:46.394,27
1661,event-ingest,webhook,success,2026-10-05 20:51:46.476,2026-10-05 20:51:46.499,23
1662,event-ingest,webhook,success,2026-10-05 20:51:46.571,2026-10-05 20:51:46.596,25
1663,event-ingest,webhook,success,2026-10-05 20:51:46.667,2026-10-05 20:51:46.695,28
1664,event-ingest,webhook,success,2026-10-05 20:51:46.775,2026-10-05 20:51:46.799,24
1665,event-ingest,webhook,success,2026-10-05 20:51:46.870,2026-10-05 20:51:46.895,25
1666,event-ingest,webhook,success,2026-10-05 20:51:46.975,2026-10-05 20:51:47.001,26
1667,event-ingest,webhook,success,2026-10-05 20:51:47.070,2026-10-05 20:51:47.093,23
1668,event-ingest,webhook,success,2026-10-05 20:51:47.179,2026-10-05 20:51:47.204,25
1669,event-ingest,webhook,success,2026-10-05 20:51:47.270,2026-10-05 20:51:47.300,30
1670,event-ingest,webhook,success,2026-10-05 20:51:47.365,2026-10-05 20:51:47.395,30
1671,event-ingest,webhook,success,2026-10-05 20:51:47.478,2026-10-05 20:51:47.502,24
1672,event-ingest,webhook,success,2026-10-05 20:51:47.570,2026-10-05 20:51:47.594,24
1673,event-ingest,webhook,success,2026-10-05 20:51:47.678,2026-10-05 20:51:47.702,24
1674,event-ingest,webhook,success,2026-10-05 20:51:47.770,2026-10-05 20:51:47.793,23
1675,event-ingest,webhook,success,2026-10-05 20:51:47.882,2026-10-05 20:51:47.908,26
1676,event-ingest,webhook,success,2026-10-05 20:51:47.976,2026-10-05 20:51:48.002,26
1677,event-ingest,webhook,success,2026-10-05 20:51:48.066,2026-10-05 20:51:48.089,23
1678,event-ingest,webhook,success,2026-10-05 20:51:48.173,2026-10-05 20:51:48.197,24
1679,event-ingest,webhook,success,2026-10-05 20:51:48.267,2026-10-05 20:51:48.290,23
1680,event-ingest,webhook,success,2026-10-05 20:51:48.380,2026-10-05 20:51:48.406,26
1681,event-ingest,webhook,success,2026-10-05 20:51:48.473,2026-10-05 20:51:48.496,23
1682,event-ingest,webhook,success,2026-10-05 20:51:48.580,2026-10-05 20:51:48.607,27
1683,event-ingest,webhook,success,2026-10-05 20:51:48.672,2026-10-05 20:51:48.697,25
1684,event-ingest,webhook,success,2026-10-05 20:51:48.766,2026-10-05 20:51:48.790,24
1685,event-ingest,webhook,success,2026-10-05 20:51:48.874,2026-10-05 20:51:48.902,28
1686,event-ingest,webhook,success,2026-10-05 20:51:48.970,2026-10-05 20:51:49.009,39
1687,event-ingest,webhook,success,2026-10-05 20:51:49.075,2026-10-05 20:51:49.099,24
1688,event-ingest,webhook,success,2026-10-05 20:51:49.172,2026-10-05 20:51:49.196,24
1689,event-ingest,webhook,success,2026-10-05 20:51:49.285,2026-10-05 20:51:49.310,25
1690,event-ingest,webhook,success,2026-10-05 20:51:49.374,2026-10-05 20:51:49.405,31
1691,event-ingest,webhook,success,2026-10-05 20:51:49.466,2026-10-05 20:51:49.489,23
1692,event-ingest,webhook,success,2026-10-05 20:51:49.574,2026-10-05 20:51:49.599,25
1693,event-ingest,webhook,success,2026-10-05 20:51:49.666,2026-10-05 20:51:49.692,26
1694,event-ingest,webhook,success,2026-10-05 20:51:49.779,2026-10-05 20:51:49.802,23
1695,event-ingest,webhook,success,2026-10-05 20:51:49.869,2026-10-05 20:51:49.891,22
1696,event-ingest,webhook,success,2026-10-05 20:51:49.978,2026-10-05 20:51:50.003,25
1697,event-ingest,webhook,success,2026-10-05 20:51:50.070,2026-10-05 20:51:50.092,22
1698,event-ingest,webhook,success,2026-10-05 20:51:50.180,2026-10-05 20:51:50.203,23
1699,event-ingest,webhook,success,2026-10-05 20:51:50.271,2026-10-05 20:51:50.295,24
1700,event-ingest,webhook,success,2026-10-05 20:51:50.382,2026-10-05 20:51:50.406,24
1701,event-ingest,webhook,success,2026-10-05 20:51:50.472,2026-10-05 20:51:50.498,26
1702,event-ingest,webhook,success,2026-10-05 20:51:50.569,2026-10-05 20:51:50.592,23
1703,event-ingest,webhook,success,2026-10-05 20:51:50.678,2026-10-05 20:51:50.706,28
1704,event-ingest,webhook,success,2026-10-05 20:51:50.768,2026-10-05 20:51:50.792,24
1705,event-ingest,webhook,success,2026-10-05 20:51:50.881,2026-10-05 20:51:50.907,26
1706,event-ingest,webhook,success,2026-10-05 20:51:50.972,2026-10-05 20:51:50.995,23
1707,event-ingest,webhook,success,2026-10-05 20:51:51.077,2026-10-05 20:51:51.102,25
1708,event-ingest,webhook,success,2026-10-05 20:51:51.175,2026-10-05 20:51:51.202,27
1709,event-ingest,webhook,success,2026-10-05 20:51:51.270,2026-10-05 20:51:51.297,27
1710,event-ingest,webhook,success,2026-10-05 20:51:51.380,2026-10-05 20:51:51.404,24
1711,event-ingest,webhook,success,2026-10-05 20:51:51.473,2026-10-05 20:51:51.500,27
1712,event-ingest,webhook,success,2026-10-05 20:51:51.582,2026-10-05 20:51:51.611,29
1713,event-ingest,webhook,success,2026-10-05 20:51:51.673,2026-10-05 20:51:51.694,21
1714,event-ingest,webhook,success,2026-10-05 20:51:51.767,2026-10-05 20:51:51.790,23
1715,event-ingest,webhook,success,2026-10-05 20:51:51.878,2026-10-05 20:51:51.906,28
1716,event-ingest,webhook,success,2026-10-05 20:51:51.972,2026-10-05 20:51:52.000,28
1717,event-ingest,webhook,success,2026-10-05 20:51:52.080,2026-10-05 20:51:52.107,27
1718,event-ingest,webhook,success,2026-10-05 20:51:52.180,2026-10-05 20:51:52.223,43
1719,event-ingest,webhook,success,2026-10-05 20:51:52.263,2026-10-05 20:51:52.288,25
1720,event-ingest,webhook,success,2026-10-05 20:51:52.377,2026-10-05 20:51:52.400,23
1721,event-ingest,webhook,success,2026-10-05 20:51:52.465,2026-10-05 20:51:52.487,22
1722,event-ingest,webhook,success,2026-10-05 20:51:52.575,2026-10-05 20:51:52.600,25
1723,event-ingest,webhook,success,2026-10-05 20:51:52.670,2026-10-05 20:51:52.694,24
1724,event-ingest,webhook,success,2026-10-05 20:51:52.782,2026-10-05 20:51:52.808,26
1725,event-ingest,webhook,success,2026-10-05 20:51:52.872,2026-10-05 20:51:52.896,24
1726,event-ingest,webhook,success,2026-10-05 20:51:52.966,2026-10-05 20:51:52.989,23
1727,event-ingest,webhook,success,2026-10-05 20:51:53.077,2026-10-05 20:51:53.104,27
1728,event-ingest,webhook,success,2026-10-05 20:51:53.170,2026-10-05 20:51:53.193,23
1729,event-ingest,webhook,success,2026-10-05 20:51:53.282,2026-10-05 20:51:53.305,23
1730,event-ingest,webhook,success,2026-10-05 20:51:53.371,2026-10-05 20:51:53.394,23
1731,event-ingest,webhook,success,2026-10-05 20:51:53.481,2026-10-05 20:51:53.505,24
1732,event-ingest,webhook,success,2026-10-05 20:51:53.569,2026-10-05 20:51:53.591,22
1733,event-ingest,webhook,success,2026-10-05 20:51:53.664,2026-10-05 20:51:53.690,26
1734,event-ingest,webhook,success,2026-10-05 20:51:53.776,2026-10-05 20:51:53.799,23
1735,event-ingest,webhook,success,2026-10-05 20:51:53.868,2026-10-05 20:51:53.897,29
1736,event-ingest,webhook,success,2026-10-05 20:51:53.982,2026-10-05 20:51:54.006,24
1737,event-ingest,webhook,success,2026-10-05 20:51:54.070,2026-10-05 20:51:54.092,22
1738,event-ingest,webhook,success,2026-10-05 20:51:54.181,2026-10-05 20:51:54.203,22
1739,event-ingest,webhook,success,2026-10-05 20:51:54.272,2026-10-05 20:51:54.296,24
1740,event-ingest,webhook,success,2026-10-05 20:51:54.365,2026-10-05 20:51:54.388,23
1741,event-ingest,webhook,success,2026-10-05 20:51:54.477,2026-10-05 20:51:54.501,24
1742,event-ingest,webhook,success,2026-10-05 20:51:54.573,2026-10-05 20:51:54.596,23
1743,event-ingest,webhook,success,2026-10-05 20:51:54.683,2026-10-05 20:51:54.708,25
1744,event-ingest,webhook,success,2026-10-05 20:51:54.774,2026-10-05 20:51:54.797,23
1745,event-ingest,webhook,success,2026-10-05 20:51:54.866,2026-10-05 20:51:54.888,22
1746,event-ingest,webhook,success,2026-10-05 20:51:54.976,2026-10-05 20:51:55.002,26
1747,event-ingest,webhook,success,2026-10-05 20:51:55.069,2026-10-05 20:51:55.093,24
1748,event-ingest,webhook,success,2026-10-05 20:51:55.182,2026-10-05 20:51:55.205,23
1749,event-ingest,webhook,success,2026-10-05 20:51:55.276,2026-10-05 20:51:55.305,29
1750,event-ingest,webhook,success,2026-10-05 20:51:55.364,2026-10-05 20:51:55.388,24
1751,event-ingest,webhook,success,2026-10-05 20:51:55.473,2026-10-05 20:51:55.497,24
1752,event-ingest,webhook,success,2026-10-05 20:51:55.566,2026-10-05 20:51:55.588,22
1753,event-ingest,webhook,success,2026-10-05 20:51:55.677,2026-10-05 20:51:55.701,24
1754,event-ingest,webhook,success,2026-10-05 20:51:55.767,2026-10-05 20:51:55.789,22
1755,event-ingest,webhook,success,2026-10-05 20:51:55.878,2026-10-05 20:51:55.901,23
1756,event-ingest,webhook,success,2026-10-05 20:51:55.971,2026-10-05 20:51:55.996,25
1757,event-ingest,webhook,success,2026-10-05 20:51:56.064,2026-10-05 20:51:56.088,24
1758,event-ingest,webhook,success,2026-10-05 20:51:56.174,2026-10-05 20:51:56.196,22
1759,event-ingest,webhook,success,2026-10-05 20:52:26.220,2026-10-05 20:52:26.300,80
1760,event-ingest,webhook,success,2026-10-05 20:52:26.301,2026-10-05 20:52:26.359,58
1761,event-ingest,webhook,success,2026-10-05 20:52:26.333,2026-10-05 20:52:26.439,106
1762,event-ingest,webhook,success,2026-10-05 20:52:26.382,2026-10-05 20:52:26.421,39
1763,event-ingest,webhook,success,2026-10-05 20:52:26.425,2026-10-05 20:52:26.514,89
1764,event-ingest,webhook,success,2026-10-05 20:52:26.530,2026-10-05 20:52:26.650,120
1765,event-ingest,webhook,success,2026-10-05 20:52:26.554,2026-10-05 20:52:26.756,202
1766,event-ingest,webhook,success,2026-10-05 20:52:26.589,2026-10-05 20:52:26.722,133
1767,event-ingest,webhook,success,2026-10-05 20:52:26.666,2026-10-05 20:52:26.813,147
1768,event-ingest,webhook,success,2026-10-05 20:52:26.741,2026-10-05 20:52:26.878,137
1769,event-ingest,webhook,success,2026-10-05 20:52:26.818,2026-10-05 20:52:26.973,155
1770,event-ingest,webhook,success,2026-10-05 20:52:26.837,2026-10-05 20:52:26.938,101
1771,event-ingest,webhook,success,2026-10-05 20:52:26.846,2026-10-05 20:52:27.002,156
1772,event-ingest,webhook,success,2026-10-05 20:52:26.898,2026-10-05 20:52:27.017,119
1773,event-ingest,webhook,success,2026-10-05 20:52:26.953,2026-10-05 20:52:27.043,90
1774,event-ingest,webhook,success,2026-10-05 20:52:27.014,2026-10-05 20:52:27.105,91
1775,event-ingest,webhook,success,2026-10-05 20:52:27.046,2026-10-05 20:52:27.182,136
1776,event-ingest,webhook,success,2026-10-05 20:52:27.099,2026-10-05 20:52:27.159,60
1777,event-ingest,webhook,success,2026-10-05 20:52:27.133,2026-10-05 20:52:27.222,89
1778,event-ingest,webhook,success,2026-10-05 20:52:27.189,2026-10-05 20:52:27.237,48
1779,event-ingest,webhook,success,2026-10-05 20:52:27.235,2026-10-05 20:52:27.278,43
1780,event-ingest,webhook,success,2026-10-05 20:52:27.282,2026-10-05 20:52:27.357,75
1781,event-ingest,webhook,success,2026-10-05 20:52:27.312,2026-10-05 20:52:27.340,28
1782,event-ingest,webhook,success,2026-10-05 20:52:27.373,2026-10-05 20:52:27.396,23
1783,event-ingest,webhook,success,2026-10-05 20:52:27.418,2026-10-05 20:52:27.444,26
1784,event-ingest,webhook,success,2026-10-05 20:52:27.464,2026-10-05 20:52:27.489,25
1785,event-ingest,webhook,success,2026-10-05 20:52:27.511,2026-10-05 20:52:27.537,26
1786,event-ingest,webhook,success,2026-10-05 20:52:27.560,2026-10-05 20:52:27.591,31
1787,event-ingest,webhook,success,2026-10-05 20:52:27.619,2026-10-05 20:52:27.648,29
1788,event-ingest,webhook,success,2026-10-05 20:52:27.667,2026-10-05 20:52:27.695,28
1789,event-ingest,webhook,success,2026-10-05 20:52:27.719,2026-10-05 20:52:27.745,26
1790,event-ingest,webhook,success,2026-10-05 20:52:27.763,2026-10-05 20:52:27.786,23
1791,event-ingest,webhook,success,2026-10-05 20:52:27.822,2026-10-05 20:52:27.847,25
1792,event-ingest,webhook,success,2026-10-05 20:52:27.867,2026-10-05 20:52:27.890,23
1793,event-ingest,webhook,success,2026-10-05 20:52:27.932,2026-10-05 20:52:28.010,78
1794,event-ingest,webhook,success,2026-10-05 20:52:28.020,2026-10-05 20:52:28.123,103
1795,event-ingest,webhook,success,2026-10-05 20:52:28.040,2026-10-05 20:52:28.201,161
1796,event-ingest,webhook,success,2026-10-05 20:52:28.134,2026-10-05 20:52:28.230,96
1797,event-ingest,webhook,success,2026-10-05 20:52:28.168,2026-10-05 20:52:28.334,166
1798,event-ingest,webhook,success,2026-10-05 20:52:28.199,2026-10-05 20:52:28.352,153
1799,event-ingest,webhook,success,2026-10-05 20:52:28.243,2026-10-05 20:52:28.350,107
1800,event-ingest,webhook,success,2026-10-05 20:52:28.298,2026-10-05 20:52:28.428,130
1801,event-ingest,webhook,success,2026-10-05 20:52:28.361,2026-10-05 20:52:28.492,131
1802,event-ingest,webhook,success,2026-10-05 20:52:28.419,2026-10-05 20:52:28.584,165
1803,event-ingest,webhook,success,2026-10-05 20:52:28.452,2026-10-05 20:52:28.554,102
1804,event-ingest,webhook,success,2026-10-05 20:52:28.490,2026-10-05 20:52:28.640,150
1805,event-ingest,webhook,success,2026-10-05 20:52:28.550,2026-10-05 20:52:28.625,75
1806,event-ingest,webhook,success,2026-10-05 20:52:28.597,2026-10-05 20:52:28.719,122
1807,event-ingest,webhook,success,2026-10-05 20:52:28.653,2026-10-05 20:52:28.873,220
1808,event-ingest,webhook,success,2026-10-05 20:52:28.738,2026-10-05 20:52:28.899,161
1809,event-ingest,webhook,success,2026-10-05 20:52:28.787,2026-10-05 20:52:29.010,223
1810,event-ingest,webhook,success,2026-10-05 20:52:28.827,2026-10-05 20:52:29.032,205
1811,event-ingest,webhook,success,2026-10-05 20:52:28.903,2026-10-05 20:52:29.135,232
1812,event-ingest,webhook,success,2026-10-05 20:52:28.941,2026-10-05 20:52:29.115,174
1813,event-ingest,webhook,success,2026-10-05 20:52:28.981,2026-10-05 20:52:29.167,186
1814,event-ingest,webhook,success,2026-10-05 20:52:29.043,2026-10-05 20:52:29.218,175
1815,event-ingest,webhook,success,2026-10-05 20:52:29.111,2026-10-05 20:52:29.306,195
1816,event-ingest,webhook,success,2026-10-05 20:52:29.146,2026-10-05 20:52:29.286,140
1817,event-ingest,webhook,success,2026-10-05 20:52:29.178,2026-10-05 20:52:29.372,194
1818,event-ingest,webhook,success,2026-10-05 20:52:29.225,2026-10-05 20:52:29.353,128
1819,event-ingest,webhook,success,2026-10-05 20:52:29.258,2026-10-05 20:52:29.485,227
1820,event-ingest,webhook,success,2026-10-05 20:52:29.322,2026-10-05 20:52:29.503,181
1821,event-ingest,webhook,success,2026-10-05 20:52:29.363,2026-10-05 20:52:29.613,250
1822,event-ingest,webhook,success,2026-10-05 20:52:29.416,2026-10-05 20:52:29.597,181
1823,event-ingest,webhook,success,2026-10-05 20:52:29.518,2026-10-05 20:52:29.688,170
1824,event-ingest,webhook,success,2026-10-05 20:52:29.544,2026-10-05 20:52:29.778,234
1825,event-ingest,webhook,success,2026-10-05 20:52:29.601,2026-10-05 20:52:29.779,178
1826,event-ingest,webhook,success,2026-10-05 20:52:29.628,2026-10-05 20:52:29.752,124
1827,event-ingest,webhook,success,2026-10-05 20:52:29.660,2026-10-05 20:52:29.832,172
1828,event-ingest,webhook,success,2026-10-05 20:52:29.716,2026-10-05 20:52:29.844,128
1829,event-ingest,webhook,success,2026-10-05 20:52:29.759,2026-10-05 20:52:29.897,138
1830,event-ingest,webhook,success,2026-10-05 20:52:29.805,2026-10-05 20:52:29.917,112
1831,event-ingest,webhook,success,2026-10-05 20:52:29.854,2026-10-05 20:52:29.997,143
1832,event-ingest,webhook,success,2026-10-05 20:52:29.886,2026-10-05 20:52:29.982,96
1833,event-ingest,webhook,success,2026-10-05 20:52:29.939,2026-10-05 20:52:30.081,142
1834,event-ingest,webhook,success,2026-10-05 20:52:30.002,2026-10-05 20:52:30.068,66
1835,event-ingest,webhook,success,2026-10-05 20:52:30.033,2026-10-05 20:52:30.144,111
1836,event-ingest,webhook,success,2026-10-05 20:52:30.095,2026-10-05 20:52:30.162,67
1837,event-ingest,webhook,success,2026-10-05 20:52:30.124,2026-10-05 20:52:30.238,114
1838,event-ingest,webhook,success,2026-10-05 20:52:30.191,2026-10-05 20:52:30.228,37
1839,event-ingest,webhook,success,2026-10-05 20:52:30.236,2026-10-05 20:52:30.278,42
1840,event-ingest,webhook,success,2026-10-05 20:52:30.281,2026-10-05 20:52:30.455,174
1841,event-ingest,webhook,success,2026-10-05 20:52:30.318,2026-10-05 20:52:30.371,53
1842,event-ingest,webhook,success,2026-10-05 20:52:30.462,2026-10-05 20:52:30.550,88
1843,event-ingest,webhook,success,2026-10-05 20:52:30.472,2026-10-05 20:52:30.644,172
1844,event-ingest,webhook,success,2026-10-05 20:52:30.504,2026-10-05 20:52:30.646,142
1845,event-ingest,webhook,success,2026-10-05 20:52:30.555,2026-10-05 20:52:30.627,72
1846,event-ingest,webhook,success,2026-10-05 20:52:30.579,2026-10-05 20:52:30.679,100
1847,event-ingest,webhook,success,2026-10-05 20:52:30.644,2026-10-05 20:52:30.701,57
1848,event-ingest,webhook,success,2026-10-05 20:52:30.699,2026-10-05 20:52:30.759,60
1849,event-ingest,webhook,success,2026-10-05 20:52:30.736,2026-10-05 20:52:30.836,100
1850,event-ingest,webhook,success,2026-10-05 20:52:30.768,2026-10-05 20:52:30.811,43
1851,event-ingest,webhook,success,2026-10-05 20:52:30.819,2026-10-05 20:52:30.871,52
1852,event-ingest,webhook,success,2026-10-05 20:52:30.869,2026-10-05 20:52:30.938,69
1853,event-ingest,webhook,success,2026-10-05 20:52:30.917,2026-10-05 20:52:30.948,31
1854,event-ingest,webhook,success,2026-10-05 20:52:30.973,2026-10-05 20:52:31.001,28
1855,event-ingest,webhook,success,2026-10-05 20:52:31.018,2026-10-05 20:52:31.045,27
1856,event-ingest,webhook,success,2026-10-05 20:52:31.071,2026-10-05 20:52:31.096,25
1857,event-ingest,webhook,success,2026-10-05 20:52:31.122,2026-10-05 20:52:31.183,61
1858,event-ingest,webhook,success,2026-10-05 20:52:31.165,2026-10-05 20:52:31.206,41
1859,event-ingest,webhook,success,2026-10-05 20:52:31.223,2026-10-05 20:52:31.254,31
1860,event-ingest,webhook,success,2026-10-05 20:52:31.262,2026-10-05 20:52:31.299,37
1861,event-ingest,webhook,success,2026-10-05 20:52:31.321,2026-10-05 20:52:31.344,23
1862,event-ingest,webhook,success,2026-10-05 20:52:31.368,2026-10-05 20:52:31.391,23
1863,event-ingest,webhook,success,2026-10-05 20:52:31.412,2026-10-05 20:52:31.435,23
1864,event-ingest,webhook,success,2026-10-05 20:52:31.460,2026-10-05 20:52:31.483,23
1865,event-ingest,webhook,success,2026-10-05 20:52:31.521,2026-10-05 20:52:31.551,30
1866,event-ingest,webhook,success,2026-10-05 20:52:31.570,2026-10-05 20:52:31.599,29
1867,event-ingest,webhook,success,2026-10-05 20:52:31.617,2026-10-05 20:52:31.640,23
1868,event-ingest,webhook,success,2026-10-05 20:52:31.661,2026-10-05 20:52:31.684,23
1869,event-ingest,webhook,success,2026-10-05 20:52:31.722,2026-10-05 20:52:31.746,24
1870,event-ingest,webhook,success,2026-10-05 20:52:31.768,2026-10-05 20:52:31.790,22
1871,event-ingest,webhook,success,2026-10-05 20:52:31.815,2026-10-05 20:52:31.837,22
1872,event-ingest,webhook,success,2026-10-05 20:52:31.864,2026-10-05 20:52:31.886,22
1873,event-ingest,webhook,success,2026-10-05 20:52:31.910,2026-10-05 20:52:31.932,22
1874,event-ingest,webhook,success,2026-10-05 20:52:31.971,2026-10-05 20:52:31.994,23
1875,event-ingest,webhook,success,2026-10-05 20:52:32.019,2026-10-05 20:52:32.044,25
1876,event-ingest,webhook,success,2026-10-05 20:52:32.068,2026-10-05 20:52:32.094,26
1877,event-ingest,webhook,success,2026-10-05 20:52:32.114,2026-10-05 20:52:32.137,23
1878,event-ingest,webhook,success,2026-10-05 20:52:32.159,2026-10-05 20:52:32.184,25
1879,event-ingest,webhook,success,2026-10-05 20:53:02.202,2026-10-05 20:53:02.237,35
1880,event-ingest,webhook,success,2026-10-05 20:53:02.232,2026-10-05 20:53:02.329,97
1881,event-ingest,webhook,success,2026-10-05 20:53:02.250,2026-10-05 20:53:02.306,56
1882,event-ingest,webhook,success,2026-10-05 20:53:02.268,2026-10-05 20:53:02.374,106
1883,event-ingest,webhook,success,2026-10-05 20:53:02.304,2026-10-05 20:53:02.397,93
1884,event-ingest,webhook,success,2026-10-05 20:53:02.334,2026-10-05 20:53:02.438,104
1885,event-ingest,webhook,success,2026-10-05 20:53:02.355,2026-10-05 20:53:02.489,134
1886,event-ingest,webhook,success,2026-10-05 20:53:02.396,2026-10-05 20:53:02.547,151
1887,event-ingest,webhook,success,2026-10-05 20:53:02.412,2026-10-05 20:53:02.607,195
1888,event-ingest,webhook,success,2026-10-05 20:53:02.448,2026-10-05 20:53:02.627,179
1889,event-ingest,webhook,success,2026-10-05 20:53:02.456,2026-10-05 20:53:02.704,248
1890,event-ingest,webhook,success,2026-10-05 20:53:02.492,2026-10-05 20:53:02.693,201
1891,event-ingest,webhook,success,2026-10-05 20:53:02.511,2026-10-05 20:53:02.782,271
1892,event-ingest,webhook,success,2026-10-05 20:53:02.524,2026-10-05 20:53:02.764,240
1893,event-ingest,webhook,success,2026-10-05 20:53:02.550,2026-10-05 20:53:02.819,269
1894,event-ingest,webhook,success,2026-10-05 20:53:02.581,2026-10-05 20:53:02.874,293
1895,event-ingest,webhook,success,2026-10-05 20:53:02.597,2026-10-05 20:53:02.979,382
1896,event-ingest,webhook,success,2026-10-05 20:53:02.631,2026-10-05 20:53:02.997,366
1897,event-ingest,webhook,success,2026-10-05 20:53:02.666,2026-10-05 20:53:03.049,383
1898,event-ingest,webhook,success,2026-10-05 20:53:02.690,2026-10-05 20:53:03.112,422
1899,event-ingest,webhook,success,2026-10-05 20:53:02.716,2026-10-05 20:53:03.157,441
1900,event-ingest,webhook,success,2026-10-05 20:53:02.741,2026-10-05 20:53:03.232,491
1901,event-ingest,webhook,success,2026-10-05 20:53:02.786,2026-10-05 20:53:03.285,499
1902,event-ingest,webhook,success,2026-10-05 20:53:02.798,2026-10-05 20:53:03.356,558
1903,event-ingest,webhook,success,2026-10-05 20:53:02.824,2026-10-05 20:53:03.338,514
1904,event-ingest,webhook,success,2026-10-05 20:53:02.845,2026-10-05 20:53:03.433,588
1905,event-ingest,webhook,success,2026-10-05 20:53:02.870,2026-10-05 20:53:03.415,545
1906,event-ingest,webhook,success,2026-10-05 20:53:02.907,2026-10-05 20:53:03.482,575
1907,event-ingest,webhook,success,2026-10-05 20:53:02.948,2026-10-05 20:53:03.577,629
1908,event-ingest,webhook,success,2026-10-05 20:53:02.995,2026-10-05 20:53:03.566,571
1909,event-ingest,webhook,success,2026-10-05 20:53:03.017,2026-10-05 20:53:03.624,607
1910,event-ingest,webhook,success,2026-10-05 20:53:03.030,2026-10-05 20:53:03.688,658
1911,event-ingest,webhook,success,2026-10-05 20:53:03.079,2026-10-05 20:53:03.723,644
1912,event-ingest,webhook,success,2026-10-05 20:53:03.101,2026-10-05 20:53:03.787,686
1913,event-ingest,webhook,success,2026-10-05 20:53:03.124,2026-10-05 20:53:03.804,680
1914,event-ingest,webhook,success,2026-10-05 20:53:03.155,2026-10-05 20:53:03.887,732
1915,event-ingest,webhook,success,2026-10-05 20:53:03.175,2026-10-05 20:53:03.869,694
1916,event-ingest,webhook,success,2026-10-05 20:53:03.193,2026-10-05 20:53:03.961,768
1917,event-ingest,webhook,success,2026-10-05 20:53:03.210,2026-10-05 20:53:03.940,730
1918,event-ingest,webhook,success,2026-10-05 20:53:03.230,2026-10-05 20:53:04.000,770
1919,event-ingest,webhook,success,2026-10-05 20:53:03.242,2026-10-05 20:53:04.028,786
1920,event-ingest,webhook,success,2026-10-05 20:53:03.261,2026-10-05 20:53:04.089,828
1921,event-ingest,webhook,success,2026-10-05 20:53:03.303,2026-10-05 20:53:04.118,815
1922,event-ingest,webhook,success,2026-10-05 20:53:03.335,2026-10-05 20:53:04.185,850
1923,event-ingest,webhook,success,2026-10-05 20:53:03.354,2026-10-05 20:53:04.168,814
1924,event-ingest,webhook,success,2026-10-05 20:53:03.385,2026-10-05 20:53:04.236,851
1925,event-ingest,webhook,success,2026-10-05 20:53:03.412,2026-10-05 20:53:04.294,882
1926,event-ingest,webhook,success,2026-10-05 20:53:03.442,2026-10-05 20:53:04.335,893
1927,event-ingest,webhook,success,2026-10-05 20:53:03.453,2026-10-05 20:53:04.404,951
1928,event-ingest,webhook,success,2026-10-05 20:53:03.485,2026-10-05 20:53:04.418,933
1929,event-ingest,webhook,success,2026-10-05 20:53:03.500,2026-10-05 20:53:04.456,956
1930,event-ingest,webhook,success,2026-10-05 20:53:03.520,2026-10-05 20:53:04.525,1005
1931,event-ingest,webhook,success,2026-10-05 20:53:03.564,2026-10-05 20:53:04.554,990
1932,event-ingest,webhook,success,2026-10-05 20:53:03.591,2026-10-05 20:53:04.595,1004
1933,event-ingest,webhook,success,2026-10-05 20:53:03.601,2026-10-05 20:53:04.668,1067
1934,event-ingest,webhook,success,2026-10-05 20:53:03.628,2026-10-05 20:53:04.657,1029
1935,event-ingest,webhook,success,2026-10-05 20:53:03.653,2026-10-05 20:53:04.735,1082
1936,event-ingest,webhook,success,2026-10-05 20:53:03.675,2026-10-05 20:53:04.723,1048
1937,event-ingest,webhook,success,2026-10-05 20:53:03.700,2026-10-05 20:53:04.778,1078
1938,event-ingest,webhook,success,2026-10-05 20:53:03.718,2026-10-05 20:53:04.844,1126
1939,event-ingest,webhook,success,2026-10-05 20:53:03.748,2026-10-05 20:53:04.828,1080
1940,event-ingest,webhook,success,2026-10-05 20:53:03.769,2026-10-05 20:53:04.871,1102
1941,event-ingest,webhook,success,2026-10-05 20:53:03.811,2026-10-05 20:53:04.927,1116
1942,event-ingest,webhook,success,2026-10-05 20:53:03.840,2026-10-05 20:53:04.976,1136
1943,event-ingest,webhook,success,2026-10-05 20:53:03.846,2026-10-05 20:53:05.027,1181
1944,event-ingest,webhook,success,2026-10-05 20:53:03.901,2026-10-05 20:53:05.060,1159
1945,event-ingest,webhook,success,2026-10-05 20:53:03.913,2026-10-05 20:53:05.099,1186
1946,event-ingest,webhook,success,2026-10-05 20:53:03.950,2026-10-05 20:53:05.169,1219
1947,event-ingest,webhook,success,2026-10-05 20:53:03.971,2026-10-05 20:53:05.153,1182
1948,event-ingest,webhook,success,2026-10-05 20:53:03.998,2026-10-05 20:53:05.208,1210
1949,event-ingest,webhook,success,2026-10-05 20:53:04.040,2026-10-05 20:53:05.256,1216
1950,event-ingest,webhook,success,2026-10-05 20:53:04.060,2026-10-05 20:53:05.311,1251
1951,event-ingest,webhook,success,2026-10-05 20:53:04.092,2026-10-05 20:53:05.338,1246
1952,event-ingest,webhook,success,2026-10-05 20:53:04.127,2026-10-05 20:53:05.329,1202
1953,event-ingest,webhook,success,2026-10-05 20:53:04.144,2026-10-05 20:53:05.400,1256
1954,event-ingest,webhook,success,2026-10-05 20:53:04.174,2026-10-05 20:53:05.385,1211
1955,event-ingest,webhook,success,2026-10-05 20:53:04.198,2026-10-05 20:53:05.434,1236
1956,event-ingest,webhook,success,2026-10-05 20:53:04.213,2026-10-05 20:53:05.498,1285
1957,event-ingest,webhook,success,2026-10-05 20:53:04.247,2026-10-05 20:53:05.488,1241
1958,event-ingest,webhook,success,2026-10-05 20:53:04.263,2026-10-05 20:53:05.550,1287
1959,event-ingest,webhook,success,2026-10-05 20:53:04.291,2026-10-05 20:53:05.531,1240
1960,event-ingest,webhook,success,2026-10-05 20:53:04.332,2026-10-05 20:53:05.572,1240
1961,event-ingest,webhook,success,2026-10-05 20:53:04.348,2026-10-05 20:53:05.652,1304
1962,event-ingest,webhook,success,2026-10-05 20:53:04.365,2026-10-05 20:53:05.666,1301
1963,event-ingest,webhook,success,2026-10-05 20:53:04.404,2026-10-05 20:53:05.634,1230
1964,event-ingest,webhook,success,2026-10-05 20:53:04.429,2026-10-05 20:53:05.681,1252
1965,event-ingest,webhook,success,2026-10-05 20:53:04.453,2026-10-05 20:53:05.759,1306
1966,event-ingest,webhook,success,2026-10-05 20:53:04.468,2026-10-05 20:53:05.770,1302
1967,event-ingest,webhook,success,2026-10-05 20:53:04.498,2026-10-05 20:53:05.744,1246
1968,event-ingest,webhook,success,2026-10-05 20:53:04.528,2026-10-05 20:53:05.793,1265
1969,event-ingest,webhook,success,2026-10-05 20:53:04.550,2026-10-05 20:53:05.857,1307
1970,event-ingest,webhook,success,2026-10-05 20:53:04.574,2026-10-05 20:53:05.836,1262
1971,event-ingest,webhook,success,2026-10-05 20:53:04.600,2026-10-05 20:53:05.945,1345
1972,event-ingest,webhook,success,2026-10-05 20:53:04.618,2026-10-05 20:53:05.948,1330
1973,event-ingest,webhook,success,2026-10-05 20:53:04.632,2026-10-05 20:53:05.904,1272
1974,event-ingest,webhook,success,2026-10-05 20:53:04.674,2026-10-05 20:53:05.970,1296
1975,event-ingest,webhook,success,2026-10-05 20:53:04.685,2026-10-05 20:53:05.984,1299
1976,event-ingest,webhook,success,2026-10-05 20:53:04.703,2026-10-05 20:53:06.016,1313
1977,event-ingest,webhook,success,2026-10-05 20:53:04.733,2026-10-05 20:53:06.005,1272
1978,event-ingest,webhook,success,2026-10-05 20:53:04.755,2026-10-05 20:53:06.073,1318
1979,event-ingest,webhook,success,2026-10-05 20:53:04.776,2026-10-05 20:53:06.050,1274
1980,event-ingest,webhook,success,2026-10-05 20:53:04.803,2026-10-05 20:53:06.122,1319
1981,event-ingest,webhook,success,2026-10-05 20:53:04.833,2026-10-05 20:53:06.137,1304
1982,event-ingest,webhook,success,2026-10-05 20:53:04.853,2026-10-05 20:53:06.102,1249
1983,event-ingest,webhook,success,2026-10-05 20:53:04.875,2026-10-05 20:53:06.184,1309
1984,event-ingest,webhook,success,2026-10-05 20:53:04.902,2026-10-05 20:53:06.161,1259
1985,event-ingest,webhook,success,2026-10-05 20:53:04.925,2026-10-05 20:53:06.240,1315
1986,event-ingest,webhook,success,2026-10-05 20:53:04.943,2026-10-05 20:53:06.270,1327
1987,event-ingest,webhook,success,2026-10-05 20:53:04.949,2026-10-05 20:53:06.215,1266
1988,event-ingest,webhook,success,2026-10-05 20:53:04.988,2026-10-05 20:53:06.288,1300
1989,event-ingest,webhook,success,2026-10-05 20:53:05.003,2026-10-05 20:53:06.329,1326
1990,event-ingest,webhook,success,2026-10-05 20:53:05.017,2026-10-05 20:53:06.333,1316
1991,event-ingest,webhook,success,2026-10-05 20:53:05.056,2026-10-05 20:53:06.323,1267
1992,event-ingest,webhook,success,2026-10-05 20:53:05.074,2026-10-05 20:53:06.399,1325
1993,event-ingest,webhook,success,2026-10-05 20:53:05.104,2026-10-05 20:53:06.365,1261
1994,event-ingest,webhook,success,2026-10-05 20:53:05.126,2026-10-05 20:53:06.420,1294
1995,event-ingest,webhook,success,2026-10-05 20:53:05.152,2026-10-05 20:53:06.432,1280
1996,event-ingest,webhook,success,2026-10-05 20:53:05.174,2026-10-05 20:53:06.451,1277
1997,event-ingest,webhook,success,2026-10-05 20:53:05.185,2026-10-05 20:53:06.491,1306
1998,event-ingest,webhook,success,2026-10-05 20:53:05.219,2026-10-05 20:53:06.501,1282
1999,health-monitor,trigger,success,2026-10-05 20:55:00.044,2026-10-05 20:55:00.265,221
2000,ioc-extractor,trigger,success,2026-10-05 21:00:00.034,2026-10-05 21:00:01.568,1534
2001,health-monitor,trigger,success,2026-10-05 21:00:00.040,2026-10-05 21:00:00.518,478
2002,health-monitor,trigger,success,2026-10-05 21:05:00.032,2026-10-05 21:05:00.132,100
2003,health-monitor,trigger,success,2026-10-05 21:10:00.030,2026-10-05 21:10:00.124,94
2004,ioc-extractor,trigger,success,2026-10-05 21:15:00.049,2026-10-05 21:15:00.125,76
2005,health-monitor,trigger,success,2026-10-05 21:15:00.065,2026-10-05 21:15:00.225,160
2006,health-monitor,trigger,success,2026-10-05 21:20:00.032,2026-10-05 21:20:00.135,103
2007,health-monitor,trigger,success,2026-10-05 21:25:00.031,2026-10-05 21:25:00.111,80
2008,ioc-extractor,trigger,success,2026-10-05 21:30:00.031,2026-10-05 21:30:00.074,43
2009,health-monitor,trigger,success,2026-10-05 21:30:00.040,2026-10-05 21:30:00.174,134
2010,health-monitor,trigger,success,2026-10-05 21:35:00.028,2026-10-05 21:35:00.098,70
2011,health-monitor,trigger,success,2026-10-05 21:40:00.023,2026-10-05 21:40:00.086,63
2012,ioc-extractor,trigger,success,2026-10-05 21:45:00.041,2026-10-05 21:45:00.092,51
2013,health-monitor,trigger,success,2026-10-05 21:45:00.049,2026-10-05 21:45:00.194,145
2014,health-monitor,trigger,success,2026-10-05 21:50:00.027,2026-10-05 21:50:00.095,68
2015,health-monitor,trigger,success,2026-10-05 21:55:00.031,2026-10-05 21:55:00.107,76
2016,health-monitor,trigger,success,2026-10-05 22:00:00.033,2026-10-05 22:00:00.138,105
2017,ioc-extractor,trigger,success,2026-10-05 22:00:00.042,2026-10-05 22:00:00.174,132
2018,health-monitor,trigger,success,2026-10-05 22:05:00.029,2026-10-05 22:05:00.089,60
2019,health-monitor,trigger,success,2026-10-05 22:10:00.027,2026-10-05 22:10:00.091,64
2020,health-monitor,trigger,success,2026-10-05 22:15:00.039,2026-10-05 22:15:00.138,99
2021,ioc-extractor,trigger,success,2026-10-05 22:15:00.048,2026-10-05 22:15:00.152,104
2022,health-monitor,trigger,success,2026-10-05 22:20:00.028,2026-10-05 22:20:00.097,69
2023,health-monitor,trigger,success,2026-10-05 22:25:00.026,2026-10-05 22:25:00.096,70
2024,ioc-extractor,trigger,success,2026-10-05 22:30:00.029,2026-10-05 22:30:00.079,50
2025,health-monitor,trigger,success,2026-10-05 22:30:00.038,2026-10-05 22:30:00.184,146
2026,event-ingest,webhook,success,2026-10-05 22:30:01.697,2026-10-05 22:30:02.130,433
2027,event-ingest,webhook,success,2026-10-05 22:30:01.732,2026-10-05 22:30:02.141,409
2028,event-ingest,webhook,success,2026-10-05 22:30:01.759,2026-10-05 22:30:02.144,385
2029,event-ingest,webhook,success,2026-10-05 22:30:01.792,2026-10-05 22:30:02.175,383
2030,event-ingest,webhook,success,2026-10-05 22:30:03.625,2026-10-05 22:30:03.966,341
2031,event-ingest,webhook,success,2026-10-05 22:30:03.657,2026-10-05 22:30:04.061,404
2032,event-ingest,webhook,success,2026-10-05 22:30:03.693,2026-10-05 22:30:04.064,371
2033,event-ingest,webhook,success,2026-10-05 22:30:03.750,2026-10-05 22:30:04.150,400
2034,event-ingest,webhook,success,2026-10-05 22:30:05.892,2026-10-05 22:30:06.235,343
2035,event-ingest,webhook,success,2026-10-05 22:30:05.929,2026-10-05 22:30:06.380,451
2036,event-ingest,webhook,success,2026-10-05 22:30:05.963,2026-10-05 22:30:06.300,337
2037,event-ingest,webhook,success,2026-10-05 22:30:06.001,2026-10-05 22:30:06.383,382
2038,event-ingest,webhook,success,2026-10-05 22:30:07.838,2026-10-05 22:30:08.178,340
2039,event-ingest,webhook,success,2026-10-05 22:30:07.866,2026-10-05 22:30:08.237,371
2040,event-ingest,webhook,success,2026-10-05 22:30:07.891,2026-10-05 22:30:08.234,343
2041,event-ingest,webhook,success,2026-10-05 22:30:07.921,2026-10-05 22:30:08.370,449
2042,event-ingest,webhook,success,2026-10-05 22:30:09.763,2026-10-05 22:30:10.127,364
2043,event-ingest,webhook,success,2026-10-05 22:30:09.816,2026-10-05 22:30:10.180,364
2044,event-ingest,webhook,success,2026-10-05 22:30:09.839,2026-10-05 22:30:10.170,331
2045,event-ingest,webhook,success,2026-10-05 22:30:09.869,2026-10-05 22:30:10.239,370
2046,event-ingest,webhook,success,2026-10-05 22:30:11.995,2026-10-05 22:30:12.371,376
2047,event-ingest,webhook,success,2026-10-05 22:30:12.023,2026-10-05 22:30:12.473,450
2048,event-ingest,webhook,success,2026-10-05 22:30:12.058,2026-10-05 22:30:12.431,373
2049,event-ingest,webhook,success,2026-10-05 22:30:12.093,2026-10-05 22:30:12.484,391
2050,event-ingest,webhook,success,2026-10-05 22:30:12.434,2026-10-05 22:30:12.788,354
2051,event-ingest,webhook,success,2026-10-05 22:30:12.481,2026-10-05 22:30:12.822,341
2052,event-ingest,webhook,success,2026-10-05 22:30:13.427,2026-10-05 22:30:13.758,331
2053,event-ingest,webhook,success,2026-10-05 22:30:14.357,2026-10-05 22:30:14.699,342
2054,event-ingest,webhook,success,2026-10-05 22:30:14.986,2026-10-05 22:30:15.328,342
2055,event-ingest,webhook,success,2026-10-05 22:30:15.910,2026-10-05 22:30:16.255,345
2056,event-ingest,webhook,success,2026-10-05 22:30:16.539,2026-10-05 22:30:16.883,344
2057,event-ingest,webhook,success,2026-10-05 22:30:17.473,2026-10-05 22:30:17.812,339
2058,event-ingest,webhook,success,2026-10-05 22:30:18.410,2026-10-05 22:30:20.468,2058
2059,event-ingest,webhook,success,2026-10-05 22:30:18.437,2026-10-05 22:30:20.495,2058
2060,event-ingest,webhook,success,2026-10-05 22:30:19.371,2026-10-05 22:30:21.402,2031
2061,event-ingest,webhook,success,2026-10-05 22:30:19.398,2026-10-05 22:30:21.468,2070
2062,event-ingest,webhook,success,2026-10-05 22:30:19.421,2026-10-05 22:30:21.450,2029
2063,event-ingest,webhook,success,2026-10-05 22:30:19.450,2026-10-05 22:30:21.516,2066
2064,event-ingest,webhook,success,2026-10-05 22:30:21.284,2026-10-05 22:30:23.321,2037
2065,event-ingest,webhook,success,2026-10-05 22:30:21.315,2026-10-05 22:30:23.396,2081
2066,event-ingest,webhook,success,2026-10-05 22:30:21.345,2026-10-05 22:30:23.383,2038
2067,event-ingest,webhook,success,2026-10-05 22:30:21.375,2026-10-05 22:30:23.451,2076
2068,event-ingest,webhook,success,2026-10-05 22:30:23.501,2026-10-05 22:30:25.524,2023
2069,event-ingest,webhook,success,2026-10-05 22:30:23.526,2026-10-05 22:30:25.587,2061
2070,event-ingest,webhook,success,2026-10-05 22:30:23.549,2026-10-05 22:30:25.576,2027
2071,event-ingest,webhook,success,2026-10-05 22:30:23.573,2026-10-05 22:30:25.647,2074
2072,event-ingest,webhook,success,2026-10-05 22:30:25.400,2026-10-05 22:30:27.439,2039
2073,event-ingest,webhook,success,2026-10-05 22:30:25.427,2026-10-05 22:30:27.493,2066
2074,event-ingest,webhook,success,2026-10-05 22:30:25.452,2026-10-05 22:30:27.480,2028
2075,event-ingest,webhook,success,2026-10-05 22:30:25.477,2026-10-05 22:30:27.560,2083
2076,event-ingest,webhook,success,2026-10-05 22:30:25.510,2026-10-05 22:30:27.551,2041
2077,event-ingest,webhook,success,2026-10-05 22:30:25.555,2026-10-05 22:30:27.639,2084
2078,event-ingest,webhook,success,2026-10-05 22:30:25.654,2026-10-05 22:30:27.701,2047
2079,event-ingest,webhook,success,2026-10-05 22:30:25.696,2026-10-05 22:30:27.758,2062
2080,health-monitor,trigger,success,2026-10-05 22:35:00.032,2026-10-05 22:35:00.116,84
2081,health-monitor,trigger,success,2026-10-05 22:40:00.027,2026-10-05 22:40:00.096,69
2082,ioc-extractor,trigger,success,2026-10-05 22:45:00.024,2026-10-05 22:45:00.283,259
2083,health-monitor,trigger,success,2026-10-05 22:45:00.034,2026-10-05 22:45:00.185,151
2084,event-ingest,webhook,success,2026-10-05 22:45:02.666,2026-10-05 22:45:03.060,394
2085,event-ingest,webhook,success,2026-10-05 22:45:02.698,2026-10-05 22:45:03.137,439
2086,event-ingest,webhook,success,2026-10-05 22:45:02.743,2026-10-05 22:45:03.120,377
2087,event-ingest,webhook,success,2026-10-05 22:45:02.810,2026-10-05 22:45:03.179,369
2088,event-ingest,webhook,success,2026-10-05 22:45:04.638,2026-10-05 22:45:04.971,333
2089,event-ingest,webhook,success,2026-10-05 22:45:04.666,2026-10-05 22:45:05.033,367
2090,event-ingest,webhook,success,2026-10-05 22:45:04.693,2026-10-05 22:45:05.024,331
2091,event-ingest,webhook,success,2026-10-05 22:45:04.726,2026-10-05 22:45:05.092,366
2092,event-ingest,webhook,success,2026-10-05 22:45:06.870,2026-10-05 22:45:07.213,343
2093,event-ingest,webhook,success,2026-10-05 22:45:06.901,2026-10-05 22:45:07.292,391
2094,event-ingest,webhook,success,2026-10-05 22:45:06.931,2026-10-05 22:45:07.265,334
2095,event-ingest,webhook,success,2026-10-05 22:45:06.960,2026-10-05 22:45:07.432,472
2096,event-ingest,webhook,success,2026-10-05 22:45:08.791,2026-10-05 22:45:09.120,329
2097,event-ingest,webhook,success,2026-10-05 22:45:08.818,2026-10-05 22:45:09.178,360
2098,event-ingest,webhook,success,2026-10-05 22:45:08.841,2026-10-05 22:45:09.176,335
2099,event-ingest,webhook,success,2026-10-05 22:45:08.871,2026-10-05 22:45:09.258,387
2100,event-ingest,webhook,success,2026-10-05 22:45:08.895,2026-10-05 22:45:09.228,333
2101,event-ingest,webhook,success,2026-10-05 22:45:08.926,2026-10-05 22:45:09.358,432
2102,event-ingest,webhook,success,2026-10-05 22:45:09.857,2026-10-05 22:45:10.205,348
2103,event-ingest,webhook,success,2026-10-05 22:45:10.789,2026-10-05 22:45:11.137,348
2104,event-ingest,webhook,success,2026-10-05 22:45:11.419,2026-10-05 22:45:11.742,323
2105,event-ingest,webhook,success,2026-10-05 22:45:12.348,2026-10-05 22:45:12.698,350
2106,event-ingest,webhook,success,2026-10-05 22:45:12.377,2026-10-05 22:45:12.751,374
2107,event-ingest,webhook,success,2026-10-05 22:45:13.313,2026-10-05 22:45:13.652,339
2108,event-ingest,webhook,success,2026-10-05 22:45:13.341,2026-10-05 22:45:13.728,387
2109,event-ingest,webhook,success,2026-10-05 22:45:13.366,2026-10-05 22:45:13.701,335
2110,event-ingest,webhook,success,2026-10-05 22:45:13.403,2026-10-05 22:45:13.783,380
2111,event-ingest,webhook,success,2026-10-05 22:45:15.242,2026-10-05 22:45:15.604,362
2112,event-ingest,webhook,success,2026-10-05 22:45:15.270,2026-10-05 22:45:15.655,385
2113,event-ingest,webhook,success,2026-10-05 22:45:15.296,2026-10-05 22:45:15.637,341
2114,event-ingest,webhook,success,2026-10-05 22:45:15.326,2026-10-05 22:45:15.691,365
2115,event-ingest,webhook,success,2026-10-05 22:45:15.351,2026-10-05 22:45:15.683,332
2116,event-ingest,webhook,success,2026-10-05 22:45:15.381,2026-10-05 22:45:15.745,364
2117,event-ingest,webhook,success,2026-10-05 22:45:16.310,2026-10-05 22:45:16.643,333
2118,event-ingest,webhook,success,2026-10-05 22:45:17.242,2026-10-05 22:45:17.590,348
2119,event-ingest,webhook,success,2026-10-05 22:45:18.182,2026-10-05 22:45:18.533,351
2120,event-ingest,webhook,success,2026-10-05 22:45:18.813,2026-10-05 22:45:19.145,332
2121,event-ingest,webhook,success,2026-10-05 22:45:19.743,2026-10-05 22:45:20.078,335
2122,event-ingest,webhook,success,2026-10-05 22:45:20.380,2026-10-05 22:45:20.723,343
2123,event-ingest,webhook,success,2026-10-05 22:45:20.414,2026-10-05 22:45:20.808,394
2124,event-ingest,webhook,success,2026-10-05 22:45:21.358,2026-10-05 22:45:21.708,350
2125,event-ingest,webhook,success,2026-10-05 22:45:21.382,2026-10-05 22:45:21.760,378
2126,event-ingest,webhook,success,2026-10-05 22:45:21.407,2026-10-05 22:45:21.750,343
2127,event-ingest,webhook,success,2026-10-05 22:45:21.432,2026-10-05 22:45:21.793,361
2128,event-ingest,webhook,success,2026-10-05 22:45:23.563,2026-10-05 22:45:23.906,343
2129,event-ingest,webhook,success,2026-10-05 22:45:23.589,2026-10-05 22:45:23.965,376
2130,event-ingest,webhook,success,2026-10-05 22:45:23.613,2026-10-05 22:45:23.944,331
2131,event-ingest,webhook,success,2026-10-05 22:45:23.639,2026-10-05 22:45:23.997,358
2132,event-ingest,webhook,success,2026-10-05 22:45:25.473,2026-10-05 22:45:25.836,363
2133,event-ingest,webhook,success,2026-10-05 22:45:25.503,2026-10-05 22:45:25.880,377
2134,event-ingest,webhook,success,2026-10-05 22:45:25.524,2026-10-05 22:45:25.890,366
2135,event-ingest,webhook,success,2026-10-05 22:45:25.546,2026-10-05 22:45:25.894,348
2136,event-ingest,webhook,success,2026-10-05 22:45:27.675,2026-10-05 22:45:28.025,350
2137,event-ingest,webhook,success,2026-10-05 22:45:27.711,2026-10-05 22:45:29.795,2084
2138,event-ingest,webhook,success,2026-10-05 22:45:27.740,2026-10-05 22:45:28.080,340
2139,event-ingest,webhook,success,2026-10-05 22:45:27.769,2026-10-05 22:45:29.839,2070
2140,event-ingest,webhook,success,2026-10-05 22:45:27.795,2026-10-05 22:45:29.825,2030
2141,event-ingest,webhook,success,2026-10-05 22:45:27.824,2026-10-05 22:45:29.898,2074
2142,event-ingest,webhook,success,2026-10-05 22:45:27.852,2026-10-05 22:45:29.879,2027
2143,health-monitor,trigger,success,2026-10-05 22:50:00.022,2026-10-05 22:50:00.109,87
2144,health-monitor,trigger,success,2026-10-05 22:55:00.024,2026-10-05 22:55:00.102,78
2145,ioc-extractor,trigger,success,2026-10-05 23:00:00.035,2026-10-05 23:00:00.283,248
2146,health-monitor,trigger,success,2026-10-05 23:00:00.044,2026-10-05 23:00:00.183,139
2147,event-ingest,webhook,success,2026-10-05 23:00:02.721,2026-10-05 23:00:03.121,400
2148,event-ingest,webhook,success,2026-10-05 23:00:02.749,2026-10-05 23:00:03.135,386
2149,event-ingest,webhook,success,2026-10-05 23:00:02.774,2026-10-05 23:00:03.126,352
2150,event-ingest,webhook,success,2026-10-05 23:00:02.813,2026-10-05 23:00:03.195,382
2151,event-ingest,webhook,success,2026-10-05 23:00:04.650,2026-10-05 23:00:04.990,340
2152,event-ingest,webhook,success,2026-10-05 23:00:04.676,2026-10-05 23:00:05.042,366
2153,event-ingest,webhook,success,2026-10-05 23:00:04.701,2026-10-05 23:00:05.028,327
2154,event-ingest,webhook,success,2026-10-05 23:00:04.728,2026-10-05 23:00:05.104,376
2155,event-ingest,webhook,success,2026-10-05 23:00:06.860,2026-10-05 23:00:07.190,330
2156,event-ingest,webhook,success,2026-10-05 23:00:06.887,2026-10-05 23:00:07.326,439
2157,event-ingest,webhook,success,2026-10-05 23:00:06.920,2026-10-05 23:00:07.306,386
2158,event-ingest,webhook,success,2026-10-05 23:00:06.948,2026-10-05 23:00:07.369,421
2159,event-ingest,webhook,success,2026-10-05 23:00:08.777,2026-10-05 23:00:09.106,329
2160,event-ingest,webhook,success,2026-10-05 23:00:08.803,2026-10-05 23:00:09.188,385
2161,event-ingest,webhook,success,2026-10-05 23:00:08.831,2026-10-05 23:00:09.165,334
2162,event-ingest,webhook,success,2026-10-05 23:00:08.864,2026-10-05 23:00:09.293,429
2163,event-ingest,webhook,success,2026-10-05 23:00:08.900,2026-10-05 23:00:09.240,340
2164,event-ingest,webhook,success,2026-10-05 23:00:08.934,2026-10-05 23:00:09.303,369
2165,event-ingest,webhook,success,2026-10-05 23:00:09.865,2026-10-05 23:00:10.203,338
2166,event-ingest,webhook,success,2026-10-05 23:00:10.794,2026-10-05 23:00:11.121,327
2167,event-ingest,webhook,success,2026-10-05 23:00:11.427,2026-10-05 23:00:11.759,332
2168,event-ingest,webhook,success,2026-10-05 23:00:12.362,2026-10-05 23:00:12.692,330
2169,event-ingest,webhook,success,2026-10-05 23:00:12.995,2026-10-05 23:00:13.325,330
2170,event-ingest,webhook,success,2026-10-05 23:00:13.020,2026-10-05 23:00:13.384,364
2171,event-ingest,webhook,success,2026-10-05 23:00:14.252,2026-10-05 23:00:14.582,330
2172,event-ingest,webhook,success,2026-10-05 23:00:14.281,2026-10-05 23:00:14.660,379
2173,event-ingest,webhook,success,2026-10-05 23:00:14.308,2026-10-05 23:00:14.670,362
2174,event-ingest,webhook,success,2026-10-05 23:00:14.343,2026-10-05 23:00:14.730,387
2175,event-ingest,webhook,success,2026-10-05 23:00:16.187,2026-10-05 23:00:16.519,332
2176,event-ingest,webhook,success,2026-10-05 23:00:16.216,2026-10-05 23:00:16.599,383
2177,event-ingest,webhook,success,2026-10-05 23:00:16.247,2026-10-05 23:00:16.604,357
2178,event-ingest,webhook,success,2026-10-05 23:00:16.281,2026-10-05 23:00:16.642,361
2179,event-ingest,webhook,success,2026-10-05 23:00:18.110,2026-10-05 23:00:18.444,334
2180,event-ingest,webhook,success,2026-10-05 23:00:18.137,2026-10-05 23:00:18.518,381
2181,event-ingest,webhook,success,2026-10-05 23:00:18.163,2026-10-05 23:00:18.515,352
2182,event-ingest,webhook,success,2026-10-05 23:00:18.197,2026-10-05 23:00:20.271,2074
2183,event-ingest,webhook,success,2026-10-05 23:00:20.327,2026-10-05 23:00:22.375,2048
2184,event-ingest,webhook,success,2026-10-05 23:00:20.359,2026-10-05 23:00:22.430,2071
2185,event-ingest,webhook,success,2026-10-05 23:00:20.389,2026-10-05 23:00:22.416,2027
2186,event-ingest,webhook,success,2026-10-05 23:00:20.418,2026-10-05 23:00:22.476,2058
2187,event-ingest,webhook,success,2026-10-05 23:00:22.258,2026-10-05 23:00:24.293,2035
2188,event-ingest,webhook,success,2026-10-05 23:00:22.285,2026-10-05 23:00:24.389,2104
2189,event-ingest,webhook,success,2026-10-05 23:00:22.324,2026-10-05 23:00:24.372,2048
2190,event-ingest,webhook,success,2026-10-05 23:00:22.385,2026-10-05 23:00:24.471,2086
2191,event-ingest,webhook,success,2026-10-05 23:00:24.533,2026-10-05 23:00:26.560,2027
2192,event-ingest,webhook,success,2026-10-05 23:00:24.559,2026-10-05 23:00:26.626,2067
2193,event-ingest,webhook,success,2026-10-05 23:00:24.590,2026-10-05 23:00:26.619,2029
2194,event-ingest,webhook,success,2026-10-05 23:00:24.623,2026-10-05 23:00:26.680,2057
2195,event-ingest,webhook,success,2026-10-05 23:00:26.461,2026-10-05 23:00:28.498,2037
2196,event-ingest,webhook,success,2026-10-05 23:00:26.487,2026-10-05 23:00:28.552,2065
2197,event-ingest,webhook,success,2026-10-05 23:00:26.513,2026-10-05 23:00:28.544,2031
2198,event-ingest,webhook,success,2026-10-05 23:00:26.543,2026-10-05 23:00:28.611,2068
2199,event-ingest,webhook,success,2026-10-05 23:00:28.678,2026-10-05 23:00:30.703,2025
2200,event-ingest,webhook,success,2026-10-05 23:00:28.700,2026-10-05 23:00:30.761,2061
2201,event-ingest,webhook,success,2026-10-05 23:00:28.721,2026-10-05 23:00:30.744,2023
2202,event-ingest,webhook,success,2026-10-05 23:00:28.746,2026-10-05 23:00:30.802,2056
2203,event-ingest,webhook,success,2026-10-05 23:00:30.580,2026-10-05 23:00:32.611,2031
2204,event-ingest,webhook,success,2026-10-05 23:00:30.604,2026-10-05 23:00:32.668,2064
2205,event-ingest,webhook,success,2026-10-05 23:00:30.628,2026-10-05 23:00:32.655,2027
2206,event-ingest,webhook,success,2026-10-05 23:00:30.656,2026-10-05 23:00:32.727,2071
2207,event-ingest,webhook,success,2026-10-05 23:00:32.785,2026-10-05 23:00:34.816,2031
2208,event-ingest,webhook,success,2026-10-05 23:00:32.809,2026-10-05 23:00:34.871,2062
2209,event-ingest,webhook,success,2026-10-05 23:00:32.832,2026-10-05 23:00:34.859,2027
2210,event-ingest,webhook,success,2026-10-05 23:00:32.861,2026-10-05 23:00:34.918,2057
2211,event-ingest,webhook,success,2026-10-05 23:00:34.687,2026-10-05 23:00:36.713,2026
2212,event-ingest,webhook,success,2026-10-05 23:00:34.710,2026-10-05 23:00:36.778,2068
2213,event-ingest,webhook,success,2026-10-05 23:00:34.736,2026-10-05 23:00:36.760,2024
2214,event-ingest,webhook,success,2026-10-05 23:00:34.761,2026-10-05 23:00:36.836,2075
2215,event-ingest,webhook,success,2026-10-05 23:00:34.792,2026-10-05 23:00:36.829,2037
2216,event-ingest,webhook,success,2026-10-05 23:00:34.826,2026-10-05 23:00:36.899,2073
2217,event-ingest,webhook,success,2026-10-05 23:00:35.762,2026-10-05 23:00:37.792,2030
2218,event-ingest,webhook,success,2026-10-05 23:00:36.692,2026-10-05 23:00:38.731,2039
2219,event-ingest,webhook,success,2026-10-05 23:00:37.323,2026-10-05 23:00:39.352,2029
2220,event-ingest,webhook,success,2026-10-05 23:00:38.257,2026-10-05 23:00:40.282,2025
2221,event-ingest,webhook,success,2026-10-05 23:00:39.188,2026-10-05 23:00:41.220,2032
2222,event-ingest,webhook,success,2026-10-05 23:00:39.214,2026-10-05 23:00:41.272,2058
2223,event-ingest,webhook,success,2026-10-05 23:00:40.140,2026-10-05 23:00:42.168,2028
2224,event-ingest,webhook,success,2026-10-05 23:00:40.164,2026-10-05 23:00:42.256,2092
2225,event-ingest,webhook,success,2026-10-05 23:00:40.185,2026-10-05 23:00:42.233,2048
2226,event-ingest,webhook,success,2026-10-05 23:00:40.212,2026-10-05 23:00:42.284,2072
2227,event-ingest,webhook,success,2026-10-05 23:00:42.037,2026-10-05 23:00:44.077,2040
2228,event-ingest,webhook,success,2026-10-05 23:00:42.061,2026-10-05 23:00:44.138,2077
2229,event-ingest,webhook,success,2026-10-05 23:00:42.087,2026-10-05 23:00:44.126,2039
2230,event-ingest,webhook,success,2026-10-05 23:00:42.118,2026-10-05 23:00:44.264,2146
2231,event-ingest,webhook,success,2026-10-05 23:00:42.153,2026-10-05 23:00:44.261,2108
2232,event-ingest,webhook,success,2026-10-05 23:00:42.290,2026-10-05 23:00:44.347,2057
2233,event-ingest,webhook,success,2026-10-05 23:00:42.346,2026-10-05 23:00:44.444,2098
2234,event-ingest,webhook,success,2026-10-05 23:00:42.375,2026-10-05 23:00:44.424,2049
2235,event-ingest,webhook,success,2026-10-05 23:00:42.421,2026-10-05 23:00:44.526,2105
2236,event-ingest,webhook,success,2026-10-05 23:00:42.451,2026-10-05 23:00:44.492,2041
2237,event-ingest,webhook,success,2026-10-05 23:00:42.500,2026-10-05 23:00:46.152,3652
2238,event-ingest,webhook,success,2026-10-05 23:00:42.542,2026-10-05 23:00:46.093,3551
2239,event-ingest,webhook,success,2026-10-05 23:00:42.585,2026-10-05 23:00:46.280,3695
2240,event-ingest,webhook,success,2026-10-05 23:00:42.613,2026-10-05 23:00:46.154,3541
2241,health-monitor,trigger,success,2026-10-05 23:05:00.025,2026-10-05 23:05:00.114,89
2242,health-monitor,trigger,success,2026-10-05 23:10:00.040,2026-10-05 23:10:00.115,75
2243,ioc-extractor,trigger,success,2026-10-05 23:15:00.029,2026-10-05 23:15:00.380,351
2244,health-monitor,trigger,success,2026-10-05 23:15:00.037,2026-10-05 23:15:00.202,165
2245,event-ingest,webhook,success,2026-10-05 23:15:02.761,2026-10-05 23:15:03.172,411
2246,event-ingest,webhook,success,2026-10-05 23:15:02.790,2026-10-05 23:15:03.162,372
2247,event-ingest,webhook,success,2026-10-05 23:15:02.815,2026-10-05 23:15:03.161,346
2248,event-ingest,webhook,success,2026-10-05 23:15:02.843,2026-10-05 23:15:03.276,433
2249,event-ingest,webhook,success,2026-10-05 23:15:04.685,2026-10-05 23:15:05.016,331
2250,event-ingest,webhook,success,2026-10-05 23:15:04.711,2026-10-05 23:15:05.077,366
2251,event-ingest,webhook,success,2026-10-05 23:15:04.739,2026-10-05 23:15:05.074,335
2252,event-ingest,webhook,success,2026-10-05 23:15:04.766,2026-10-05 23:15:05.127,361
2253,event-ingest,webhook,success,2026-10-05 23:15:06.591,2026-10-05 23:15:06.927,336
2254,event-ingest,webhook,success,2026-10-05 23:15:06.619,2026-10-05 23:15:06.986,367
2255,event-ingest,webhook,success,2026-10-05 23:15:06.643,2026-10-05 23:15:06.988,345
2256,event-ingest,webhook,success,2026-10-05 23:15:06.670,2026-10-05 23:15:07.028,358
2257,event-ingest,webhook,success,2026-10-05 23:15:08.802,2026-10-05 23:15:09.157,355
2258,event-ingest,webhook,success,2026-10-05 23:15:08.834,2026-10-05 23:15:09.280,446
2259,event-ingest,webhook,success,2026-10-05 23:15:08.858,2026-10-05 23:15:09.206,348
2260,event-ingest,webhook,success,2026-10-05 23:15:08.896,2026-10-05 23:15:09.289,393
2261,event-ingest,webhook,success,2026-10-05 23:15:10.734,2026-10-05 23:15:11.079,345
2262,event-ingest,webhook,success,2026-10-05 23:15:10.761,2026-10-05 23:15:11.141,380
2263,event-ingest,webhook,success,2026-10-05 23:15:10.784,2026-10-05 23:15:11.126,342
2264,event-ingest,webhook,success,2026-10-05 23:15:10.812,2026-10-05 23:15:11.248,436
2265,event-ingest,webhook,success,2026-10-05 23:15:12.939,2026-10-05 23:15:13.325,386
2266,event-ingest,webhook,success,2026-10-05 23:15:12.965,2026-10-05 23:15:13.333,368
2267,event-ingest,webhook,success,2026-10-05 23:15:12.992,2026-10-05 23:15:13.331,339
2268,event-ingest,webhook,success,2026-10-05 23:15:13.022,2026-10-05 23:15:13.390,368
2269,event-ingest,webhook,success,2026-10-05 23:15:13.047,2026-10-05 23:15:13.376,329
2270,event-ingest,webhook,success,2026-10-05 23:15:13.079,2026-10-05 23:15:13.442,363
2271,event-ingest,webhook,success,2026-10-05 23:15:14.007,2026-10-05 23:15:14.352,345
2272,event-ingest,webhook,success,2026-10-05 23:15:14.936,2026-10-05 23:15:15.381,445
2273,event-ingest,webhook,success,2026-10-05 23:15:15.562,2026-10-05 23:15:15.899,337
2274,event-ingest,webhook,success,2026-10-05 23:15:16.496,2026-10-05 23:15:16.845,349
2275,event-ingest,webhook,success,2026-10-05 23:15:17.130,2026-10-05 23:15:17.474,344
2276,event-ingest,webhook,success,2026-10-05 23:15:18.058,2026-10-05 23:15:18.398,340
2277,event-ingest,webhook,success,2026-10-05 23:15:18.090,2026-10-05 23:15:18.462,372
2278,event-ingest,webhook,success,2026-10-05 23:15:19.019,2026-10-05 23:15:19.372,353
2279,event-ingest,webhook,success,2026-10-05 23:15:19.047,2026-10-05 23:15:19.424,377
2280,event-ingest,webhook,success,2026-10-05 23:15:19.076,2026-10-05 23:15:19.412,336
2281,event-ingest,webhook,success,2026-10-05 23:15:19.113,2026-10-05 23:15:19.477,364
2282,event-ingest,webhook,success,2026-10-05 23:15:21.244,2026-10-05 23:15:21.575,331
2283,event-ingest,webhook,success,2026-10-05 23:15:21.269,2026-10-05 23:15:21.634,365
2284,event-ingest,webhook,success,2026-10-05 23:15:21.292,2026-10-05 23:15:21.622,330
2285,event-ingest,webhook,success,2026-10-05 23:15:21.318,2026-10-05 23:15:23.384,2066
2286,event-ingest,webhook,success,2026-10-05 23:15:23.148,2026-10-05 23:15:25.188,2040
2287,event-ingest,webhook,success,2026-10-05 23:15:23.191,2026-10-05 23:15:25.273,2082
2288,event-ingest,webhook,success,2026-10-05 23:15:23.237,2026-10-05 23:15:25.260,2023
2289,event-ingest,webhook,success,2026-10-05 23:15:23.263,2026-10-05 23:15:25.320,2057
2290,event-ingest,webhook,success,2026-10-05 23:15:25.092,2026-10-05 23:15:27.127,2035
2291,event-ingest,webhook,success,2026-10-05 23:15:25.116,2026-10-05 23:15:27.186,2070
2292,event-ingest,webhook,success,2026-10-05 23:15:25.140,2026-10-05 23:15:27.174,2034
2293,event-ingest,webhook,success,2026-10-05 23:15:25.170,2026-10-05 23:15:27.247,2077
2294,event-ingest,webhook,success,2026-10-05 23:15:27.310,2026-10-05 23:15:29.338,2028
2295,event-ingest,webhook,success,2026-10-05 23:15:27.334,2026-10-05 23:15:29.403,2069
2296,event-ingest,webhook,success,2026-10-05 23:15:27.357,2026-10-05 23:15:29.386,2029
2297,event-ingest,webhook,success,2026-10-05 23:15:27.386,2026-10-05 23:15:29.452,2066
2298,event-ingest,webhook,success,2026-10-05 23:15:29.209,2026-10-05 23:15:31.243,2034
2299,event-ingest,webhook,success,2026-10-05 23:15:29.231,2026-10-05 23:15:31.294,2063
2300,event-ingest,webhook,success,2026-10-05 23:15:29.253,2026-10-05 23:15:31.285,2032
2301,event-ingest,webhook,success,2026-10-05 23:15:29.285,2026-10-05 23:15:31.385,2100
2302,event-ingest,webhook,success,2026-10-05 23:15:29.309,2026-10-05 23:15:31.377,2068
2303,event-ingest,webhook,success,2026-10-05 23:15:29.376,2026-10-05 23:15:31.431,2055
2304,event-ingest,webhook,success,2026-10-05 23:15:29.457,2026-10-05 23:15:31.506,2049
2305,event-ingest,webhook,success,2026-10-05 23:15:29.499,2026-10-05 23:15:31.572,2073
2306,event-ingest,webhook,success,2026-10-05 23:15:29.525,2026-10-05 23:15:31.556,2031
2307,event-ingest,webhook,success,2026-10-05 23:15:29.560,2026-10-05 23:15:31.628,2068
2308,health-monitor,trigger,success,2026-10-05 23:20:00.024,2026-10-05 23:20:00.110,86
2309,health-monitor,trigger,success,2026-10-05 23:25:00.031,2026-10-05 23:25:00.113,82
2310,ioc-extractor,trigger,success,2026-10-05 23:30:00.034,2026-10-05 23:30:00.305,271
2311,health-monitor,trigger,success,2026-10-05 23:30:00.042,2026-10-05 23:30:00.196,154
2312,event-ingest,webhook,success,2026-10-05 23:30:02.625,2026-10-05 23:30:03.000,375
2313,event-ingest,webhook,success,2026-10-05 23:30:02.652,2026-10-05 23:30:03.034,382
2314,event-ingest,webhook,success,2026-10-05 23:30:02.679,2026-10-05 23:30:03.008,329
2315,event-ingest,webhook,success,2026-10-05 23:30:02.711,2026-10-05 23:30:03.069,358
2316,event-ingest,webhook,success,2026-10-05 23:30:04.552,2026-10-05 23:30:04.893,341
2317,event-ingest,webhook,success,2026-10-05 23:30:04.580,2026-10-05 23:30:04.943,363
2318,event-ingest,webhook,success,2026-10-05 23:30:04.605,2026-10-05 23:30:04.941,336
2319,event-ingest,webhook,success,2026-10-05 23:30:04.634,2026-10-05 23:30:04.995,361
2320,event-ingest,webhook,success,2026-10-05 23:30:06.766,2026-10-05 23:30:07.117,351
2321,event-ingest,webhook,success,2026-10-05 23:30:06.792,2026-10-05 23:30:07.155,363
2322,event-ingest,webhook,success,2026-10-05 23:30:06.815,2026-10-05 23:30:07.145,330
2323,event-ingest,webhook,success,2026-10-05 23:30:06.845,2026-10-05 23:30:07.281,436
2324,event-ingest,webhook,success,2026-10-05 23:30:08.676,2026-10-05 23:30:09.015,339
2325,event-ingest,webhook,success,2026-10-05 23:30:08.701,2026-10-05 23:30:09.105,404
2326,event-ingest,webhook,success,2026-10-05 23:30:08.746,2026-10-05 23:30:09.103,357
2327,event-ingest,webhook,success,2026-10-05 23:30:08.783,2026-10-05 23:30:09.219,436
2328,event-ingest,webhook,success,2026-10-05 23:30:10.924,2026-10-05 23:30:11.273,349
2329,event-ingest,webhook,success,2026-10-05 23:30:10.949,2026-10-05 23:30:11.310,361
2330,event-ingest,webhook,success,2026-10-05 23:30:10.972,2026-10-05 23:30:11.308,336
2331,event-ingest,webhook,success,2026-10-05 23:30:11.003,2026-10-05 23:30:11.365,362
2332,event-ingest,webhook,success,2026-10-05 23:30:12.828,2026-10-05 23:30:13.211,383
2333,event-ingest,webhook,success,2026-10-05 23:30:12.856,2026-10-05 23:30:13.232,376
2334,event-ingest,webhook,success,2026-10-05 23:30:12.887,2026-10-05 23:30:13.222,335
2335,event-ingest,webhook,success,2026-10-05 23:30:12.920,2026-10-05 23:30:13.286,366
2336,event-ingest,webhook,success,2026-10-05 23:30:15.057,2026-10-05 23:30:15.405,348
2337,event-ingest,webhook,success,2026-10-05 23:30:15.087,2026-10-05 23:30:15.457,370
2338,event-ingest,webhook,success,2026-10-05 23:30:15.112,2026-10-05 23:30:15.454,342
2339,event-ingest,webhook,success,2026-10-05 23:30:15.145,2026-10-05 23:30:15.519,374
2340,event-ingest,webhook,success,2026-10-05 23:30:16.976,2026-10-05 23:30:17.315,339
2341,event-ingest,webhook,success,2026-10-05 23:30:17.016,2026-10-05 23:30:17.399,383
2342,event-ingest,webhook,success,2026-10-05 23:30:17.043,2026-10-05 23:30:17.397,354
2343,event-ingest,webhook,success,2026-10-05 23:30:17.076,2026-10-05 23:30:19.156,2080
2344,event-ingest,webhook,success,2026-10-05 23:30:18.920,2026-10-05 23:30:20.955,2035
2345,event-ingest,webhook,success,2026-10-05 23:30:18.948,2026-10-05 23:30:21.019,2071
2346,event-ingest,webhook,success,2026-10-05 23:30:18.973,2026-10-05 23:30:21.003,2030
2347,event-ingest,webhook,success,2026-10-05 23:30:19.015,2026-10-05 23:30:21.081,2066
2348,event-ingest,webhook,success,2026-10-05 23:30:21.146,2026-10-05 23:30:23.178,2032
2349,event-ingest,webhook,success,2026-10-05 23:30:21.171,2026-10-05 23:30:23.236,2065
2350,event-ingest,webhook,success,2026-10-05 23:30:21.196,2026-10-05 23:30:23.225,2029
2351,event-ingest,webhook,success,2026-10-05 23:30:21.221,2026-10-05 23:30:23.279,2058
2352,event-ingest,webhook,success,2026-10-05 23:30:23.051,2026-10-05 23:30:25.078,2027
2353,event-ingest,webhook,success,2026-10-05 23:30:23.077,2026-10-05 23:30:25.154,2077
2354,event-ingest,webhook,success,2026-10-05 23:30:23.111,2026-10-05 23:30:25.147,2036
2355,event-ingest,webhook,success,2026-10-05 23:30:23.146,2026-10-05 23:30:25.235,2089
2356,event-ingest,webhook,success,2026-10-05 23:30:23.479,2026-10-05 23:30:25.507,2028
2357,event-ingest,webhook,success,2026-10-05 23:30:23.504,2026-10-05 23:30:25.562,2058
2358,event-ingest,webhook,success,2026-10-05 23:30:24.434,2026-10-05 23:30:26.470,2036
2359,event-ingest,webhook,success,2026-10-05 23:30:25.362,2026-10-05 23:30:27.391,2029
2360,event-ingest,webhook,success,2026-10-05 23:30:25.990,2026-10-05 23:30:28.019,2029
2361,event-ingest,webhook,success,2026-10-05 23:30:26.911,2026-10-05 23:30:28.939,2028
2362,event-ingest,webhook,success,2026-10-05 23:30:27.538,2026-10-05 23:30:29.567,2029
2363,event-ingest,webhook,success,2026-10-05 23:30:27.561,2026-10-05 23:30:29.619,2058
2364,event-ingest,webhook,success,2026-10-05 23:30:28.484,2026-10-05 23:30:30.526,2042
2365,event-ingest,webhook,success,2026-10-05 23:30:28.518,2026-10-05 23:30:30.592,2074
2366,event-ingest,webhook,success,2026-10-05 23:30:28.547,2026-10-05 23:30:30.576,2029
2367,event-ingest,webhook,success,2026-10-05 23:30:28.574,2026-10-05 23:30:30.646,2072
2368,event-ingest,webhook,success,2026-10-05 23:30:28.604,2026-10-05 23:30:30.629,2025
2369,event-ingest,webhook,success,2026-10-05 23:30:28.631,2026-10-05 23:30:30.705,2074
2370,event-ingest,webhook,success,2026-10-05 23:30:28.658,2026-10-05 23:30:30.688,2030
2371,event-ingest,webhook,success,2026-10-05 23:30:28.693,2026-10-05 23:30:31.585,2892
2372,event-ingest,webhook,success,2026-10-05 23:30:28.747,2026-10-05 23:30:30.962,2215
2373,event-ingest,webhook,success,2026-10-05 23:30:28.793,2026-10-05 23:30:31.632,2839
2374,health-monitor,trigger,success,2026-10-05 23:35:00.027,2026-10-05 23:35:00.113,86
2375,health-monitor,trigger,success,2026-10-05 23:40:00.031,2026-10-05 23:40:00.120,89
2376,health-monitor,trigger,success,2026-10-05 23:45:00.038,2026-10-05 23:45:00.125,87
2377,ioc-extractor,trigger,success,2026-10-05 23:45:00.046,2026-10-05 23:45:00.298,252
2378,event-ingest,webhook,success,2026-10-05 23:45:02.764,2026-10-05 23:45:03.200,436
2379,event-ingest,webhook,success,2026-10-05 23:45:02.791,2026-10-05 23:45:03.182,391
2380,event-ingest,webhook,success,2026-10-05 23:45:02.815,2026-10-05 23:45:03.178,363
2381,event-ingest,webhook,success,2026-10-05 23:45:02.853,2026-10-05 23:45:03.229,376
2382,event-ingest,webhook,success,2026-10-05 23:45:04.694,2026-10-05 23:45:05.023,329
2383,event-ingest,webhook,success,2026-10-05 23:45:04.720,2026-10-05 23:45:05.089,369
2384,event-ingest,webhook,success,2026-10-05 23:45:04.745,2026-10-05 23:45:05.087,342
2385,event-ingest,webhook,success,2026-10-05 23:45:04.771,2026-10-05 23:45:05.191,420
2386,event-ingest,webhook,success,2026-10-05 23:45:06.600,2026-10-05 23:45:06.931,331
2387,event-ingest,webhook,success,2026-10-05 23:45:06.628,2026-10-05 23:45:06.990,362
2388,event-ingest,webhook,success,2026-10-05 23:45:06.651,2026-10-05 23:45:06.980,329
2389,event-ingest,webhook,success,2026-10-05 23:45:06.676,2026-10-05 23:45:07.034,358
2390,event-ingest,webhook,success,2026-10-05 23:45:08.810,2026-10-05 23:45:09.164,354
2391,event-ingest,webhook,success,2026-10-05 23:45:08.835,2026-10-05 23:45:09.210,375
2392,event-ingest,webhook,success,2026-10-05 23:45:08.858,2026-10-05 23:45:09.186,328
2393,event-ingest,webhook,success,2026-10-05 23:45:08.893,2026-10-05 23:45:09.257,364
2394,event-ingest,webhook,success,2026-10-05 23:45:10.736,2026-10-05 23:45:11.163,427
2395,event-ingest,webhook,success,2026-10-05 23:45:10.775,2026-10-05 23:45:11.230,455
2396,event-ingest,webhook,success,2026-10-05 23:45:10.804,2026-10-05 23:45:11.253,449
2397,event-ingest,webhook,success,2026-10-05 23:45:10.830,2026-10-05 23:45:11.166,336
2398,event-ingest,webhook,success,2026-10-05 23:45:12.964,2026-10-05 23:45:13.315,351
2399,event-ingest,webhook,success,2026-10-05 23:45:12.990,2026-10-05 23:45:13.372,382
2400,event-ingest,webhook,success,2026-10-05 23:45:13.015,2026-10-05 23:45:13.352,337
2401,event-ingest,webhook,success,2026-10-05 23:45:13.045,2026-10-05 23:45:13.407,362
2402,event-ingest,webhook,success,2026-10-05 23:45:14.880,2026-10-05 23:45:15.221,341
2403,event-ingest,webhook,success,2026-10-05 23:45:14.906,2026-10-05 23:45:15.285,379
2404,event-ingest,webhook,success,2026-10-05 23:45:14.930,2026-10-05 23:45:15.266,336
2405,event-ingest,webhook,success,2026-10-05 23:45:14.960,2026-10-05 23:45:15.323,363
2406,event-ingest,webhook,success,2026-10-05 23:45:17.089,2026-10-05 23:45:17.423,334
2407,event-ingest,webhook,success,2026-10-05 23:45:17.119,2026-10-05 23:45:17.493,374
2408,event-ingest,webhook,success,2026-10-05 23:45:17.150,2026-10-05 23:45:17.482,332
2409,event-ingest,webhook,success,2026-10-05 23:45:17.181,2026-10-05 23:45:17.570,389
2410,event-ingest,webhook,success,2026-10-05 23:45:17.214,2026-10-05 23:45:17.567,353
2411,event-ingest,webhook,success,2026-10-05 23:45:17.252,2026-10-05 23:45:17.658,406
2412,event-ingest,webhook,success,2026-10-05 23:45:18.193,2026-10-05 23:45:18.547,354
2413,event-ingest,webhook,success,2026-10-05 23:45:19.124,2026-10-05 23:45:19.479,355
2414,event-ingest,webhook,success,2026-10-05 23:45:19.750,2026-10-05 23:45:20.095,345
2415,event-ingest,webhook,success,2026-10-05 23:45:20.675,2026-10-05 23:45:21.024,349
2416,event-ingest,webhook,success,2026-10-05 23:45:21.306,2026-10-05 23:45:21.643,337
2417,event-ingest,webhook,success,2026-10-05 23:45:22.238,2026-10-05 23:45:22.569,331
2418,event-ingest,webhook,success,2026-10-05 23:45:22.865,2026-10-05 23:45:23.212,347
2419,event-ingest,webhook,success,2026-10-05 23:45:22.888,2026-10-05 23:45:23.249,361
2420,event-ingest,webhook,success,2026-10-05 23:45:24.123,2026-10-05 23:45:24.456,333
2421,event-ingest,webhook,success,2026-10-05 23:45:24.157,2026-10-05 23:45:24.590,433
2422,event-ingest,webhook,success,2026-10-05 23:45:24.183,2026-10-05 23:45:24.592,409
2423,event-ingest,webhook,success,2026-10-05 23:45:24.208,2026-10-05 23:45:24.616,408
2424,event-ingest,webhook,success,2026-10-05 23:45:26.047,2026-10-05 23:45:26.399,352
2425,event-ingest,webhook,success,2026-10-05 23:45:26.072,2026-10-05 23:45:28.146,2074
2426,event-ingest,webhook,success,2026-10-05 23:45:26.100,2026-10-05 23:45:26.427,327
2427,event-ingest,webhook,success,2026-10-05 23:45:26.128,2026-10-05 23:45:28.193,2065
2428,event-ingest,webhook,success,2026-10-05 23:45:27.955,2026-10-05 23:45:29.993,2038
2429,event-ingest,webhook,success,2026-10-05 23:45:27.979,2026-10-05 23:45:30.044,2065
2430,event-ingest,webhook,success,2026-10-05 23:45:28.004,2026-10-05 23:45:30.029,2025
2431,event-ingest,webhook,success,2026-10-05 23:45:28.031,2026-10-05 23:45:30.089,2058
2432,event-ingest,webhook,success,2026-10-05 23:45:30.159,2026-10-05 23:45:32.187,2028
2433,event-ingest,webhook,success,2026-10-05 23:45:30.183,2026-10-05 23:45:32.244,2061
2434,event-ingest,webhook,success,2026-10-05 23:45:30.205,2026-10-05 23:45:32.233,2028
2435,event-ingest,webhook,success,2026-10-05 23:45:30.233,2026-10-05 23:45:32.294,2061
2436,event-ingest,webhook,success,2026-10-05 23:45:30.255,2026-10-05 23:45:32.278,2023
2437,event-ingest,webhook,success,2026-10-05 23:45:30.282,2026-10-05 23:45:32.340,2058
2438,event-ingest,webhook,success,2026-10-05 23:45:31.211,2026-10-05 23:45:33.239,2028
2439,event-ingest,webhook,success,2026-10-05 23:45:32.142,2026-10-05 23:45:34.168,2026
2440,event-ingest,webhook,success,2026-10-05 23:45:32.774,2026-10-05 23:45:34.801,2027
2441,event-ingest,webhook,success,2026-10-05 23:45:33.703,2026-10-05 23:45:35.726,2023
2442,event-ingest,webhook,success,2026-10-05 23:45:34.631,2026-10-05 23:45:36.667,2036
2443,event-ingest,webhook,success,2026-10-05 23:45:34.663,2026-10-05 23:45:36.724,2061
2444,event-ingest,webhook,success,2026-10-05 23:45:35.593,2026-10-05 23:45:37.624,2031
2445,event-ingest,webhook,success,2026-10-05 23:45:35.623,2026-10-05 23:45:37.690,2067
2446,event-ingest,webhook,success,2026-10-05 23:45:35.646,2026-10-05 23:45:37.674,2028
2447,event-ingest,webhook,success,2026-10-05 23:45:35.675,2026-10-05 23:45:37.742,2067
2448,event-ingest,webhook,success,2026-10-05 23:45:37.500,2026-10-05 23:45:39.531,2031
2449,event-ingest,webhook,success,2026-10-05 23:45:37.523,2026-10-05 23:45:39.586,2063
2450,event-ingest,webhook,success,2026-10-05 23:45:37.550,2026-10-05 23:45:39.575,2025
2451,event-ingest,webhook,success,2026-10-05 23:45:37.575,2026-10-05 23:45:39.662,2087
2452,event-ingest,webhook,success,2026-10-05 23:45:37.600,2026-10-05 23:45:39.653,2053
2453,event-ingest,webhook,success,2026-10-05 23:45:37.652,2026-10-05 23:45:39.760,2108
2454,event-ingest,webhook,success,2026-10-05 23:45:37.708,2026-10-05 23:45:39.769,2061
2455,event-ingest,webhook,success,2026-10-05 23:45:37.765,2026-10-05 23:45:39.867,2102
2456,event-ingest,webhook,success,2026-10-05 23:45:37.803,2026-10-05 23:45:39.844,2041
2457,event-ingest,webhook,success,2026-10-05 23:45:37.852,2026-10-05 23:45:41.546,3694
2458,event-ingest,webhook,success,2026-10-05 23:45:37.900,2026-10-05 23:45:39.939,2039
2459,health-monitor,trigger,success,2026-10-05 23:50:00.027,2026-10-05 23:50:00.120,93
2460,health-monitor,trigger,success,2026-10-05 23:55:00.022,2026-10-05 23:55:00.122,100
2461,ioc-extractor,trigger,success,2026-10-06 00:00:00.025,2026-10-06 00:00:00.388,363
2462,health-monitor,trigger,success,2026-10-06 00:00:00.033,2026-10-06 00:00:00.237,204
2463,event-ingest,webhook,success,2026-10-06 00:00:02.565,2026-10-06 00:00:02.971,406
2464,event-ingest,webhook,success,2026-10-06 00:00:02.597,2026-10-06 00:00:02.977,380
2465,event-ingest,webhook,success,2026-10-06 00:00:02.620,2026-10-06 00:00:02.979,359
2466,event-ingest,webhook,success,2026-10-06 00:00:02.648,2026-10-06 00:00:03.027,379
2467,event-ingest,webhook,success,2026-10-06 00:00:04.780,2026-10-06 00:00:05.160,380
2468,event-ingest,webhook,success,2026-10-06 00:00:04.805,2026-10-06 00:00:05.184,379
2469,event-ingest,webhook,success,2026-10-06 00:00:04.830,2026-10-06 00:00:05.173,343
2470,event-ingest,webhook,success,2026-10-06 00:00:04.857,2026-10-06 00:00:05.235,378
2471,event-ingest,webhook,success,2026-10-06 00:00:06.689,2026-10-06 00:00:07.034,345
2472,event-ingest,webhook,success,2026-10-06 00:00:06.716,2026-10-06 00:00:07.142,426
2473,event-ingest,webhook,success,2026-10-06 00:00:06.739,2026-10-06 00:00:07.136,397
2474,event-ingest,webhook,success,2026-10-06 00:00:06.768,2026-10-06 00:00:07.144,376
2475,event-ingest,webhook,success,2026-10-06 00:00:08.907,2026-10-06 00:00:09.238,331
2476,event-ingest,webhook,success,2026-10-06 00:00:08.935,2026-10-06 00:00:09.310,375
2477,event-ingest,webhook,success,2026-10-06 00:00:08.963,2026-10-06 00:00:09.312,349
2478,event-ingest,webhook,success,2026-10-06 00:00:08.989,2026-10-06 00:00:09.379,390
2479,event-ingest,webhook,success,2026-10-06 00:00:10.822,2026-10-06 00:00:11.157,335
2480,event-ingest,webhook,success,2026-10-06 00:00:10.847,2026-10-06 00:00:11.228,381
2481,event-ingest,webhook,success,2026-10-06 00:00:10.870,2026-10-06 00:00:11.221,351
2482,event-ingest,webhook,success,2026-10-06 00:00:10.898,2026-10-06 00:00:11.258,360
2483,event-ingest,webhook,success,2026-10-06 00:00:13.040,2026-10-06 00:00:13.393,353
2484,event-ingest,webhook,success,2026-10-06 00:00:13.067,2026-10-06 00:00:13.443,376
2485,event-ingest,webhook,success,2026-10-06 00:00:13.091,2026-10-06 00:00:13.415,324
2486,event-ingest,webhook,success,2026-10-06 00:00:13.120,2026-10-06 00:00:13.480,360
2487,event-ingest,webhook,success,2026-10-06 00:00:14.956,2026-10-06 00:00:15.302,346
2488,event-ingest,webhook,success,2026-10-06 00:00:14.980,2026-10-06 00:00:15.341,361
2489,event-ingest,webhook,success,2026-10-06 00:00:15.007,2026-10-06 00:00:15.334,327
2490,event-ingest,webhook,success,2026-10-06 00:00:15.033,2026-10-06 00:00:15.396,363
2491,event-ingest,webhook,success,2026-10-06 00:00:17.169,2026-10-06 00:00:17.502,333
2492,event-ingest,webhook,success,2026-10-06 00:00:17.196,2026-10-06 00:00:17.563,367
2493,event-ingest,webhook,success,2026-10-06 00:00:17.220,2026-10-06 00:00:17.549,329
2494,event-ingest,webhook,success,2026-10-06 00:00:17.248,2026-10-06 00:00:17.606,358
2495,event-ingest,webhook,success,2026-10-06 00:00:19.080,2026-10-06 00:00:19.410,330
2496,event-ingest,webhook,success,2026-10-06 00:00:19.108,2026-10-06 00:00:19.496,388
2497,event-ingest,webhook,success,2026-10-06 00:00:19.148,2026-10-06 00:00:19.504,356
2498,event-ingest,webhook,success,2026-10-06 00:00:19.186,2026-10-06 00:00:19.550,364
2499,event-ingest,webhook,success,2026-10-06 00:00:21.017,2026-10-06 00:00:21.347,330
2500,event-ingest,webhook,success,2026-10-06 00:00:21.043,2026-10-06 00:00:21.425,382
2501,event-ingest,webhook,success,2026-10-06 00:00:21.071,2026-10-06 00:00:21.428,357
2502,event-ingest,webhook,success,2026-10-06 00:00:21.102,2026-10-06 00:00:23.178,2076
2503,event-ingest,webhook,success,2026-10-06 00:00:23.235,2026-10-06 00:00:25.264,2029
2504,event-ingest,webhook,success,2026-10-06 00:00:23.261,2026-10-06 00:00:25.327,2066
2505,event-ingest,webhook,success,2026-10-06 00:00:23.285,2026-10-06 00:00:25.311,2026
2506,event-ingest,webhook,success,2026-10-06 00:00:23.315,2026-10-06 00:00:25.378,2063
2507,event-ingest,webhook,success,2026-10-06 00:00:25.147,2026-10-06 00:00:27.187,2040
2508,event-ingest,webhook,success,2026-10-06 00:00:25.181,2026-10-06 00:00:27.258,2077
2509,event-ingest,webhook,success,2026-10-06 00:00:25.207,2026-10-06 00:00:27.240,2033
2510,event-ingest,webhook,success,2026-10-06 00:00:25.241,2026-10-06 00:00:27.325,2084
2511,event-ingest,webhook,success,2026-10-06 00:00:27.376,2026-10-06 00:00:29.403,2027
2512,event-ingest,webhook,success,2026-10-06 00:00:27.403,2026-10-06 00:00:29.464,2061
2513,event-ingest,webhook,success,2026-10-06 00:00:27.427,2026-10-06 00:00:29.452,2025
2514,event-ingest,webhook,success,2026-10-06 00:00:27.451,2026-10-06 00:00:29.518,2067
2515,event-ingest,webhook,success,2026-10-06 00:00:27.477,2026-10-06 00:00:29.503,2026
2516,event-ingest,webhook,success,2026-10-06 00:00:27.502,2026-10-06 00:00:29.564,2062
2517,event-ingest,webhook,success,2026-10-06 00:00:28.438,2026-10-06 00:00:30.468,2030
2518,event-ingest,webhook,success,2026-10-06 00:00:29.371,2026-10-06 00:00:31.397,2026
2519,event-ingest,webhook,success,2026-10-06 00:00:30.006,2026-10-06 00:00:32.037,2031
2520,event-ingest,webhook,success,2026-10-06 00:00:30.933,2026-10-06 00:00:32.961,2028
2521,event-ingest,webhook,success,2026-10-06 00:00:31.561,2026-10-06 00:00:33.594,2033
2522,event-ingest,webhook,success,2026-10-06 00:00:31.585,2026-10-06 00:00:33.642,2057
2523,event-ingest,webhook,success,2026-10-06 00:00:32.509,2026-10-06 00:00:34.553,2044
2524,event-ingest,webhook,success,2026-10-06 00:00:32.545,2026-10-06 00:00:34.613,2068
2525,event-ingest,webhook,success,2026-10-06 00:00:32.572,2026-10-06 00:00:34.600,2028
2526,event-ingest,webhook,success,2026-10-06 00:00:32.600,2026-10-06 00:00:34.670,2070
2527,event-ingest,webhook,success,2026-10-06 00:00:32.625,2026-10-06 00:00:34.653,2028
2528,event-ingest,webhook,success,2026-10-06 00:00:32.656,2026-10-06 00:00:34.751,2095
2529,event-ingest,webhook,success,2026-10-06 00:00:32.683,2026-10-06 00:00:34.714,2031
2530,event-ingest,webhook,success,2026-10-06 00:00:32.716,2026-10-06 00:00:35.608,2892
2531,event-ingest,webhook,success,2026-10-06 00:00:32.773,2026-10-06 00:00:34.973,2200
2532,event-ingest,webhook,success,2026-10-06 00:00:32.809,2026-10-06 00:00:36.562,3753
2533,event-ingest,webhook,success,2026-10-06 00:00:32.848,2026-10-06 00:00:35.653,2805
2534,event-ingest,webhook,success,2026-10-06 00:00:32.882,2026-10-06 00:00:36.609,3727
2535,health-monitor,trigger,success,2026-10-06 00:05:00.044,2026-10-06 00:05:00.138,94
2536,health-monitor,trigger,success,2026-10-06 00:10:00.021,2026-10-06 00:10:00.104,83
2537,ioc-extractor,trigger,success,2026-10-06 00:15:00.030,2026-10-06 00:15:00.344,314
2538,health-monitor,trigger,success,2026-10-06 00:15:00.037,2026-10-06 00:15:00.236,199
2539,event-ingest,webhook,success,2026-10-06 00:15:02.662,2026-10-06 00:15:03.129,467
2540,event-ingest,webhook,success,2026-10-06 00:15:02.687,2026-10-06 00:15:03.119,432
2541,event-ingest,webhook,success,2026-10-06 00:15:02.710,2026-10-06 00:15:03.117,407
2542,event-ingest,webhook,success,2026-10-06 00:15:02.737,2026-10-06 00:15:03.188,451
2543,event-ingest,webhook,success,2026-10-06 00:15:04.568,2026-10-06 00:15:04.904,336
2544,event-ingest,webhook,success,2026-10-06 00:15:04.598,2026-10-06 00:15:04.970,372
2545,event-ingest,webhook,success,2026-10-06 00:15:04.621,2026-10-06 00:15:04.972,351
2546,event-ingest,webhook,success,2026-10-06 00:15:04.650,2026-10-06 00:15:05.023,373
2547,event-ingest,webhook,success,2026-10-06 00:15:06.782,2026-10-06 00:15:07.111,329
2548,event-ingest,webhook,success,2026-10-06 00:15:06.805,2026-10-06 00:15:07.167,362
2549,event-ingest,webhook,success,2026-10-06 00:15:06.828,2026-10-06 00:15:07.158,330
2550,event-ingest,webhook,success,2026-10-06 00:15:06.853,2026-10-06 00:15:07.219,366
2551,event-ingest,webhook,success,2026-10-06 00:15:08.692,2026-10-06 00:15:09.116,424
2552,event-ingest,webhook,success,2026-10-06 00:15:08.717,2026-10-06 00:15:09.154,437
2553,event-ingest,webhook,success,2026-10-06 00:15:08.741,2026-10-06 00:15:09.127,386
2554,event-ingest,webhook,success,2026-10-06 00:15:08.767,2026-10-06 00:15:09.152,385
2555,event-ingest,webhook,success,2026-10-06 00:15:10.901,2026-10-06 00:15:11.248,347
2556,event-ingest,webhook,success,2026-10-06 00:15:10.931,2026-10-06 00:15:11.313,382
2557,event-ingest,webhook,success,2026-10-06 00:15:10.963,2026-10-06 00:15:11.297,334
2558,event-ingest,webhook,success,2026-10-06 00:15:10.991,2026-10-06 00:15:11.358,367
2559,event-ingest,webhook,success,2026-10-06 00:15:12.827,2026-10-06 00:15:13.166,339
2560,event-ingest,webhook,success,2026-10-06 00:15:12.852,2026-10-06 00:15:13.218,366
2561,event-ingest,webhook,success,2026-10-06 00:15:12.878,2026-10-06 00:15:13.216,338
2562,event-ingest,webhook,success,2026-10-06 00:15:12.911,2026-10-06 00:15:13.282,371
2563,event-ingest,webhook,success,2026-10-06 00:15:13.247,2026-10-06 00:15:13.589,342
2564,event-ingest,webhook,success,2026-10-06 00:15:13.288,2026-10-06 00:15:13.629,341
2565,event-ingest,webhook,success,2026-10-06 00:15:14.234,2026-10-06 00:15:14.582,348
2566,event-ingest,webhook,success,2026-10-06 00:15:14.864,2026-10-06 00:15:15.201,337
2567,event-ingest,webhook,success,2026-10-06 00:15:15.792,2026-10-06 00:15:16.129,337
2568,event-ingest,webhook,success,2026-10-06 00:15:16.726,2026-10-06 00:15:17.129,403
2569,event-ingest,webhook,success,2026-10-06 00:15:17.356,2026-10-06 00:15:17.688,332
2570,event-ingest,webhook,success,2026-10-06 00:15:18.288,2026-10-06 00:15:18.628,340
2571,event-ingest,webhook,success,2026-10-06 00:15:18.918,2026-10-06 00:15:19.252,334
2572,event-ingest,webhook,success,2026-10-06 00:15:19.855,2026-10-06 00:15:21.886,2031
2573,event-ingest,webhook,success,2026-10-06 00:15:19.883,2026-10-06 00:15:21.945,2062
2574,event-ingest,webhook,success,2026-10-06 00:15:20.811,2026-10-06 00:15:22.851,2040
2575,event-ingest,webhook,success,2026-10-06 00:15:20.845,2026-10-06 00:15:22.928,2083
2576,event-ingest,webhook,success,2026-10-06 00:15:20.878,2026-10-06 00:15:22.910,2032
2577,event-ingest,webhook,success,2026-10-06 00:15:20.914,2026-10-06 00:15:23.000,2086
2578,event-ingest,webhook,success,2026-10-06 00:15:20.956,2026-10-06 00:15:22.985,2029
2579,health-monitor,trigger,success,2026-10-06 00:20:00.028,2026-10-06 00:20:00.121,93
2580,health-monitor,trigger,success,2026-10-06 00:25:00.022,2026-10-06 00:25:00.097,75
2581,ioc-extractor,trigger,success,2026-10-06 00:30:00.031,2026-10-06 00:30:00.244,213
2582,health-monitor,trigger,success,2026-10-06 00:30:00.039,2026-10-06 00:30:00.181,142
2583,event-ingest,webhook,success,2026-10-06 00:30:02.736,2026-10-06 00:30:03.128,392
2584,event-ingest,webhook,success,2026-10-06 00:30:02.765,2026-10-06 00:30:03.130,365
2585,event-ingest,webhook,success,2026-10-06 00:30:02.808,2026-10-06 00:30:03.157,349
2586,event-ingest,webhook,success,2026-10-06 00:30:02.841,2026-10-06 00:30:03.202,361
2587,event-ingest,webhook,success,2026-10-06 00:30:04.680,2026-10-06 00:30:05.072,392
2588,event-ingest,webhook,success,2026-10-06 00:30:04.704,2026-10-06 00:30:05.086,382
2589,event-ingest,webhook,success,2026-10-06 00:30:04.724,2026-10-06 00:30:05.093,369
2590,event-ingest,webhook,success,2026-10-06 00:30:04.750,2026-10-06 00:30:05.108,358
2591,event-ingest,webhook,success,2026-10-06 00:30:06.890,2026-10-06 00:30:07.245,355
2592,event-ingest,webhook,success,2026-10-06 00:30:06.920,2026-10-06 00:30:07.287,367
2593,event-ingest,webhook,success,2026-10-06 00:30:06.943,2026-10-06 00:30:07.285,342
2594,event-ingest,webhook,success,2026-10-06 00:30:06.968,2026-10-06 00:30:07.342,374
2595,event-ingest,webhook,success,2026-10-06 00:30:08.808,2026-10-06 00:30:09.152,344
2596,event-ingest,webhook,success,2026-10-06 00:30:08.841,2026-10-06 00:30:09.202,361
2597,event-ingest,webhook,success,2026-10-06 00:30:08.863,2026-10-06 00:30:09.195,332
2598,event-ingest,webhook,success,2026-10-06 00:30:08.888,2026-10-06 00:30:09.246,358
2599,event-ingest,webhook,success,2026-10-06 00:30:11.025,2026-10-06 00:30:11.374,349
2600,event-ingest,webhook,success,2026-10-06 00:30:11.051,2026-10-06 00:30:11.429,378
2601,event-ingest,webhook,success,2026-10-06 00:30:11.079,2026-10-06 00:30:11.427,348
2602,event-ingest,webhook,success,2026-10-06 00:30:11.107,2026-10-06 00:30:11.468,361
2603,event-ingest,webhook,success,2026-10-06 00:30:12.942,2026-10-06 00:30:13.272,330
2604,event-ingest,webhook,success,2026-10-06 00:30:12.973,2026-10-06 00:30:13.339,366
2605,event-ingest,webhook,success,2026-10-06 00:30:12.999,2026-10-06 00:30:13.327,328
2606,event-ingest,webhook,success,2026-10-06 00:30:13.026,2026-10-06 00:30:13.384,358
2607,event-ingest,webhook,success,2026-10-06 00:30:15.160,2026-10-06 00:30:15.489,329
2608,event-ingest,webhook,success,2026-10-06 00:30:15.187,2026-10-06 00:30:15.551,364
2609,event-ingest,webhook,success,2026-10-06 00:30:15.212,2026-10-06 00:30:15.549,337
2610,event-ingest,webhook,success,2026-10-06 00:30:15.240,2026-10-06 00:30:15.604,364
2611,event-ingest,webhook,success,2026-10-06 00:30:15.265,2026-10-06 00:30:15.593,328
2612,event-ingest,webhook,success,2026-10-06 00:30:15.291,2026-10-06 00:30:15.655,364
2613,event-ingest,webhook,success,2026-10-06 00:30:16.227,2026-10-06 00:30:16.567,340
2614,event-ingest,webhook,success,2026-10-06 00:30:16.861,2026-10-06 00:30:18.894,2033
2615,event-ingest,webhook,success,2026-10-06 00:30:17.789,2026-10-06 00:30:19.821,2032
2616,event-ingest,webhook,success,2026-10-06 00:30:18.411,2026-10-06 00:30:20.440,2029
2617,event-ingest,webhook,success,2026-10-06 00:30:19.342,2026-10-06 00:30:21.372,2030
2618,event-ingest,webhook,success,2026-10-06 00:30:20.280,2026-10-06 00:30:22.303,2023
2619,event-ingest,webhook,success,2026-10-06 00:30:20.911,2026-10-06 00:30:22.946,2035
2620,event-ingest,webhook,success,2026-10-06 00:30:20.936,2026-10-06 00:30:22.994,2058
2621,event-ingest,webhook,success,2026-10-06 00:30:21.864,2026-10-06 00:30:23.900,2036
2622,event-ingest,webhook,success,2026-10-06 00:30:21.890,2026-10-06 00:30:23.952,2062
2623,event-ingest,webhook,success,2026-10-06 00:30:21.912,2026-10-06 00:30:23.945,2033
2624,event-ingest,webhook,success,2026-10-06 00:30:21.943,2026-10-06 00:30:24.009,2066
2625,event-ingest,webhook,success,2026-10-06 00:30:21.967,2026-10-06 00:30:23.994,2027
2626,event-ingest,webhook,success,2026-10-06 00:30:22.000,2026-10-06 00:30:24.074,2074
2627,health-monitor,trigger,success,2026-10-06 00:35:00.027,2026-10-06 00:35:00.126,99
2628,health-monitor,trigger,success,2026-10-06 00:40:00.029,2026-10-06 00:40:00.127,98
2629,ioc-extractor,trigger,success,2026-10-06 00:45:00.035,2026-10-06 00:45:00.241,206
2630,health-monitor,trigger,success,2026-10-06 00:45:00.043,2026-10-06 00:45:00.184,141
2631,event-ingest,webhook,success,2026-10-06 00:45:02.583,2026-10-06 00:45:02.963,380
2632,event-ingest,webhook,success,2026-10-06 00:45:02.615,2026-10-06 00:45:03.049,434
2633,event-ingest,webhook,success,2026-10-06 00:45:02.642,2026-10-06 00:45:03.004,362
2634,event-ingest,webhook,success,2026-10-06 00:45:02.670,2026-10-06 00:45:03.033,363
2635,event-ingest,webhook,success,2026-10-06 00:45:04.805,2026-10-06 00:45:05.137,332
2636,event-ingest,webhook,success,2026-10-06 00:45:04.830,2026-10-06 00:45:05.196,366
2637,event-ingest,webhook,success,2026-10-06 00:45:04.854,2026-10-06 00:45:05.187,333
2638,event-ingest,webhook,success,2026-10-06 00:45:04.880,2026-10-06 00:45:05.272,392
2639,event-ingest,webhook,success,2026-10-06 00:45:06.715,2026-10-06 00:45:07.049,334
2640,event-ingest,webhook,success,2026-10-06 00:45:06.747,2026-10-06 00:45:07.124,377
2641,event-ingest,webhook,success,2026-10-06 00:45:06.770,2026-10-06 00:45:07.098,328
2642,event-ingest,webhook,success,2026-10-06 00:45:06.797,2026-10-06 00:45:07.155,358
2643,event-ingest,webhook,success,2026-10-06 00:45:08.931,2026-10-06 00:45:09.283,352
2644,event-ingest,webhook,success,2026-10-06 00:45:08.958,2026-10-06 00:45:09.331,373
2645,event-ingest,webhook,success,2026-10-06 00:45:08.981,2026-10-06 00:45:09.307,326
2646,event-ingest,webhook,success,2026-10-06 00:45:09.007,2026-10-06 00:45:09.369,362
2647,event-ingest,webhook,success,2026-10-06 00:45:10.835,2026-10-06 00:45:11.166,331
2648,event-ingest,webhook,success,2026-10-06 00:45:10.863,2026-10-06 00:45:11.234,371
2649,event-ingest,webhook,success,2026-10-06 00:45:10.885,2026-10-06 00:45:11.221,336
2650,event-ingest,webhook,success,2026-10-06 00:45:10.920,2026-10-06 00:45:11.313,393
2651,event-ingest,webhook,success,2026-10-06 00:45:13.059,2026-10-06 00:45:13.391,332
2652,event-ingest,webhook,success,2026-10-06 00:45:13.085,2026-10-06 00:45:13.465,380
2653,event-ingest,webhook,success,2026-10-06 00:45:13.109,2026-10-06 00:45:13.444,335
2654,event-ingest,webhook,success,2026-10-06 00:45:13.135,2026-10-06 00:45:13.511,376
2655,event-ingest,webhook,success,2026-10-06 00:45:14.965,2026-10-06 00:45:15.302,337
2656,event-ingest,webhook,success,2026-10-06 00:45:14.989,2026-10-06 00:45:15.358,369
2657,event-ingest,webhook,success,2026-10-06 00:45:15.012,2026-10-06 00:45:15.367,355
2658,event-ingest,webhook,success,2026-10-06 00:45:15.037,2026-10-06 00:45:15.396,359
2659,event-ingest,webhook,success,2026-10-06 00:45:17.177,2026-10-06 00:45:17.508,331
2660,event-ingest,webhook,success,2026-10-06 00:45:17.207,2026-10-06 00:45:17.586,379
2661,event-ingest,webhook,success,2026-10-06 00:45:17.231,2026-10-06 00:45:17.584,353
2662,event-ingest,webhook,success,2026-10-06 00:45:17.257,2026-10-06 00:45:17.616,359
2663,event-ingest,webhook,success,2026-10-06 00:45:19.084,2026-10-06 00:45:19.425,341
2664,event-ingest,webhook,success,2026-10-06 00:45:19.108,2026-10-06 00:45:19.473,365
2665,event-ingest,webhook,success,2026-10-06 00:45:19.130,2026-10-06 00:45:19.475,345
2666,event-ingest,webhook,success,2026-10-06 00:45:19.156,2026-10-06 00:45:21.224,2068
2667,event-ingest,webhook,success,2026-10-06 00:45:21.285,2026-10-06 00:45:23.311,2026
2668,event-ingest,webhook,success,2026-10-06 00:45:21.308,2026-10-06 00:45:23.370,2062
2669,event-ingest,webhook,success,2026-10-06 00:45:21.331,2026-10-06 00:45:23.356,2025
2670,event-ingest,webhook,success,2026-10-06 00:45:21.358,2026-10-06 00:45:23.418,2060
2671,event-ingest,webhook,success,2026-10-06 00:45:23.195,2026-10-06 00:45:25.224,2029
2672,event-ingest,webhook,success,2026-10-06 00:45:23.221,2026-10-06 00:45:25.285,2064
2673,event-ingest,webhook,success,2026-10-06 00:45:23.244,2026-10-06 00:45:25.268,2024
2674,event-ingest,webhook,success,2026-10-06 00:45:23.274,2026-10-06 00:45:25.335,2061
2675,event-ingest,webhook,success,2026-10-06 00:45:25.399,2026-10-06 00:45:27.435,2036
2676,event-ingest,webhook,success,2026-10-06 00:45:25.427,2026-10-06 00:45:27.491,2064
2677,event-ingest,webhook,success,2026-10-06 00:45:25.449,2026-10-06 00:45:27.475,2026
2678,event-ingest,webhook,success,2026-10-06 00:45:25.473,2026-10-06 00:45:27.536,2063
2679,event-ingest,webhook,success,2026-10-06 00:45:25.498,2026-10-06 00:45:27.521,2023
2680,event-ingest,webhook,success,2026-10-06 00:45:25.522,2026-10-06 00:45:27.580,2058
2681,event-ingest,webhook,success,2026-10-06 00:45:26.460,2026-10-06 00:45:28.496,2036
2682,event-ingest,webhook,success,2026-10-06 00:45:27.092,2026-10-06 00:45:29.120,2028
2683,event-ingest,webhook,success,2026-10-06 00:45:28.019,2026-10-06 00:45:30.055,2036
2684,event-ingest,webhook,success,2026-10-06 00:45:28.963,2026-10-06 00:45:30.995,2032
2685,event-ingest,webhook,success,2026-10-06 00:45:29.594,2026-10-06 00:45:31.624,2030
2686,event-ingest,webhook,success,2026-10-06 00:45:29.618,2026-10-06 00:45:31.673,2055
2687,event-ingest,webhook,success,2026-10-06 00:45:30.543,2026-10-06 00:45:32.571,2028
2688,event-ingest,webhook,success,2026-10-06 00:45:30.569,2026-10-06 00:45:32.627,2058
2689,event-ingest,webhook,success,2026-10-06 00:45:30.590,2026-10-06 00:45:32.616,2026
2690,event-ingest,webhook,success,2026-10-06 00:45:30.620,2026-10-06 00:45:32.677,2057
2691,event-ingest,webhook,success,2026-10-06 00:45:32.745,2026-10-06 00:45:34.784,2039
2692,event-ingest,webhook,success,2026-10-06 00:45:32.770,2026-10-06 00:45:34.842,2072
2693,event-ingest,webhook,success,2026-10-06 00:45:32.795,2026-10-06 00:45:34.833,2038
2694,event-ingest,webhook,success,2026-10-06 00:45:32.821,2026-10-06 00:45:34.883,2062
2695,event-ingest,webhook,success,2026-10-06 00:45:34.651,2026-10-06 00:45:36.675,2024
2696,event-ingest,webhook,success,2026-10-06 00:45:34.677,2026-10-06 00:45:36.755,2078
2697,event-ingest,webhook,success,2026-10-06 00:45:34.700,2026-10-06 00:45:36.731,2031
2698,event-ingest,webhook,success,2026-10-06 00:45:34.738,2026-10-06 00:45:36.860,2122
2699,event-ingest,webhook,success,2026-10-06 00:45:36.885,2026-10-06 00:45:38.922,2037
2700,event-ingest,webhook,success,2026-10-06 00:45:36.925,2026-10-06 00:45:39.017,2092
2701,event-ingest,webhook,success,2026-10-06 00:45:36.969,2026-10-06 00:45:39.001,2032
2702,event-ingest,webhook,success,2026-10-06 00:45:37.005,2026-10-06 00:45:39.091,2086
2703,event-ingest,webhook,success,2026-10-06 00:45:37.037,2026-10-06 00:45:39.071,2034
2704,event-ingest,webhook,success,2026-10-06 00:45:37.075,2026-10-06 00:45:39.154,2079
2705,event-ingest,webhook,success,2026-10-06 00:45:37.105,2026-10-06 00:45:39.134,2029
2706,event-ingest,webhook,success,2026-10-06 00:45:37.136,2026-10-06 00:45:39.231,2095
2707,event-ingest,webhook,success,2026-10-06 00:45:37.169,2026-10-06 00:45:39.213,2044
2708,event-ingest,webhook,success,2026-10-06 00:45:37.214,2026-10-06 00:45:40.938,3724
2709,event-ingest,webhook,success,2026-10-06 00:45:37.249,2026-10-06 00:45:39.287,2038
2710,event-ingest,webhook,success,2026-10-06 00:45:37.281,2026-10-06 00:45:41.028,3747
2711,event-ingest,webhook,success,2026-10-06 00:45:37.312,2026-10-06 00:45:41.017,3705
2712,event-ingest,webhook,success,2026-10-06 00:45:37.338,2026-10-06 00:45:41.083,3745
2713,health-monitor,trigger,success,2026-10-06 00:50:00.028,2026-10-06 00:50:00.119,91
2714,health-monitor,trigger,success,2026-10-06 00:55:00.024,2026-10-06 00:55:00.110,86
2715,ioc-extractor,trigger,success,2026-10-06 01:00:00.033,2026-10-06 01:00:00.372,339
2716,health-monitor,trigger,success,2026-10-06 01:00:00.041,2026-10-06 01:00:00.239,198
2717,event-ingest,webhook,success,2026-10-06 01:00:02.603,2026-10-06 01:00:02.997,394
2718,event-ingest,webhook,success,2026-10-06 01:00:02.630,2026-10-06 01:00:03.004,374
2719,event-ingest,webhook,success,2026-10-06 01:00:02.659,2026-10-06 01:00:03.002,343
2720,event-ingest,webhook,success,2026-10-06 01:00:02.691,2026-10-06 01:00:03.052,361
2721,event-ingest,webhook,success,2026-10-06 01:00:04.829,2026-10-06 01:00:05.164,335
2722,event-ingest,webhook,success,2026-10-06 01:00:04.855,2026-10-06 01:00:05.216,361
2723,event-ingest,webhook,success,2026-10-06 01:00:04.878,2026-10-06 01:00:05.207,329
2724,event-ingest,webhook,success,2026-10-06 01:00:04.906,2026-10-06 01:00:05.287,381
2725,event-ingest,webhook,success,2026-10-06 01:00:06.736,2026-10-06 01:00:07.068,332
2726,event-ingest,webhook,success,2026-10-06 01:00:06.763,2026-10-06 01:00:07.139,376
2727,event-ingest,webhook,success,2026-10-06 01:00:06.787,2026-10-06 01:00:07.114,327
2728,event-ingest,webhook,success,2026-10-06 01:00:06.813,2026-10-06 01:00:07.179,366
2729,event-ingest,webhook,success,2026-10-06 01:00:08.643,2026-10-06 01:00:09.033,390
2730,event-ingest,webhook,success,2026-10-06 01:00:08.682,2026-10-06 01:00:09.031,349
2731,event-ingest,webhook,success,2026-10-06 01:00:08.711,2026-10-06 01:00:09.089,378
2732,event-ingest,webhook,success,2026-10-06 01:00:08.735,2026-10-06 01:00:09.062,327
2733,event-ingest,webhook,success,2026-10-06 01:00:10.873,2026-10-06 01:00:11.220,347
2734,event-ingest,webhook,success,2026-10-06 01:00:10.900,2026-10-06 01:00:11.268,368
2735,event-ingest,webhook,success,2026-10-06 01:00:10.926,2026-10-06 01:00:11.271,345
2736,event-ingest,webhook,success,2026-10-06 01:00:10.953,2026-10-06 01:00:11.307,354
2737,event-ingest,webhook,success,2026-10-06 01:00:12.789,2026-10-06 01:00:13.118,329
2738,event-ingest,webhook,success,2026-10-06 01:00:12.815,2026-10-06 01:00:13.188,373
2739,event-ingest,webhook,success,2026-10-06 01:00:12.842,2026-10-06 01:00:13.173,331
2740,event-ingest,webhook,success,2026-10-06 01:00:12.868,2026-10-06 01:00:13.250,382
2741,event-ingest,webhook,success,2026-10-06 01:00:12.893,2026-10-06 01:00:13.231,338
2742,event-ingest,webhook,success,2026-10-06 01:00:12.921,2026-10-06 01:00:13.288,367
2743,event-ingest,webhook,success,2026-10-06 01:00:14.162,2026-10-06 01:00:14.513,351
2744,event-ingest,webhook,success,2026-10-06 01:00:14.796,2026-10-06 01:00:15.129,333
2745,event-ingest,webhook,success,2026-10-06 01:00:15.732,2026-10-06 01:00:16.064,332
2746,event-ingest,webhook,success,2026-10-06 01:00:16.364,2026-10-06 01:00:16.695,331
2747,event-ingest,webhook,success,2026-10-06 01:00:17.299,2026-10-06 01:00:17.636,337
2748,event-ingest,webhook,success,2026-10-06 01:00:17.335,2026-10-06 01:00:17.729,394
2749,event-ingest,webhook,success,2026-10-06 01:00:18.270,2026-10-06 01:00:18.606,336
2750,event-ingest,webhook,success,2026-10-06 01:00:18.299,2026-10-06 01:00:18.663,364
2751,event-ingest,webhook,success,2026-10-06 01:00:18.325,2026-10-06 01:00:18.654,329
2752,event-ingest,webhook,success,2026-10-06 01:00:18.351,2026-10-06 01:00:18.707,356
2753,event-ingest,webhook,success,2026-10-06 01:00:20.182,2026-10-06 01:00:20.523,341
2754,event-ingest,webhook,success,2026-10-06 01:00:20.207,2026-10-06 01:00:20.585,378
2755,event-ingest,webhook,success,2026-10-06 01:00:20.230,2026-10-06 01:00:20.563,333
2756,event-ingest,webhook,success,2026-10-06 01:00:20.258,2026-10-06 01:00:20.618,360
2757,event-ingest,webhook,success,2026-10-06 01:00:22.394,2026-10-06 01:00:22.729,335
2758,event-ingest,webhook,success,2026-10-06 01:00:22.422,2026-10-06 01:00:22.792,370
2759,event-ingest,webhook,success,2026-10-06 01:00:22.445,2026-10-06 01:00:22.801,356
2760,event-ingest,webhook,success,2026-10-06 01:00:22.472,2026-10-06 01:00:22.831,359
2761,event-ingest,webhook,success,2026-10-06 01:00:24.301,2026-10-06 01:00:24.638,337
2762,event-ingest,webhook,success,2026-10-06 01:00:24.328,2026-10-06 01:00:24.697,369
2763,event-ingest,webhook,success,2026-10-06 01:00:24.352,2026-10-06 01:00:24.695,343
2764,event-ingest,webhook,success,2026-10-06 01:00:24.378,2026-10-06 01:00:24.758,380
2765,event-ingest,webhook,success,2026-10-06 01:00:26.516,2026-10-06 01:00:26.858,342
2766,event-ingest,webhook,success,2026-10-06 01:00:26.542,2026-10-06 01:00:26.981,439
2767,event-ingest,webhook,success,2026-10-06 01:00:26.566,2026-10-06 01:00:26.951,385
2768,event-ingest,webhook,success,2026-10-06 01:00:26.592,2026-10-06 01:00:26.992,400
2769,event-ingest,webhook,success,2026-10-06 01:00:28.424,2026-10-06 01:00:30.458,2034
2770,event-ingest,webhook,success,2026-10-06 01:00:28.446,2026-10-06 01:00:30.507,2061
2771,event-ingest,webhook,success,2026-10-06 01:00:28.473,2026-10-06 01:00:30.498,2025
2772,event-ingest,webhook,success,2026-10-06 01:00:28.496,2026-10-06 01:00:30.556,2060
2773,event-ingest,webhook,success,2026-10-06 01:00:30.624,2026-10-06 01:00:32.653,2029
2774,event-ingest,webhook,success,2026-10-06 01:00:30.653,2026-10-06 01:00:32.715,2062
2775,event-ingest,webhook,success,2026-10-06 01:00:30.677,2026-10-06 01:00:32.700,2023
2776,event-ingest,webhook,success,2026-10-06 01:00:30.702,2026-10-06 01:00:32.762,2060
2777,event-ingest,webhook,success,2026-10-06 01:00:32.534,2026-10-06 01:00:34.563,2029
2778,event-ingest,webhook,success,2026-10-06 01:00:32.561,2026-10-06 01:00:34.627,2066
2779,event-ingest,webhook,success,2026-10-06 01:00:32.584,2026-10-06 01:00:34.610,2026
2780,event-ingest,webhook,success,2026-10-06 01:00:32.611,2026-10-06 01:00:34.672,2061
2781,event-ingest,webhook,success,2026-10-06 01:00:34.751,2026-10-06 01:00:36.791,2040
2782,event-ingest,webhook,success,2026-10-06 01:00:34.789,2026-10-06 01:00:36.870,2081
2783,event-ingest,webhook,success,2026-10-06 01:00:34.826,2026-10-06 01:00:36.861,2035
2784,event-ingest,webhook,success,2026-10-06 01:00:34.856,2026-10-06 01:00:36.925,2069
2785,event-ingest,webhook,success,2026-10-06 01:00:34.883,2026-10-06 01:00:36.909,2026
2786,event-ingest,webhook,success,2026-10-06 01:00:34.911,2026-10-06 01:00:36.981,2070
2787,event-ingest,webhook,success,2026-10-06 01:00:34.939,2026-10-06 01:00:36.965,2026
2788,event-ingest,webhook,success,2026-10-06 01:00:34.966,2026-10-06 01:00:37.044,2078
2789,event-ingest,webhook,success,2026-10-06 01:00:35.003,2026-10-06 01:00:37.036,2033
2790,event-ingest,webhook,success,2026-10-06 01:00:35.038,2026-10-06 01:00:38.804,3766
2791,event-ingest,webhook,success,2026-10-06 01:00:35.061,2026-10-06 01:00:37.088,2027
2792,event-ingest,webhook,success,2026-10-06 01:00:35.089,2026-10-06 01:00:38.892,3803
2793,event-ingest,webhook,success,2026-10-06 01:00:35.125,2026-10-06 01:00:38.883,3758
2794,health-monitor,trigger,success,2026-10-06 01:05:00.028,2026-10-06 01:05:00.124,96
2795,health-monitor,trigger,success,2026-10-06 01:10:00.022,2026-10-06 01:10:00.129,107
2796,ioc-extractor,trigger,success,2026-10-06 01:15:00.028,2026-10-06 01:15:00.312,284
2797,health-monitor,trigger,success,2026-10-06 01:15:00.037,2026-10-06 01:15:00.184,147
2798,event-ingest,webhook,success,2026-10-06 01:15:02.776,2026-10-06 01:15:03.185,409
2799,event-ingest,webhook,success,2026-10-06 01:15:02.804,2026-10-06 01:15:03.187,383
2800,event-ingest,webhook,success,2026-10-06 01:15:02.829,2026-10-06 01:15:03.179,350
2801,event-ingest,webhook,success,2026-10-06 01:15:02.857,2026-10-06 01:15:03.235,378
2802,event-ingest,webhook,success,2026-10-06 01:15:04.695,2026-10-06 01:15:05.044,349
2803,event-ingest,webhook,success,2026-10-06 01:15:04.720,2026-10-06 01:15:05.091,371
2804,event-ingest,webhook,success,2026-10-06 01:15:04.744,2026-10-06 01:15:05.079,335
2805,event-ingest,webhook,success,2026-10-06 01:15:04.779,2026-10-06 01:15:05.141,362
2806,event-ingest,webhook,success,2026-10-06 01:15:06.912,2026-10-06 01:15:07.247,335
2807,event-ingest,webhook,success,2026-10-06 01:15:06.939,2026-10-06 01:15:07.305,366
2808,event-ingest,webhook,success,2026-10-06 01:15:06.963,2026-10-06 01:15:07.294,331
2809,event-ingest,webhook,success,2026-10-06 01:15:06.990,2026-10-06 01:15:07.352,362
2810,event-ingest,webhook,success,2026-10-06 01:15:08.816,2026-10-06 01:15:09.143,327
2811,event-ingest,webhook,success,2026-10-06 01:15:08.840,2026-10-06 01:15:09.202,362
2812,event-ingest,webhook,success,2026-10-06 01:15:08.864,2026-10-06 01:15:09.195,331
2813,event-ingest,webhook,success,2026-10-06 01:15:08.890,2026-10-06 01:15:09.306,416
2814,event-ingest,webhook,success,2026-10-06 01:15:08.929,2026-10-06 01:15:09.286,357
2815,event-ingest,webhook,success,2026-10-06 01:15:08.984,2026-10-06 01:15:09.345,361
2816,event-ingest,webhook,success,2026-10-06 01:15:09.924,2026-10-06 01:15:10.273,349
2817,event-ingest,webhook,success,2026-10-06 01:15:10.854,2026-10-06 01:15:11.207,353
2818,event-ingest,webhook,success,2026-10-06 01:15:11.482,2026-10-06 01:15:11.825,343
2819,event-ingest,webhook,success,2026-10-06 01:15:12.413,2026-10-06 01:15:12.761,348
2820,event-ingest,webhook,success,2026-10-06 01:15:13.043,2026-10-06 01:15:13.376,333
2821,event-ingest,webhook,success,2026-10-06 01:15:13.978,2026-10-06 01:15:14.336,358
2822,event-ingest,webhook,success,2026-10-06 01:15:14.918,2026-10-06 01:15:15.266,348
2823,event-ingest,webhook,success,2026-10-06 01:15:14.951,2026-10-06 01:15:15.313,362
2824,event-ingest,webhook,success,2026-10-06 01:15:15.881,2026-10-06 01:15:16.233,352
2825,event-ingest,webhook,success,2026-10-06 01:15:15.911,2026-10-06 01:15:16.290,379
2826,event-ingest,webhook,success,2026-10-06 01:15:15.938,2026-10-06 01:15:16.265,327
2827,event-ingest,webhook,success,2026-10-06 01:15:15.964,2026-10-06 01:15:16.322,358
2828,event-ingest,webhook,success,2026-10-06 01:15:17.797,2026-10-06 01:15:18.131,334
2829,event-ingest,webhook,success,2026-10-06 01:15:17.825,2026-10-06 01:15:19.894,2069
2830,event-ingest,webhook,success,2026-10-06 01:15:17.850,2026-10-06 01:15:18.176,326
2831,event-ingest,webhook,success,2026-10-06 01:15:17.875,2026-10-06 01:15:19.931,2056
2832,event-ingest,webhook,success,2026-10-06 01:15:20.011,2026-10-06 01:15:22.041,2030
2833,event-ingest,webhook,success,2026-10-06 01:15:20.039,2026-10-06 01:15:22.109,2070
2834,event-ingest,webhook,success,2026-10-06 01:15:20.063,2026-10-06 01:15:22.091,2028
2835,event-ingest,webhook,success,2026-10-06 01:15:20.098,2026-10-06 01:15:22.161,2063
2836,event-ingest,webhook,success,2026-10-06 01:15:20.124,2026-10-06 01:15:22.151,2027
2837,event-ingest,webhook,success,2026-10-06 01:15:20.150,2026-10-06 01:15:22.212,2062
2838,event-ingest,webhook,success,2026-10-06 01:15:21.086,2026-10-06 01:15:23.112,2026
2839,event-ingest,webhook,success,2026-10-06 01:15:21.717,2026-10-06 01:15:23.746,2029
2840,event-ingest,webhook,success,2026-10-06 01:15:22.645,2026-10-06 01:15:24.677,2032
2841,event-ingest,webhook,success,2026-10-06 01:15:23.575,2026-10-06 01:15:25.603,2028
2842,event-ingest,webhook,success,2026-10-06 01:15:24.205,2026-10-06 01:15:26.237,2032
2843,event-ingest,webhook,success,2026-10-06 01:15:24.232,2026-10-06 01:15:26.285,2053
2844,event-ingest,webhook,success,2026-10-06 01:15:25.155,2026-10-06 01:15:27.184,2029
2845,event-ingest,webhook,success,2026-10-06 01:15:25.180,2026-10-06 01:15:27.242,2062
2846,event-ingest,webhook,success,2026-10-06 01:15:25.202,2026-10-06 01:15:27.227,2025
2847,event-ingest,webhook,success,2026-10-06 01:15:25.227,2026-10-06 01:15:27.286,2059
2848,event-ingest,webhook,success,2026-10-06 01:15:25.250,2026-10-06 01:15:27.272,2022
2849,health-monitor,trigger,success,2026-10-06 01:20:00.025,2026-10-06 01:20:00.121,96
2850,health-monitor,trigger,success,2026-10-06 01:25:00.025,2026-10-06 01:25:00.130,105
2851,ioc-extractor,trigger,success,2026-10-06 01:30:00.031,2026-10-06 01:30:00.256,225
2852,health-monitor,trigger,success,2026-10-06 01:30:00.039,2026-10-06 01:30:00.184,145
2853,event-ingest,webhook,success,2026-10-06 01:30:02.510,2026-10-06 01:30:02.915,405
2854,event-ingest,webhook,success,2026-10-06 01:30:02.541,2026-10-06 01:30:02.947,406
2855,event-ingest,webhook,success,2026-10-06 01:30:02.586,2026-10-06 01:30:02.931,345
2856,event-ingest,webhook,success,2026-10-06 01:30:02.633,2026-10-06 01:30:03.025,392
2857,event-ingest,webhook,success,2026-10-06 01:30:04.774,2026-10-06 01:30:05.123,349
2858,event-ingest,webhook,success,2026-10-06 01:30:04.799,2026-10-06 01:30:05.189,390
2859,event-ingest,webhook,success,2026-10-06 01:30:04.827,2026-10-06 01:30:05.179,352
2860,event-ingest,webhook,success,2026-10-06 01:30:04.860,2026-10-06 01:30:05.232,372
2861,event-ingest,webhook,success,2026-10-06 01:30:06.687,2026-10-06 01:30:07.039,352
2862,event-ingest,webhook,success,2026-10-06 01:30:06.718,2026-10-06 01:30:07.100,382
2863,event-ingest,webhook,success,2026-10-06 01:30:06.746,2026-10-06 01:30:07.098,352
2864,event-ingest,webhook,success,2026-10-06 01:30:06.781,2026-10-06 01:30:07.147,366
2865,event-ingest,webhook,success,2026-10-06 01:30:07.116,2026-10-06 01:30:07.487,371
2866,event-ingest,webhook,success,2026-10-06 01:30:07.172,2026-10-06 01:30:07.528,356
2867,event-ingest,webhook,success,2026-10-06 01:30:08.112,2026-10-06 01:30:08.446,334
2868,event-ingest,webhook,success,2026-10-06 01:30:08.750,2026-10-06 01:30:09.096,346
2869,event-ingest,webhook,success,2026-10-06 01:30:09.683,2026-10-06 01:30:10.016,333
2870,event-ingest,webhook,success,2026-10-06 01:30:10.318,2026-10-06 01:30:10.675,357
2871,event-ingest,webhook,success,2026-10-06 01:30:11.259,2026-10-06 01:30:11.592,333
2872,event-ingest,webhook,success,2026-10-06 01:30:11.286,2026-10-06 01:30:11.664,378
2873,event-ingest,webhook,success,2026-10-06 01:30:12.219,2026-10-06 01:30:12.554,335
2874,event-ingest,webhook,success,2026-10-06 01:30:12.244,2026-10-06 01:30:12.632,388
2875,event-ingest,webhook,success,2026-10-06 01:30:12.267,2026-10-06 01:30:12.619,352
2876,event-ingest,webhook,success,2026-10-06 01:30:12.296,2026-10-06 01:30:12.662,366
2877,event-ingest,webhook,success,2026-10-06 01:30:14.435,2026-10-06 01:30:14.764,329
2878,event-ingest,webhook,success,2026-10-06 01:30:14.462,2026-10-06 01:30:14.848,386
2879,event-ingest,webhook,success,2026-10-06 01:30:14.487,2026-10-06 01:30:14.867,380
2880,event-ingest,webhook,success,2026-10-06 01:30:14.513,2026-10-06 01:30:14.891,378
2881,event-ingest,webhook,success,2026-10-06 01:30:16.351,2026-10-06 01:30:16.688,337
2882,event-ingest,webhook,success,2026-10-06 01:30:16.376,2026-10-06 01:30:18.448,2072
2883,event-ingest,webhook,success,2026-10-06 01:30:16.401,2026-10-06 01:30:16.731,330
2884,event-ingest,webhook,success,2026-10-06 01:30:16.426,2026-10-06 01:30:18.484,2058
2885,event-ingest,webhook,success,2026-10-06 01:30:18.552,2026-10-06 01:30:20.579,2027
2886,event-ingest,webhook,success,2026-10-06 01:30:18.577,2026-10-06 01:30:20.638,2061
2887,event-ingest,webhook,success,2026-10-06 01:30:18.600,2026-10-06 01:30:20.625,2025
2888,event-ingest,webhook,success,2026-10-06 01:30:18.628,2026-10-06 01:30:20.686,2058
2889,event-ingest,webhook,success,2026-10-06 01:30:20.465,2026-10-06 01:30:22.495,2030
2890,event-ingest,webhook,success,2026-10-06 01:30:20.496,2026-10-06 01:30:22.569,2073
2891,event-ingest,webhook,success,2026-10-06 01:30:20.521,2026-10-06 01:30:22.555,2034
2892,event-ingest,webhook,success,2026-10-06 01:30:20.552,2026-10-06 01:30:22.628,2076
2893,event-ingest,webhook,success,2026-10-06 01:30:22.388,2026-10-06 01:30:24.426,2038
2894,event-ingest,webhook,success,2026-10-06 01:30:22.420,2026-10-06 01:30:24.496,2076
2895,event-ingest,webhook,success,2026-10-06 01:30:22.449,2026-10-06 01:30:24.479,2030
2896,event-ingest,webhook,success,2026-10-06 01:30:22.480,2026-10-06 01:30:24.530,2050
2897,event-ingest,webhook,success,2026-10-06 01:30:24.633,2026-10-06 01:30:26.655,2022
2898,event-ingest,webhook,success,2026-10-06 01:30:24.656,2026-10-06 01:30:26.734,2078
2899,event-ingest,webhook,success,2026-10-06 01:30:24.679,2026-10-06 01:30:26.756,2077
2900,event-ingest,webhook,success,2026-10-06 01:30:24.713,2026-10-06 01:30:26.744,2031
2901,event-ingest,webhook,success,2026-10-06 01:30:26.548,2026-10-06 01:30:28.574,2026
2902,event-ingest,webhook,success,2026-10-06 01:30:26.572,2026-10-06 01:30:28.634,2062
2903,event-ingest,webhook,success,2026-10-06 01:30:26.594,2026-10-06 01:30:28.619,2025
2904,event-ingest,webhook,success,2026-10-06 01:30:26.619,2026-10-06 01:30:28.687,2068
2905,event-ingest,webhook,success,2026-10-06 01:30:28.746,2026-10-06 01:30:30.787,2041
2906,event-ingest,webhook,success,2026-10-06 01:30:28.778,2026-10-06 01:30:30.852,2074
2907,event-ingest,webhook,success,2026-10-06 01:30:28.809,2026-10-06 01:30:30.840,2031
2908,event-ingest,webhook,success,2026-10-06 01:30:28.846,2026-10-06 01:30:30.934,2088
2909,event-ingest,webhook,success,2026-10-06 01:30:28.878,2026-10-06 01:30:30.912,2034
2910,event-ingest,webhook,success,2026-10-06 01:30:28.915,2026-10-06 01:30:31.028,2113
2911,event-ingest,webhook,success,2026-10-06 01:30:28.973,2026-10-06 01:30:31.019,2046
2912,event-ingest,webhook,success,2026-10-06 01:30:29.007,2026-10-06 01:30:31.072,2065
2913,event-ingest,webhook,success,2026-10-06 01:30:29.032,2026-10-06 01:30:31.056,2024
2914,event-ingest,webhook,success,2026-10-06 01:30:29.061,2026-10-06 01:30:31.130,2069
2915,health-monitor,trigger,success,2026-10-06 01:35:00.027,2026-10-06 01:35:00.132,105
2916,health-monitor,trigger,success,2026-10-06 01:40:00.028,2026-10-06 01:40:00.119,91
2917,ioc-extractor,trigger,success,2026-10-06 01:45:00.032,2026-10-06 01:45:00.332,300
2918,health-monitor,trigger,success,2026-10-06 01:45:00.040,2026-10-06 01:45:00.219,179
2919,event-ingest,webhook,success,2026-10-06 01:45:02.719,2026-10-06 01:45:03.132,413
2920,event-ingest,webhook,success,2026-10-06 01:45:02.746,2026-10-06 01:45:03.112,366
2921,event-ingest,webhook,success,2026-10-06 01:45:02.769,2026-10-06 01:45:03.111,342
2922,event-ingest,webhook,success,2026-10-06 01:45:02.799,2026-10-06 01:45:03.157,358
2923,event-ingest,webhook,success,2026-10-06 01:45:04.637,2026-10-06 01:45:04.969,332
2924,event-ingest,webhook,success,2026-10-06 01:45:04.662,2026-10-06 01:45:05.043,381
2925,event-ingest,webhook,success,2026-10-06 01:45:04.689,2026-10-06 01:45:05.021,332
2926,event-ingest,webhook,success,2026-10-06 01:45:04.715,2026-10-06 01:45:05.079,364
2927,event-ingest,webhook,success,2026-10-06 01:45:06.849,2026-10-06 01:45:07.186,337
2928,event-ingest,webhook,success,2026-10-06 01:45:06.874,2026-10-06 01:45:07.247,373
2929,event-ingest,webhook,success,2026-10-06 01:45:06.900,2026-10-06 01:45:07.231,331
2930,event-ingest,webhook,success,2026-10-06 01:45:06.925,2026-10-06 01:45:07.283,358
2931,event-ingest,webhook,success,2026-10-06 01:45:08.762,2026-10-06 01:45:09.107,345
2932,event-ingest,webhook,success,2026-10-06 01:45:08.791,2026-10-06 01:45:09.166,375
2933,event-ingest,webhook,success,2026-10-06 01:45:08.816,2026-10-06 01:45:09.145,329
2934,event-ingest,webhook,success,2026-10-06 01:45:08.844,2026-10-06 01:45:09.216,372
2935,event-ingest,webhook,success,2026-10-06 01:45:10.978,2026-10-06 01:45:11.336,358
2936,event-ingest,webhook,success,2026-10-06 01:45:11.003,2026-10-06 01:45:11.369,366
2937,event-ingest,webhook,success,2026-10-06 01:45:11.033,2026-10-06 01:45:11.358,325
2938,event-ingest,webhook,success,2026-10-06 01:45:11.058,2026-10-06 01:45:11.418,360
2939,event-ingest,webhook,success,2026-10-06 01:45:12.891,2026-10-06 01:45:13.225,334
2940,event-ingest,webhook,success,2026-10-06 01:45:12.916,2026-10-06 01:45:13.292,376
2941,event-ingest,webhook,success,2026-10-06 01:45:12.941,2026-10-06 01:45:13.280,339
2942,event-ingest,webhook,success,2026-10-06 01:45:12.969,2026-10-06 01:45:13.343,374
2943,event-ingest,webhook,success,2026-10-06 01:45:15.106,2026-10-06 01:45:15.438,332
2944,event-ingest,webhook,success,2026-10-06 01:45:15.132,2026-10-06 01:45:15.503,371
2945,event-ingest,webhook,success,2026-10-06 01:45:15.155,2026-10-06 01:45:15.492,337
2946,event-ingest,webhook,success,2026-10-06 01:45:15.180,2026-10-06 01:45:15.556,376
2947,event-ingest,webhook,success,2026-10-06 01:45:17.010,2026-10-06 01:45:17.360,350
2948,event-ingest,webhook,success,2026-10-06 01:45:17.033,2026-10-06 01:45:17.397,364
2949,event-ingest,webhook,success,2026-10-06 01:45:17.058,2026-10-06 01:45:17.399,341
2950,event-ingest,webhook,success,2026-10-06 01:45:17.085,2026-10-06 01:45:17.443,358
2951,event-ingest,webhook,success,2026-10-06 01:45:19.213,2026-10-06 01:45:19.561,348
2952,event-ingest,webhook,success,2026-10-06 01:45:19.241,2026-10-06 01:45:21.310,2069
2953,event-ingest,webhook,success,2026-10-06 01:45:19.265,2026-10-06 01:45:21.292,2027
2954,event-ingest,webhook,success,2026-10-06 01:45:19.301,2026-10-06 01:45:21.364,2063
2955,event-ingest,webhook,success,2026-10-06 01:45:19.326,2026-10-06 01:45:21.355,2029
2956,event-ingest,webhook,success,2026-10-06 01:45:19.352,2026-10-06 01:45:21.414,2062
2957,event-ingest,webhook,success,2026-10-06 01:45:20.284,2026-10-06 01:45:22.321,2037
2958,event-ingest,webhook,success,2026-10-06 01:45:21.215,2026-10-06 01:45:23.251,2036
2959,event-ingest,webhook,success,2026-10-06 01:45:21.853,2026-10-06 01:45:23.883,2030
2960,event-ingest,webhook,success,2026-10-06 01:45:22.785,2026-10-06 01:45:24.817,2032
2961,event-ingest,webhook,success,2026-10-06 01:45:23.409,2026-10-06 01:45:25.431,2022
2962,event-ingest,webhook,success,2026-10-06 01:45:24.342,2026-10-06 01:45:26.375,2033
2963,event-ingest,webhook,success,2026-10-06 01:45:25.272,2026-10-06 01:45:27.308,2036
2964,event-ingest,webhook,success,2026-10-06 01:45:25.905,2026-10-06 01:45:27.934,2029
2965,event-ingest,webhook,success,2026-10-06 01:45:25.936,2026-10-06 01:45:27.995,2059
2966,event-ingest,webhook,success,2026-10-06 01:45:26.870,2026-10-06 01:45:28.904,2034
2967,event-ingest,webhook,success,2026-10-06 01:45:26.894,2026-10-06 01:45:28.961,2067
2968,event-ingest,webhook,success,2026-10-06 01:45:26.921,2026-10-06 01:45:28.947,2026
2969,event-ingest,webhook,success,2026-10-06 01:45:26.947,2026-10-06 01:45:29.010,2063
2970,event-ingest,webhook,success,2026-10-06 01:45:29.074,2026-10-06 01:45:31.100,2026
2971,event-ingest,webhook,success,2026-10-06 01:45:29.107,2026-10-06 01:45:31.168,2061
2972,event-ingest,webhook,success,2026-10-06 01:45:29.131,2026-10-06 01:45:31.156,2025
2973,event-ingest,webhook,success,2026-10-06 01:45:29.156,2026-10-06 01:45:31.212,2056
2974,event-ingest,webhook,success,2026-10-06 01:45:30.985,2026-10-06 01:45:33.010,2025
2975,event-ingest,webhook,success,2026-10-06 01:45:31.014,2026-10-06 01:45:33.079,2065
2976,event-ingest,webhook,success,2026-10-06 01:45:31.036,2026-10-06 01:45:33.061,2025
2977,event-ingest,webhook,success,2026-10-06 01:45:31.063,2026-10-06 01:45:33.124,2061
2978,event-ingest,webhook,success,2026-10-06 01:45:33.192,2026-10-06 01:45:35.243,2051
2979,event-ingest,webhook,success,2026-10-06 01:45:33.239,2026-10-06 01:45:35.328,2089
2980,event-ingest,webhook,success,2026-10-06 01:45:33.267,2026-10-06 01:45:35.307,2040
2981,event-ingest,webhook,success,2026-10-06 01:45:33.316,2026-10-06 01:45:35.424,2108
2982,event-ingest,webhook,success,2026-10-06 01:45:33.363,2026-10-06 01:45:35.404,2041
2983,event-ingest,webhook,success,2026-10-06 01:45:33.402,2026-10-06 01:45:35.506,2104
2984,event-ingest,webhook,success,2026-10-06 01:45:33.451,2026-10-06 01:45:35.482,2031
2985,event-ingest,webhook,success,2026-10-06 01:45:33.481,2026-10-06 01:45:35.563,2082
2986,event-ingest,webhook,success,2026-10-06 01:45:33.518,2026-10-06 01:45:35.546,2028
2987,event-ingest,webhook,success,2026-10-06 01:45:33.551,2026-10-06 01:45:37.260,3709
2988,event-ingest,webhook,success,2026-10-06 01:45:33.574,2026-10-06 01:45:35.600,2026
2989,health-monitor,trigger,success,2026-10-06 01:50:00.030,2026-10-06 01:50:00.128,98
2990,health-monitor,trigger,success,2026-10-06 01:55:00.030,2026-10-06 01:55:00.161,131
2991,health-monitor,trigger,success,2026-10-06 02:00:00.034,2026-10-06 02:00:00.188,154
2992,ioc-extractor,trigger,success,2026-10-06 02:00:00.043,2026-10-06 02:00:00.340,297
2993,event-ingest,webhook,success,2026-10-06 02:00:02.742,2026-10-06 02:00:03.139,397
2994,event-ingest,webhook,success,2026-10-06 02:00:02.768,2026-10-06 02:00:03.154,386
2995,event-ingest,webhook,success,2026-10-06 02:00:02.794,2026-10-06 02:00:03.148,354
2996,event-ingest,webhook,success,2026-10-06 02:00:02.824,2026-10-06 02:00:03.203,379
2997,event-ingest,webhook,success,2026-10-06 02:00:02.851,2026-10-06 02:00:03.187,336
2998,event-ingest,webhook,success,2026-10-06 02:00:02.889,2026-10-06 02:00:03.290,401
2999,event-ingest,webhook,success,2026-10-06 02:00:03.833,2026-10-06 02:00:04.177,344
3000,event-ingest,webhook,success,2026-10-06 02:00:04.460,2026-10-06 02:00:04.846,386
3001,event-ingest,webhook,success,2026-10-06 02:00:05.390,2026-10-06 02:00:05.737,347
3002,event-ingest,webhook,success,2026-10-06 02:00:06.322,2026-10-06 02:00:06.660,338
3003,event-ingest,webhook,success,2026-10-06 02:00:06.957,2026-10-06 02:00:07.291,334
3004,event-ingest,webhook,success,2026-10-06 02:00:07.889,2026-10-06 02:00:08.229,340
3005,event-ingest,webhook,success,2026-10-06 02:00:08.522,2026-10-06 02:00:08.876,354
3006,event-ingest,webhook,success,2026-10-06 02:00:09.458,2026-10-06 02:00:09.798,340
3007,event-ingest,webhook,success,2026-10-06 02:00:09.484,2026-10-06 02:00:09.846,362
3008,event-ingest,webhook,success,2026-10-06 02:00:10.415,2026-10-06 02:00:10.821,406
3009,event-ingest,webhook,success,2026-10-06 02:00:10.440,2026-10-06 02:00:10.823,383
3010,event-ingest,webhook,success,2026-10-06 02:00:10.465,2026-10-06 02:00:10.855,390
3011,event-ingest,webhook,success,2026-10-06 02:00:10.493,2026-10-06 02:00:10.848,355
3012,event-ingest,webhook,success,2026-10-06 02:00:12.324,2026-10-06 02:00:12.656,332
3013,event-ingest,webhook,success,2026-10-06 02:00:12.351,2026-10-06 02:00:12.739,388
3014,event-ingest,webhook,success,2026-10-06 02:00:12.380,2026-10-06 02:00:12.771,391
3015,event-ingest,webhook,success,2026-10-06 02:00:12.405,2026-10-06 02:00:12.781,376
3016,event-ingest,webhook,success,2026-10-06 02:00:14.534,2026-10-06 02:00:14.893,359
3017,event-ingest,webhook,success,2026-10-06 02:00:14.564,2026-10-06 02:00:14.924,360
3018,event-ingest,webhook,success,2026-10-06 02:00:14.587,2026-10-06 02:00:14.913,326
3019,event-ingest,webhook,success,2026-10-06 02:00:14.614,2026-10-06 02:00:14.973,359
3020,event-ingest,webhook,success,2026-10-06 02:00:16.445,2026-10-06 02:00:16.827,382
3021,event-ingest,webhook,success,2026-10-06 02:00:16.470,2026-10-06 02:00:16.851,381
3022,event-ingest,webhook,success,2026-10-06 02:00:16.493,2026-10-06 02:00:16.837,344
3023,event-ingest,webhook,success,2026-10-06 02:00:16.520,2026-10-06 02:00:16.886,366
3024,event-ingest,webhook,success,2026-10-06 02:00:18.671,2026-10-06 02:00:19.026,355
3025,event-ingest,webhook,success,2026-10-06 02:00:18.698,2026-10-06 02:00:19.079,381
3026,event-ingest,webhook,success,2026-10-06 02:00:18.723,2026-10-06 02:00:19.052,329
3027,event-ingest,webhook,success,2026-10-06 02:00:18.750,2026-10-06 02:00:19.112,362
3028,event-ingest,webhook,success,2026-10-06 02:00:20.581,2026-10-06 02:00:20.912,331
3029,event-ingest,webhook,success,2026-10-06 02:00:20.606,2026-10-06 02:00:22.677,2071
3030,event-ingest,webhook,success,2026-10-06 02:00:20.633,2026-10-06 02:00:22.672,2039
3031,event-ingest,webhook,success,2026-10-06 02:00:20.660,2026-10-06 02:00:22.729,2069
3032,event-ingest,webhook,success,2026-10-06 02:00:20.684,2026-10-06 02:00:22.710,2026
3033,health-monitor,trigger,success,2026-10-06 02:05:00.026,2026-10-06 02:05:00.132,106
3034,health-monitor,trigger,success,2026-10-06 02:10:00.025,2026-10-06 02:10:00.149,124
3035,ioc-extractor,trigger,success,2026-10-06 02:15:00.030,2026-10-06 02:15:00.222,192
3036,health-monitor,trigger,success,2026-10-06 02:15:00.039,2026-10-06 02:15:00.176,137
3037,event-ingest,webhook,success,2026-10-06 02:15:02.737,2026-10-06 02:15:03.142,405
3038,event-ingest,webhook,success,2026-10-06 02:15:02.764,2026-10-06 02:15:03.144,380
3039,event-ingest,webhook,success,2026-10-06 02:15:02.790,2026-10-06 02:15:03.137,347
3040,event-ingest,webhook,success,2026-10-06 02:15:02.819,2026-10-06 02:15:03.197,378
3041,event-ingest,webhook,success,2026-10-06 02:15:04.647,2026-10-06 02:15:04.987,340
3042,event-ingest,webhook,success,2026-10-06 02:15:04.674,2026-10-06 02:15:05.050,376
3043,event-ingest,webhook,success,2026-10-06 02:15:04.697,2026-10-06 02:15:05.027,330
3044,event-ingest,webhook,success,2026-10-06 02:15:04.725,2026-10-06 02:15:05.093,368
3045,event-ingest,webhook,success,2026-10-06 02:15:04.751,2026-10-06 02:15:05.078,327
3046,event-ingest,webhook,success,2026-10-06 02:15:04.779,2026-10-06 02:15:05.186,407
3047,event-ingest,webhook,success,2026-10-06 02:15:06.027,2026-10-06 02:15:06.369,342
3048,event-ingest,webhook,success,2026-10-06 02:15:06.659,2026-10-06 02:15:06.990,331
3049,event-ingest,webhook,success,2026-10-06 02:15:07.586,2026-10-06 02:15:07.918,332
3050,event-ingest,webhook,success,2026-10-06 02:15:08.218,2026-10-06 02:15:08.548,330
3051,event-ingest,webhook,success,2026-10-06 02:15:08.246,2026-10-06 02:15:08.601,355
3052,event-ingest,webhook,success,2026-10-06 02:15:09.175,2026-10-06 02:15:09.503,328
3053,event-ingest,webhook,success,2026-10-06 02:15:09.200,2026-10-06 02:15:09.581,381
3054,event-ingest,webhook,success,2026-10-06 02:15:09.231,2026-10-06 02:15:09.578,347
3055,event-ingest,webhook,success,2026-10-06 02:15:09.258,2026-10-06 02:15:09.614,356
3056,event-ingest,webhook,success,2026-10-06 02:15:11.396,2026-10-06 02:15:11.775,379
3057,event-ingest,webhook,success,2026-10-06 02:15:11.424,2026-10-06 02:15:11.797,373
3058,event-ingest,webhook,success,2026-10-06 02:15:11.449,2026-10-06 02:15:11.795,346
3059,event-ingest,webhook,success,2026-10-06 02:15:11.482,2026-10-06 02:15:11.843,361
3060,event-ingest,webhook,success,2026-10-06 02:15:13.310,2026-10-06 02:15:13.646,336
3061,event-ingest,webhook,success,2026-10-06 02:15:13.338,2026-10-06 02:15:13.783,445
3062,event-ingest,webhook,success,2026-10-06 02:15:13.363,2026-10-06 02:15:13.781,418
3063,event-ingest,webhook,success,2026-10-06 02:15:13.394,2026-10-06 02:15:13.801,407
3064,event-ingest,webhook,success,2026-10-06 02:15:15.531,2026-10-06 02:15:15.877,346
3065,event-ingest,webhook,success,2026-10-06 02:15:15.554,2026-10-06 02:15:15.935,381
3066,event-ingest,webhook,success,2026-10-06 02:15:15.580,2026-10-06 02:15:15.909,329
3067,event-ingest,webhook,success,2026-10-06 02:15:15.607,2026-10-06 02:15:15.965,358
3068,event-ingest,webhook,success,2026-10-06 02:15:17.444,2026-10-06 02:15:17.797,353
3069,event-ingest,webhook,success,2026-10-06 02:15:17.470,2026-10-06 02:15:17.832,362
3070,event-ingest,webhook,success,2026-10-06 02:15:17.492,2026-10-06 02:15:17.821,329
3071,event-ingest,webhook,success,2026-10-06 02:15:17.518,2026-10-06 02:15:17.872,354
3072,event-ingest,webhook,success,2026-10-06 02:15:19.648,2026-10-06 02:15:19.987,339
3073,event-ingest,webhook,success,2026-10-06 02:15:19.674,2026-10-06 02:15:20.043,369
3074,event-ingest,webhook,success,2026-10-06 02:15:19.702,2026-10-06 02:15:20.040,338
3075,event-ingest,webhook,success,2026-10-06 02:15:19.732,2026-10-06 02:15:21.792,2060
3076,event-ingest,webhook,success,2026-10-06 02:15:21.563,2026-10-06 02:15:23.590,2027
3077,event-ingest,webhook,success,2026-10-06 02:15:21.588,2026-10-06 02:15:23.655,2067
3078,event-ingest,webhook,success,2026-10-06 02:15:21.618,2026-10-06 02:15:23.653,2035
3079,event-ingest,webhook,success,2026-10-06 02:15:21.652,2026-10-06 02:15:23.708,2056
3080,event-ingest,webhook,success,2026-10-06 02:15:23.775,2026-10-06 02:15:25.816,2041
3081,event-ingest,webhook,success,2026-10-06 02:15:23.804,2026-10-06 02:15:25.882,2078
3082,event-ingest,webhook,success,2026-10-06 02:15:23.841,2026-10-06 02:15:25.879,2038
3083,event-ingest,webhook,success,2026-10-06 02:15:23.872,2026-10-06 02:15:25.939,2067
3084,event-ingest,webhook,success,2026-10-06 02:15:23.897,2026-10-06 02:15:25.919,2022
3085,event-ingest,webhook,success,2026-10-06 02:15:23.924,2026-10-06 02:15:26.010,2086
3086,event-ingest,webhook,success,2026-10-06 02:15:23.952,2026-10-06 02:15:25.981,2029
3087,event-ingest,webhook,success,2026-10-06 02:15:23.982,2026-10-06 02:15:26.061,2079
3088,health-monitor,trigger,success,2026-10-06 02:20:00.023,2026-10-06 02:20:00.130,107
3089,health-monitor,trigger,success,2026-10-06 02:25:00.027,2026-10-06 02:25:00.140,113
3090,ioc-extractor,trigger,success,2026-10-06 02:30:00.030,2026-10-06 02:30:00.258,228
3091,health-monitor,trigger,success,2026-10-06 02:30:00.040,2026-10-06 02:30:00.194,154
3092,event-ingest,webhook,success,2026-10-06 02:30:02.744,2026-10-06 02:30:03.139,395
3093,event-ingest,webhook,success,2026-10-06 02:30:02.772,2026-10-06 02:30:03.156,384
3094,event-ingest,webhook,success,2026-10-06 02:30:02.800,2026-10-06 02:30:03.137,337
3095,event-ingest,webhook,success,2026-10-06 02:30:02.827,2026-10-06 02:30:03.192,365
3096,event-ingest,webhook,success,2026-10-06 02:30:04.662,2026-10-06 02:30:05.005,343
3097,event-ingest,webhook,success,2026-10-06 02:30:04.686,2026-10-06 02:30:05.045,359
3098,event-ingest,webhook,success,2026-10-06 02:30:04.710,2026-10-06 02:30:05.035,325
3099,event-ingest,webhook,success,2026-10-06 02:30:04.740,2026-10-06 02:30:05.097,357
3100,event-ingest,webhook,success,2026-10-06 02:30:06.875,2026-10-06 02:30:07.200,325
3101,event-ingest,webhook,success,2026-10-06 02:30:06.900,2026-10-06 02:30:07.273,373
3102,event-ingest,webhook,success,2026-10-06 02:30:06.925,2026-10-06 02:30:07.263,338
3103,event-ingest,webhook,success,2026-10-06 02:30:06.959,2026-10-06 02:30:07.344,385
3104,event-ingest,webhook,success,2026-10-06 02:30:08.795,2026-10-06 02:30:09.141,346
3105,event-ingest,webhook,success,2026-10-06 02:30:08.820,2026-10-06 02:30:09.186,366
3106,event-ingest,webhook,success,2026-10-06 02:30:08.844,2026-10-06 02:30:09.184,340
3107,event-ingest,webhook,success,2026-10-06 02:30:08.876,2026-10-06 02:30:09.236,360
3108,event-ingest,webhook,success,2026-10-06 02:30:11.017,2026-10-06 02:30:11.364,347
3109,event-ingest,webhook,success,2026-10-06 02:30:11.043,2026-10-06 02:30:11.420,377
3110,event-ingest,webhook,success,2026-10-06 02:30:11.069,2026-10-06 02:30:11.418,349
3111,event-ingest,webhook,success,2026-10-06 02:30:11.096,2026-10-06 02:30:11.454,358
3112,event-ingest,webhook,success,2026-10-06 02:30:12.934,2026-10-06 02:30:13.274,340
3113,event-ingest,webhook,success,2026-10-06 02:30:12.962,2026-10-06 02:30:13.323,361
3114,event-ingest,webhook,success,2026-10-06 02:30:12.987,2026-10-06 02:30:13.321,334
3115,event-ingest,webhook,success,2026-10-06 02:30:13.015,2026-10-06 02:30:13.375,360
3116,event-ingest,webhook,success,2026-10-06 02:30:15.153,2026-10-06 02:30:15.500,347
3117,event-ingest,webhook,success,2026-10-06 02:30:15.184,2026-10-06 02:30:15.557,373
3118,event-ingest,webhook,success,2026-10-06 02:30:15.212,2026-10-06 02:30:15.540,328
3119,event-ingest,webhook,success,2026-10-06 02:30:15.238,2026-10-06 02:30:15.599,361
3120,event-ingest,webhook,success,2026-10-06 02:30:17.064,2026-10-06 02:30:17.392,328
3121,event-ingest,webhook,success,2026-10-06 02:30:17.091,2026-10-06 02:30:17.467,376
3122,event-ingest,webhook,success,2026-10-06 02:30:17.118,2026-10-06 02:30:17.453,335
3123,event-ingest,webhook,success,2026-10-06 02:30:17.150,2026-10-06 02:30:17.521,371
3124,event-ingest,webhook,success,2026-10-06 02:30:17.485,2026-10-06 02:30:17.820,335
3125,event-ingest,webhook,success,2026-10-06 02:30:17.519,2026-10-06 02:30:17.898,379
3126,event-ingest,webhook,success,2026-10-06 02:30:18.470,2026-10-06 02:30:18.805,335
3127,event-ingest,webhook,success,2026-10-06 02:30:19.106,2026-10-06 02:30:19.453,347
3128,event-ingest,webhook,success,2026-10-06 02:30:20.032,2026-10-06 02:30:20.368,336
3129,event-ingest,webhook,success,2026-10-06 02:30:20.661,2026-10-06 02:30:21.013,352
3130,event-ingest,webhook,success,2026-10-06 02:30:21.594,2026-10-06 02:30:23.620,2026
3131,event-ingest,webhook,success,2026-10-06 02:30:22.533,2026-10-06 02:30:24.568,2035
3132,event-ingest,webhook,success,2026-10-06 02:30:22.558,2026-10-06 02:30:24.616,2058
3133,event-ingest,webhook,success,2026-10-06 02:30:23.489,2026-10-06 02:30:25.515,2026
3134,event-ingest,webhook,success,2026-10-06 02:30:23.513,2026-10-06 02:30:25.589,2076
3135,event-ingest,webhook,success,2026-10-06 02:30:23.541,2026-10-06 02:30:25.567,2026
3136,event-ingest,webhook,success,2026-10-06 02:30:23.568,2026-10-06 02:30:25.644,2076
3137,event-ingest,webhook,success,2026-10-06 02:30:25.391,2026-10-06 02:30:27.431,2040
3138,event-ingest,webhook,success,2026-10-06 02:30:25.418,2026-10-06 02:30:27.478,2060
3139,event-ingest,webhook,success,2026-10-06 02:30:25.441,2026-10-06 02:30:27.468,2027
3140,event-ingest,webhook,success,2026-10-06 02:30:25.470,2026-10-06 02:30:27.541,2071
3141,event-ingest,webhook,success,2026-10-06 02:30:25.503,2026-10-06 02:30:27.550,2047
3142,event-ingest,webhook,success,2026-10-06 02:30:25.554,2026-10-06 02:30:27.671,2117
3143,event-ingest,webhook,success,2026-10-06 02:30:25.610,2026-10-06 02:30:27.697,2087
3144,event-ingest,webhook,success,2026-10-06 02:30:25.702,2026-10-06 02:30:27.783,2081
3145,health-monitor,trigger,success,2026-10-06 02:35:00.025,2026-10-06 02:35:00.158,133
3146,health-monitor,trigger,success,2026-10-06 02:40:00.029,2026-10-06 02:40:00.112,83
3147,ioc-extractor,trigger,success,2026-10-06 02:45:00.029,2026-10-06 02:45:00.283,254
3148,health-monitor,trigger,success,2026-10-06 02:45:00.037,2026-10-06 02:45:00.197,160
3149,event-ingest,webhook,success,2026-10-06 02:45:02.682,2026-10-06 02:45:03.039,357
3150,event-ingest,webhook,success,2026-10-06 02:45:02.712,2026-10-06 02:45:03.090,378
3151,event-ingest,webhook,success,2026-10-06 02:45:02.738,2026-10-06 02:45:03.067,329
3152,event-ingest,webhook,success,2026-10-06 02:45:02.767,2026-10-06 02:45:03.131,364
3153,event-ingest,webhook,success,2026-10-06 02:45:04.593,2026-10-06 02:45:04.940,347
3154,event-ingest,webhook,success,2026-10-06 02:45:04.617,2026-10-06 02:45:04.986,369
3155,event-ingest,webhook,success,2026-10-06 02:45:04.642,2026-10-06 02:45:04.973,331
3156,event-ingest,webhook,success,2026-10-06 02:45:04.670,2026-10-06 02:45:05.032,362
3157,event-ingest,webhook,success,2026-10-06 02:45:06.801,2026-10-06 02:45:07.134,333
3158,event-ingest,webhook,success,2026-10-06 02:45:06.825,2026-10-06 02:45:07.199,374
3159,event-ingest,webhook,success,2026-10-06 02:45:06.848,2026-10-06 02:45:07.197,349
3160,event-ingest,webhook,success,2026-10-06 02:45:06.874,2026-10-06 02:45:07.248,374
3161,event-ingest,webhook,success,2026-10-06 02:45:09.016,2026-10-06 02:45:09.354,338
3162,event-ingest,webhook,success,2026-10-06 02:45:09.042,2026-10-06 02:45:09.411,369
3163,event-ingest,webhook,success,2026-10-06 02:45:09.065,2026-10-06 02:45:09.402,337
3164,event-ingest,webhook,success,2026-10-06 02:45:09.101,2026-10-06 02:45:09.455,354
3165,event-ingest,webhook,success,2026-10-06 02:45:10.928,2026-10-06 02:45:11.262,334
3166,event-ingest,webhook,success,2026-10-06 02:45:10.960,2026-10-06 02:45:11.332,372
3167,event-ingest,webhook,success,2026-10-06 02:45:10.983,2026-10-06 02:45:11.313,330
3168,event-ingest,webhook,success,2026-10-06 02:45:11.011,2026-10-06 02:45:11.386,375
3169,event-ingest,webhook,success,2026-10-06 02:45:11.039,2026-10-06 02:45:11.369,330
3170,event-ingest,webhook,success,2026-10-06 02:45:11.065,2026-10-06 02:45:11.486,421
3171,event-ingest,webhook,success,2026-10-06 02:45:12.002,2026-10-06 02:45:12.351,349
3172,event-ingest,webhook,success,2026-10-06 02:45:12.934,2026-10-06 02:45:13.267,333
3173,event-ingest,webhook,success,2026-10-06 02:45:13.561,2026-10-06 02:45:13.896,335
3174,event-ingest,webhook,success,2026-10-06 02:45:14.497,2026-10-06 02:45:14.833,336
3175,event-ingest,webhook,success,2026-10-06 02:45:15.133,2026-10-06 02:45:15.472,339
3176,event-ingest,webhook,success,2026-10-06 02:45:16.066,2026-10-06 02:45:16.401,335
3177,event-ingest,webhook,success,2026-10-06 02:45:16.999,2026-10-06 02:45:17.344,345
3178,event-ingest,webhook,success,2026-10-06 02:45:17.027,2026-10-06 02:45:17.380,353
3179,event-ingest,webhook,success,2026-10-06 02:45:17.964,2026-10-06 02:45:18.311,347
3180,event-ingest,webhook,success,2026-10-06 02:45:17.989,2026-10-06 02:45:18.367,378
3181,event-ingest,webhook,success,2026-10-06 02:45:18.013,2026-10-06 02:45:18.342,329
3182,event-ingest,webhook,success,2026-10-06 02:45:18.047,2026-10-06 02:45:18.425,378
3183,event-ingest,webhook,success,2026-10-06 02:45:19.881,2026-10-06 02:45:20.220,339
3184,event-ingest,webhook,success,2026-10-06 02:45:19.907,2026-10-06 02:45:21.978,2071
3185,event-ingest,webhook,success,2026-10-06 02:45:19.930,2026-10-06 02:45:21.969,2039
3186,event-ingest,webhook,success,2026-10-06 02:45:19.957,2026-10-06 02:45:22.014,2057
3187,event-ingest,webhook,success,2026-10-06 02:45:22.087,2026-10-06 02:45:24.113,2026
3188,event-ingest,webhook,success,2026-10-06 02:45:22.111,2026-10-06 02:45:24.177,2066
3189,event-ingest,webhook,success,2026-10-06 02:45:22.135,2026-10-06 02:45:24.166,2031
3190,event-ingest,webhook,success,2026-10-06 02:45:22.162,2026-10-06 02:45:24.218,2056
3191,event-ingest,webhook,success,2026-10-06 02:45:23.991,2026-10-06 02:45:26.016,2025
3192,event-ingest,webhook,success,2026-10-06 02:45:24.019,2026-10-06 02:45:26.094,2075
3193,event-ingest,webhook,success,2026-10-06 02:45:24.044,2026-10-06 02:45:26.069,2025
3194,event-ingest,webhook,success,2026-10-06 02:45:24.075,2026-10-06 02:45:26.145,2070
3195,event-ingest,webhook,success,2026-10-06 02:45:24.104,2026-10-06 02:45:26.143,2039
3196,event-ingest,webhook,success,2026-10-06 02:45:24.146,2026-10-06 02:45:26.227,2081
3197,event-ingest,webhook,success,2026-10-06 02:45:25.093,2026-10-06 02:45:27.125,2032
3198,event-ingest,webhook,success,2026-10-06 02:45:26.021,2026-10-06 02:45:28.063,2042
3199,event-ingest,webhook,success,2026-10-06 02:45:26.661,2026-10-06 02:45:28.692,2031
3200,event-ingest,webhook,success,2026-10-06 02:45:27.589,2026-10-06 02:45:29.612,2023
3201,event-ingest,webhook,success,2026-10-06 02:45:28.520,2026-10-06 02:45:30.555,2035
3202,event-ingest,webhook,success,2026-10-06 02:45:29.144,2026-10-06 02:45:31.167,2023
3203,event-ingest,webhook,success,2026-10-06 02:45:30.073,2026-10-06 02:45:32.105,2032
3204,event-ingest,webhook,success,2026-10-06 02:45:30.096,2026-10-06 02:45:32.156,2060
3205,event-ingest,webhook,success,2026-10-06 02:45:31.032,2026-10-06 02:45:33.059,2027
3206,event-ingest,webhook,success,2026-10-06 02:45:31.059,2026-10-06 02:45:33.120,2061
3207,event-ingest,webhook,success,2026-10-06 02:45:31.082,2026-10-06 02:45:33.110,2028
3208,event-ingest,webhook,success,2026-10-06 02:45:31.106,2026-10-06 02:45:33.171,2065
3209,event-ingest,webhook,success,2026-10-06 02:45:32.940,2026-10-06 02:45:34.974,2034
3210,event-ingest,webhook,success,2026-10-06 02:45:32.965,2026-10-06 02:45:35.026,2061
3211,event-ingest,webhook,success,2026-10-06 02:45:32.988,2026-10-06 02:45:35.013,2025
3212,event-ingest,webhook,success,2026-10-06 02:45:33.012,2026-10-06 02:45:35.079,2067
3213,event-ingest,webhook,success,2026-10-06 02:45:35.141,2026-10-06 02:45:37.167,2026
3214,event-ingest,webhook,success,2026-10-06 02:45:35.167,2026-10-06 02:45:37.229,2062
3215,event-ingest,webhook,success,2026-10-06 02:45:35.189,2026-10-06 02:45:37.218,2029
3216,event-ingest,webhook,success,2026-10-06 02:45:35.215,2026-10-06 02:45:37.271,2056
3217,event-ingest,webhook,success,2026-10-06 02:45:37.053,2026-10-06 02:45:39.081,2028
3218,event-ingest,webhook,success,2026-10-06 02:45:37.079,2026-10-06 02:45:39.141,2062
3219,event-ingest,webhook,success,2026-10-06 02:45:37.102,2026-10-06 02:45:39.129,2027
3220,event-ingest,webhook,success,2026-10-06 02:45:37.125,2026-10-06 02:45:39.186,2061
3221,event-ingest,webhook,success,2026-10-06 02:45:39.256,2026-10-06 02:45:41.284,2028
3222,event-ingest,webhook,success,2026-10-06 02:45:39.282,2026-10-06 02:45:41.349,2067
3223,event-ingest,webhook,success,2026-10-06 02:45:39.307,2026-10-06 02:45:41.333,2026
3224,event-ingest,webhook,success,2026-10-06 02:45:39.335,2026-10-06 02:45:41.399,2064
3225,event-ingest,webhook,success,2026-10-06 02:45:41.171,2026-10-06 02:45:43.199,2028
3226,event-ingest,webhook,success,2026-10-06 02:45:41.195,2026-10-06 02:45:43.269,2074
3227,event-ingest,webhook,success,2026-10-06 02:45:41.223,2026-10-06 02:45:43.262,2039
3228,event-ingest,webhook,success,2026-10-06 02:45:41.253,2026-10-06 02:45:43.310,2057
3229,event-ingest,webhook,success,2026-10-06 02:45:43.380,2026-10-06 02:45:45.409,2029
3230,event-ingest,webhook,success,2026-10-06 02:45:43.404,2026-10-06 02:45:45.474,2070
3231,event-ingest,webhook,success,2026-10-06 02:45:43.425,2026-10-06 02:45:45.451,2026
3232,event-ingest,webhook,success,2026-10-06 02:45:43.449,2026-10-06 02:45:45.509,2060
3233,event-ingest,webhook,success,2026-10-06 02:45:45.276,2026-10-06 02:45:47.316,2040
3234,event-ingest,webhook,success,2026-10-06 02:45:45.300,2026-10-06 02:45:47.363,2063
3235,event-ingest,webhook,success,2026-10-06 02:45:45.322,2026-10-06 02:45:47.351,2029
3236,event-ingest,webhook,success,2026-10-06 02:45:45.351,2026-10-06 02:45:47.424,2073
3237,event-ingest,webhook,success,2026-10-06 02:45:45.377,2026-10-06 02:45:47.403,2026
3238,event-ingest,webhook,success,2026-10-06 02:45:45.419,2026-10-06 02:45:47.472,2053
3239,event-ingest,webhook,success,2026-10-06 02:45:45.484,2026-10-06 02:45:47.555,2071
3240,event-ingest,webhook,success,2026-10-06 02:45:45.550,2026-10-06 02:45:47.633,2083
3241,event-ingest,webhook,success,2026-10-06 02:45:45.573,2026-10-06 02:45:47.610,2037
3242,event-ingest,webhook,success,2026-10-06 02:45:45.614,2026-10-06 02:45:49.321,3707
3243,event-ingest,webhook,success,2026-10-06 02:45:45.667,2026-10-06 02:45:47.700,2033
3244,event-ingest,webhook,success,2026-10-06 02:45:45.696,2026-10-06 02:45:49.371,3675
3245,event-ingest,webhook,success,2026-10-06 02:45:45.719,2026-10-06 02:45:49.413,3694
3246,event-ingest,webhook,success,2026-10-06 02:45:45.744,2026-10-06 02:45:49.361,3617
3247,health-monitor,trigger,success,2026-10-06 02:50:00.023,2026-10-06 02:50:00.131,108
3248,health-monitor,trigger,success,2026-10-06 02:55:00.029,2026-10-06 02:55:00.158,129
3249,health-monitor,trigger,success,2026-10-06 03:00:00.029,2026-10-06 03:00:00.203,174
3250,ioc-extractor,trigger,success,2026-10-06 03:00:00.039,2026-10-06 03:00:00.414,375
3251,event-ingest,webhook,success,2026-10-06 03:00:02.891,2026-10-06 03:00:03.288,397
3252,event-ingest,webhook,success,2026-10-06 03:00:02.920,2026-10-06 03:00:03.312,392
3253,event-ingest,webhook,success,2026-10-06 03:00:02.948,2026-10-06 03:00:03.286,338
3254,event-ingest,webhook,success,2026-10-06 03:00:02.988,2026-10-06 03:00:03.368,380
3255,event-ingest,webhook,success,2026-10-06 03:00:04.832,2026-10-06 03:00:05.167,335
3256,event-ingest,webhook,success,2026-10-06 03:00:04.859,2026-10-06 03:00:05.228,369
3257,event-ingest,webhook,success,2026-10-06 03:00:04.885,2026-10-06 03:00:05.227,342
3258,event-ingest,webhook,success,2026-10-06 03:00:04.912,2026-10-06 03:00:05.294,382
3259,event-ingest,webhook,success,2026-10-06 03:00:06.749,2026-10-06 03:00:07.079,330
3260,event-ingest,webhook,success,2026-10-06 03:00:06.776,2026-10-06 03:00:07.141,365
3261,event-ingest,webhook,success,2026-10-06 03:00:06.802,2026-10-06 03:00:07.139,337
3262,event-ingest,webhook,success,2026-10-06 03:00:06.830,2026-10-06 03:00:07.211,381
3263,event-ingest,webhook,success,2026-10-06 03:00:08.967,2026-10-06 03:00:09.315,348
3264,event-ingest,webhook,success,2026-10-06 03:00:08.994,2026-10-06 03:00:09.382,388
3265,event-ingest,webhook,success,2026-10-06 03:00:09.019,2026-10-06 03:00:09.373,354
3266,event-ingest,webhook,success,2026-10-06 03:00:09.048,2026-10-06 03:00:09.411,363
3267,event-ingest,webhook,success,2026-10-06 03:00:09.071,2026-10-06 03:00:09.398,327
3268,event-ingest,webhook,success,2026-10-06 03:00:09.097,2026-10-06 03:00:09.464,367
3269,event-ingest,webhook,success,2026-10-06 03:00:10.033,2026-10-06 03:00:10.381,348
3270,event-ingest,webhook,success,2026-10-06 03:00:10.967,2026-10-06 03:00:11.303,336
3271,event-ingest,webhook,success,2026-10-06 03:00:11.604,2026-10-06 03:00:11.942,338
3272,event-ingest,webhook,success,2026-10-06 03:00:12.533,2026-10-06 03:00:12.869,336
3273,event-ingest,webhook,success,2026-10-06 03:00:13.163,2026-10-06 03:00:13.507,344
3274,event-ingest,webhook,success,2026-10-06 03:00:13.202,2026-10-06 03:00:13.601,399
3275,event-ingest,webhook,success,2026-10-06 03:00:14.140,2026-10-06 03:00:14.478,338
3276,event-ingest,webhook,success,2026-10-06 03:00:14.168,2026-10-06 03:00:14.545,377
3277,event-ingest,webhook,success,2026-10-06 03:00:14.196,2026-10-06 03:00:14.532,336
3278,event-ingest,webhook,success,2026-10-06 03:00:14.224,2026-10-06 03:00:14.649,425
3279,event-ingest,webhook,success,2026-10-06 03:00:16.364,2026-10-06 03:00:16.702,338
3280,event-ingest,webhook,success,2026-10-06 03:00:16.390,2026-10-06 03:00:16.775,385
3281,event-ingest,webhook,success,2026-10-06 03:00:16.419,2026-10-06 03:00:16.773,354
3282,event-ingest,webhook,success,2026-10-06 03:00:16.447,2026-10-06 03:00:16.804,357
3283,event-ingest,webhook,success,2026-10-06 03:00:18.284,2026-10-06 03:00:18.629,345
3284,event-ingest,webhook,success,2026-10-06 03:00:18.315,2026-10-06 03:00:20.391,2076
3285,event-ingest,webhook,success,2026-10-06 03:00:18.344,2026-10-06 03:00:20.390,2046
3286,event-ingest,webhook,success,2026-10-06 03:00:18.375,2026-10-06 03:00:20.436,2061
3287,event-ingest,webhook,success,2026-10-06 03:00:20.507,2026-10-06 03:00:22.535,2028
3288,event-ingest,webhook,success,2026-10-06 03:00:20.534,2026-10-06 03:00:22.595,2061
3289,event-ingest,webhook,success,2026-10-06 03:00:20.559,2026-10-06 03:00:22.584,2025
3290,event-ingest,webhook,success,2026-10-06 03:00:20.585,2026-10-06 03:00:22.644,2059
3291,event-ingest,webhook,success,2026-10-06 03:00:22.420,2026-10-06 03:00:24.455,2035
3292,event-ingest,webhook,success,2026-10-06 03:00:22.448,2026-10-06 03:00:24.518,2070
3293,event-ingest,webhook,success,2026-10-06 03:00:22.472,2026-10-06 03:00:24.497,2025
3294,event-ingest,webhook,success,2026-10-06 03:00:22.496,2026-10-06 03:00:24.563,2067
3295,event-ingest,webhook,success,2026-10-06 03:00:24.624,2026-10-06 03:00:26.646,2022
3296,event-ingest,webhook,success,2026-10-06 03:00:24.650,2026-10-06 03:00:26.708,2058
3297,event-ingest,webhook,success,2026-10-06 03:00:24.671,2026-10-06 03:00:26.697,2026
3298,event-ingest,webhook,success,2026-10-06 03:00:24.697,2026-10-06 03:00:26.756,2059
3299,event-ingest,webhook,success,2026-10-06 03:00:24.721,2026-10-06 03:00:26.742,2021
3300,event-ingest,webhook,success,2026-10-06 03:00:24.745,2026-10-06 03:00:26.798,2053
3301,event-ingest,webhook,success,2026-10-06 03:00:25.671,2026-10-06 03:00:27.707,2036
3302,event-ingest,webhook,success,2026-10-06 03:00:26.604,2026-10-06 03:00:28.637,2033
3303,event-ingest,webhook,success,2026-10-06 03:00:27.239,2026-10-06 03:00:29.274,2035
3304,event-ingest,webhook,success,2026-10-06 03:00:28.175,2026-10-06 03:00:30.210,2035
3305,event-ingest,webhook,success,2026-10-06 03:00:28.199,2026-10-06 03:00:30.257,2058
3306,event-ingest,webhook,success,2026-10-06 03:00:29.127,2026-10-06 03:00:31.155,2028
3307,event-ingest,webhook,success,2026-10-06 03:00:29.156,2026-10-06 03:00:31.219,2063
3308,event-ingest,webhook,success,2026-10-06 03:00:29.177,2026-10-06 03:00:31.204,2027
3309,event-ingest,webhook,success,2026-10-06 03:00:29.201,2026-10-06 03:00:31.262,2061
3310,event-ingest,webhook,success,2026-10-06 03:00:31.029,2026-10-06 03:00:33.072,2043
3311,event-ingest,webhook,success,2026-10-06 03:00:31.059,2026-10-06 03:00:33.123,2064
3312,event-ingest,webhook,success,2026-10-06 03:00:31.081,2026-10-06 03:00:33.104,2023
3313,event-ingest,webhook,success,2026-10-06 03:00:31.105,2026-10-06 03:00:33.185,2080
3314,event-ingest,webhook,success,2026-10-06 03:00:31.138,2026-10-06 03:00:33.176,2038
3315,event-ingest,webhook,success,2026-10-06 03:00:31.177,2026-10-06 03:00:33.258,2081
3316,event-ingest,webhook,success,2026-10-06 03:00:31.216,2026-10-06 03:00:33.277,2061
3317,event-ingest,webhook,success,2026-10-06 03:00:31.290,2026-10-06 03:00:33.372,2082
3318,event-ingest,webhook,success,2026-10-06 03:00:31.328,2026-10-06 03:00:33.359,2031
3319,health-monitor,trigger,success,2026-10-06 03:05:00.028,2026-10-06 03:05:00.137,109
3320,health-monitor,trigger,success,2026-10-06 03:10:00.023,2026-10-06 03:10:00.128,105
3321,ioc-extractor,trigger,success,2026-10-06 03:15:00.035,2026-10-06 03:15:00.331,296
3322,health-monitor,trigger,success,2026-10-06 03:15:00.044,2026-10-06 03:15:00.225,181
3323,event-ingest,webhook,success,2026-10-06 03:15:02.583,2026-10-06 03:15:02.974,391
3324,event-ingest,webhook,success,2026-10-06 03:15:02.608,2026-10-06 03:15:02.984,376
3325,event-ingest,webhook,success,2026-10-06 03:15:02.634,2026-10-06 03:15:02.976,342
3326,event-ingest,webhook,success,2026-10-06 03:15:02.670,2026-10-06 03:15:03.052,382
3327,event-ingest,webhook,success,2026-10-06 03:15:04.804,2026-10-06 03:15:05.131,327
3328,event-ingest,webhook,success,2026-10-06 03:15:04.833,2026-10-06 03:15:05.202,369
3329,event-ingest,webhook,success,2026-10-06 03:15:04.858,2026-10-06 03:15:05.205,347
3330,event-ingest,webhook,success,2026-10-06 03:15:04.887,2026-10-06 03:15:05.273,386
3331,event-ingest,webhook,success,2026-10-06 03:15:04.912,2026-10-06 03:15:05.239,327
3332,event-ingest,webhook,success,2026-10-06 03:15:04.938,2026-10-06 03:15:05.303,365
3333,event-ingest,webhook,success,2026-10-06 03:15:05.872,2026-10-06 03:15:06.203,331
3334,event-ingest,webhook,success,2026-10-06 03:15:06.802,2026-10-06 03:15:07.131,329
3335,event-ingest,webhook,success,2026-10-06 03:15:07.730,2026-10-06 03:15:08.081,351
3336,event-ingest,webhook,success,2026-10-06 03:15:08.365,2026-10-06 03:15:08.703,338
3337,event-ingest,webhook,success,2026-10-06 03:15:09.299,2026-10-06 03:15:09.643,344
3338,event-ingest,webhook,success,2026-10-06 03:15:09.939,2026-10-06 03:15:10.283,344
3339,event-ingest,webhook,success,2026-10-06 03:15:09.964,2026-10-06 03:15:10.328,364
3340,event-ingest,webhook,success,2026-10-06 03:15:10.892,2026-10-06 03:15:11.225,333
3341,event-ingest,webhook,success,2026-10-06 03:15:10.916,2026-10-06 03:15:11.295,379
3342,event-ingest,webhook,success,2026-10-06 03:15:10.945,2026-10-06 03:15:11.297,352
3343,event-ingest,webhook,success,2026-10-06 03:15:10.976,2026-10-06 03:15:11.356,380
3344,event-ingest,webhook,success,2026-10-06 03:15:13.110,2026-10-06 03:15:13.445,335
3345,event-ingest,webhook,success,2026-10-06 03:15:13.136,2026-10-06 03:15:13.508,372
3346,event-ingest,webhook,success,2026-10-06 03:15:13.165,2026-10-06 03:15:13.554,389
3347,event-ingest,webhook,success,2026-10-06 03:15:13.192,2026-10-06 03:15:13.609,417
3348,event-ingest,webhook,success,2026-10-06 03:15:15.031,2026-10-06 03:15:15.380,349
3349,event-ingest,webhook,success,2026-10-06 03:15:15.058,2026-10-06 03:15:15.422,364
3350,event-ingest,webhook,success,2026-10-06 03:15:15.079,2026-10-06 03:15:15.407,328
3351,event-ingest,webhook,success,2026-10-06 03:15:15.107,2026-10-06 03:15:15.466,359
3352,event-ingest,webhook,success,2026-10-06 03:15:17.240,2026-10-06 03:15:17.609,369
3353,event-ingest,webhook,success,2026-10-06 03:15:17.269,2026-10-06 03:15:19.336,2067
3354,event-ingest,webhook,success,2026-10-06 03:15:17.294,2026-10-06 03:15:17.620,326
3355,event-ingest,webhook,success,2026-10-06 03:15:17.320,2026-10-06 03:15:19.386,2066
3356,event-ingest,webhook,success,2026-10-06 03:15:19.158,2026-10-06 03:15:21.189,2031
3357,event-ingest,webhook,success,2026-10-06 03:15:19.185,2026-10-06 03:15:21.246,2061
3358,event-ingest,webhook,success,2026-10-06 03:15:19.207,2026-10-06 03:15:21.235,2028
3359,event-ingest,webhook,success,2026-10-06 03:15:19.233,2026-10-06 03:15:21.295,2062
3360,event-ingest,webhook,success,2026-10-06 03:15:21.362,2026-10-06 03:15:23.387,2025
3361,event-ingest,webhook,success,2026-10-06 03:15:21.389,2026-10-06 03:15:23.452,2063
3362,event-ingest,webhook,success,2026-10-06 03:15:21.413,2026-10-06 03:15:23.444,2031
3363,event-ingest,webhook,success,2026-10-06 03:15:21.440,2026-10-06 03:15:23.497,2057
3364,event-ingest,webhook,success,2026-10-06 03:15:23.266,2026-10-06 03:15:25.302,2036
3365,event-ingest,webhook,success,2026-10-06 03:15:23.290,2026-10-06 03:15:25.355,2065
3366,event-ingest,webhook,success,2026-10-06 03:15:23.314,2026-10-06 03:15:25.343,2029
3367,event-ingest,webhook,success,2026-10-06 03:15:23.342,2026-10-06 03:15:25.416,2074
3368,event-ingest,webhook,success,2026-10-06 03:15:23.367,2026-10-06 03:15:25.402,2035
3369,event-ingest,webhook,success,2026-10-06 03:15:23.418,2026-10-06 03:15:25.522,2104
3370,event-ingest,webhook,success,2026-10-06 03:15:23.495,2026-10-06 03:15:25.535,2040
3371,health-monitor,trigger,success,2026-10-06 03:20:00.027,2026-10-06 03:20:00.139,112
3372,health-monitor,trigger,success,2026-10-06 03:25:00.031,2026-10-06 03:25:00.147,116
3373,ioc-extractor,trigger,success,2026-10-06 03:30:00.033,2026-10-06 03:30:00.247,214
3374,health-monitor,trigger,success,2026-10-06 03:30:00.041,2026-10-06 03:30:00.189,148
3375,event-ingest,webhook,success,2026-10-06 03:30:02.569,2026-10-06 03:30:02.970,401
3376,event-ingest,webhook,success,2026-10-06 03:30:02.601,2026-10-06 03:30:02.999,398
3377,event-ingest,webhook,success,2026-10-06 03:30:02.631,2026-10-06 03:30:02.972,341
3378,event-ingest,webhook,success,2026-10-06 03:30:02.682,2026-10-06 03:30:03.050,368
3379,event-ingest,webhook,success,2026-10-06 03:30:04.820,2026-10-06 03:30:05.174,354
3380,event-ingest,webhook,success,2026-10-06 03:30:04.852,2026-10-06 03:30:05.218,366
3381,event-ingest,webhook,success,2026-10-06 03:30:04.874,2026-10-06 03:30:05.200,326
3382,event-ingest,webhook,success,2026-10-06 03:30:04.900,2026-10-06 03:30:05.270,370
3383,event-ingest,webhook,success,2026-10-06 03:30:04.925,2026-10-06 03:30:05.255,330
3384,event-ingest,webhook,success,2026-10-06 03:30:04.952,2026-10-06 03:30:05.334,382
3385,event-ingest,webhook,success,2026-10-06 03:30:05.886,2026-10-06 03:30:06.225,339
3386,event-ingest,webhook,success,2026-10-06 03:30:06.817,2026-10-06 03:30:07.164,347
3387,event-ingest,webhook,success,2026-10-06 03:30:07.451,2026-10-06 03:30:07.789,338
3388,event-ingest,webhook,success,2026-10-06 03:30:08.386,2026-10-06 03:30:08.721,335
3389,event-ingest,webhook,success,2026-10-06 03:30:09.023,2026-10-06 03:30:09.380,357
3390,event-ingest,webhook,success,2026-10-06 03:30:09.949,2026-10-06 03:30:10.283,334
3391,event-ingest,webhook,success,2026-10-06 03:30:10.577,2026-10-06 03:30:10.917,340
3392,event-ingest,webhook,success,2026-10-06 03:30:10.604,2026-10-06 03:30:10.964,360
3393,event-ingest,webhook,success,2026-10-06 03:30:11.843,2026-10-06 03:30:12.183,340
3394,event-ingest,webhook,success,2026-10-06 03:30:11.874,2026-10-06 03:30:12.246,372
3395,event-ingest,webhook,success,2026-10-06 03:30:11.898,2026-10-06 03:30:12.231,333
3396,event-ingest,webhook,success,2026-10-06 03:30:11.923,2026-10-06 03:30:12.284,361
3397,event-ingest,webhook,success,2026-10-06 03:30:13.760,2026-10-06 03:30:14.095,335
3398,event-ingest,webhook,success,2026-10-06 03:30:13.788,2026-10-06 03:30:14.160,372
3399,event-ingest,webhook,success,2026-10-06 03:30:13.814,2026-10-06 03:30:14.168,354
3400,event-ingest,webhook,success,2026-10-06 03:30:13.849,2026-10-06 03:30:14.202,353
3401,event-ingest,webhook,success,2026-10-06 03:30:15.689,2026-10-06 03:30:16.020,331
3402,event-ingest,webhook,success,2026-10-06 03:30:15.715,2026-10-06 03:30:16.087,372
3403,event-ingest,webhook,success,2026-10-06 03:30:15.740,2026-10-06 03:30:16.072,332
3404,event-ingest,webhook,success,2026-10-06 03:30:15.767,2026-10-06 03:30:16.129,362
3405,event-ingest,webhook,success,2026-10-06 03:30:17.907,2026-10-06 03:30:18.257,350
3406,event-ingest,webhook,success,2026-10-06 03:30:17.935,2026-10-06 03:30:18.298,363
3407,event-ingest,webhook,success,2026-10-06 03:30:17.957,2026-10-06 03:30:18.284,327
3408,event-ingest,webhook,success,2026-10-06 03:30:17.982,2026-10-06 03:30:18.339,357
3409,event-ingest,webhook,success,2026-10-06 03:30:19.818,2026-10-06 03:30:20.162,344
3410,event-ingest,webhook,success,2026-10-06 03:30:19.844,2026-10-06 03:30:20.217,373
3411,event-ingest,webhook,success,2026-10-06 03:30:19.868,2026-10-06 03:30:20.204,336
3412,event-ingest,webhook,success,2026-10-06 03:30:19.900,2026-10-06 03:30:20.276,376
3413,event-ingest,webhook,success,2026-10-06 03:30:22.031,2026-10-06 03:30:24.075,2044
3414,event-ingest,webhook,success,2026-10-06 03:30:22.065,2026-10-06 03:30:24.145,2080
3415,event-ingest,webhook,success,2026-10-06 03:30:22.103,2026-10-06 03:30:24.143,2040
3416,event-ingest,webhook,success,2026-10-06 03:30:22.140,2026-10-06 03:30:24.210,2070
3417,event-ingest,webhook,success,2026-10-06 03:30:22.165,2026-10-06 03:30:24.192,2027
3418,event-ingest,webhook,success,2026-10-06 03:30:22.194,2026-10-06 03:30:24.262,2068
3419,health-monitor,trigger,success,2026-10-06 03:35:00.029,2026-10-06 03:35:00.164,135
3420,health-monitor,trigger,success,2026-10-06 03:40:00.027,2026-10-06 03:40:00.123,96
3421,ioc-extractor,trigger,success,2026-10-06 03:45:00.032,2026-10-06 03:45:00.270,238
3422,health-monitor,trigger,success,2026-10-06 03:45:00.039,2026-10-06 03:45:00.211,172
3423,event-ingest,webhook,success,2026-10-06 03:45:02.770,2026-10-06 03:45:03.163,393
3424,event-ingest,webhook,success,2026-10-06 03:45:02.795,2026-10-06 03:45:03.172,377
3425,event-ingest,webhook,success,2026-10-06 03:45:02.818,2026-10-06 03:45:03.164,346
3426,event-ingest,webhook,success,2026-10-06 03:45:02.845,2026-10-06 03:45:03.203,358
3427,event-ingest,webhook,success,2026-10-06 03:45:04.685,2026-10-06 03:45:05.036,351
3428,event-ingest,webhook,success,2026-10-06 03:45:04.714,2026-10-06 03:45:05.082,368
3429,event-ingest,webhook,success,2026-10-06 03:45:04.740,2026-10-06 03:45:05.085,345
3430,event-ingest,webhook,success,2026-10-06 03:45:04.767,2026-10-06 03:45:05.146,379
3431,event-ingest,webhook,success,2026-10-06 03:45:06.895,2026-10-06 03:45:07.230,335
3432,event-ingest,webhook,success,2026-10-06 03:45:06.922,2026-10-06 03:45:07.295,373
3433,event-ingest,webhook,success,2026-10-06 03:45:06.944,2026-10-06 03:45:07.281,337
3434,event-ingest,webhook,success,2026-10-06 03:45:06.971,2026-10-06 03:45:07.334,363
3435,event-ingest,webhook,success,2026-10-06 03:45:08.814,2026-10-06 03:45:09.149,335
3436,event-ingest,webhook,success,2026-10-06 03:45:08.840,2026-10-06 03:45:09.214,374
3437,event-ingest,webhook,success,2026-10-06 03:45:08.864,2026-10-06 03:45:09.190,326
3438,event-ingest,webhook,success,2026-10-06 03:45:08.891,2026-10-06 03:45:09.260,369
3439,event-ingest,webhook,success,2026-10-06 03:45:11.022,2026-10-06 03:45:11.355,333
3440,event-ingest,webhook,success,2026-10-06 03:45:11.047,2026-10-06 03:45:11.429,382
3441,event-ingest,webhook,success,2026-10-06 03:45:11.072,2026-10-06 03:45:11.464,392
3442,event-ingest,webhook,success,2026-10-06 03:45:11.100,2026-10-06 03:45:11.483,383
3443,event-ingest,webhook,success,2026-10-06 03:45:11.124,2026-10-06 03:45:11.501,377
3444,event-ingest,webhook,success,2026-10-06 03:45:11.151,2026-10-06 03:45:11.507,356
3445,event-ingest,webhook,success,2026-10-06 03:45:12.081,2026-10-06 03:45:12.482,401
3446,event-ingest,webhook,success,2026-10-06 03:45:13.014,2026-10-06 03:45:13.350,336
3447,event-ingest,webhook,success,2026-10-06 03:45:13.648,2026-10-06 03:45:13.985,337
3448,event-ingest,webhook,success,2026-10-06 03:45:14.582,2026-10-06 03:45:14.917,335
3449,event-ingest,webhook,success,2026-10-06 03:45:15.213,2026-10-06 03:45:15.545,332
3450,event-ingest,webhook,success,2026-10-06 03:45:16.139,2026-10-06 03:45:16.472,333
3451,event-ingest,webhook,success,2026-10-06 03:45:16.775,2026-10-06 03:45:17.117,342
3452,event-ingest,webhook,success,2026-10-06 03:45:16.800,2026-10-06 03:45:17.157,357
3453,event-ingest,webhook,success,2026-10-06 03:45:18.030,2026-10-06 03:45:20.054,2024
3454,event-ingest,webhook,success,2026-10-06 03:45:18.055,2026-10-06 03:45:20.112,2057
3455,event-ingest,webhook,success,2026-10-06 03:45:18.076,2026-10-06 03:45:20.099,2023
3456,event-ingest,webhook,success,2026-10-06 03:45:18.102,2026-10-06 03:45:20.158,2056
3457,event-ingest,webhook,success,2026-10-06 03:45:19.937,2026-10-06 03:45:21.972,2035
3458,event-ingest,webhook,success,2026-10-06 03:45:19.965,2026-10-06 03:45:22.032,2067
3459,event-ingest,webhook,success,2026-10-06 03:45:19.989,2026-10-06 03:45:22.016,2027
3460,event-ingest,webhook,success,2026-10-06 03:45:20.016,2026-10-06 03:45:22.081,2065
3461,event-ingest,webhook,success,2026-10-06 03:45:22.148,2026-10-06 03:45:24.172,2024
3462,event-ingest,webhook,success,2026-10-06 03:45:22.172,2026-10-06 03:45:24.240,2068
3463,event-ingest,webhook,success,2026-10-06 03:45:22.199,2026-10-06 03:45:24.223,2024
3464,event-ingest,webhook,success,2026-10-06 03:45:22.226,2026-10-06 03:45:24.283,2057
3465,event-ingest,webhook,success,2026-10-06 03:45:24.057,2026-10-06 03:45:26.089,2032
3466,event-ingest,webhook,success,2026-10-06 03:45:24.086,2026-10-06 03:45:26.148,2062
3467,event-ingest,webhook,success,2026-10-06 03:45:24.110,2026-10-06 03:45:26.136,2026
3468,event-ingest,webhook,success,2026-10-06 03:45:24.138,2026-10-06 03:45:26.197,2059
3469,event-ingest,webhook,success,2026-10-06 03:45:26.264,2026-10-06 03:45:28.299,2035
3470,event-ingest,webhook,success,2026-10-06 03:45:26.287,2026-10-06 03:45:28.352,2065
3471,event-ingest,webhook,success,2026-10-06 03:45:26.308,2026-10-06 03:45:28.333,2025
3472,event-ingest,webhook,success,2026-10-06 03:45:26.334,2026-10-06 03:45:28.389,2055
3473,event-ingest,webhook,success,2026-10-06 03:45:28.179,2026-10-06 03:45:30.211,2032
3474,event-ingest,webhook,success,2026-10-06 03:45:28.211,2026-10-06 03:45:30.318,2107
3475,event-ingest,webhook,success,2026-10-06 03:45:28.243,2026-10-06 03:45:30.282,2039
3476,event-ingest,webhook,success,2026-10-06 03:45:28.310,2026-10-06 03:45:30.353,2043
3477,event-ingest,webhook,success,2026-10-06 03:45:30.157,2026-10-06 03:45:32.190,2033
3478,event-ingest,webhook,success,2026-10-06 03:45:30.181,2026-10-06 03:45:32.254,2073
3479,event-ingest,webhook,success,2026-10-06 03:45:30.209,2026-10-06 03:45:32.245,2036
3480,event-ingest,webhook,success,2026-10-06 03:45:30.241,2026-10-06 03:45:32.300,2059
3481,event-ingest,webhook,success,2026-10-06 03:45:32.370,2026-10-06 03:45:34.394,2024
3482,event-ingest,webhook,success,2026-10-06 03:45:32.394,2026-10-06 03:45:34.455,2061
3483,event-ingest,webhook,success,2026-10-06 03:45:32.417,2026-10-06 03:45:34.442,2025
3484,event-ingest,webhook,success,2026-10-06 03:45:32.447,2026-10-06 03:45:34.501,2054
3485,event-ingest,webhook,success,2026-10-06 03:45:34.279,2026-10-06 03:45:36.305,2026
3486,event-ingest,webhook,success,2026-10-06 03:45:34.304,2026-10-06 03:45:36.364,2060
3487,event-ingest,webhook,success,2026-10-06 03:45:34.325,2026-10-06 03:45:36.349,2024
3488,event-ingest,webhook,success,2026-10-06 03:45:34.351,2026-10-06 03:45:36.416,2065
3489,event-ingest,webhook,success,2026-10-06 03:45:34.375,2026-10-06 03:45:36.409,2034
3490,event-ingest,webhook,success,2026-10-06 03:45:34.418,2026-10-06 03:45:36.483,2065
3491,event-ingest,webhook,success,2026-10-06 03:45:35.349,2026-10-06 03:45:37.381,2032
3492,event-ingest,webhook,success,2026-10-06 03:45:36.284,2026-10-06 03:45:38.319,2035
3493,event-ingest,webhook,success,2026-10-06 03:45:36.907,2026-10-06 03:45:38.938,2031
3494,event-ingest,webhook,success,2026-10-06 03:45:37.834,2026-10-06 03:45:39.868,2034
3495,event-ingest,webhook,success,2026-10-06 03:45:37.859,2026-10-06 03:45:39.918,2059
3496,event-ingest,webhook,success,2026-10-06 03:45:38.780,2026-10-06 03:45:40.812,2032
3497,event-ingest,webhook,success,2026-10-06 03:45:38.804,2026-10-06 03:45:40.869,2065
3498,event-ingest,webhook,success,2026-10-06 03:45:38.829,2026-10-06 03:45:40.864,2035
3499,event-ingest,webhook,success,2026-10-06 03:45:38.857,2026-10-06 03:45:40.929,2072
3500,event-ingest,webhook,success,2026-10-06 03:45:38.879,2026-10-06 03:45:40.905,2026
3501,event-ingest,webhook,success,2026-10-06 03:45:38.903,2026-10-06 03:45:40.972,2069
3502,event-ingest,webhook,success,2026-10-06 03:45:38.945,2026-10-06 03:45:40.984,2039
3503,event-ingest,webhook,success,2026-10-06 03:45:38.990,2026-10-06 03:45:41.880,2890
3504,event-ingest,webhook,success,2026-10-06 03:45:39.036,2026-10-06 03:45:41.072,2036
3505,event-ingest,webhook,success,2026-10-06 03:45:39.068,2026-10-06 03:45:42.823,3755
3506,event-ingest,webhook,success,2026-10-06 03:45:39.093,2026-10-06 03:45:41.934,2841
3507,event-ingest,webhook,success,2026-10-06 03:45:39.119,2026-10-06 03:45:42.880,3761
3508,health-monitor,trigger,success,2026-10-06 03:50:00.020,2026-10-06 03:50:00.141,121
3509,health-monitor,trigger,success,2026-10-06 03:55:00.025,2026-10-06 03:55:00.154,129
3510,ioc-extractor,trigger,success,2026-10-06 04:00:00.035,2026-10-06 04:00:00.354,319
3511,health-monitor,trigger,success,2026-10-06 04:00:00.042,2026-10-06 04:00:00.218,176
3512,event-ingest,webhook,success,2026-10-06 04:00:02.563,2026-10-06 04:00:02.985,422
3513,event-ingest,webhook,success,2026-10-06 04:00:02.607,2026-10-06 04:00:02.995,388
3514,event-ingest,webhook,success,2026-10-06 04:00:02.660,2026-10-06 04:00:02.987,327
3515,event-ingest,webhook,success,2026-10-06 04:00:02.689,2026-10-06 04:00:03.054,365
3516,event-ingest,webhook,success,2026-10-06 04:00:04.824,2026-10-06 04:00:05.173,349
3517,event-ingest,webhook,success,2026-10-06 04:00:04.854,2026-10-06 04:00:05.231,377
3518,event-ingest,webhook,success,2026-10-06 04:00:04.879,2026-10-06 04:00:05.219,340
3519,event-ingest,webhook,success,2026-10-06 04:00:04.908,2026-10-06 04:00:05.284,376
3520,event-ingest,webhook,success,2026-10-06 04:00:06.738,2026-10-06 04:00:07.076,338
3521,event-ingest,webhook,success,2026-10-06 04:00:06.762,2026-10-06 04:00:07.136,374
3522,event-ingest,webhook,success,2026-10-06 04:00:06.784,2026-10-06 04:00:07.117,333
3523,event-ingest,webhook,success,2026-10-06 04:00:06.809,2026-10-06 04:00:07.170,361
3524,event-ingest,webhook,success,2026-10-06 04:00:08.941,2026-10-06 04:00:09.289,348
3525,event-ingest,webhook,success,2026-10-06 04:00:08.966,2026-10-06 04:00:09.330,364
3526,event-ingest,webhook,success,2026-10-06 04:00:08.990,2026-10-06 04:00:09.316,326
3527,event-ingest,webhook,success,2026-10-06 04:00:09.016,2026-10-06 04:00:09.378,362
3528,event-ingest,webhook,success,2026-10-06 04:00:10.850,2026-10-06 04:00:11.184,334
3529,event-ingest,webhook,success,2026-10-06 04:00:10.875,2026-10-06 04:00:11.253,378
3530,event-ingest,webhook,success,2026-10-06 04:00:10.900,2026-10-06 04:00:11.234,334
3531,event-ingest,webhook,success,2026-10-06 04:00:10.929,2026-10-06 04:00:11.289,360
3532,event-ingest,webhook,success,2026-10-06 04:00:13.065,2026-10-06 04:00:13.449,384
3533,event-ingest,webhook,success,2026-10-06 04:00:13.090,2026-10-06 04:00:13.485,395
3534,event-ingest,webhook,success,2026-10-06 04:00:13.114,2026-10-06 04:00:13.459,345
3535,event-ingest,webhook,success,2026-10-06 04:00:13.144,2026-10-06 04:00:13.512,368
3536,event-ingest,webhook,success,2026-10-06 04:00:14.983,2026-10-06 04:00:15.333,350
3537,event-ingest,webhook,success,2026-10-06 04:00:15.009,2026-10-06 04:00:15.447,438
3538,event-ingest,webhook,success,2026-10-06 04:00:15.032,2026-10-06 04:00:15.360,328
3539,event-ingest,webhook,success,2026-10-06 04:00:15.057,2026-10-06 04:00:15.444,387
3540,event-ingest,webhook,success,2026-10-06 04:00:17.198,2026-10-06 04:00:17.531,333
3541,event-ingest,webhook,success,2026-10-06 04:00:17.225,2026-10-06 04:00:17.594,369
3542,event-ingest,webhook,success,2026-10-06 04:00:17.247,2026-10-06 04:00:17.576,329
3543,event-ingest,webhook,success,2026-10-06 04:00:17.272,2026-10-06 04:00:19.337,2065
3544,event-ingest,webhook,success,2026-10-06 04:00:19.108,2026-10-06 04:00:21.138,2030
3545,event-ingest,webhook,success,2026-10-06 04:00:19.136,2026-10-06 04:00:21.196,2060
3546,event-ingest,webhook,success,2026-10-06 04:00:19.158,2026-10-06 04:00:21.185,2027
3547,event-ingest,webhook,success,2026-10-06 04:00:19.185,2026-10-06 04:00:21.248,2063
3548,event-ingest,webhook,success,2026-10-06 04:00:21.316,2026-10-06 04:00:23.347,2031
3549,event-ingest,webhook,success,2026-10-06 04:00:21.346,2026-10-06 04:00:23.421,2075
3550,event-ingest,webhook,success,2026-10-06 04:00:21.377,2026-10-06 04:00:23.405,2028
3551,event-ingest,webhook,success,2026-10-06 04:00:21.408,2026-10-06 04:00:23.475,2067
3552,event-ingest,webhook,success,2026-10-06 04:00:23.241,2026-10-06 04:00:25.275,2034
3553,event-ingest,webhook,success,2026-10-06 04:00:23.268,2026-10-06 04:00:25.333,2065
3554,event-ingest,webhook,success,2026-10-06 04:00:23.291,2026-10-06 04:00:25.320,2029
3555,event-ingest,webhook,success,2026-10-06 04:00:23.323,2026-10-06 04:00:25.387,2064
3556,event-ingest,webhook,success,2026-10-06 04:00:25.453,2026-10-06 04:00:27.475,2022
3557,event-ingest,webhook,success,2026-10-06 04:00:25.484,2026-10-06 04:00:27.544,2060
3558,event-ingest,webhook,success,2026-10-06 04:00:25.507,2026-10-06 04:00:27.529,2022
3559,event-ingest,webhook,success,2026-10-06 04:00:25.533,2026-10-06 04:00:27.587,2054
3560,event-ingest,webhook,success,2026-10-06 04:00:27.357,2026-10-06 04:00:29.380,2023
3561,event-ingest,webhook,success,2026-10-06 04:00:27.382,2026-10-06 04:00:29.451,2069
3562,event-ingest,webhook,success,2026-10-06 04:00:27.406,2026-10-06 04:00:29.431,2025
3563,event-ingest,webhook,success,2026-10-06 04:00:27.435,2026-10-06 04:00:29.501,2066
3564,event-ingest,webhook,success,2026-10-06 04:00:27.460,2026-10-06 04:00:29.491,2031
3565,event-ingest,webhook,success,2026-10-06 04:00:27.498,2026-10-06 04:00:29.565,2067
3566,event-ingest,webhook,success,2026-10-06 04:00:28.737,2026-10-06 04:00:30.773,2036
3567,event-ingest,webhook,success,2026-10-06 04:00:29.369,2026-10-06 04:00:31.410,2041
3568,event-ingest,webhook,success,2026-10-06 04:00:30.307,2026-10-06 04:00:32.335,2028
3569,event-ingest,webhook,success,2026-10-06 04:00:30.935,2026-10-06 04:00:32.970,2035
3570,event-ingest,webhook,success,2026-10-06 04:00:31.868,2026-10-06 04:00:33.895,2027
3571,event-ingest,webhook,success,2026-10-06 04:00:32.503,2026-10-06 04:00:34.533,2030
3572,event-ingest,webhook,success,2026-10-06 04:00:32.528,2026-10-06 04:00:34.603,2075
3573,event-ingest,webhook,success,2026-10-06 04:00:33.457,2026-10-06 04:00:35.494,2037
3574,event-ingest,webhook,success,2026-10-06 04:00:33.481,2026-10-06 04:00:35.559,2078
3575,event-ingest,webhook,success,2026-10-06 04:00:33.503,2026-10-06 04:00:35.533,2030
3576,event-ingest,webhook,success,2026-10-06 04:00:33.547,2026-10-06 04:00:35.625,2078
3577,event-ingest,webhook,success,2026-10-06 04:00:35.686,2026-10-06 04:00:37.726,2040
3578,event-ingest,webhook,success,2026-10-06 04:00:35.711,2026-10-06 04:00:37.787,2076
3579,event-ingest,webhook,success,2026-10-06 04:00:35.742,2026-10-06 04:00:37.775,2033
3580,event-ingest,webhook,success,2026-10-06 04:00:35.774,2026-10-06 04:00:37.857,2083
3581,event-ingest,webhook,success,2026-10-06 04:00:35.803,2026-10-06 04:00:37.840,2037
3582,event-ingest,webhook,success,2026-10-06 04:00:35.838,2026-10-06 04:00:37.909,2071
3583,event-ingest,webhook,success,2026-10-06 04:00:35.870,2026-10-06 04:00:37.897,2027
3584,event-ingest,webhook,success,2026-10-06 04:00:35.897,2026-10-06 04:00:37.970,2073
3585,event-ingest,webhook,success,2026-10-06 04:00:35.922,2026-10-06 04:00:37.948,2026
3586,event-ingest,webhook,success,2026-10-06 04:00:35.951,2026-10-06 04:00:39.737,3786
3587,event-ingest,webhook,success,2026-10-06 04:00:35.979,2026-10-06 04:00:38.006,2027
3588,event-ingest,webhook,success,2026-10-06 04:00:36.015,2026-10-06 04:00:39.796,3781
3589,event-ingest,webhook,success,2026-10-06 04:00:36.043,2026-10-06 04:00:39.786,3743
3590,health-monitor,trigger,success,2026-10-06 04:05:00.030,2026-10-06 04:05:00.146,116
3591,health-monitor,trigger,success,2026-10-06 04:10:00.024,2026-10-06 04:10:00.142,118
3592,health-monitor,trigger,success,2026-10-06 04:15:00.036,2026-10-06 04:15:00.199,163
3593,ioc-extractor,trigger,success,2026-10-06 04:15:00.044,2026-10-06 04:15:00.374,330
3594,event-ingest,webhook,success,2026-10-06 04:15:02.790,2026-10-06 04:15:03.212,422
3595,event-ingest,webhook,success,2026-10-06 04:15:02.825,2026-10-06 04:15:03.219,394
3596,event-ingest,webhook,success,2026-10-06 04:15:02.862,2026-10-06 04:15:03.221,359
3597,event-ingest,webhook,success,2026-10-06 04:15:02.910,2026-10-06 04:15:03.281,371
3598,event-ingest,webhook,success,2026-10-06 04:15:04.751,2026-10-06 04:15:05.087,336
3599,event-ingest,webhook,success,2026-10-06 04:15:04.776,2026-10-06 04:15:05.139,363
3600,event-ingest,webhook,success,2026-10-06 04:15:04.799,2026-10-06 04:15:05.125,326
3601,event-ingest,webhook,success,2026-10-06 04:15:04.826,2026-10-06 04:15:05.183,357
3602,event-ingest,webhook,success,2026-10-06 04:15:06.965,2026-10-06 04:15:07.302,337
3603,event-ingest,webhook,success,2026-10-06 04:15:06.992,2026-10-06 04:15:07.357,365
3604,event-ingest,webhook,success,2026-10-06 04:15:07.015,2026-10-06 04:15:07.393,378
3605,event-ingest,webhook,success,2026-10-06 04:15:07.045,2026-10-06 04:15:07.441,396
3606,event-ingest,webhook,success,2026-10-06 04:15:08.886,2026-10-06 04:15:09.246,360
3607,event-ingest,webhook,success,2026-10-06 04:15:08.915,2026-10-06 04:15:09.277,362
3608,event-ingest,webhook,success,2026-10-06 04:15:08.941,2026-10-06 04:15:09.274,333
3609,event-ingest,webhook,success,2026-10-06 04:15:08.967,2026-10-06 04:15:09.393,426
3610,event-ingest,webhook,success,2026-10-06 04:15:11.101,2026-10-06 04:15:11.428,327
3611,event-ingest,webhook,success,2026-10-06 04:15:11.128,2026-10-06 04:15:11.494,366
3612,event-ingest,webhook,success,2026-10-06 04:15:11.149,2026-10-06 04:15:11.496,347
3613,event-ingest,webhook,success,2026-10-06 04:15:11.177,2026-10-06 04:15:11.552,375
3614,event-ingest,webhook,success,2026-10-06 04:15:13.011,2026-10-06 04:15:13.399,388
3615,event-ingest,webhook,success,2026-10-06 04:15:13.036,2026-10-06 04:15:13.448,412
3616,event-ingest,webhook,success,2026-10-06 04:15:13.061,2026-10-06 04:15:13.397,336
3617,event-ingest,webhook,success,2026-10-06 04:15:13.088,2026-10-06 04:15:13.450,362
3618,event-ingest,webhook,success,2026-10-06 04:15:15.228,2026-10-06 04:15:15.568,340
3619,event-ingest,webhook,success,2026-10-06 04:15:15.253,2026-10-06 04:15:15.630,377
3620,event-ingest,webhook,success,2026-10-06 04:15:15.281,2026-10-06 04:15:15.612,331
3621,event-ingest,webhook,success,2026-10-06 04:15:15.307,2026-10-06 04:15:15.663,356
3622,event-ingest,webhook,success,2026-10-06 04:15:17.143,2026-10-06 04:15:17.475,332
3623,event-ingest,webhook,success,2026-10-06 04:15:17.169,2026-10-06 04:15:19.236,2067
3624,event-ingest,webhook,success,2026-10-06 04:15:17.193,2026-10-06 04:15:17.534,341
3625,event-ingest,webhook,success,2026-10-06 04:15:17.218,2026-10-06 04:15:19.280,2062
3626,event-ingest,webhook,success,2026-10-06 04:15:19.347,2026-10-06 04:15:21.373,2026
3627,event-ingest,webhook,success,2026-10-06 04:15:19.374,2026-10-06 04:15:21.437,2063
3628,event-ingest,webhook,success,2026-10-06 04:15:19.397,2026-10-06 04:15:21.422,2025
3629,event-ingest,webhook,success,2026-10-06 04:15:19.423,2026-10-06 04:15:21.486,2063
3630,event-ingest,webhook,success,2026-10-06 04:15:19.447,2026-10-06 04:15:21.471,2024
3631,event-ingest,webhook,success,2026-10-06 04:15:19.477,2026-10-06 04:15:21.536,2059
3632,event-ingest,webhook,success,2026-10-06 04:15:20.408,2026-10-06 04:15:22.441,2033
3633,event-ingest,webhook,success,2026-10-06 04:15:21.331,2026-10-06 04:15:23.364,2033
3634,event-ingest,webhook,success,2026-10-06 04:15:21.966,2026-10-06 04:15:23.994,2028
3635,event-ingest,webhook,success,2026-10-06 04:15:22.902,2026-10-06 04:15:24.935,2033
3636,event-ingest,webhook,success,2026-10-06 04:15:23.529,2026-10-06 04:15:25.560,2031
3637,event-ingest,webhook,success,2026-10-06 04:15:24.456,2026-10-06 04:15:26.488,2032
3638,event-ingest,webhook,success,2026-10-06 04:15:24.480,2026-10-06 04:15:26.531,2051
3639,event-ingest,webhook,success,2026-10-06 04:15:25.402,2026-10-06 04:15:27.432,2030
3640,event-ingest,webhook,success,2026-10-06 04:15:25.428,2026-10-06 04:15:27.485,2057
3641,event-ingest,webhook,success,2026-10-06 04:15:25.453,2026-10-06 04:15:27.476,2023
3642,event-ingest,webhook,success,2026-10-06 04:15:25.480,2026-10-06 04:15:27.566,2086
3643,event-ingest,webhook,success,2026-10-06 04:15:25.514,2026-10-06 04:15:27.542,2028
3644,event-ingest,webhook,success,2026-10-06 04:15:25.558,2026-10-06 04:15:27.646,2088
3645,event-ingest,webhook,success,2026-10-06 04:15:25.602,2026-10-06 04:15:27.630,2028
3646,event-ingest,webhook,success,2026-10-06 04:15:25.632,2026-10-06 04:15:27.698,2066
3647,health-monitor,trigger,success,2026-10-06 04:20:00.030,2026-10-06 04:20:00.173,143
3648,health-monitor,trigger,success,2026-10-06 04:25:00.024,2026-10-06 04:25:00.117,93
3649,ioc-extractor,trigger,success,2026-10-06 04:30:00.031,2026-10-06 04:30:00.285,254
3650,health-monitor,trigger,success,2026-10-06 04:30:00.038,2026-10-06 04:30:00.208,170
3651,event-ingest,webhook,success,2026-10-06 04:30:02.886,2026-10-06 04:30:03.276,390
3652,event-ingest,webhook,success,2026-10-06 04:30:02.914,2026-10-06 04:30:03.301,387
3653,event-ingest,webhook,success,2026-10-06 04:30:02.944,2026-10-06 04:30:03.279,335
3654,event-ingest,webhook,success,2026-10-06 04:30:02.982,2026-10-06 04:30:03.399,417
3655,event-ingest,webhook,success,2026-10-06 04:30:04.823,2026-10-06 04:30:05.172,349
3656,event-ingest,webhook,success,2026-10-06 04:30:04.848,2026-10-06 04:30:05.216,368
3657,event-ingest,webhook,success,2026-10-06 04:30:04.880,2026-10-06 04:30:05.214,334
3658,event-ingest,webhook,success,2026-10-06 04:30:04.908,2026-10-06 04:30:05.285,377
3659,event-ingest,webhook,success,2026-10-06 04:30:06.734,2026-10-06 04:30:07.071,337
3660,event-ingest,webhook,success,2026-10-06 04:30:06.759,2026-10-06 04:30:07.134,375
3661,event-ingest,webhook,success,2026-10-06 04:30:06.784,2026-10-06 04:30:07.114,330
3662,event-ingest,webhook,success,2026-10-06 04:30:06.810,2026-10-06 04:30:07.176,366
3663,event-ingest,webhook,success,2026-10-06 04:30:08.953,2026-10-06 04:30:09.297,344
3664,event-ingest,webhook,success,2026-10-06 04:30:08.979,2026-10-06 04:30:09.375,396
3665,event-ingest,webhook,success,2026-10-06 04:30:09.005,2026-10-06 04:30:09.402,397
3666,event-ingest,webhook,success,2026-10-06 04:30:09.032,2026-10-06 04:30:09.400,368
3667,event-ingest,webhook,success,2026-10-06 04:30:10.863,2026-10-06 04:30:11.211,348
3668,event-ingest,webhook,success,2026-10-06 04:30:10.888,2026-10-06 04:30:11.262,374
3669,event-ingest,webhook,success,2026-10-06 04:30:10.912,2026-10-06 04:30:11.244,332
3670,event-ingest,webhook,success,2026-10-06 04:30:10.940,2026-10-06 04:30:11.294,354
3671,event-ingest,webhook,success,2026-10-06 04:30:13.083,2026-10-06 04:30:13.421,338
3672,event-ingest,webhook,success,2026-10-06 04:30:13.112,2026-10-06 04:30:13.480,368
3673,event-ingest,webhook,success,2026-10-06 04:30:13.136,2026-10-06 04:30:13.470,334
3674,event-ingest,webhook,success,2026-10-06 04:30:13.162,2026-10-06 04:30:13.528,366
3675,event-ingest,webhook,success,2026-10-06 04:30:15.004,2026-10-06 04:30:15.403,399
3676,event-ingest,webhook,success,2026-10-06 04:30:15.030,2026-10-06 04:30:15.405,375
3677,event-ingest,webhook,success,2026-10-06 04:30:15.053,2026-10-06 04:30:15.414,361
3678,event-ingest,webhook,success,2026-10-06 04:30:15.079,2026-10-06 04:30:15.453,374
3679,event-ingest,webhook,success,2026-10-06 04:30:17.215,2026-10-06 04:30:17.548,333
3680,event-ingest,webhook,success,2026-10-06 04:30:17.242,2026-10-06 04:30:17.602,360
3681,event-ingest,webhook,success,2026-10-06 04:30:17.266,2026-10-06 04:30:17.600,334
3682,event-ingest,webhook,success,2026-10-06 04:30:17.294,2026-10-06 04:30:19.368,2074
3683,event-ingest,webhook,success,2026-10-06 04:30:17.323,2026-10-06 04:30:19.361,2038
3684,event-ingest,webhook,success,2026-10-06 04:30:17.357,2026-10-06 04:30:19.417,2060
3685,event-ingest,webhook,success,2026-10-06 04:30:18.283,2026-10-06 04:30:20.316,2033
3686,event-ingest,webhook,success,2026-10-06 04:30:19.218,2026-10-06 04:30:21.252,2034
3687,event-ingest,webhook,success,2026-10-06 04:30:19.852,2026-10-06 04:30:21.891,2039
3688,event-ingest,webhook,success,2026-10-06 04:30:20.792,2026-10-06 04:30:22.824,2032
3689,event-ingest,webhook,success,2026-10-06 04:30:21.417,2026-10-06 04:30:23.452,2035
3690,event-ingest,webhook,success,2026-10-06 04:30:22.347,2026-10-06 04:30:24.376,2029
3691,event-ingest,webhook,success,2026-10-06 04:30:22.972,2026-10-06 04:30:25.004,2032
3692,event-ingest,webhook,success,2026-10-06 04:30:22.997,2026-10-06 04:30:25.054,2057
3693,event-ingest,webhook,success,2026-10-06 04:30:24.234,2026-10-06 04:30:26.260,2026
3694,event-ingest,webhook,success,2026-10-06 04:30:24.262,2026-10-06 04:30:26.324,2062
3695,event-ingest,webhook,success,2026-10-06 04:30:24.286,2026-10-06 04:30:26.308,2022
3696,event-ingest,webhook,success,2026-10-06 04:30:24.314,2026-10-06 04:30:26.384,2070
3697,event-ingest,webhook,success,2026-10-06 04:30:26.147,2026-10-06 04:30:28.175,2028
3698,event-ingest,webhook,success,2026-10-06 04:30:26.176,2026-10-06 04:30:28.237,2061
3699,event-ingest,webhook,success,2026-10-06 04:30:26.199,2026-10-06 04:30:28.224,2025
3700,event-ingest,webhook,success,2026-10-06 04:30:26.224,2026-10-06 04:30:28.284,2060
3701,event-ingest,webhook,success,2026-10-06 04:30:28.351,2026-10-06 04:30:30.378,2027
3702,event-ingest,webhook,success,2026-10-06 04:30:28.376,2026-10-06 04:30:30.440,2064
3703,event-ingest,webhook,success,2026-10-06 04:30:28.397,2026-10-06 04:30:30.425,2028
3704,event-ingest,webhook,success,2026-10-06 04:30:28.422,2026-10-06 04:30:30.479,2057
3705,event-ingest,webhook,success,2026-10-06 04:30:30.248,2026-10-06 04:30:32.283,2035
3706,event-ingest,webhook,success,2026-10-06 04:30:30.275,2026-10-06 04:30:32.346,2071
3707,event-ingest,webhook,success,2026-10-06 04:30:30.299,2026-10-06 04:30:32.325,2026
3708,event-ingest,webhook,success,2026-10-06 04:30:30.327,2026-10-06 04:30:32.411,2084
3709,event-ingest,webhook,success,2026-10-06 04:30:30.363,2026-10-06 04:30:32.402,2039
3710,event-ingest,webhook,success,2026-10-06 04:30:30.406,2026-10-06 04:30:32.467,2061
3711,event-ingest,webhook,success,2026-10-06 04:30:30.470,2026-10-06 04:30:32.516,2046
3712,event-ingest,webhook,success,2026-10-06 04:30:30.512,2026-10-06 04:30:32.584,2072
3713,event-ingest,webhook,success,2026-10-06 04:30:30.536,2026-10-06 04:30:32.574,2038
3714,event-ingest,webhook,success,2026-10-06 04:30:30.570,2026-10-06 04:30:32.638,2068
3715,health-monitor,trigger,success,2026-10-06 04:35:00.031,2026-10-06 04:35:00.152,121
3716,health-monitor,trigger,success,2026-10-06 04:40:00.028,2026-10-06 04:40:00.157,129
3717,health-monitor,trigger,success,2026-10-06 04:45:00.031,2026-10-06 04:45:00.186,155
3718,ioc-extractor,trigger,success,2026-10-06 04:45:00.038,2026-10-06 04:45:00.329,291
3719,event-ingest,webhook,success,2026-10-06 04:45:02.722,2026-10-06 04:45:03.124,402
3720,event-ingest,webhook,success,2026-10-06 04:45:02.758,2026-10-06 04:45:03.154,396
3721,event-ingest,webhook,success,2026-10-06 04:45:02.799,2026-10-06 04:45:03.151,352
3722,event-ingest,webhook,success,2026-10-06 04:45:02.834,2026-10-06 04:45:03.192,358
3723,event-ingest,webhook,success,2026-10-06 04:45:04.970,2026-10-06 04:45:05.352,382
3724,event-ingest,webhook,success,2026-10-06 04:45:05.003,2026-10-06 04:45:05.387,384
3725,event-ingest,webhook,success,2026-10-06 04:45:05.028,2026-10-06 04:45:05.361,333
3726,event-ingest,webhook,success,2026-10-06 04:45:05.058,2026-10-06 04:45:05.419,361
3727,event-ingest,webhook,success,2026-10-06 04:45:06.889,2026-10-06 04:45:07.233,344
3728,event-ingest,webhook,success,2026-10-06 04:45:06.916,2026-10-06 04:45:07.313,397
3729,event-ingest,webhook,success,2026-10-06 04:45:06.938,2026-10-06 04:45:07.311,373
3730,event-ingest,webhook,success,2026-10-06 04:45:06.967,2026-10-06 04:45:07.325,358
3731,event-ingest,webhook,success,2026-10-06 04:45:09.106,2026-10-06 04:45:09.440,334
3732,event-ingest,webhook,success,2026-10-06 04:45:09.132,2026-10-06 04:45:09.501,369
3733,event-ingest,webhook,success,2026-10-06 04:45:09.161,2026-10-06 04:45:09.499,338
3734,event-ingest,webhook,success,2026-10-06 04:45:09.189,2026-10-06 04:45:09.550,361
3735,event-ingest,webhook,success,2026-10-06 04:45:11.025,2026-10-06 04:45:11.362,337
3736,event-ingest,webhook,success,2026-10-06 04:45:11.054,2026-10-06 04:45:11.416,362
3737,event-ingest,webhook,success,2026-10-06 04:45:11.078,2026-10-06 04:45:11.405,327
3738,event-ingest,webhook,success,2026-10-06 04:45:11.106,2026-10-06 04:45:11.480,374
3739,event-ingest,webhook,success,2026-10-06 04:45:12.938,2026-10-06 04:45:13.279,341
3740,event-ingest,webhook,success,2026-10-06 04:45:12.964,2026-10-06 04:45:13.350,386
3741,event-ingest,webhook,success,2026-10-06 04:45:12.989,2026-10-06 04:45:13.410,421
3742,event-ingest,webhook,success,2026-10-06 04:45:13.015,2026-10-06 04:45:13.441,426
3743,event-ingest,webhook,success,2026-10-06 04:45:15.148,2026-10-06 04:45:15.503,355
3744,event-ingest,webhook,success,2026-10-06 04:45:15.174,2026-10-06 04:45:15.538,364
3745,event-ingest,webhook,success,2026-10-06 04:45:15.196,2026-10-06 04:45:15.524,328
3746,event-ingest,webhook,success,2026-10-06 04:45:15.223,2026-10-06 04:45:15.585,362
3747,event-ingest,webhook,success,2026-10-06 04:45:17.364,2026-10-06 04:45:17.694,330
3748,event-ingest,webhook,success,2026-10-06 04:45:17.391,2026-10-06 04:45:17.753,362
3749,event-ingest,webhook,success,2026-10-06 04:45:17.415,2026-10-06 04:45:17.740,325
3750,event-ingest,webhook,success,2026-10-06 04:45:17.444,2026-10-06 04:45:17.804,360
3751,event-ingest,webhook,success,2026-10-06 04:45:19.278,2026-10-06 04:45:21.313,2035
3752,event-ingest,webhook,success,2026-10-06 04:45:19.306,2026-10-06 04:45:21.366,2060
3753,event-ingest,webhook,success,2026-10-06 04:45:19.328,2026-10-06 04:45:21.351,2023
3754,event-ingest,webhook,success,2026-10-06 04:45:19.353,2026-10-06 04:45:21.414,2061
3755,event-ingest,webhook,success,2026-10-06 04:45:21.479,2026-10-06 04:45:23.502,2023
3756,event-ingest,webhook,success,2026-10-06 04:45:21.504,2026-10-06 04:45:23.564,2060
3757,event-ingest,webhook,success,2026-10-06 04:45:21.527,2026-10-06 04:45:23.552,2025
3758,event-ingest,webhook,success,2026-10-06 04:45:21.552,2026-10-06 04:45:23.613,2061
3759,event-ingest,webhook,success,2026-10-06 04:45:23.388,2026-10-06 04:45:25.419,2031
3760,event-ingest,webhook,success,2026-10-06 04:45:23.415,2026-10-06 04:45:25.483,2068
3761,event-ingest,webhook,success,2026-10-06 04:45:23.440,2026-10-06 04:45:25.466,2026
3762,event-ingest,webhook,success,2026-10-06 04:45:23.466,2026-10-06 04:45:25.531,2065
3763,event-ingest,webhook,success,2026-10-06 04:45:25.594,2026-10-06 04:45:27.630,2036
3764,event-ingest,webhook,success,2026-10-06 04:45:25.625,2026-10-06 04:45:27.699,2074
3765,event-ingest,webhook,success,2026-10-06 04:45:25.653,2026-10-06 04:45:27.685,2032
3766,event-ingest,webhook,success,2026-10-06 04:45:25.687,2026-10-06 04:45:27.761,2074
3767,event-ingest,webhook,success,2026-10-06 04:45:25.715,2026-10-06 04:45:27.741,2026
3768,event-ingest,webhook,success,2026-10-06 04:45:25.750,2026-10-06 04:45:27.806,2056
3769,event-ingest,webhook,success,2026-10-06 04:45:26.686,2026-10-06 04:45:28.729,2043
3770,event-ingest,webhook,success,2026-10-06 04:45:27.323,2026-10-06 04:45:29.361,2038
3771,event-ingest,webhook,success,2026-10-06 04:45:28.261,2026-10-06 04:45:30.291,2030
3772,event-ingest,webhook,success,2026-10-06 04:45:28.891,2026-10-06 04:45:30.920,2029
3773,event-ingest,webhook,success,2026-10-06 04:45:29.821,2026-10-06 04:45:31.858,2037
3774,event-ingest,webhook,success,2026-10-06 04:45:29.852,2026-10-06 04:45:31.910,2058
3775,event-ingest,webhook,success,2026-10-06 04:45:30.780,2026-10-06 04:45:32.809,2029
3776,event-ingest,webhook,success,2026-10-06 04:45:30.810,2026-10-06 04:45:32.878,2068
3777,event-ingest,webhook,success,2026-10-06 04:45:30.832,2026-10-06 04:45:32.860,2028
3778,event-ingest,webhook,success,2026-10-06 04:45:30.858,2026-10-06 04:45:32.949,2091
3779,event-ingest,webhook,success,2026-10-06 04:45:30.891,2026-10-06 04:45:32.925,2034
3780,event-ingest,webhook,success,2026-10-06 04:45:30.936,2026-10-06 04:45:33.066,2130
3781,event-ingest,webhook,success,2026-10-06 04:45:31.020,2026-10-06 04:45:33.058,2038
3782,event-ingest,webhook,success,2026-10-06 04:45:31.051,2026-10-06 04:45:33.873,2822
3783,event-ingest,webhook,success,2026-10-06 04:45:31.077,2026-10-06 04:45:33.106,2029
3784,event-ingest,webhook,success,2026-10-06 04:45:31.107,2026-10-06 04:45:34.825,3718
3785,event-ingest,webhook,success,2026-10-06 04:45:31.133,2026-10-06 04:45:33.925,2792
3786,health-monitor,trigger,success,2026-10-06 04:50:00.032,2026-10-06 04:50:00.157,125
3787,health-monitor,trigger,success,2026-10-06 04:55:00.025,2026-10-06 04:55:00.174,149
3788,ioc-extractor,trigger,success,2026-10-06 05:00:00.025,2026-10-06 05:00:00.295,270
3789,health-monitor,trigger,success,2026-10-06 05:00:00.035,2026-10-06 05:00:00.204,169
3790,event-ingest,webhook,success,2026-10-06 05:00:02.703,2026-10-06 05:00:03.113,410
3791,event-ingest,webhook,success,2026-10-06 05:00:02.743,2026-10-06 05:00:03.131,388
3792,event-ingest,webhook,success,2026-10-06 05:00:02.797,2026-10-06 05:00:03.141,344
3793,event-ingest,webhook,success,2026-10-06 05:00:02.826,2026-10-06 05:00:03.263,437
3794,event-ingest,webhook,success,2026-10-06 05:00:04.959,2026-10-06 05:00:05.320,361
3795,event-ingest,webhook,success,2026-10-06 05:00:04.985,2026-10-06 05:00:05.346,361
3796,event-ingest,webhook,success,2026-10-06 05:00:05.009,2026-10-06 05:00:05.344,335
3797,event-ingest,webhook,success,2026-10-06 05:00:05.037,2026-10-06 05:00:05.397,360
3798,event-ingest,webhook,success,2026-10-06 05:00:06.869,2026-10-06 05:00:07.269,400
3799,event-ingest,webhook,success,2026-10-06 05:00:06.895,2026-10-06 05:00:07.311,416
3800,event-ingest,webhook,success,2026-10-06 05:00:06.917,2026-10-06 05:00:07.298,381
3801,event-ingest,webhook,success,2026-10-06 05:00:06.943,2026-10-06 05:00:07.309,366
3802,event-ingest,webhook,success,2026-10-06 05:00:09.078,2026-10-06 05:00:09.409,331
3803,event-ingest,webhook,success,2026-10-06 05:00:09.107,2026-10-06 05:00:09.479,372
3804,event-ingest,webhook,success,2026-10-06 05:00:09.130,2026-10-06 05:00:09.477,347
3805,event-ingest,webhook,success,2026-10-06 05:00:09.155,2026-10-06 05:00:09.518,363
3806,event-ingest,webhook,success,2026-10-06 05:00:10.991,2026-10-06 05:00:11.324,333
3807,event-ingest,webhook,success,2026-10-06 05:00:11.017,2026-10-06 05:00:11.395,378
3808,event-ingest,webhook,success,2026-10-06 05:00:11.045,2026-10-06 05:00:11.378,333
3809,event-ingest,webhook,success,2026-10-06 05:00:11.074,2026-10-06 05:00:11.430,356
3810,event-ingest,webhook,success,2026-10-06 05:00:13.205,2026-10-06 05:00:13.534,329
3811,event-ingest,webhook,success,2026-10-06 05:00:13.230,2026-10-06 05:00:13.597,367
3812,event-ingest,webhook,success,2026-10-06 05:00:13.255,2026-10-06 05:00:13.580,325
3813,event-ingest,webhook,success,2026-10-06 05:00:13.286,2026-10-06 05:00:13.642,356
3814,event-ingest,webhook,success,2026-10-06 05:00:15.123,2026-10-06 05:00:15.477,354
3815,event-ingest,webhook,success,2026-10-06 05:00:15.148,2026-10-06 05:00:15.527,379
3816,event-ingest,webhook,success,2026-10-06 05:00:15.173,2026-10-06 05:00:15.533,360
3817,event-ingest,webhook,success,2026-10-06 05:00:15.200,2026-10-06 05:00:15.559,359
3818,event-ingest,webhook,success,2026-10-06 05:00:17.337,2026-10-06 05:00:17.669,332
3819,event-ingest,webhook,success,2026-10-06 05:00:17.361,2026-10-06 05:00:17.726,365
3820,event-ingest,webhook,success,2026-10-06 05:00:17.383,2026-10-06 05:00:17.719,336
3821,event-ingest,webhook,success,2026-10-06 05:00:17.409,2026-10-06 05:00:17.766,357
3822,event-ingest,webhook,success,2026-10-06 05:00:19.238,2026-10-06 05:00:21.269,2031
3823,event-ingest,webhook,success,2026-10-06 05:00:19.266,2026-10-06 05:00:21.329,2063
3824,event-ingest,webhook,success,2026-10-06 05:00:19.293,2026-10-06 05:00:21.317,2024
3825,event-ingest,webhook,success,2026-10-06 05:00:19.321,2026-10-06 05:00:21.389,2068
3826,event-ingest,webhook,success,2026-10-06 05:00:19.345,2026-10-06 05:00:21.371,2026
3827,event-ingest,webhook,success,2026-10-06 05:00:19.375,2026-10-06 05:00:21.436,2061
3828,event-ingest,webhook,success,2026-10-06 05:00:20.307,2026-10-06 05:00:22.335,2028
3829,event-ingest,webhook,success,2026-10-06 05:00:21.240,2026-10-06 05:00:23.270,2030
3830,event-ingest,webhook,success,2026-10-06 05:00:22.168,2026-10-06 05:00:24.202,2034
3831,event-ingest,webhook,success,2026-10-06 05:00:22.802,2026-10-06 05:00:24.831,2029
3832,event-ingest,webhook,success,2026-10-06 05:00:23.736,2026-10-06 05:00:25.779,2043
3833,event-ingest,webhook,success,2026-10-06 05:00:24.366,2026-10-06 05:00:26.400,2034
3834,event-ingest,webhook,success,2026-10-06 05:00:24.389,2026-10-06 05:00:26.443,2054
3835,event-ingest,webhook,success,2026-10-06 05:00:25.324,2026-10-06 05:00:27.353,2029
3836,event-ingest,webhook,success,2026-10-06 05:00:25.353,2026-10-06 05:00:27.413,2060
3837,event-ingest,webhook,success,2026-10-06 05:00:25.374,2026-10-06 05:00:27.397,2023
3838,event-ingest,webhook,success,2026-10-06 05:00:25.399,2026-10-06 05:00:27.458,2059
3839,event-ingest,webhook,success,2026-10-06 05:00:27.525,2026-10-06 05:00:29.549,2024
3840,event-ingest,webhook,success,2026-10-06 05:00:27.548,2026-10-06 05:00:29.609,2061
3841,event-ingest,webhook,success,2026-10-06 05:00:27.569,2026-10-06 05:00:29.595,2026
3842,event-ingest,webhook,success,2026-10-06 05:00:27.595,2026-10-06 05:00:29.650,2055
3843,event-ingest,webhook,success,2026-10-06 05:00:29.424,2026-10-06 05:00:31.453,2029
3844,event-ingest,webhook,success,2026-10-06 05:00:29.449,2026-10-06 05:00:31.513,2064
3845,event-ingest,webhook,success,2026-10-06 05:00:29.474,2026-10-06 05:00:31.499,2025
3846,event-ingest,webhook,success,2026-10-06 05:00:29.498,2026-10-06 05:00:31.563,2065
3847,event-ingest,webhook,success,2026-10-06 05:00:31.627,2026-10-06 05:00:33.677,2050
3848,event-ingest,webhook,success,2026-10-06 05:00:31.669,2026-10-06 05:00:33.752,2083
3849,event-ingest,webhook,success,2026-10-06 05:00:31.702,2026-10-06 05:00:33.741,2039
3850,event-ingest,webhook,success,2026-10-06 05:00:31.738,2026-10-06 05:00:33.817,2079
3851,event-ingest,webhook,success,2026-10-06 05:00:31.774,2026-10-06 05:00:33.804,2030
3852,event-ingest,webhook,success,2026-10-06 05:00:31.806,2026-10-06 05:00:33.926,2120
3853,event-ingest,webhook,success,2026-10-06 05:00:31.839,2026-10-06 05:00:33.884,2045
3854,event-ingest,webhook,success,2026-10-06 05:00:31.880,2026-10-06 05:00:33.992,2112
3855,event-ingest,webhook,success,2026-10-06 05:00:31.937,2026-10-06 05:00:33.971,2034
3856,event-ingest,webhook,success,2026-10-06 05:00:31.975,2026-10-06 05:00:35.690,3715
3857,event-ingest,webhook,success,2026-10-06 05:00:32.002,2026-10-06 05:00:34.026,2024
3858,health-monitor,trigger,success,2026-10-06 05:05:00.031,2026-10-06 05:05:00.160,129
3859,health-monitor,trigger,success,2026-10-06 05:10:00.029,2026-10-06 05:10:00.162,133
3860,ioc-extractor,trigger,success,2026-10-06 05:15:00.038,2026-10-06 05:15:00.340,302
3861,health-monitor,trigger,success,2026-10-06 05:15:00.045,2026-10-06 05:15:00.235,190
3862,event-ingest,webhook,success,2026-10-06 05:15:02.642,2026-10-06 05:15:03.037,395
3863,event-ingest,webhook,success,2026-10-06 05:15:02.670,2026-10-06 05:15:03.048,378
3864,event-ingest,webhook,success,2026-10-06 05:15:02.695,2026-10-06 05:15:03.038,343
3865,event-ingest,webhook,success,2026-10-06 05:15:02.721,2026-10-06 05:15:03.096,375
3866,event-ingest,webhook,success,2026-10-06 05:15:04.855,2026-10-06 05:15:05.208,353
3867,event-ingest,webhook,success,2026-10-06 05:15:04.878,2026-10-06 05:15:05.269,391
3868,event-ingest,webhook,success,2026-10-06 05:15:04.902,2026-10-06 05:15:05.268,366
3869,event-ingest,webhook,success,2026-10-06 05:15:04.930,2026-10-06 05:15:05.289,359
3870,event-ingest,webhook,success,2026-10-06 05:15:06.762,2026-10-06 05:15:07.104,342
3871,event-ingest,webhook,success,2026-10-06 05:15:06.786,2026-10-06 05:15:07.206,420
3872,event-ingest,webhook,success,2026-10-06 05:15:06.807,2026-10-06 05:15:07.153,346
3873,event-ingest,webhook,success,2026-10-06 05:15:06.834,2026-10-06 05:15:07.220,386
3874,event-ingest,webhook,success,2026-10-06 05:15:08.972,2026-10-06 05:15:09.325,353
3875,event-ingest,webhook,success,2026-10-06 05:15:08.998,2026-10-06 05:15:09.360,362
3876,event-ingest,webhook,success,2026-10-06 05:15:09.021,2026-10-06 05:15:09.346,325
3877,event-ingest,webhook,success,2026-10-06 05:15:09.047,2026-10-06 05:15:09.422,375
3878,event-ingest,webhook,success,2026-10-06 05:15:10.880,2026-10-06 05:15:11.223,343
3879,event-ingest,webhook,success,2026-10-06 05:15:10.907,2026-10-06 05:15:11.272,365
3880,event-ingest,webhook,success,2026-10-06 05:15:10.934,2026-10-06 05:15:11.270,336
3881,event-ingest,webhook,success,2026-10-06 05:15:10.962,2026-10-06 05:15:11.344,382
3882,event-ingest,webhook,success,2026-10-06 05:15:10.993,2026-10-06 05:15:11.326,333
3883,event-ingest,webhook,success,2026-10-06 05:15:11.022,2026-10-06 05:15:11.380,358
3884,event-ingest,webhook,success,2026-10-06 05:15:12.258,2026-10-06 05:15:12.597,339
3885,event-ingest,webhook,success,2026-10-06 05:15:12.898,2026-10-06 05:15:13.234,336
3886,event-ingest,webhook,success,2026-10-06 05:15:13.821,2026-10-06 05:15:14.155,334
3887,event-ingest,webhook,success,2026-10-06 05:15:14.453,2026-10-06 05:15:14.788,335
3888,event-ingest,webhook,success,2026-10-06 05:15:14.478,2026-10-06 05:15:14.846,368
3889,event-ingest,webhook,success,2026-10-06 05:15:15.405,2026-10-06 05:15:15.740,335
3890,event-ingest,webhook,success,2026-10-06 05:15:15.429,2026-10-06 05:15:15.796,367
3891,event-ingest,webhook,success,2026-10-06 05:15:15.453,2026-10-06 05:15:15.799,346
3892,event-ingest,webhook,success,2026-10-06 05:15:15.481,2026-10-06 05:15:15.839,358
3893,event-ingest,webhook,success,2026-10-06 05:15:17.615,2026-10-06 05:15:17.974,359
3894,event-ingest,webhook,success,2026-10-06 05:15:17.645,2026-10-06 05:15:19.713,2068
3895,event-ingest,webhook,success,2026-10-06 05:15:17.669,2026-10-06 05:15:18.012,343
3896,event-ingest,webhook,success,2026-10-06 05:15:17.694,2026-10-06 05:15:19.752,2058
3897,event-ingest,webhook,success,2026-10-06 05:15:19.525,2026-10-06 05:15:21.558,2033
3898,event-ingest,webhook,success,2026-10-06 05:15:19.549,2026-10-06 05:15:21.615,2066
3899,event-ingest,webhook,success,2026-10-06 05:15:19.572,2026-10-06 05:15:21.598,2026
3900,event-ingest,webhook,success,2026-10-06 05:15:19.600,2026-10-06 05:15:21.659,2059
3901,event-ingest,webhook,success,2026-10-06 05:15:21.731,2026-10-06 05:15:23.765,2034
3902,event-ingest,webhook,success,2026-10-06 05:15:21.756,2026-10-06 05:15:23.819,2063
3903,event-ingest,webhook,success,2026-10-06 05:15:21.779,2026-10-06 05:15:23.808,2029
3904,event-ingest,webhook,success,2026-10-06 05:15:21.813,2026-10-06 05:15:23.868,2055
3905,event-ingest,webhook,success,2026-10-06 05:15:23.645,2026-10-06 05:15:25.674,2029
3906,event-ingest,webhook,success,2026-10-06 05:15:23.671,2026-10-06 05:15:25.747,2076
3907,event-ingest,webhook,success,2026-10-06 05:15:23.706,2026-10-06 05:15:25.735,2029
3908,event-ingest,webhook,success,2026-10-06 05:15:23.738,2026-10-06 05:15:25.830,2092
3909,event-ingest,webhook,success,2026-10-06 05:15:24.087,2026-10-06 05:15:26.121,2034
3910,event-ingest,webhook,success,2026-10-06 05:15:24.113,2026-10-06 05:15:26.196,2083
3911,event-ingest,webhook,success,2026-10-06 05:15:25.047,2026-10-06 05:15:27.079,2032
3912,event-ingest,webhook,success,2026-10-06 05:15:25.677,2026-10-06 05:15:27.716,2039
3913,event-ingest,webhook,success,2026-10-06 05:15:26.624,2026-10-06 05:15:28.657,2033
3914,event-ingest,webhook,success,2026-10-06 05:15:27.555,2026-10-06 05:15:29.584,2029
3915,event-ingest,webhook,success,2026-10-06 05:15:28.182,2026-10-06 05:15:30.214,2032
3916,event-ingest,webhook,success,2026-10-06 05:15:28.207,2026-10-06 05:15:30.267,2060
3917,event-ingest,webhook,success,2026-10-06 05:15:29.127,2026-10-06 05:15:31.157,2030
3918,event-ingest,webhook,success,2026-10-06 05:15:29.150,2026-10-06 05:15:31.218,2068
3919,event-ingest,webhook,success,2026-10-06 05:15:29.172,2026-10-06 05:15:31.202,2030
3920,event-ingest,webhook,success,2026-10-06 05:15:29.205,2026-10-06 05:15:31.283,2078
3921,event-ingest,webhook,success,2026-10-06 05:15:29.229,2026-10-06 05:15:31.252,2023
3922,event-ingest,webhook,success,2026-10-06 05:15:29.262,2026-10-06 05:15:31.393,2131
3923,event-ingest,webhook,success,2026-10-06 05:15:29.309,2026-10-06 05:15:31.384,2075
3924,event-ingest,webhook,success,2026-10-06 05:15:29.381,2026-10-06 05:15:31.599,2218
3925,health-monitor,trigger,success,2026-10-06 05:20:00.026,2026-10-06 05:20:00.153,127
3926,health-monitor,trigger,success,2026-10-06 05:25:00.027,2026-10-06 05:25:00.171,144
3927,ioc-extractor,trigger,success,2026-10-06 05:30:00.034,2026-10-06 05:30:00.367,333
3928,health-monitor,trigger,success,2026-10-06 05:30:00.041,2026-10-06 05:30:00.220,179
3929,event-ingest,webhook,success,2026-10-06 05:30:02.741,2026-10-06 05:30:03.178,437
3930,event-ingest,webhook,success,2026-10-06 05:30:02.770,2026-10-06 05:30:03.204,434
3931,event-ingest,webhook,success,2026-10-06 05:30:02.797,2026-10-06 05:30:03.180,383
3932,event-ingest,webhook,success,2026-10-06 05:30:02.836,2026-10-06 05:30:03.201,365
3933,event-ingest,webhook,success,2026-10-06 05:30:04.973,2026-10-06 05:30:05.314,341
3934,event-ingest,webhook,success,2026-10-06 05:30:04.998,2026-10-06 05:30:05.372,374
3935,event-ingest,webhook,success,2026-10-06 05:30:05.021,2026-10-06 05:30:05.362,341
3936,event-ingest,webhook,success,2026-10-06 05:30:05.046,2026-10-06 05:30:05.407,361
3937,event-ingest,webhook,success,2026-10-06 05:30:06.877,2026-10-06 05:30:07.217,340
3938,event-ingest,webhook,success,2026-10-06 05:30:06.908,2026-10-06 05:30:07.271,363
3939,event-ingest,webhook,success,2026-10-06 05:30:06.934,2026-10-06 05:30:07.269,335
3940,event-ingest,webhook,success,2026-10-06 05:30:06.961,2026-10-06 05:30:07.324,363
3941,event-ingest,webhook,success,2026-10-06 05:30:09.098,2026-10-06 05:30:09.435,337
3942,event-ingest,webhook,success,2026-10-06 05:30:09.122,2026-10-06 05:30:09.500,378
3943,event-ingest,webhook,success,2026-10-06 05:30:09.147,2026-10-06 05:30:09.480,333
3944,event-ingest,webhook,success,2026-10-06 05:30:09.173,2026-10-06 05:30:09.533,360
3945,event-ingest,webhook,success,2026-10-06 05:30:11.008,2026-10-06 05:30:11.351,343
3946,event-ingest,webhook,success,2026-10-06 05:30:11.034,2026-10-06 05:30:11.401,367
3947,event-ingest,webhook,success,2026-10-06 05:30:11.064,2026-10-06 05:30:11.392,328
3948,event-ingest,webhook,success,2026-10-06 05:30:11.092,2026-10-06 05:30:11.451,359
3949,event-ingest,webhook,success,2026-10-06 05:30:13.231,2026-10-06 05:30:13.592,361
3950,event-ingest,webhook,success,2026-10-06 05:30:13.260,2026-10-06 05:30:13.625,365
3951,event-ingest,webhook,success,2026-10-06 05:30:13.284,2026-10-06 05:30:13.611,327
3952,event-ingest,webhook,success,2026-10-06 05:30:13.312,2026-10-06 05:30:13.676,364
3953,event-ingest,webhook,success,2026-10-06 05:30:15.141,2026-10-06 05:30:15.490,349
3954,event-ingest,webhook,success,2026-10-06 05:30:15.167,2026-10-06 05:30:15.542,375
3955,event-ingest,webhook,success,2026-10-06 05:30:15.192,2026-10-06 05:30:15.520,328
3956,event-ingest,webhook,success,2026-10-06 05:30:15.219,2026-10-06 05:30:15.593,374
3957,event-ingest,webhook,success,2026-10-06 05:30:15.244,2026-10-06 05:30:15.591,347
3958,event-ingest,webhook,success,2026-10-06 05:30:15.272,2026-10-06 05:30:15.638,366
3959,event-ingest,webhook,success,2026-10-06 05:30:16.207,2026-10-06 05:30:16.540,333
3960,event-ingest,webhook,success,2026-10-06 05:30:17.138,2026-10-06 05:30:19.174,2036
3961,event-ingest,webhook,success,2026-10-06 05:30:17.769,2026-10-06 05:30:19.797,2028
3962,event-ingest,webhook,success,2026-10-06 05:30:18.703,2026-10-06 05:30:20.731,2028
3963,event-ingest,webhook,success,2026-10-06 05:30:19.328,2026-10-06 05:30:21.356,2028
3964,event-ingest,webhook,success,2026-10-06 05:30:20.260,2026-10-06 05:30:22.296,2036
3965,event-ingest,webhook,success,2026-10-06 05:30:21.190,2026-10-06 05:30:23.229,2039
3966,event-ingest,webhook,success,2026-10-06 05:30:21.827,2026-10-06 05:30:23.859,2032
3967,event-ingest,webhook,success,2026-10-06 05:30:21.855,2026-10-06 05:30:23.910,2055
3968,event-ingest,webhook,success,2026-10-06 05:30:22.790,2026-10-06 05:30:24.824,2034
3969,event-ingest,webhook,success,2026-10-06 05:30:22.817,2026-10-06 05:30:24.885,2068
3970,event-ingest,webhook,success,2026-10-06 05:30:22.841,2026-10-06 05:30:24.869,2028
3971,event-ingest,webhook,success,2026-10-06 05:30:22.870,2026-10-06 05:30:24.930,2060
3972,event-ingest,webhook,success,2026-10-06 05:30:24.999,2026-10-06 05:30:27.023,2024
3973,event-ingest,webhook,success,2026-10-06 05:30:25.021,2026-10-06 05:30:27.132,2111
3974,event-ingest,webhook,success,2026-10-06 05:30:25.045,2026-10-06 05:30:27.111,2066
3975,event-ingest,webhook,success,2026-10-06 05:30:25.078,2026-10-06 05:30:27.166,2088
3976,event-ingest,webhook,success,2026-10-06 05:30:26.901,2026-10-06 05:30:28.936,2035
3977,event-ingest,webhook,success,2026-10-06 05:30:26.925,2026-10-06 05:30:28.985,2060
3978,event-ingest,webhook,success,2026-10-06 05:30:26.946,2026-10-06 05:30:28.973,2027
3979,event-ingest,webhook,success,2026-10-06 05:30:26.970,2026-10-06 05:30:29.043,2073
3980,event-ingest,webhook,success,2026-10-06 05:30:26.996,2026-10-06 05:30:29.020,2024
3981,event-ingest,webhook,success,2026-10-06 05:30:27.035,2026-10-06 05:30:29.215,2180
3982,event-ingest,webhook,success,2026-10-06 05:30:27.184,2026-10-06 05:30:29.235,2051
3983,event-ingest,webhook,success,2026-10-06 05:30:27.236,2026-10-06 05:30:29.307,2071
3984,health-monitor,trigger,success,2026-10-06 05:35:00.024,2026-10-06 05:35:00.154,130
3985,health-monitor,trigger,success,2026-10-06 05:40:00.023,2026-10-06 05:40:00.158,135
3986,ioc-extractor,trigger,success,2026-10-06 05:45:00.037,2026-10-06 05:45:00.304,267
3987,health-monitor,trigger,success,2026-10-06 05:45:00.045,2026-10-06 05:45:00.228,183
3988,event-ingest,webhook,success,2026-10-06 05:45:02.706,2026-10-06 05:45:03.068,362
3989,event-ingest,webhook,success,2026-10-06 05:45:02.733,2026-10-06 05:45:03.139,406
3990,event-ingest,webhook,success,2026-10-06 05:45:02.763,2026-10-06 05:45:03.096,333
3991,event-ingest,webhook,success,2026-10-06 05:45:02.792,2026-10-06 05:45:03.156,364
3992,event-ingest,webhook,success,2026-10-06 05:45:04.930,2026-10-06 05:45:05.262,332
3993,event-ingest,webhook,success,2026-10-06 05:45:04.955,2026-10-06 05:45:05.323,368
3994,event-ingest,webhook,success,2026-10-06 05:45:04.981,2026-10-06 05:45:05.321,340
3995,event-ingest,webhook,success,2026-10-06 05:45:05.009,2026-10-06 05:45:05.368,359
3996,event-ingest,webhook,success,2026-10-06 05:45:06.840,2026-10-06 05:45:07.171,331
3997,event-ingest,webhook,success,2026-10-06 05:45:06.864,2026-10-06 05:45:07.251,387
3998,event-ingest,webhook,success,2026-10-06 05:45:06.888,2026-10-06 05:45:07.237,349
3999,event-ingest,webhook,success,2026-10-06 05:45:06.916,2026-10-06 05:45:07.278,362
4000,event-ingest,webhook,success,2026-10-06 05:45:09.057,2026-10-06 05:45:09.400,343
4001,event-ingest,webhook,success,2026-10-06 05:45:09.084,2026-10-06 05:45:09.455,371
4002,event-ingest,webhook,success,2026-10-06 05:45:09.107,2026-10-06 05:45:09.458,351
4003,event-ingest,webhook,success,2026-10-06 05:45:09.133,2026-10-06 05:45:09.490,357
4004,event-ingest,webhook,success,2026-10-06 05:45:10.970,2026-10-06 05:45:11.308,338
4005,event-ingest,webhook,success,2026-10-06 05:45:10.998,2026-10-06 05:45:11.363,365
4006,event-ingest,webhook,success,2026-10-06 05:45:11.023,2026-10-06 05:45:11.357,334
4007,event-ingest,webhook,success,2026-10-06 05:45:11.050,2026-10-06 05:45:11.408,358
4008,event-ingest,webhook,success,2026-10-06 05:45:13.188,2026-10-06 05:45:13.532,344
4009,event-ingest,webhook,success,2026-10-06 05:45:13.225,2026-10-06 05:45:13.605,380
4010,event-ingest,webhook,success,2026-10-06 05:45:13.250,2026-10-06 05:45:13.602,352
4011,event-ingest,webhook,success,2026-10-06 05:45:13.278,2026-10-06 05:45:13.636,358
4012,event-ingest,webhook,success,2026-10-06 05:45:15.104,2026-10-06 05:45:15.442,338
4013,event-ingest,webhook,success,2026-10-06 05:45:15.132,2026-10-06 05:45:15.499,367
4014,event-ingest,webhook,success,2026-10-06 05:45:15.158,2026-10-06 05:45:15.496,338
4015,event-ingest,webhook,success,2026-10-06 05:45:15.187,2026-10-06 05:45:15.548,361
4016,event-ingest,webhook,success,2026-10-06 05:45:15.213,2026-10-06 05:45:15.541,328
4017,event-ingest,webhook,success,2026-10-06 05:45:15.241,2026-10-06 05:45:15.608,367
4018,event-ingest,webhook,success,2026-10-06 05:45:16.177,2026-10-06 05:45:18.215,2038
4019,event-ingest,webhook,success,2026-10-06 05:45:17.110,2026-10-06 05:45:19.139,2029
4020,event-ingest,webhook,success,2026-10-06 05:45:17.740,2026-10-06 05:45:19.774,2034
4021,event-ingest,webhook,success,2026-10-06 05:45:18.680,2026-10-06 05:45:20.709,2029
4022,event-ingest,webhook,success,2026-10-06 05:45:19.610,2026-10-06 05:45:21.639,2029
4023,event-ingest,webhook,success,2026-10-06 05:45:20.245,2026-10-06 05:45:22.269,2024
4024,event-ingest,webhook,success,2026-10-06 05:45:21.182,2026-10-06 05:45:23.219,2037
4025,event-ingest,webhook,success,2026-10-06 05:45:21.209,2026-10-06 05:45:23.273,2064
4026,event-ingest,webhook,success,2026-10-06 05:45:22.139,2026-10-06 05:45:24.169,2030
4027,event-ingest,webhook,success,2026-10-06 05:45:22.166,2026-10-06 05:45:24.239,2073
4028,event-ingest,webhook,success,2026-10-06 05:45:22.196,2026-10-06 05:45:24.225,2029
4029,event-ingest,webhook,success,2026-10-06 05:45:22.231,2026-10-06 05:45:24.293,2062
4030,event-ingest,webhook,success,2026-10-06 05:45:24.072,2026-10-06 05:45:26.108,2036
4031,event-ingest,webhook,success,2026-10-06 05:45:24.100,2026-10-06 05:45:26.162,2062
4032,event-ingest,webhook,success,2026-10-06 05:45:24.123,2026-10-06 05:45:26.150,2027
4033,event-ingest,webhook,success,2026-10-06 05:45:24.150,2026-10-06 05:45:26.219,2069
4034,event-ingest,webhook,success,2026-10-06 05:45:26.285,2026-10-06 05:45:28.321,2036
4035,event-ingest,webhook,success,2026-10-06 05:45:26.312,2026-10-06 05:45:28.375,2063
4036,event-ingest,webhook,success,2026-10-06 05:45:26.336,2026-10-06 05:45:28.365,2029
4037,event-ingest,webhook,success,2026-10-06 05:45:26.362,2026-10-06 05:45:28.421,2059
4038,event-ingest,webhook,success,2026-10-06 05:45:28.192,2026-10-06 05:45:30.225,2033
4039,event-ingest,webhook,success,2026-10-06 05:45:28.219,2026-10-06 05:45:30.299,2080
4040,event-ingest,webhook,success,2026-10-06 05:45:28.242,2026-10-06 05:45:30.285,2043
4041,event-ingest,webhook,success,2026-10-06 05:45:28.289,2026-10-06 05:45:30.406,2117
4042,event-ingest,webhook,success,2026-10-06 05:45:28.346,2026-10-06 05:45:30.397,2051
4043,event-ingest,webhook,success,2026-10-06 05:45:28.409,2026-10-06 05:45:30.449,2040
4044,event-ingest,webhook,success,2026-10-06 05:45:29.358,2026-10-06 05:45:31.392,2034
4045,event-ingest,webhook,success,2026-10-06 05:45:30.291,2026-10-06 05:45:32.339,2048
4046,event-ingest,webhook,success,2026-10-06 05:45:30.945,2026-10-06 05:45:32.976,2031
4047,event-ingest,webhook,success,2026-10-06 05:45:31.877,2026-10-06 05:45:33.914,2037
4048,event-ingest,webhook,success,2026-10-06 05:45:32.506,2026-10-06 05:45:34.529,2023
4049,event-ingest,webhook,success,2026-10-06 05:45:33.446,2026-10-06 05:45:35.479,2033
4050,event-ingest,webhook,success,2026-10-06 05:45:33.470,2026-10-06 05:45:35.529,2059
4051,event-ingest,webhook,success,2026-10-06 05:45:34.395,2026-10-06 05:45:36.424,2029
4052,event-ingest,webhook,success,2026-10-06 05:45:34.420,2026-10-06 05:45:36.487,2067
4053,event-ingest,webhook,success,2026-10-06 05:45:34.443,2026-10-06 05:45:36.470,2027
4054,event-ingest,webhook,success,2026-10-06 05:45:34.469,2026-10-06 05:45:36.532,2063
4055,event-ingest,webhook,success,2026-10-06 05:45:36.608,2026-10-06 05:45:38.650,2042
4056,event-ingest,webhook,success,2026-10-06 05:45:36.642,2026-10-06 05:45:38.721,2079
4057,event-ingest,webhook,success,2026-10-06 05:45:36.673,2026-10-06 05:45:38.702,2029
4058,event-ingest,webhook,success,2026-10-06 05:45:36.701,2026-10-06 05:45:38.775,2074
4059,event-ingest,webhook,success,2026-10-06 05:45:36.733,2026-10-06 05:45:38.765,2032
4060,event-ingest,webhook,success,2026-10-06 05:45:36.762,2026-10-06 05:45:38.848,2086
4061,event-ingest,webhook,success,2026-10-06 05:45:36.808,2026-10-06 05:45:38.846,2038
4062,event-ingest,webhook,success,2026-10-06 05:45:36.839,2026-10-06 05:45:38.902,2063
4063,event-ingest,webhook,success,2026-10-06 05:45:36.864,2026-10-06 05:45:38.891,2027
4064,event-ingest,webhook,success,2026-10-06 05:45:36.894,2026-10-06 05:45:38.955,2061
4065,health-monitor,trigger,success,2026-10-06 05:50:00.026,2026-10-06 05:50:00.159,133
4066,health-monitor,trigger,success,2026-10-06 05:55:00.030,2026-10-06 05:55:00.182,152
4067,ioc-extractor,trigger,success,2026-10-06 06:00:00.030,2026-10-06 06:00:00.367,337
4068,health-monitor,trigger,success,2026-10-06 06:00:00.038,2026-10-06 06:00:00.260,222
4069,event-ingest,webhook,success,2026-10-06 06:00:02.734,2026-10-06 06:00:03.130,396
4070,event-ingest,webhook,success,2026-10-06 06:00:02.762,2026-10-06 06:00:03.148,386
4071,event-ingest,webhook,success,2026-10-06 06:00:02.790,2026-10-06 06:00:03.132,342
4072,event-ingest,webhook,success,2026-10-06 06:00:02.821,2026-10-06 06:00:03.182,361
4073,event-ingest,webhook,success,2026-10-06 06:00:04.964,2026-10-06 06:00:05.299,335
4074,event-ingest,webhook,success,2026-10-06 06:00:04.990,2026-10-06 06:00:05.364,374
4075,event-ingest,webhook,success,2026-10-06 06:00:05.015,2026-10-06 06:00:05.351,336
4076,event-ingest,webhook,success,2026-10-06 06:00:05.042,2026-10-06 06:00:05.401,359
4077,event-ingest,webhook,success,2026-10-06 06:00:06.876,2026-10-06 06:00:07.216,340
4078,event-ingest,webhook,success,2026-10-06 06:00:06.902,2026-10-06 06:00:07.270,368
4079,event-ingest,webhook,success,2026-10-06 06:00:06.925,2026-10-06 06:00:07.260,335
4080,event-ingest,webhook,success,2026-10-06 06:00:06.957,2026-10-06 06:00:07.316,359
4081,event-ingest,webhook,success,2026-10-06 06:00:09.096,2026-10-06 06:00:09.441,345
4082,event-ingest,webhook,success,2026-10-06 06:00:09.123,2026-10-06 06:00:09.488,365
4083,event-ingest,webhook,success,2026-10-06 06:00:09.147,2026-10-06 06:00:09.481,334
4084,event-ingest,webhook,success,2026-10-06 06:00:09.174,2026-10-06 06:00:09.534,360
4085,event-ingest,webhook,success,2026-10-06 06:00:11.009,2026-10-06 06:00:11.353,344
4086,event-ingest,webhook,success,2026-10-06 06:00:11.034,2026-10-06 06:00:11.398,364
4087,event-ingest,webhook,success,2026-10-06 06:00:11.060,2026-10-06 06:00:11.395,335
4088,event-ingest,webhook,success,2026-10-06 06:00:11.088,2026-10-06 06:00:11.462,374
4089,event-ingest,webhook,success,2026-10-06 06:00:13.224,2026-10-06 06:00:13.566,342
4090,event-ingest,webhook,success,2026-10-06 06:00:13.251,2026-10-06 06:00:13.616,365
4091,event-ingest,webhook,success,2026-10-06 06:00:13.276,2026-10-06 06:00:13.606,330
4092,event-ingest,webhook,success,2026-10-06 06:00:13.304,2026-10-06 06:00:13.680,376
4093,event-ingest,webhook,success,2026-10-06 06:00:15.144,2026-10-06 06:00:15.502,358
4094,event-ingest,webhook,success,2026-10-06 06:00:15.172,2026-10-06 06:00:15.538,366
4095,event-ingest,webhook,success,2026-10-06 06:00:15.196,2026-10-06 06:00:15.524,328
4096,event-ingest,webhook,success,2026-10-06 06:00:15.223,2026-10-06 06:00:15.582,359
4097,event-ingest,webhook,success,2026-10-06 06:00:17.362,2026-10-06 06:00:17.715,353
4098,event-ingest,webhook,success,2026-10-06 06:00:17.389,2026-10-06 06:00:17.753,364
4099,event-ingest,webhook,success,2026-10-06 06:00:17.416,2026-10-06 06:00:17.760,344
4100,event-ingest,webhook,success,2026-10-06 06:00:17.443,2026-10-06 06:00:17.802,359
4101,event-ingest,webhook,success,2026-10-06 06:00:19.282,2026-10-06 06:00:19.618,336
4102,event-ingest,webhook,success,2026-10-06 06:00:19.309,2026-10-06 06:00:19.684,375
4103,event-ingest,webhook,success,2026-10-06 06:00:19.335,2026-10-06 06:00:19.671,336
4104,event-ingest,webhook,success,2026-10-06 06:00:19.368,2026-10-06 06:00:19.728,360
4105,event-ingest,webhook,success,2026-10-06 06:00:21.206,2026-10-06 06:00:21.538,332
4106,event-ingest,webhook,success,2026-10-06 06:00:21.232,2026-10-06 06:00:23.307,2075
4107,event-ingest,webhook,success,2026-10-06 06:00:21.259,2026-10-06 06:00:23.298,2039
4108,event-ingest,webhook,success,2026-10-06 06:00:21.288,2026-10-06 06:00:23.365,2077
4109,event-ingest,webhook,success,2026-10-06 06:00:21.625,2026-10-06 06:00:23.660,2035
4110,event-ingest,webhook,success,2026-10-06 06:00:21.651,2026-10-06 06:00:23.711,2060
4111,event-ingest,webhook,success,2026-10-06 06:00:22.575,2026-10-06 06:00:24.609,2034
4112,event-ingest,webhook,success,2026-10-06 06:00:23.503,2026-10-06 06:00:25.539,2036
4113,event-ingest,webhook,success,2026-10-06 06:00:24.134,2026-10-06 06:00:26.161,2027
4114,event-ingest,webhook,success,2026-10-06 06:00:25.068,2026-10-06 06:00:27.105,2037
4115,event-ingest,webhook,success,2026-10-06 06:00:25.092,2026-10-06 06:00:27.149,2057
4116,event-ingest,webhook,success,2026-10-06 06:00:26.028,2026-10-06 06:00:28.051,2023
4117,event-ingest,webhook,success,2026-10-06 06:00:26.051,2026-10-06 06:00:28.119,2068
4118,event-ingest,webhook,success,2026-10-06 06:00:26.074,2026-10-06 06:00:28.097,2023
4119,event-ingest,webhook,success,2026-10-06 06:00:26.103,2026-10-06 06:00:28.174,2071
4120,event-ingest,webhook,success,2026-10-06 06:00:27.938,2026-10-06 06:00:29.968,2030
4121,event-ingest,webhook,success,2026-10-06 06:00:27.962,2026-10-06 06:00:30.026,2064
4122,event-ingest,webhook,success,2026-10-06 06:00:27.986,2026-10-06 06:00:30.013,2027
4123,event-ingest,webhook,success,2026-10-06 06:00:28.010,2026-10-06 06:00:30.074,2064
4124,event-ingest,webhook,success,2026-10-06 06:00:30.140,2026-10-06 06:00:32.171,2031
4125,event-ingest,webhook,success,2026-10-06 06:00:30.168,2026-10-06 06:00:32.249,2081
4126,event-ingest,webhook,success,2026-10-06 06:00:30.191,2026-10-06 06:00:32.246,2055
4127,event-ingest,webhook,success,2026-10-06 06:00:30.223,2026-10-06 06:00:32.287,2064
4128,event-ingest,webhook,success,2026-10-06 06:00:32.048,2026-10-06 06:00:34.084,2036
4129,event-ingest,webhook,success,2026-10-06 06:00:32.072,2026-10-06 06:00:34.137,2065
4130,event-ingest,webhook,success,2026-10-06 06:00:32.094,2026-10-06 06:00:34.123,2029
4131,event-ingest,webhook,success,2026-10-06 06:00:32.122,2026-10-06 06:00:34.242,2120
4132,event-ingest,webhook,success,2026-10-06 06:00:32.152,2026-10-06 06:00:34.200,2048
4133,event-ingest,webhook,success,2026-10-06 06:00:32.254,2026-10-06 06:00:34.343,2089
4134,event-ingest,webhook,success,2026-10-06 06:00:32.337,2026-10-06 06:00:34.418,2081
4135,event-ingest,webhook,success,2026-10-06 06:00:32.366,2026-10-06 06:00:34.405,2039
4136,event-ingest,webhook,success,2026-10-06 06:00:32.404,2026-10-06 06:00:34.472,2068
4137,event-ingest,webhook,success,2026-10-06 06:00:32.435,2026-10-06 06:00:34.465,2030
4138,event-ingest,webhook,success,2026-10-06 06:00:32.463,2026-10-06 06:00:36.132,3669
4139,event-ingest,webhook,success,2026-10-06 06:00:32.491,2026-10-06 06:00:36.103,3612
4140,health-monitor,trigger,success,2026-10-06 06:05:00.025,2026-10-06 06:05:00.166,141
4141,health-monitor,trigger,success,2026-10-06 06:10:00.024,2026-10-06 06:10:00.159,135
4142,ioc-extractor,trigger,success,2026-10-06 06:15:00.033,2026-10-06 06:15:00.320,287
4143,health-monitor,trigger,success,2026-10-06 06:15:00.042,2026-10-06 06:15:00.234,192
4144,event-ingest,webhook,success,2026-10-06 06:15:02.837,2026-10-06 06:15:03.252,415
4145,event-ingest,webhook,success,2026-10-06 06:15:02.878,2026-10-06 06:15:03.261,383
4146,event-ingest,webhook,success,2026-10-06 06:15:02.922,2026-10-06 06:15:03.255,333
4147,event-ingest,webhook,success,2026-10-06 06:15:02.953,2026-10-06 06:15:03.310,357
4148,event-ingest,webhook,success,2026-10-06 06:15:04.787,2026-10-06 06:15:05.135,348
4149,event-ingest,webhook,success,2026-10-06 06:15:04.814,2026-10-06 06:15:05.192,378
4150,event-ingest,webhook,success,2026-10-06 06:15:04.840,2026-10-06 06:15:05.172,332
4151,event-ingest,webhook,success,2026-10-06 06:15:04.873,2026-10-06 06:15:05.234,361
4152,event-ingest,webhook,success,2026-10-06 06:15:07.007,2026-10-06 06:15:07.359,352
4153,event-ingest,webhook,success,2026-10-06 06:15:07.052,2026-10-06 06:15:07.397,345
4154,event-ingest,webhook,success,2026-10-06 06:15:07.082,2026-10-06 06:15:07.474,392
4155,event-ingest,webhook,success,2026-10-06 06:15:07.107,2026-10-06 06:15:07.439,332
4156,event-ingest,webhook,success,2026-10-06 06:15:08.949,2026-10-06 06:15:09.289,340
4157,event-ingest,webhook,success,2026-10-06 06:15:08.977,2026-10-06 06:15:09.359,382
4158,event-ingest,webhook,success,2026-10-06 06:15:09.001,2026-10-06 06:15:09.335,334
4159,event-ingest,webhook,success,2026-10-06 06:15:09.028,2026-10-06 06:15:09.386,358
4160,event-ingest,webhook,success,2026-10-06 06:15:10.862,2026-10-06 06:15:11.196,334
4161,event-ingest,webhook,success,2026-10-06 06:15:10.887,2026-10-06 06:15:11.256,369
4162,event-ingest,webhook,success,2026-10-06 06:15:10.920,2026-10-06 06:15:11.254,334
4163,event-ingest,webhook,success,2026-10-06 06:15:10.948,2026-10-06 06:15:11.313,365
4164,event-ingest,webhook,success,2026-10-06 06:15:13.083,2026-10-06 06:15:13.435,352
4165,event-ingest,webhook,success,2026-10-06 06:15:13.109,2026-10-06 06:15:13.475,366
4166,event-ingest,webhook,success,2026-10-06 06:15:13.130,2026-10-06 06:15:13.458,328
4167,event-ingest,webhook,success,2026-10-06 06:15:13.160,2026-10-06 06:15:13.546,386
4168,event-ingest,webhook,success,2026-10-06 06:15:14.994,2026-10-06 06:15:15.345,351
4169,event-ingest,webhook,success,2026-10-06 06:15:15.019,2026-10-06 06:15:15.382,363
4170,event-ingest,webhook,success,2026-10-06 06:15:15.042,2026-10-06 06:15:15.380,338
4171,event-ingest,webhook,success,2026-10-06 06:15:15.068,2026-10-06 06:15:15.430,362
4172,event-ingest,webhook,success,2026-10-06 06:15:17.202,2026-10-06 06:15:17.542,340
4173,event-ingest,webhook,success,2026-10-06 06:15:17.241,2026-10-06 06:15:17.615,374
4174,event-ingest,webhook,success,2026-10-06 06:15:17.271,2026-10-06 06:15:17.612,341
4175,event-ingest,webhook,success,2026-10-06 06:15:17.303,2026-10-06 06:15:17.658,355
4176,event-ingest,webhook,success,2026-10-06 06:15:19.138,2026-10-06 06:15:19.472,334
4177,event-ingest,webhook,success,2026-10-06 06:15:19.163,2026-10-06 06:15:19.529,366
4178,event-ingest,webhook,success,2026-10-06 06:15:19.187,2026-10-06 06:15:19.517,330
4179,event-ingest,webhook,success,2026-10-06 06:15:19.217,2026-10-06 06:15:19.602,385
4180,event-ingest,webhook,success,2026-10-06 06:15:19.243,2026-10-06 06:15:19.604,361
4181,event-ingest,webhook,success,2026-10-06 06:15:19.286,2026-10-06 06:15:19.651,365
4182,event-ingest,webhook,success,2026-10-06 06:15:20.526,2026-10-06 06:15:20.859,333
4183,event-ingest,webhook,success,2026-10-06 06:15:21.154,2026-10-06 06:15:21.490,336
4184,event-ingest,webhook,success,2026-10-06 06:15:22.091,2026-10-06 06:15:24.124,2033
4185,event-ingest,webhook,success,2026-10-06 06:15:22.724,2026-10-06 06:15:24.760,2036
4186,event-ingest,webhook,success,2026-10-06 06:15:23.658,2026-10-06 06:15:25.683,2025
4187,event-ingest,webhook,success,2026-10-06 06:15:24.289,2026-10-06 06:15:26.314,2025
4188,event-ingest,webhook,success,2026-10-06 06:15:24.317,2026-10-06 06:15:26.383,2066
4189,event-ingest,webhook,success,2026-10-06 06:15:25.547,2026-10-06 06:15:27.571,2024
4190,event-ingest,webhook,success,2026-10-06 06:15:25.573,2026-10-06 06:15:27.632,2059
4191,event-ingest,webhook,success,2026-10-06 06:15:25.596,2026-10-06 06:15:27.618,2022
4192,event-ingest,webhook,success,2026-10-06 06:15:25.621,2026-10-06 06:15:27.684,2063
4193,event-ingest,webhook,success,2026-10-06 06:15:27.455,2026-10-06 06:15:29.486,2031
4194,event-ingest,webhook,success,2026-10-06 06:15:27.483,2026-10-06 06:15:29.545,2062
4195,event-ingest,webhook,success,2026-10-06 06:15:27.507,2026-10-06 06:15:29.543,2036
4196,event-ingest,webhook,success,2026-10-06 06:15:27.533,2026-10-06 06:15:29.594,2061
4197,event-ingest,webhook,success,2026-10-06 06:15:29.663,2026-10-06 06:15:31.702,2039
4198,event-ingest,webhook,success,2026-10-06 06:15:29.690,2026-10-06 06:15:31.753,2063
4199,event-ingest,webhook,success,2026-10-06 06:15:29.712,2026-10-06 06:15:31.739,2027
4200,event-ingest,webhook,success,2026-10-06 06:15:29.737,2026-10-06 06:15:31.794,2057
4201,event-ingest,webhook,success,2026-10-06 06:15:31.568,2026-10-06 06:15:33.596,2028
4202,event-ingest,webhook,success,2026-10-06 06:15:31.592,2026-10-06 06:15:33.667,2075
4203,event-ingest,webhook,success,2026-10-06 06:15:31.615,2026-10-06 06:15:33.641,2026
4204,event-ingest,webhook,success,2026-10-06 06:15:31.648,2026-10-06 06:15:33.751,2103
4205,event-ingest,webhook,success,2026-10-06 06:15:33.781,2026-10-06 06:15:35.824,2043
4206,event-ingest,webhook,success,2026-10-06 06:15:33.812,2026-10-06 06:15:35.891,2079
4207,event-ingest,webhook,success,2026-10-06 06:15:33.841,2026-10-06 06:15:35.875,2034
4208,event-ingest,webhook,success,2026-10-06 06:15:33.871,2026-10-06 06:15:35.954,2083
4209,event-ingest,webhook,success,2026-10-06 06:15:33.897,2026-10-06 06:15:35.926,2029
4210,event-ingest,webhook,success,2026-10-06 06:15:33.930,2026-10-06 06:15:36.004,2074
4211,event-ingest,webhook,success,2026-10-06 06:15:33.962,2026-10-06 06:15:35.993,2031
4212,event-ingest,webhook,success,2026-10-06 06:15:33.990,2026-10-06 06:15:36.054,2064
4213,event-ingest,webhook,success,2026-10-06 06:15:34.015,2026-10-06 06:15:36.052,2037
4214,event-ingest,webhook,success,2026-10-06 06:15:34.044,2026-10-06 06:15:37.838,3794
4215,event-ingest,webhook,success,2026-10-06 06:15:34.066,2026-10-06 06:15:36.093,2027
4216,event-ingest,webhook,success,2026-10-06 06:15:34.092,2026-10-06 06:15:37.893,3801
4217,health-monitor,trigger,success,2026-10-06 06:20:00.032,2026-10-06 06:20:00.169,137
4218,health-monitor,trigger,success,2026-10-06 06:25:00.029,2026-10-06 06:25:00.150,121
4219,health-monitor,trigger,success,2026-10-06 06:30:00.056,2026-10-06 06:30:00.248,192
4220,ioc-extractor,trigger,success,2026-10-06 06:30:00.065,2026-10-06 06:30:00.423,358
4221,event-ingest,webhook,success,2026-10-06 06:30:02.654,2026-10-06 06:30:03.058,404
4222,event-ingest,webhook,success,2026-10-06 06:30:02.681,2026-10-06 06:30:03.051,370
4223,event-ingest,webhook,success,2026-10-06 06:30:02.707,2026-10-06 06:30:03.048,341
4224,event-ingest,webhook,success,2026-10-06 06:30:02.738,2026-10-06 06:30:03.111,373
4225,event-ingest,webhook,success,2026-10-06 06:30:04.872,2026-10-06 06:30:05.221,349
4226,event-ingest,webhook,success,2026-10-06 06:30:04.902,2026-10-06 06:30:05.268,366
4227,event-ingest,webhook,success,2026-10-06 06:30:04.928,2026-10-06 06:30:05.259,331
4228,event-ingest,webhook,success,2026-10-06 06:30:04.955,2026-10-06 06:30:05.339,384
4229,event-ingest,webhook,success,2026-10-06 06:30:04.980,2026-10-06 06:30:05.312,332
4230,event-ingest,webhook,success,2026-10-06 06:30:05.011,2026-10-06 06:30:05.403,392
4231,event-ingest,webhook,success,2026-10-06 06:30:05.950,2026-10-06 06:30:06.304,354
4232,event-ingest,webhook,success,2026-10-06 06:30:06.885,2026-10-06 06:30:07.220,335
4233,event-ingest,webhook,success,2026-10-06 06:30:07.517,2026-10-06 06:30:07.852,335
4234,event-ingest,webhook,success,2026-10-06 06:30:08.454,2026-10-06 06:30:08.802,348
4235,event-ingest,webhook,success,2026-10-06 06:30:09.090,2026-10-06 06:30:09.426,336
4236,event-ingest,webhook,success,2026-10-06 06:30:10.025,2026-10-06 06:30:10.375,350
4237,event-ingest,webhook,success,2026-10-06 06:30:10.663,2026-10-06 06:30:11.057,394
4238,event-ingest,webhook,success,2026-10-06 06:30:11.595,2026-10-06 06:30:11.928,333
4239,event-ingest,webhook,success,2026-10-06 06:30:11.620,2026-10-06 06:30:12.011,391
4240,event-ingest,webhook,success,2026-10-06 06:30:12.546,2026-10-06 06:30:12.887,341
4241,event-ingest,webhook,success,2026-10-06 06:30:12.579,2026-10-06 06:30:13.005,426
4242,event-ingest,webhook,success,2026-10-06 06:30:12.605,2026-10-06 06:30:12.938,333
4243,event-ingest,webhook,success,2026-10-06 06:30:12.632,2026-10-06 06:30:13.040,408
4244,event-ingest,webhook,success,2026-10-06 06:30:12.658,2026-10-06 06:30:13.018,360
4245,event-ingest,webhook,success,2026-10-06 06:30:12.687,2026-10-06 06:30:13.050,363
4246,event-ingest,webhook,success,2026-10-06 06:30:13.626,2026-10-06 06:30:14.021,395
4247,event-ingest,webhook,success,2026-10-06 06:30:14.551,2026-10-06 06:30:14.886,335
4248,event-ingest,webhook,success,2026-10-06 06:30:15.176,2026-10-06 06:30:15.514,338
4249,event-ingest,webhook,success,2026-10-06 06:30:16.108,2026-10-06 06:30:16.441,333
4250,event-ingest,webhook,success,2026-10-06 06:30:17.040,2026-10-06 06:30:17.380,340
4251,event-ingest,webhook,success,2026-10-06 06:30:17.669,2026-10-06 06:30:18.056,387
4252,event-ingest,webhook,success,2026-10-06 06:30:18.602,2026-10-06 06:30:18.948,346
4253,event-ingest,webhook,success,2026-10-06 06:30:19.245,2026-10-06 06:30:19.585,340
4254,event-ingest,webhook,success,2026-10-06 06:30:19.277,2026-10-06 06:30:19.638,361
4255,event-ingest,webhook,success,2026-10-06 06:30:20.205,2026-10-06 06:30:22.240,2035
4256,event-ingest,webhook,success,2026-10-06 06:30:20.229,2026-10-06 06:30:22.293,2064
4257,event-ingest,webhook,success,2026-10-06 06:30:20.253,2026-10-06 06:30:22.280,2027
4258,event-ingest,webhook,success,2026-10-06 06:30:20.283,2026-10-06 06:30:22.353,2070
4259,event-ingest,webhook,success,2026-10-06 06:30:22.421,2026-10-06 06:30:24.448,2027
4260,event-ingest,webhook,success,2026-10-06 06:30:22.447,2026-10-06 06:30:24.509,2062
4261,event-ingest,webhook,success,2026-10-06 06:30:22.473,2026-10-06 06:30:24.501,2028
4262,event-ingest,webhook,success,2026-10-06 06:30:22.500,2026-10-06 06:30:24.563,2063
4263,event-ingest,webhook,success,2026-10-06 06:30:24.342,2026-10-06 06:30:26.383,2041
4264,event-ingest,webhook,success,2026-10-06 06:30:24.372,2026-10-06 06:30:26.441,2069
4265,event-ingest,webhook,success,2026-10-06 06:30:24.399,2026-10-06 06:30:26.430,2031
4266,event-ingest,webhook,success,2026-10-06 06:30:24.429,2026-10-06 06:30:26.499,2070
4267,event-ingest,webhook,success,2026-10-06 06:30:26.566,2026-10-06 06:30:28.605,2039
4268,event-ingest,webhook,success,2026-10-06 06:30:26.590,2026-10-06 06:30:28.651,2061
4269,event-ingest,webhook,success,2026-10-06 06:30:26.612,2026-10-06 06:30:28.640,2028
4270,event-ingest,webhook,success,2026-10-06 06:30:26.638,2026-10-06 06:30:28.693,2055
4271,event-ingest,webhook,success,2026-10-06 06:30:28.472,2026-10-06 06:30:30.505,2033
4272,event-ingest,webhook,success,2026-10-06 06:30:28.497,2026-10-06 06:30:30.573,2076
4273,event-ingest,webhook,success,2026-10-06 06:30:28.520,2026-10-06 06:30:30.557,2037
4274,event-ingest,webhook,success,2026-10-06 06:30:28.562,2026-10-06 06:30:30.652,2090
4275,event-ingest,webhook,success,2026-10-06 06:30:30.694,2026-10-06 06:30:32.723,2029
4276,event-ingest,webhook,success,2026-10-06 06:30:30.719,2026-10-06 06:30:32.795,2076
4277,event-ingest,webhook,success,2026-10-06 06:30:30.746,2026-10-06 06:30:32.781,2035
4278,event-ingest,webhook,success,2026-10-06 06:30:30.785,2026-10-06 06:30:32.844,2059
4279,event-ingest,webhook,success,2026-10-06 06:30:32.617,2026-10-06 06:30:34.656,2039
4280,event-ingest,webhook,success,2026-10-06 06:30:32.642,2026-10-06 06:30:34.710,2068
4281,event-ingest,webhook,success,2026-10-06 06:30:32.665,2026-10-06 06:30:34.694,2029
4282,event-ingest,webhook,success,2026-10-06 06:30:32.693,2026-10-06 06:30:34.754,2061
4283,event-ingest,webhook,success,2026-10-06 06:30:34.824,2026-10-06 06:30:36.850,2026
4284,event-ingest,webhook,success,2026-10-06 06:30:34.849,2026-10-06 06:30:36.911,2062
4285,event-ingest,webhook,success,2026-10-06 06:30:34.873,2026-10-06 06:30:36.901,2028
4286,event-ingest,webhook,success,2026-10-06 06:30:34.901,2026-10-06 06:30:36.958,2057
4287,event-ingest,webhook,success,2026-10-06 06:30:36.738,2026-10-06 06:30:38.775,2037
4288,event-ingest,webhook,success,2026-10-06 06:30:36.764,2026-10-06 06:30:38.826,2062
4289,event-ingest,webhook,success,2026-10-06 06:30:36.786,2026-10-06 06:30:38.815,2029
4290,event-ingest,webhook,success,2026-10-06 06:30:36.811,2026-10-06 06:30:38.877,2066
4291,event-ingest,webhook,success,2026-10-06 06:30:38.942,2026-10-06 06:30:40.971,2029
4292,event-ingest,webhook,success,2026-10-06 06:30:38.965,2026-10-06 06:30:41.037,2072
4293,event-ingest,webhook,success,2026-10-06 06:30:38.987,2026-10-06 06:30:41.026,2039
4294,event-ingest,webhook,success,2026-10-06 06:30:39.013,2026-10-06 06:30:41.075,2062
4295,event-ingest,webhook,success,2026-10-06 06:30:40.850,2026-10-06 06:30:42.897,2047
4296,event-ingest,webhook,success,2026-10-06 06:30:40.901,2026-10-06 06:30:42.969,2068
4297,event-ingest,webhook,success,2026-10-06 06:30:40.928,2026-10-06 06:30:42.960,2032
4298,event-ingest,webhook,success,2026-10-06 06:30:40.960,2026-10-06 06:30:43.060,2100
4299,event-ingest,webhook,success,2026-10-06 06:30:40.996,2026-10-06 06:30:43.052,2056
4300,event-ingest,webhook,success,2026-10-06 06:30:41.079,2026-10-06 06:30:43.133,2054
4301,event-ingest,webhook,success,2026-10-06 06:30:41.130,2026-10-06 06:30:43.206,2076
4302,event-ingest,webhook,success,2026-10-06 06:30:41.161,2026-10-06 06:30:43.198,2037
4303,event-ingest,webhook,success,2026-10-06 06:30:41.189,2026-10-06 06:30:43.265,2076
4304,event-ingest,webhook,success,2026-10-06 06:30:41.216,2026-10-06 06:30:43.248,2032
4305,event-ingest,webhook,success,2026-10-06 06:30:41.247,2026-10-06 06:30:44.914,3667
4306,health-monitor,trigger,success,2026-10-06 06:35:00.029,2026-10-06 06:35:00.170,141
4307,health-monitor,trigger,success,2026-10-06 06:40:00.023,2026-10-06 06:40:00.139,116
4308,ioc-extractor,trigger,success,2026-10-06 06:45:00.030,2026-10-06 06:45:00.384,354
4309,health-monitor,trigger,success,2026-10-06 06:45:00.039,2026-10-06 06:45:00.260,221
4310,event-ingest,webhook,success,2026-10-06 06:45:02.900,2026-10-06 06:45:03.300,400
4311,event-ingest,webhook,success,2026-10-06 06:45:02.931,2026-10-06 06:45:03.307,376
4312,event-ingest,webhook,success,2026-10-06 06:45:02.955,2026-10-06 06:45:03.305,350
4313,event-ingest,webhook,success,2026-10-06 06:45:02.984,2026-10-06 06:45:03.371,387
4314,event-ingest,webhook,success,2026-10-06 06:45:03.015,2026-10-06 06:45:03.368,353
4315,event-ingest,webhook,success,2026-10-06 06:45:03.046,2026-10-06 06:45:03.408,362
4316,event-ingest,webhook,success,2026-10-06 06:45:03.978,2026-10-06 06:45:04.319,341
4317,event-ingest,webhook,success,2026-10-06 06:45:04.621,2026-10-06 06:45:04.976,355
4318,event-ingest,webhook,success,2026-10-06 06:45:05.554,2026-10-06 06:45:05.902,348
4319,event-ingest,webhook,success,2026-10-06 06:45:06.188,2026-10-06 06:45:06.528,340
4320,event-ingest,webhook,success,2026-10-06 06:45:07.120,2026-10-06 06:45:07.453,333
4321,event-ingest,webhook,success,2026-10-06 06:45:08.056,2026-10-06 06:45:08.390,334
4322,event-ingest,webhook,success,2026-10-06 06:45:08.082,2026-10-06 06:45:08.439,357
4323,event-ingest,webhook,success,2026-10-06 06:45:09.017,2026-10-06 06:45:09.365,348
4324,event-ingest,webhook,success,2026-10-06 06:45:09.042,2026-10-06 06:45:09.403,361
4325,event-ingest,webhook,success,2026-10-06 06:45:09.066,2026-10-06 06:45:09.392,326
4326,event-ingest,webhook,success,2026-10-06 06:45:09.093,2026-10-06 06:45:09.453,360
4327,event-ingest,webhook,success,2026-10-06 06:45:10.923,2026-10-06 06:45:11.273,350
4328,event-ingest,webhook,success,2026-10-06 06:45:10.948,2026-10-06 06:45:11.314,366
4329,event-ingest,webhook,success,2026-10-06 06:45:10.970,2026-10-06 06:45:11.303,333
4330,event-ingest,webhook,success,2026-10-06 06:45:11.002,2026-10-06 06:45:11.361,359
4331,event-ingest,webhook,success,2026-10-06 06:45:13.139,2026-10-06 06:45:13.475,336
4332,event-ingest,webhook,success,2026-10-06 06:45:13.166,2026-10-06 06:45:13.539,373
4333,event-ingest,webhook,success,2026-10-06 06:45:13.189,2026-10-06 06:45:13.529,340
4334,event-ingest,webhook,success,2026-10-06 06:45:13.218,2026-10-06 06:45:13.590,372
4335,event-ingest,webhook,success,2026-10-06 06:45:13.241,2026-10-06 06:45:13.583,342
4336,event-ingest,webhook,success,2026-10-06 06:45:13.270,2026-10-06 06:45:13.632,362
4337,event-ingest,webhook,success,2026-10-06 06:45:14.208,2026-10-06 06:45:14.564,356
4338,event-ingest,webhook,success,2026-10-06 06:45:14.836,2026-10-06 06:45:15.189,353
4339,event-ingest,webhook,success,2026-10-06 06:45:15.774,2026-10-06 06:45:16.112,338
4340,event-ingest,webhook,success,2026-10-06 06:45:16.407,2026-10-06 06:45:16.742,335
4341,event-ingest,webhook,success,2026-10-06 06:45:16.436,2026-10-06 06:45:18.499,2063
4342,event-ingest,webhook,success,2026-10-06 06:45:17.364,2026-10-06 06:45:19.394,2030
4343,event-ingest,webhook,success,2026-10-06 06:45:17.388,2026-10-06 06:45:19.450,2062
4344,event-ingest,webhook,success,2026-10-06 06:45:17.414,2026-10-06 06:45:19.448,2034
4345,event-ingest,webhook,success,2026-10-06 06:45:17.442,2026-10-06 06:45:19.500,2058
4346,event-ingest,webhook,success,2026-10-06 06:45:19.572,2026-10-06 06:45:21.601,2029
4347,event-ingest,webhook,success,2026-10-06 06:45:19.607,2026-10-06 06:45:21.670,2063
4348,event-ingest,webhook,success,2026-10-06 06:45:19.633,2026-10-06 06:45:21.661,2028
4349,event-ingest,webhook,success,2026-10-06 06:45:19.659,2026-10-06 06:45:21.723,2064
4350,event-ingest,webhook,success,2026-10-06 06:45:21.499,2026-10-06 06:45:23.528,2029
4351,event-ingest,webhook,success,2026-10-06 06:45:21.528,2026-10-06 06:45:23.593,2065
4352,event-ingest,webhook,success,2026-10-06 06:45:21.552,2026-10-06 06:45:23.583,2031
4353,event-ingest,webhook,success,2026-10-06 06:45:21.581,2026-10-06 06:45:23.654,2073
4354,event-ingest,webhook,success,2026-10-06 06:45:23.720,2026-10-06 06:45:25.746,2026
4355,event-ingest,webhook,success,2026-10-06 06:45:23.748,2026-10-06 06:45:25.815,2067
4356,event-ingest,webhook,success,2026-10-06 06:45:23.771,2026-10-06 06:45:25.799,2028
4357,event-ingest,webhook,success,2026-10-06 06:45:23.798,2026-10-06 06:45:25.855,2057
4358,event-ingest,webhook,success,2026-10-06 06:45:25.635,2026-10-06 06:45:27.665,2030
4359,event-ingest,webhook,success,2026-10-06 06:45:25.660,2026-10-06 06:45:27.722,2062
4360,event-ingest,webhook,success,2026-10-06 06:45:25.683,2026-10-06 06:45:27.707,2024
4361,event-ingest,webhook,success,2026-10-06 06:45:25.708,2026-10-06 06:45:27.770,2062
4362,event-ingest,webhook,success,2026-10-06 06:45:27.832,2026-10-06 06:45:29.861,2029
4363,event-ingest,webhook,success,2026-10-06 06:45:27.858,2026-10-06 06:45:29.920,2062
4364,event-ingest,webhook,success,2026-10-06 06:45:27.881,2026-10-06 06:45:29.906,2025
4365,event-ingest,webhook,success,2026-10-06 06:45:27.913,2026-10-06 06:45:29.973,2060
4366,event-ingest,webhook,success,2026-10-06 06:45:29.741,2026-10-06 06:45:31.768,2027
4367,event-ingest,webhook,success,2026-10-06 06:45:29.771,2026-10-06 06:45:31.857,2086
4368,event-ingest,webhook,success,2026-10-06 06:45:29.808,2026-10-06 06:45:31.850,2042
4369,event-ingest,webhook,success,2026-10-06 06:45:29.848,2026-10-06 06:45:31.930,2082
4370,event-ingest,webhook,success,2026-10-06 06:45:31.993,2026-10-06 06:45:34.038,2045
4371,event-ingest,webhook,success,2026-10-06 06:45:32.027,2026-10-06 06:45:34.092,2065
4372,event-ingest,webhook,success,2026-10-06 06:45:32.050,2026-10-06 06:45:34.081,2031
4373,event-ingest,webhook,success,2026-10-06 06:45:32.079,2026-10-06 06:45:34.145,2066
4374,event-ingest,webhook,success,2026-10-06 06:45:32.104,2026-10-06 06:45:34.135,2031
4375,event-ingest,webhook,success,2026-10-06 06:45:32.132,2026-10-06 06:45:34.208,2076
4376,event-ingest,webhook,success,2026-10-06 06:45:32.157,2026-10-06 06:45:34.188,2031
4377,event-ingest,webhook,success,2026-10-06 06:45:32.193,2026-10-06 06:45:34.262,2069
4378,event-ingest,webhook,success,2026-10-06 06:45:32.225,2026-10-06 06:45:34.251,2026
4379,health-monitor,trigger,success,2026-10-06 06:50:00.026,2026-10-06 06:50:00.168,142
4380,health-monitor,trigger,success,2026-10-06 06:55:00.031,2026-10-06 06:55:00.203,172
4381,ioc-extractor,trigger,success,2026-10-06 07:00:00.031,2026-10-06 07:00:00.336,305
4382,health-monitor,trigger,success,2026-10-06 07:00:00.038,2026-10-06 07:00:00.241,203
4383,event-ingest,webhook,success,2026-10-06 07:00:02.882,2026-10-06 07:00:03.270,388
4384,event-ingest,webhook,success,2026-10-06 07:00:02.915,2026-10-06 07:00:03.283,368
4385,event-ingest,webhook,success,2026-10-06 07:00:02.943,2026-10-06 07:00:03.272,329
4386,event-ingest,webhook,success,2026-10-06 07:00:02.973,2026-10-06 07:00:03.354,381
4387,event-ingest,webhook,success,2026-10-06 07:00:04.810,2026-10-06 07:00:05.148,338
4388,event-ingest,webhook,success,2026-10-06 07:00:04.836,2026-10-06 07:00:05.203,367
4389,event-ingest,webhook,success,2026-10-06 07:00:04.863,2026-10-06 07:00:05.200,337
4390,event-ingest,webhook,success,2026-10-06 07:00:04.891,2026-10-06 07:00:05.247,356
4391,event-ingest,webhook,success,2026-10-06 07:00:07.032,2026-10-06 07:00:07.384,352
4392,event-ingest,webhook,success,2026-10-06 07:00:07.060,2026-10-06 07:00:07.439,379
4393,event-ingest,webhook,success,2026-10-06 07:00:07.083,2026-10-06 07:00:07.415,332
4394,event-ingest,webhook,success,2026-10-06 07:00:07.110,2026-10-06 07:00:07.468,358
4395,event-ingest,webhook,success,2026-10-06 07:00:08.950,2026-10-06 07:00:09.285,335
4396,event-ingest,webhook,success,2026-10-06 07:00:08.975,2026-10-06 07:00:09.342,367
4397,event-ingest,webhook,success,2026-10-06 07:00:09.007,2026-10-06 07:00:09.340,333
4398,event-ingest,webhook,success,2026-10-06 07:00:09.033,2026-10-06 07:00:09.398,365
4399,event-ingest,webhook,success,2026-10-06 07:00:11.171,2026-10-06 07:00:11.518,347
4400,event-ingest,webhook,success,2026-10-06 07:00:11.211,2026-10-06 07:00:11.543,332
4401,event-ingest,webhook,success,2026-10-06 07:00:11.242,2026-10-06 07:00:11.608,366
4402,event-ingest,webhook,success,2026-10-06 07:00:11.266,2026-10-06 07:00:11.594,328
4403,event-ingest,webhook,success,2026-10-06 07:00:13.099,2026-10-06 07:00:13.434,335
4404,event-ingest,webhook,success,2026-10-06 07:00:13.127,2026-10-06 07:00:13.508,381
4405,event-ingest,webhook,success,2026-10-06 07:00:13.150,2026-10-06 07:00:13.506,356
4406,event-ingest,webhook,success,2026-10-06 07:00:13.179,2026-10-06 07:00:13.536,357
4407,event-ingest,webhook,success,2026-10-06 07:00:15.318,2026-10-06 07:00:15.659,341
4408,event-ingest,webhook,success,2026-10-06 07:00:15.345,2026-10-06 07:00:15.731,386
4409,event-ingest,webhook,success,2026-10-06 07:00:15.371,2026-10-06 07:00:15.712,341
4410,event-ingest,webhook,success,2026-10-06 07:00:15.403,2026-10-06 07:00:15.769,366
4411,event-ingest,webhook,success,2026-10-06 07:00:17.241,2026-10-06 07:00:17.594,353
4412,event-ingest,webhook,success,2026-10-06 07:00:17.269,2026-10-06 07:00:17.631,362
4413,event-ingest,webhook,success,2026-10-06 07:00:17.293,2026-10-06 07:00:17.618,325
4414,event-ingest,webhook,success,2026-10-06 07:00:17.321,2026-10-06 07:00:19.385,2064
4415,event-ingest,webhook,success,2026-10-06 07:00:19.451,2026-10-06 07:00:21.490,2039
4416,event-ingest,webhook,success,2026-10-06 07:00:19.487,2026-10-06 07:00:21.560,2073
4417,event-ingest,webhook,success,2026-10-06 07:00:19.512,2026-10-06 07:00:21.545,2033
4418,event-ingest,webhook,success,2026-10-06 07:00:19.544,2026-10-06 07:00:21.610,2066
4419,event-ingest,webhook,success,2026-10-06 07:00:21.387,2026-10-06 07:00:23.421,2034
4420,event-ingest,webhook,success,2026-10-06 07:00:21.418,2026-10-06 07:00:23.489,2071
4421,event-ingest,webhook,success,2026-10-06 07:00:21.445,2026-10-06 07:00:23.471,2026
4422,event-ingest,webhook,success,2026-10-06 07:00:21.472,2026-10-06 07:00:23.559,2087
4423,event-ingest,webhook,success,2026-10-06 07:00:23.309,2026-10-06 07:00:25.343,2034
4424,event-ingest,webhook,success,2026-10-06 07:00:23.339,2026-10-06 07:00:25.429,2090
4425,event-ingest,webhook,success,2026-10-06 07:00:23.378,2026-10-06 07:00:25.410,2032
4426,event-ingest,webhook,success,2026-10-06 07:00:23.418,2026-10-06 07:00:25.505,2087
4427,event-ingest,webhook,success,2026-10-06 07:00:23.765,2026-10-06 07:00:25.796,2031
4428,event-ingest,webhook,success,2026-10-06 07:00:23.791,2026-10-06 07:00:25.851,2060
4429,event-ingest,webhook,success,2026-10-06 07:00:24.722,2026-10-06 07:00:26.756,2034
4430,event-ingest,webhook,success,2026-10-06 07:00:25.346,2026-10-06 07:00:27.379,2033
4431,event-ingest,webhook,success,2026-10-06 07:00:26.282,2026-10-06 07:00:28.316,2034
4432,event-ingest,webhook,success,2026-10-06 07:00:27.212,2026-10-06 07:00:29.239,2027
4433,event-ingest,webhook,success,2026-10-06 07:00:27.836,2026-10-06 07:00:29.874,2038
4434,event-ingest,webhook,success,2026-10-06 07:00:27.864,2026-10-06 07:00:29.928,2064
4435,event-ingest,webhook,success,2026-10-06 07:00:28.791,2026-10-06 07:00:30.820,2029
4436,event-ingest,webhook,success,2026-10-06 07:00:28.814,2026-10-06 07:00:30.888,2074
4437,event-ingest,webhook,success,2026-10-06 07:00:28.836,2026-10-06 07:00:30.872,2036
4438,event-ingest,webhook,success,2026-10-06 07:00:28.878,2026-10-06 07:00:30.952,2074
4439,event-ingest,webhook,success,2026-10-06 07:00:31.013,2026-10-06 07:00:33.058,2045
4440,event-ingest,webhook,success,2026-10-06 07:00:31.050,2026-10-06 07:00:33.134,2084
4441,event-ingest,webhook,success,2026-10-06 07:00:31.086,2026-10-06 07:00:33.118,2032
4442,event-ingest,webhook,success,2026-10-06 07:00:31.121,2026-10-06 07:00:33.190,2069
4443,event-ingest,webhook,success,2026-10-06 07:00:31.148,2026-10-06 07:00:33.182,2034
4444,event-ingest,webhook,success,2026-10-06 07:00:31.178,2026-10-06 07:00:33.259,2081
4445,event-ingest,webhook,success,2026-10-06 07:00:31.209,2026-10-06 07:00:33.239,2030
4446,event-ingest,webhook,success,2026-10-06 07:00:31.243,2026-10-06 07:00:33.325,2082
4447,event-ingest,webhook,success,2026-10-06 07:00:31.279,2026-10-06 07:00:33.309,2030
4448,event-ingest,webhook,success,2026-10-06 07:00:31.306,2026-10-06 07:00:35.072,3766
4449,event-ingest,webhook,success,2026-10-06 07:00:31.337,2026-10-06 07:00:33.362,2025
4450,health-monitor,trigger,success,2026-10-06 07:05:00.028,2026-10-06 07:05:00.180,152
4451,health-monitor,trigger,success,2026-10-06 07:10:00.029,2026-10-06 07:10:00.166,137
4452,ioc-extractor,trigger,success,2026-10-06 07:15:00.030,2026-10-06 07:15:00.383,353
4453,health-monitor,trigger,success,2026-10-06 07:15:00.037,2026-10-06 07:15:00.306,269
4454,event-ingest,webhook,success,2026-10-06 07:15:02.861,2026-10-06 07:15:03.262,401
4455,event-ingest,webhook,success,2026-10-06 07:15:02.889,2026-10-06 07:15:03.271,382
4456,event-ingest,webhook,success,2026-10-06 07:15:02.915,2026-10-06 07:15:03.261,346
4457,event-ingest,webhook,success,2026-10-06 07:15:02.945,2026-10-06 07:15:03.303,358
4458,event-ingest,webhook,success,2026-10-06 07:15:04.780,2026-10-06 07:15:05.110,330
4459,event-ingest,webhook,success,2026-10-06 07:15:04.810,2026-10-06 07:15:05.177,367
4460,event-ingest,webhook,success,2026-10-06 07:15:04.838,2026-10-06 07:15:05.168,330
4461,event-ingest,webhook,success,2026-10-06 07:15:04.867,2026-10-06 07:15:05.226,359
4462,event-ingest,webhook,success,2026-10-06 07:15:07.008,2026-10-06 07:15:07.345,337
4463,event-ingest,webhook,success,2026-10-06 07:15:07.034,2026-10-06 07:15:07.413,379
4464,event-ingest,webhook,success,2026-10-06 07:15:07.057,2026-10-06 07:15:07.386,329
4465,event-ingest,webhook,success,2026-10-06 07:15:07.084,2026-10-06 07:15:07.450,366
4466,event-ingest,webhook,success,2026-10-06 07:15:08.920,2026-10-06 07:15:09.256,336
4467,event-ingest,webhook,success,2026-10-06 07:15:08.946,2026-10-06 07:15:09.321,375
4468,event-ingest,webhook,success,2026-10-06 07:15:08.972,2026-10-06 07:15:09.305,333
4469,event-ingest,webhook,success,2026-10-06 07:15:09.000,2026-10-06 07:15:09.359,359
4470,event-ingest,webhook,success,2026-10-06 07:15:11.138,2026-10-06 07:15:11.478,340
4471,event-ingest,webhook,success,2026-10-06 07:15:11.164,2026-10-06 07:15:11.532,368
4472,event-ingest,webhook,success,2026-10-06 07:15:11.194,2026-10-06 07:15:11.530,336
4473,event-ingest,webhook,success,2026-10-06 07:15:11.221,2026-10-06 07:15:11.577,356
4474,event-ingest,webhook,success,2026-10-06 07:15:13.047,2026-10-06 07:15:13.376,329
4475,event-ingest,webhook,success,2026-10-06 07:15:13.075,2026-10-06 07:15:13.441,366
4476,event-ingest,webhook,success,2026-10-06 07:15:13.101,2026-10-06 07:15:13.432,331
4477,event-ingest,webhook,success,2026-10-06 07:15:13.131,2026-10-06 07:15:13.509,378
4478,event-ingest,webhook,success,2026-10-06 07:15:13.154,2026-10-06 07:15:13.499,345
4479,event-ingest,webhook,success,2026-10-06 07:15:13.180,2026-10-06 07:15:13.541,361
4480,event-ingest,webhook,success,2026-10-06 07:15:14.111,2026-10-06 07:15:14.452,341
4481,event-ingest,webhook,success,2026-10-06 07:15:15.042,2026-10-06 07:15:15.378,336
4482,event-ingest,webhook,success,2026-10-06 07:15:15.973,2026-10-06 07:15:16.312,339
4483,event-ingest,webhook,success,2026-10-06 07:15:16.601,2026-10-06 07:15:16.950,349
4484,event-ingest,webhook,success,2026-10-06 07:15:17.530,2026-10-06 07:15:17.884,354
4485,event-ingest,webhook,success,2026-10-06 07:15:17.557,2026-10-06 07:15:17.933,376
4486,event-ingest,webhook,success,2026-10-06 07:15:18.493,2026-10-06 07:15:18.822,329
4487,event-ingest,webhook,success,2026-10-06 07:15:18.518,2026-10-06 07:15:20.582,2064
4488,event-ingest,webhook,success,2026-10-06 07:15:18.545,2026-10-06 07:15:20.572,2027
4489,event-ingest,webhook,success,2026-10-06 07:15:18.576,2026-10-06 07:15:20.640,2064
4490,event-ingest,webhook,success,2026-10-06 07:15:20.413,2026-10-06 07:15:22.451,2038
4491,event-ingest,webhook,success,2026-10-06 07:15:20.439,2026-10-06 07:15:22.504,2065
4492,event-ingest,webhook,success,2026-10-06 07:15:20.464,2026-10-06 07:15:22.493,2029
4493,event-ingest,webhook,success,2026-10-06 07:15:20.491,2026-10-06 07:15:22.553,2062
4494,event-ingest,webhook,success,2026-10-06 07:15:22.624,2026-10-06 07:15:24.650,2026
4495,event-ingest,webhook,success,2026-10-06 07:15:22.650,2026-10-06 07:15:24.713,2063
4496,event-ingest,webhook,success,2026-10-06 07:15:22.675,2026-10-06 07:15:24.704,2029
4497,event-ingest,webhook,success,2026-10-06 07:15:22.702,2026-10-06 07:15:24.762,2060
4498,event-ingest,webhook,success,2026-10-06 07:15:24.533,2026-10-06 07:15:26.566,2033
4499,event-ingest,webhook,success,2026-10-06 07:15:24.557,2026-10-06 07:15:26.622,2065
4500,event-ingest,webhook,success,2026-10-06 07:15:24.580,2026-10-06 07:15:26.607,2027
4501,event-ingest,webhook,success,2026-10-06 07:15:24.607,2026-10-06 07:15:26.677,2070
4502,event-ingest,webhook,success,2026-10-06 07:15:26.737,2026-10-06 07:15:28.759,2022
4503,event-ingest,webhook,success,2026-10-06 07:15:26.762,2026-10-06 07:15:28.820,2058
4504,event-ingest,webhook,success,2026-10-06 07:15:26.785,2026-10-06 07:15:28.812,2027
4505,event-ingest,webhook,success,2026-10-06 07:15:26.812,2026-10-06 07:15:28.868,2056
4506,event-ingest,webhook,success,2026-10-06 07:15:28.647,2026-10-06 07:15:30.676,2029
4507,event-ingest,webhook,success,2026-10-06 07:15:28.672,2026-10-06 07:15:30.736,2064
4508,event-ingest,webhook,success,2026-10-06 07:15:28.694,2026-10-06 07:15:30.718,2024
4509,event-ingest,webhook,success,2026-10-06 07:15:28.719,2026-10-06 07:15:30.784,2065
4510,event-ingest,webhook,success,2026-10-06 07:15:30.849,2026-10-06 07:15:32.887,2038
4511,event-ingest,webhook,success,2026-10-06 07:15:30.878,2026-10-06 07:15:32.957,2079
4512,event-ingest,webhook,success,2026-10-06 07:15:30.909,2026-10-06 07:15:32.949,2040
4513,event-ingest,webhook,success,2026-10-06 07:15:30.948,2026-10-06 07:15:33.019,2071
4514,event-ingest,webhook,success,2026-10-06 07:15:30.977,2026-10-06 07:15:33.008,2031
4515,event-ingest,webhook,success,2026-10-06 07:15:31.006,2026-10-06 07:15:33.118,2112
4516,event-ingest,webhook,success,2026-10-06 07:15:31.045,2026-10-06 07:15:33.084,2039
4517,event-ingest,webhook,success,2026-10-06 07:15:31.106,2026-10-06 07:15:33.197,2091
4518,event-ingest,webhook,success,2026-10-06 07:15:31.136,2026-10-06 07:15:33.177,2041
4519,event-ingest,webhook,success,2026-10-06 07:15:31.178,2026-10-06 07:15:34.903,3725
4520,event-ingest,webhook,success,2026-10-06 07:15:31.209,2026-10-06 07:15:33.235,2026
4521,health-monitor,trigger,success,2026-10-06 07:20:00.030,2026-10-06 07:20:00.156,126
4522,health-monitor,trigger,success,2026-10-06 07:25:00.026,2026-10-06 07:25:00.170,144
4523,ioc-extractor,trigger,success,2026-10-06 07:30:00.028,2026-10-06 07:30:00.341,313
4524,health-monitor,trigger,success,2026-10-06 07:30:00.036,2026-10-06 07:30:00.252,216
4525,event-ingest,webhook,success,2026-10-06 07:30:02.758,2026-10-06 07:30:03.169,411
4526,event-ingest,webhook,success,2026-10-06 07:30:02.788,2026-10-06 07:30:03.160,372
4527,event-ingest,webhook,success,2026-10-06 07:30:02.815,2026-10-06 07:30:03.159,344
4528,event-ingest,webhook,success,2026-10-06 07:30:02.845,2026-10-06 07:30:03.202,357
4529,event-ingest,webhook,success,2026-10-06 07:30:04.979,2026-10-06 07:30:05.332,353
4530,event-ingest,webhook,success,2026-10-06 07:30:05.008,2026-10-06 07:30:05.376,368
4531,event-ingest,webhook,success,2026-10-06 07:30:05.032,2026-10-06 07:30:05.379,347
4532,event-ingest,webhook,success,2026-10-06 07:30:05.061,2026-10-06 07:30:05.439,378
4533,event-ingest,webhook,success,2026-10-06 07:30:05.084,2026-10-06 07:30:05.427,343
4534,event-ingest,webhook,success,2026-10-06 07:30:05.111,2026-10-06 07:30:05.478,367
4535,event-ingest,webhook,success,2026-10-06 07:30:06.044,2026-10-06 07:30:06.377,333
4536,event-ingest,webhook,success,2026-10-06 07:30:06.678,2026-10-06 07:30:07.017,339
4537,event-ingest,webhook,success,2026-10-06 07:30:07.605,2026-10-06 07:30:07.953,348
4538,event-ingest,webhook,success,2026-10-06 07:30:08.232,2026-10-06 07:30:08.584,352
4539,event-ingest,webhook,success,2026-10-06 07:30:09.168,2026-10-06 07:30:09.516,348
4540,event-ingest,webhook,success,2026-10-06 07:30:09.198,2026-10-06 07:30:09.577,379
4541,event-ingest,webhook,success,2026-10-06 07:30:10.125,2026-10-06 07:30:10.458,333
4542,event-ingest,webhook,success,2026-10-06 07:30:10.149,2026-10-06 07:30:10.523,374
4543,event-ingest,webhook,success,2026-10-06 07:30:10.172,2026-10-06 07:30:10.501,329
4544,event-ingest,webhook,success,2026-10-06 07:30:10.199,2026-10-06 07:30:10.570,371
4545,event-ingest,webhook,success,2026-10-06 07:30:10.227,2026-10-06 07:30:10.557,330
4546,event-ingest,webhook,success,2026-10-06 07:30:10.261,2026-10-06 07:30:10.625,364
4547,event-ingest,webhook,success,2026-10-06 07:30:11.204,2026-10-06 07:30:11.561,357
4548,event-ingest,webhook,success,2026-10-06 07:30:12.156,2026-10-06 07:30:12.506,350
4549,event-ingest,webhook,success,2026-10-06 07:30:12.793,2026-10-06 07:30:13.135,342
4550,event-ingest,webhook,success,2026-10-06 07:30:13.725,2026-10-06 07:30:14.057,332
4551,event-ingest,webhook,success,2026-10-06 07:30:14.347,2026-10-06 07:30:14.678,331
4552,event-ingest,webhook,success,2026-10-06 07:30:14.372,2026-10-06 07:30:14.747,375
4553,event-ingest,webhook,success,2026-10-06 07:30:15.604,2026-10-06 07:30:15.954,350
4554,event-ingest,webhook,success,2026-10-06 07:30:15.629,2026-10-06 07:30:15.994,365
4555,event-ingest,webhook,success,2026-10-06 07:30:15.656,2026-10-06 07:30:16.004,348
4556,event-ingest,webhook,success,2026-10-06 07:30:15.684,2026-10-06 07:30:16.054,370
4557,event-ingest,webhook,success,2026-10-06 07:30:17.523,2026-10-06 07:30:17.868,345
4558,event-ingest,webhook,success,2026-10-06 07:30:17.548,2026-10-06 07:30:19.612,2064
4559,event-ingest,webhook,success,2026-10-06 07:30:17.572,2026-10-06 07:30:19.610,2038
4560,event-ingest,webhook,success,2026-10-06 07:30:17.599,2026-10-06 07:30:19.669,2070
4561,event-ingest,webhook,success,2026-10-06 07:30:19.739,2026-10-06 07:30:21.766,2027
4562,event-ingest,webhook,success,2026-10-06 07:30:19.765,2026-10-06 07:30:21.829,2064
4563,event-ingest,webhook,success,2026-10-06 07:30:19.789,2026-10-06 07:30:21.813,2024
4564,event-ingest,webhook,success,2026-10-06 07:30:19.816,2026-10-06 07:30:21.878,2062
4565,event-ingest,webhook,success,2026-10-06 07:30:21.654,2026-10-06 07:30:23.690,2036
4566,event-ingest,webhook,success,2026-10-06 07:30:21.679,2026-10-06 07:30:23.745,2066
4567,event-ingest,webhook,success,2026-10-06 07:30:21.703,2026-10-06 07:30:23.733,2030
4568,event-ingest,webhook,success,2026-10-06 07:30:21.731,2026-10-06 07:30:23.796,2065
4569,event-ingest,webhook,success,2026-10-06 07:30:23.862,2026-10-06 07:30:25.889,2027
4570,event-ingest,webhook,success,2026-10-06 07:30:23.886,2026-10-06 07:30:25.960,2074
4571,event-ingest,webhook,success,2026-10-06 07:30:23.912,2026-10-06 07:30:25.948,2036
4572,event-ingest,webhook,success,2026-10-06 07:30:23.940,2026-10-06 07:30:26.000,2060
4573,event-ingest,webhook,success,2026-10-06 07:30:25.771,2026-10-06 07:30:27.802,2031
4574,event-ingest,webhook,success,2026-10-06 07:30:25.796,2026-10-06 07:30:27.862,2066
4575,event-ingest,webhook,success,2026-10-06 07:30:25.820,2026-10-06 07:30:27.855,2035
4576,event-ingest,webhook,success,2026-10-06 07:30:25.853,2026-10-06 07:30:27.933,2080
4577,event-ingest,webhook,success,2026-10-06 07:30:25.886,2026-10-06 07:30:27.931,2045
4578,event-ingest,webhook,success,2026-10-06 07:30:25.930,2026-10-06 07:30:28.000,2070
4579,health-monitor,trigger,success,2026-10-06 07:35:00.031,2026-10-06 07:35:00.210,179
4580,health-monitor,trigger,success,2026-10-06 07:40:00.025,2026-10-06 07:40:00.138,113
4581,ioc-extractor,trigger,success,2026-10-06 07:45:00.035,2026-10-06 07:45:00.312,277
4582,health-monitor,trigger,success,2026-10-06 07:45:00.043,2026-10-06 07:45:00.268,225
4583,event-ingest,webhook,success,2026-10-06 07:45:02.924,2026-10-06 07:45:03.347,423
4584,event-ingest,webhook,success,2026-10-06 07:45:02.955,2026-10-06 07:45:03.338,383
4585,event-ingest,webhook,success,2026-10-06 07:45:02.986,2026-10-06 07:45:03.337,351
4586,event-ingest,webhook,success,2026-10-06 07:45:03.015,2026-10-06 07:45:03.377,362
4587,event-ingest,webhook,success,2026-10-06 07:45:04.841,2026-10-06 07:45:05.168,327
4588,event-ingest,webhook,success,2026-10-06 07:45:04.874,2026-10-06 07:45:05.253,379
4589,event-ingest,webhook,success,2026-10-06 07:45:04.907,2026-10-06 07:45:05.250,343
4590,event-ingest,webhook,success,2026-10-06 07:45:04.946,2026-10-06 07:45:05.314,368
4591,event-ingest,webhook,success,2026-10-06 07:45:05.279,2026-10-06 07:45:05.611,332
4592,event-ingest,webhook,success,2026-10-06 07:45:05.311,2026-10-06 07:45:05.651,340
4593,event-ingest,webhook,success,2026-10-06 07:45:06.256,2026-10-06 07:45:06.594,338
4594,event-ingest,webhook,success,2026-10-06 07:45:06.889,2026-10-06 07:45:07.214,325
4595,event-ingest,webhook,success,2026-10-06 07:45:07.822,2026-10-06 07:45:08.154,332
4596,event-ingest,webhook,success,2026-10-06 07:45:08.452,2026-10-06 07:45:08.841,389
4597,event-ingest,webhook,success,2026-10-06 07:45:09.385,2026-10-06 07:45:09.724,339
4598,event-ingest,webhook,success,2026-10-06 07:45:10.328,2026-10-06 07:45:10.680,352
4599,event-ingest,webhook,success,2026-10-06 07:45:10.359,2026-10-06 07:45:10.723,364
4600,event-ingest,webhook,success,2026-10-06 07:45:11.288,2026-10-06 07:45:11.637,349
4601,event-ingest,webhook,success,2026-10-06 07:45:11.317,2026-10-06 07:45:11.696,379
4602,event-ingest,webhook,success,2026-10-06 07:45:11.345,2026-10-06 07:45:11.700,355
4603,event-ingest,webhook,success,2026-10-06 07:45:11.373,2026-10-06 07:45:11.789,416
4604,event-ingest,webhook,success,2026-10-06 07:45:13.215,2026-10-06 07:45:13.548,333
4605,event-ingest,webhook,success,2026-10-06 07:45:13.246,2026-10-06 07:45:13.618,372
4606,event-ingest,webhook,success,2026-10-06 07:45:13.272,2026-10-06 07:45:13.620,348
4607,event-ingest,webhook,success,2026-10-06 07:45:13.299,2026-10-06 07:45:13.664,365
4608,event-ingest,webhook,success,2026-10-06 07:45:15.437,2026-10-06 07:45:15.771,334
4609,event-ingest,webhook,success,2026-10-06 07:45:15.463,2026-10-06 07:45:15.888,425
4610,event-ingest,webhook,success,2026-10-06 07:45:15.487,2026-10-06 07:45:15.818,331
4611,event-ingest,webhook,success,2026-10-06 07:45:15.514,2026-10-06 07:45:15.890,376
4612,event-ingest,webhook,success,2026-10-06 07:45:17.354,2026-10-06 07:45:17.699,345
4613,event-ingest,webhook,success,2026-10-06 07:45:17.382,2026-10-06 07:45:17.810,428
4614,event-ingest,webhook,success,2026-10-06 07:45:17.410,2026-10-06 07:45:17.793,383
4615,event-ingest,webhook,success,2026-10-06 07:45:17.441,2026-10-06 07:45:17.802,361
4616,event-ingest,webhook,success,2026-10-06 07:45:19.573,2026-10-06 07:45:19.922,349
4617,event-ingest,webhook,success,2026-10-06 07:45:19.600,2026-10-06 07:45:21.677,2077
4618,event-ingest,webhook,success,2026-10-06 07:45:19.625,2026-10-06 07:45:19.971,346
4619,event-ingest,webhook,success,2026-10-06 07:45:19.653,2026-10-06 07:45:21.718,2065
4620,event-ingest,webhook,success,2026-10-06 07:45:21.491,2026-10-06 07:45:23.531,2040
4621,event-ingest,webhook,success,2026-10-06 07:45:21.519,2026-10-06 07:45:23.582,2063
4622,event-ingest,webhook,success,2026-10-06 07:45:21.543,2026-10-06 07:45:23.571,2028
4623,event-ingest,webhook,success,2026-10-06 07:45:21.571,2026-10-06 07:45:23.633,2062
4624,event-ingest,webhook,success,2026-10-06 07:45:23.704,2026-10-06 07:45:25.738,2034
4625,event-ingest,webhook,success,2026-10-06 07:45:23.732,2026-10-06 07:45:25.810,2078
4626,event-ingest,webhook,success,2026-10-06 07:45:23.769,2026-10-06 07:45:25.799,2030
4627,event-ingest,webhook,success,2026-10-06 07:45:23.798,2026-10-06 07:45:25.858,2060
4628,event-ingest,webhook,success,2026-10-06 07:45:25.632,2026-10-06 07:45:27.657,2025
4629,event-ingest,webhook,success,2026-10-06 07:45:25.656,2026-10-06 07:45:27.727,2071
4630,event-ingest,webhook,success,2026-10-06 07:45:25.680,2026-10-06 07:45:27.710,2030
4631,event-ingest,webhook,success,2026-10-06 07:45:25.708,2026-10-06 07:45:27.809,2101
4632,event-ingest,webhook,success,2026-10-06 07:45:27.558,2026-10-06 07:45:29.592,2034
4633,event-ingest,webhook,success,2026-10-06 07:45:27.585,2026-10-06 07:45:29.654,2069
4634,event-ingest,webhook,success,2026-10-06 07:45:27.609,2026-10-06 07:45:29.638,2029
4635,event-ingest,webhook,success,2026-10-06 07:45:27.638,2026-10-06 07:45:29.721,2083
4636,event-ingest,webhook,success,2026-10-06 07:45:27.676,2026-10-06 07:45:29.709,2033
4637,event-ingest,webhook,success,2026-10-06 07:45:27.716,2026-10-06 07:45:29.765,2049
4638,event-ingest,webhook,success,2026-10-06 07:45:28.972,2026-10-06 07:45:31.007,2035
4639,event-ingest,webhook,success,2026-10-06 07:45:29.598,2026-10-06 07:45:31.642,2044
4640,event-ingest,webhook,success,2026-10-06 07:45:30.538,2026-10-06 07:45:32.566,2028
4641,event-ingest,webhook,success,2026-10-06 07:45:31.164,2026-10-06 07:45:33.194,2030
4642,event-ingest,webhook,success,2026-10-06 07:45:32.094,2026-10-06 07:45:34.127,2033
4643,event-ingest,webhook,success,2026-10-06 07:45:32.724,2026-10-06 07:45:34.763,2039
4644,event-ingest,webhook,success,2026-10-06 07:45:32.751,2026-10-06 07:45:34.807,2056
4645,event-ingest,webhook,success,2026-10-06 07:45:33.673,2026-10-06 07:45:35.704,2031
4646,event-ingest,webhook,success,2026-10-06 07:45:33.697,2026-10-06 07:45:35.769,2072
4647,event-ingest,webhook,success,2026-10-06 07:45:33.720,2026-10-06 07:45:35.756,2036
4648,event-ingest,webhook,success,2026-10-06 07:45:33.756,2026-10-06 07:45:35.824,2068
4649,event-ingest,webhook,success,2026-10-06 07:45:35.883,2026-10-06 07:45:37.912,2029
4650,event-ingest,webhook,success,2026-10-06 07:45:35.906,2026-10-06 07:45:37.991,2085
4651,event-ingest,webhook,success,2026-10-06 07:45:35.940,2026-10-06 07:45:37.983,2043
4652,event-ingest,webhook,success,2026-10-06 07:45:35.974,2026-10-06 07:45:38.069,2095
4653,event-ingest,webhook,success,2026-10-06 07:45:36.007,2026-10-06 07:45:38.043,2036
4654,event-ingest,webhook,success,2026-10-06 07:45:36.045,2026-10-06 07:45:38.126,2081
4655,event-ingest,webhook,success,2026-10-06 07:45:36.079,2026-10-06 07:45:38.109,2030
4656,event-ingest,webhook,success,2026-10-06 07:45:36.106,2026-10-06 07:45:38.183,2077
4657,event-ingest,webhook,success,2026-10-06 07:45:36.140,2026-10-06 07:45:38.170,2030
4658,event-ingest,webhook,success,2026-10-06 07:45:36.170,2026-10-06 07:45:38.237,2067
4659,health-monitor,trigger,success,2026-10-06 07:50:00.020,2026-10-06 07:50:00.183,163
4660,health-monitor,trigger,success,2026-10-06 07:55:00.022,2026-10-06 07:55:00.169,147
4661,ioc-extractor,trigger,success,2026-10-06 08:00:00.031,2026-10-06 08:00:00.356,325
4662,health-monitor,trigger,success,2026-10-06 08:00:00.039,2026-10-06 08:00:00.245,206
4663,event-ingest,webhook,success,2026-10-06 08:00:02.921,2026-10-06 08:00:03.309,388
4664,event-ingest,webhook,success,2026-10-06 08:00:02.949,2026-10-06 08:00:03.322,373
4665,event-ingest,webhook,success,2026-10-06 08:00:02.977,2026-10-06 08:00:03.312,335
4666,event-ingest,webhook,success,2026-10-06 08:00:03.006,2026-10-06 08:00:03.383,377
4667,event-ingest,webhook,success,2026-10-06 08:00:04.844,2026-10-06 08:00:05.174,330
4668,event-ingest,webhook,success,2026-10-06 08:00:04.876,2026-10-06 08:00:05.240,364
4669,event-ingest,webhook,success,2026-10-06 08:00:04.899,2026-10-06 08:00:05.238,339
4670,event-ingest,webhook,success,2026-10-06 08:00:04.929,2026-10-06 08:00:05.284,355
4671,event-ingest,webhook,success,2026-10-06 08:00:07.060,2026-10-06 08:00:07.396,336
4672,event-ingest,webhook,success,2026-10-06 08:00:07.086,2026-10-06 08:00:07.461,375
4673,event-ingest,webhook,success,2026-10-06 08:00:07.112,2026-10-06 08:00:07.459,347
4674,event-ingest,webhook,success,2026-10-06 08:00:07.138,2026-10-06 08:00:07.514,376
4675,event-ingest,webhook,success,2026-10-06 08:00:08.974,2026-10-06 08:00:09.313,339
4676,event-ingest,webhook,success,2026-10-06 08:00:09.000,2026-10-06 08:00:09.363,363
4677,event-ingest,webhook,success,2026-10-06 08:00:09.023,2026-10-06 08:00:09.352,329
4678,event-ingest,webhook,success,2026-10-06 08:00:09.049,2026-10-06 08:00:09.405,356
4679,event-ingest,webhook,success,2026-10-06 08:00:11.186,2026-10-06 08:00:11.520,334
4680,event-ingest,webhook,success,2026-10-06 08:00:11.215,2026-10-06 08:00:11.585,370
4681,event-ingest,webhook,success,2026-10-06 08:00:11.240,2026-10-06 08:00:11.573,333
4682,event-ingest,webhook,success,2026-10-06 08:00:11.273,2026-10-06 08:00:11.636,363
4683,event-ingest,webhook,success,2026-10-06 08:00:11.299,2026-10-06 08:00:11.627,328
4684,event-ingest,webhook,success,2026-10-06 08:00:11.325,2026-10-06 08:00:11.703,378
4685,event-ingest,webhook,success,2026-10-06 08:00:12.262,2026-10-06 08:00:12.591,329
4686,event-ingest,webhook,success,2026-10-06 08:00:12.887,2026-10-06 08:00:13.228,341
4687,event-ingest,webhook,success,2026-10-06 08:00:13.817,2026-10-06 08:00:14.153,336
4688,event-ingest,webhook,success,2026-10-06 08:00:14.749,2026-10-06 08:00:15.093,344
4689,event-ingest,webhook,success,2026-10-06 08:00:15.382,2026-10-06 08:00:15.778,396
4690,event-ingest,webhook,success,2026-10-06 08:00:16.315,2026-10-06 08:00:16.647,332
4691,event-ingest,webhook,success,2026-10-06 08:00:16.955,2026-10-06 08:00:17.297,342
4692,event-ingest,webhook,success,2026-10-06 08:00:16.982,2026-10-06 08:00:17.344,362
4693,event-ingest,webhook,success,2026-10-06 08:00:17.911,2026-10-06 08:00:18.253,342
4694,event-ingest,webhook,success,2026-10-06 08:00:17.937,2026-10-06 08:00:18.309,372
4695,event-ingest,webhook,success,2026-10-06 08:00:17.964,2026-10-06 08:00:18.300,336
4696,event-ingest,webhook,success,2026-10-06 08:00:17.992,2026-10-06 08:00:18.356,364
4697,event-ingest,webhook,success,2026-10-06 08:00:20.126,2026-10-06 08:00:20.463,337
4698,event-ingest,webhook,success,2026-10-06 08:00:20.153,2026-10-06 08:00:22.214,2061
4699,event-ingest,webhook,success,2026-10-06 08:00:20.176,2026-10-06 08:00:22.203,2027
4700,event-ingest,webhook,success,2026-10-06 08:00:20.204,2026-10-06 08:00:22.261,2057
4701,event-ingest,webhook,success,2026-10-06 08:00:22.034,2026-10-06 08:00:24.064,2030
4702,event-ingest,webhook,success,2026-10-06 08:00:22.061,2026-10-06 08:00:24.124,2063
4703,event-ingest,webhook,success,2026-10-06 08:00:22.086,2026-10-06 08:00:24.117,2031
4704,event-ingest,webhook,success,2026-10-06 08:00:22.113,2026-10-06 08:00:24.177,2064
4705,event-ingest,webhook,success,2026-10-06 08:00:24.244,2026-10-06 08:00:26.269,2025
4706,event-ingest,webhook,success,2026-10-06 08:00:24.274,2026-10-06 08:00:26.336,2062
4707,event-ingest,webhook,success,2026-10-06 08:00:24.298,2026-10-06 08:00:26.324,2026
4708,event-ingest,webhook,success,2026-10-06 08:00:24.323,2026-10-06 08:00:26.381,2058
4709,event-ingest,webhook,success,2026-10-06 08:00:26.155,2026-10-06 08:00:28.176,2021
4710,event-ingest,webhook,success,2026-10-06 08:00:26.179,2026-10-06 08:00:28.241,2062
4711,event-ingest,webhook,success,2026-10-06 08:00:26.201,2026-10-06 08:00:28.224,2023
4712,event-ingest,webhook,success,2026-10-06 08:00:26.227,2026-10-06 08:00:28.292,2065
4713,event-ingest,webhook,success,2026-10-06 08:00:28.356,2026-10-06 08:00:30.384,2028
4714,event-ingest,webhook,success,2026-10-06 08:00:28.379,2026-10-06 08:00:30.459,2080
4715,event-ingest,webhook,success,2026-10-06 08:00:28.404,2026-10-06 08:00:30.442,2038
4716,event-ingest,webhook,success,2026-10-06 08:00:28.435,2026-10-06 08:00:30.500,2065
4717,event-ingest,webhook,success,2026-10-06 08:00:30.277,2026-10-06 08:00:32.310,2033
4718,event-ingest,webhook,success,2026-10-06 08:00:30.305,2026-10-06 08:00:32.379,2074
4719,event-ingest,webhook,success,2026-10-06 08:00:30.329,2026-10-06 08:00:32.362,2033
4720,event-ingest,webhook,success,2026-10-06 08:00:30.355,2026-10-06 08:00:32.424,2069
4721,event-ingest,webhook,success,2026-10-06 08:00:32.481,2026-10-06 08:00:34.524,2043
4722,event-ingest,webhook,success,2026-10-06 08:00:32.522,2026-10-06 08:00:34.611,2089
4723,event-ingest,webhook,success,2026-10-06 08:00:32.553,2026-10-06 08:00:34.587,2034
4724,event-ingest,webhook,success,2026-10-06 08:00:32.590,2026-10-06 08:00:34.663,2073
4725,event-ingest,webhook,success,2026-10-06 08:00:32.621,2026-10-06 08:00:34.653,2032
4726,event-ingest,webhook,success,2026-10-06 08:00:32.653,2026-10-06 08:00:34.725,2072
4727,event-ingest,webhook,success,2026-10-06 08:00:32.685,2026-10-06 08:00:34.716,2031
4728,event-ingest,webhook,success,2026-10-06 08:00:32.714,2026-10-06 08:00:34.802,2088
4729,event-ingest,webhook,success,2026-10-06 08:00:32.742,2026-10-06 08:00:34.788,2046
4730,event-ingest,webhook,success,2026-10-06 08:00:32.787,2026-10-06 08:00:36.534,3747
4731,event-ingest,webhook,success,2026-10-06 08:00:32.814,2026-10-06 08:00:34.843,2029
4732,health-monitor,trigger,success,2026-10-06 08:05:00.020,2026-10-06 08:05:00.169,149
4733,health-monitor,trigger,success,2026-10-06 08:10:00.029,2026-10-06 08:10:00.178,149
4734,ioc-extractor,trigger,success,2026-10-06 08:15:00.030,2026-10-06 08:15:00.368,338
4735,health-monitor,trigger,success,2026-10-06 08:15:00.038,2026-10-06 08:15:00.286,248
4736,event-ingest,webhook,success,2026-10-06 08:15:02.860,2026-10-06 08:15:03.256,396
4737,event-ingest,webhook,success,2026-10-06 08:15:02.892,2026-10-06 08:15:03.271,379
4738,event-ingest,webhook,success,2026-10-06 08:15:02.926,2026-10-06 08:15:03.258,332
4739,event-ingest,webhook,success,2026-10-06 08:15:02.961,2026-10-06 08:15:03.349,388
4740,event-ingest,webhook,success,2026-10-06 08:15:02.996,2026-10-06 08:15:03.351,355
4741,event-ingest,webhook,success,2026-10-06 08:15:03.030,2026-10-06 08:15:03.423,393
4742,event-ingest,webhook,success,2026-10-06 08:15:03.964,2026-10-06 08:15:04.302,338
4743,event-ingest,webhook,success,2026-10-06 08:15:04.898,2026-10-06 08:15:05.226,328
4744,event-ingest,webhook,success,2026-10-06 08:15:05.535,2026-10-06 08:15:05.875,340
4745,event-ingest,webhook,success,2026-10-06 08:15:06.484,2026-10-06 08:15:06.845,361
4746,event-ingest,webhook,success,2026-10-06 08:15:07.113,2026-10-06 08:15:07.440,327
4747,event-ingest,webhook,success,2026-10-06 08:15:08.044,2026-10-06 08:15:08.382,338
4748,event-ingest,webhook,success,2026-10-06 08:15:08.679,2026-10-06 08:15:09.031,352
4749,event-ingest,webhook,success,2026-10-06 08:15:09.616,2026-10-06 08:15:09.960,344
4750,event-ingest,webhook,success,2026-10-06 08:15:09.641,2026-10-06 08:15:10.001,360
4751,event-ingest,webhook,success,2026-10-06 08:15:10.576,2026-10-06 08:15:10.918,342
4752,event-ingest,webhook,success,2026-10-06 08:15:10.602,2026-10-06 08:15:10.978,376
4753,event-ingest,webhook,success,2026-10-06 08:15:10.631,2026-10-06 08:15:10.969,338
4754,event-ingest,webhook,success,2026-10-06 08:15:10.666,2026-10-06 08:15:11.029,363
4755,event-ingest,webhook,success,2026-10-06 08:15:12.798,2026-10-06 08:15:13.135,337
4756,event-ingest,webhook,success,2026-10-06 08:15:12.825,2026-10-06 08:15:13.194,369
4757,event-ingest,webhook,success,2026-10-06 08:15:12.850,2026-10-06 08:15:13.193,343
4758,event-ingest,webhook,success,2026-10-06 08:15:12.878,2026-10-06 08:15:13.240,362
4759,event-ingest,webhook,success,2026-10-06 08:15:14.716,2026-10-06 08:15:15.052,336
4760,event-ingest,webhook,success,2026-10-06 08:15:14.743,2026-10-06 08:15:15.125,382
4761,event-ingest,webhook,success,2026-10-06 08:15:14.768,2026-10-06 08:15:15.098,330
4762,event-ingest,webhook,success,2026-10-06 08:15:14.793,2026-10-06 08:15:15.168,375
4763,event-ingest,webhook,success,2026-10-06 08:15:16.926,2026-10-06 08:15:17.262,336
4764,event-ingest,webhook,success,2026-10-06 08:15:16.952,2026-10-06 08:15:17.325,373
4765,event-ingest,webhook,success,2026-10-06 08:15:16.975,2026-10-06 08:15:17.302,327
4766,event-ingest,webhook,success,2026-10-06 08:15:17.004,2026-10-06 08:15:17.380,376
4767,event-ingest,webhook,success,2026-10-06 08:15:18.842,2026-10-06 08:15:20.878,2036
4768,event-ingest,webhook,success,2026-10-06 08:15:18.867,2026-10-06 08:15:20.929,2062
4769,event-ingest,webhook,success,2026-10-06 08:15:18.891,2026-10-06 08:15:20.927,2036
4770,event-ingest,webhook,success,2026-10-06 08:15:18.921,2026-10-06 08:15:20.981,2060
4771,event-ingest,webhook,success,2026-10-06 08:15:21.052,2026-10-06 08:15:23.099,2047
4772,event-ingest,webhook,success,2026-10-06 08:15:21.078,2026-10-06 08:15:23.159,2081
4773,event-ingest,webhook,success,2026-10-06 08:15:21.100,2026-10-06 08:15:23.146,2046
4774,event-ingest,webhook,success,2026-10-06 08:15:21.126,2026-10-06 08:15:23.197,2071
4775,event-ingest,webhook,success,2026-10-06 08:15:22.953,2026-10-06 08:15:24.997,2044
4776,event-ingest,webhook,success,2026-10-06 08:15:22.983,2026-10-06 08:15:25.059,2076
4777,event-ingest,webhook,success,2026-10-06 08:15:23.014,2026-10-06 08:15:25.057,2043
4778,event-ingest,webhook,success,2026-10-06 08:15:23.054,2026-10-06 08:15:25.199,2145
4779,event-ingest,webhook,success,2026-10-06 08:15:23.164,2026-10-06 08:15:25.269,2105
4780,event-ingest,webhook,success,2026-10-06 08:15:23.270,2026-10-06 08:15:25.338,2068
4781,health-monitor,trigger,success,2026-10-06 08:20:00.025,2026-10-06 08:20:00.183,158
4782,health-monitor,trigger,success,2026-10-06 08:25:00.024,2026-10-06 08:25:00.153,129
4783,ioc-extractor,trigger,success,2026-10-06 08:30:00.029,2026-10-06 08:30:00.296,267
4784,health-monitor,trigger,success,2026-10-06 08:30:00.039,2026-10-06 08:30:00.268,229
4785,event-ingest,webhook,success,2026-10-06 08:30:02.928,2026-10-06 08:30:03.337,409
4786,event-ingest,webhook,success,2026-10-06 08:30:02.957,2026-10-06 08:30:03.335,378
4787,event-ingest,webhook,success,2026-10-06 08:30:02.986,2026-10-06 08:30:03.330,344
4788,event-ingest,webhook,success,2026-10-06 08:30:03.019,2026-10-06 08:30:03.396,377
4789,event-ingest,webhook,success,2026-10-06 08:30:04.858,2026-10-06 08:30:05.190,332
4790,event-ingest,webhook,success,2026-10-06 08:30:04.883,2026-10-06 08:30:05.248,365
4791,event-ingest,webhook,success,2026-10-06 08:30:04.914,2026-10-06 08:30:05.246,332
4792,event-ingest,webhook,success,2026-10-06 08:30:04.942,2026-10-06 08:30:05.315,373
4793,event-ingest,webhook,success,2026-10-06 08:30:07.073,2026-10-06 08:30:07.415,342
4794,event-ingest,webhook,success,2026-10-06 08:30:07.099,2026-10-06 08:30:07.481,382
4795,event-ingest,webhook,success,2026-10-06 08:30:07.134,2026-10-06 08:30:07.461,327
4796,event-ingest,webhook,success,2026-10-06 08:30:07.183,2026-10-06 08:30:07.517,334
4797,event-ingest,webhook,success,2026-10-06 08:30:09.022,2026-10-06 08:30:09.357,335
4798,event-ingest,webhook,success,2026-10-06 08:30:09.048,2026-10-06 08:30:09.425,377
4799,event-ingest,webhook,success,2026-10-06 08:30:09.071,2026-10-06 08:30:09.427,356
4800,event-ingest,webhook,success,2026-10-06 08:30:09.099,2026-10-06 08:30:09.472,373
4801,event-ingest,webhook,success,2026-10-06 08:30:11.231,2026-10-06 08:30:11.579,348
4802,event-ingest,webhook,success,2026-10-06 08:30:11.257,2026-10-06 08:30:11.684,427
4803,event-ingest,webhook,success,2026-10-06 08:30:11.282,2026-10-06 08:30:11.673,391
4804,event-ingest,webhook,success,2026-10-06 08:30:11.309,2026-10-06 08:30:11.714,405
4805,event-ingest,webhook,success,2026-10-06 08:30:13.136,2026-10-06 08:30:13.483,347
4806,event-ingest,webhook,success,2026-10-06 08:30:13.165,2026-10-06 08:30:13.529,364
4807,event-ingest,webhook,success,2026-10-06 08:30:13.190,2026-10-06 08:30:13.527,337
4808,event-ingest,webhook,success,2026-10-06 08:30:13.218,2026-10-06 08:30:13.601,383
4809,event-ingest,webhook,success,2026-10-06 08:30:13.249,2026-10-06 08:30:13.599,350
4810,event-ingest,webhook,success,2026-10-06 08:30:13.277,2026-10-06 08:30:13.706,429
4811,event-ingest,webhook,success,2026-10-06 08:30:14.209,2026-10-06 08:30:14.556,347
4812,event-ingest,webhook,success,2026-10-06 08:30:15.140,2026-10-06 08:30:15.473,333
4813,event-ingest,webhook,success,2026-10-06 08:30:16.071,2026-10-06 08:30:16.413,342
4814,event-ingest,webhook,success,2026-10-06 08:30:16.703,2026-10-06 08:30:17.036,333
4815,event-ingest,webhook,success,2026-10-06 08:30:17.641,2026-10-06 08:30:17.983,342
4816,event-ingest,webhook,success,2026-10-06 08:30:18.272,2026-10-06 08:30:18.676,404
4817,event-ingest,webhook,success,2026-10-06 08:30:18.297,2026-10-06 08:30:18.700,403
4818,event-ingest,webhook,success,2026-10-06 08:30:19.230,2026-10-06 08:30:19.566,336
4819,event-ingest,webhook,success,2026-10-06 08:30:19.255,2026-10-06 08:30:19.617,362
4820,event-ingest,webhook,success,2026-10-06 08:30:19.278,2026-10-06 08:30:19.615,337
4821,event-ingest,webhook,success,2026-10-06 08:30:19.306,2026-10-06 08:30:19.677,371
4822,event-ingest,webhook,success,2026-10-06 08:30:21.443,2026-10-06 08:30:21.785,342
4823,event-ingest,webhook,success,2026-10-06 08:30:21.477,2026-10-06 08:30:21.890,413
4824,event-ingest,webhook,success,2026-10-06 08:30:21.513,2026-10-06 08:30:21.869,356
4825,event-ingest,webhook,success,2026-10-06 08:30:21.573,2026-10-06 08:30:23.650,2077
4826,event-ingest,webhook,success,2026-10-06 08:30:21.602,2026-10-06 08:30:23.649,2047
4827,event-ingest,webhook,success,2026-10-06 08:30:21.635,2026-10-06 08:30:23.704,2069
4828,health-monitor,trigger,success,2026-10-06 08:35:00.029,2026-10-06 08:35:00.203,174
4829,health-monitor,trigger,success,2026-10-06 08:40:00.030,2026-10-06 08:40:00.152,122
4830,health-monitor,trigger,success,2026-10-06 08:45:00.036,2026-10-06 08:45:00.238,202
4831,ioc-extractor,trigger,success,2026-10-06 08:45:00.044,2026-10-06 08:45:00.324,280
4832,event-ingest,webhook,success,2026-10-06 08:45:02.799,2026-10-06 08:45:03.198,399
4833,event-ingest,webhook,success,2026-10-06 08:45:02.830,2026-10-06 08:45:03.208,378
4834,event-ingest,webhook,success,2026-10-06 08:45:02.857,2026-10-06 08:45:03.196,339
4835,event-ingest,webhook,success,2026-10-06 08:45:02.894,2026-10-06 08:45:03.273,379
4836,event-ingest,webhook,success,2026-10-06 08:45:05.029,2026-10-06 08:45:05.362,333
4837,event-ingest,webhook,success,2026-10-06 08:45:05.054,2026-10-06 08:45:05.431,377
4838,event-ingest,webhook,success,2026-10-06 08:45:05.079,2026-10-06 08:45:05.433,354
4839,event-ingest,webhook,success,2026-10-06 08:45:05.107,2026-10-06 08:45:05.471,364
4840,event-ingest,webhook,success,2026-10-06 08:45:06.937,2026-10-06 08:45:07.264,327
4841,event-ingest,webhook,success,2026-10-06 08:45:06.960,2026-10-06 08:45:07.339,379
4842,event-ingest,webhook,success,2026-10-06 08:45:06.993,2026-10-06 08:45:07.337,344
4843,event-ingest,webhook,success,2026-10-06 08:45:07.021,2026-10-06 08:45:07.390,369
4844,event-ingest,webhook,success,2026-10-06 08:45:09.155,2026-10-06 08:45:09.504,349
4845,event-ingest,webhook,success,2026-10-06 08:45:09.181,2026-10-06 08:45:09.564,383
4846,event-ingest,webhook,success,2026-10-06 08:45:09.205,2026-10-06 08:45:09.552,347
4847,event-ingest,webhook,success,2026-10-06 08:45:09.230,2026-10-06 08:45:09.629,399
4848,event-ingest,webhook,success,2026-10-06 08:45:11.059,2026-10-06 08:45:11.388,329
4849,event-ingest,webhook,success,2026-10-06 08:45:11.089,2026-10-06 08:45:11.484,395
4850,event-ingest,webhook,success,2026-10-06 08:45:11.113,2026-10-06 08:45:11.463,350
4851,event-ingest,webhook,success,2026-10-06 08:45:11.151,2026-10-06 08:45:11.521,370
4852,event-ingest,webhook,success,2026-10-06 08:45:11.179,2026-10-06 08:45:11.505,326
4853,event-ingest,webhook,success,2026-10-06 08:45:11.206,2026-10-06 08:45:11.638,432
4854,event-ingest,webhook,success,2026-10-06 08:45:12.441,2026-10-06 08:45:12.779,338
4855,event-ingest,webhook,success,2026-10-06 08:45:13.073,2026-10-06 08:45:13.406,333
4856,event-ingest,webhook,success,2026-10-06 08:45:14.008,2026-10-06 08:45:14.351,343
4857,event-ingest,webhook,success,2026-10-06 08:45:14.643,2026-10-06 08:45:14.988,345
4858,event-ingest,webhook,success,2026-10-06 08:45:15.576,2026-10-06 08:45:15.915,339
4859,event-ingest,webhook,success,2026-10-06 08:45:16.210,2026-10-06 08:45:16.560,350
4860,event-ingest,webhook,success,2026-10-06 08:45:17.143,2026-10-06 08:45:17.493,350
4861,event-ingest,webhook,success,2026-10-06 08:45:17.167,2026-10-06 08:45:17.525,358
4862,event-ingest,webhook,success,2026-10-06 08:45:18.100,2026-10-06 08:45:18.431,331
4863,event-ingest,webhook,success,2026-10-06 08:45:18.128,2026-10-06 08:45:20.205,2077
4864,event-ingest,webhook,success,2026-10-06 08:45:18.155,2026-10-06 08:45:18.489,334
4865,event-ingest,webhook,success,2026-10-06 08:45:18.184,2026-10-06 08:45:20.247,2063
4866,event-ingest,webhook,success,2026-10-06 08:45:20.313,2026-10-06 08:45:22.340,2027
4867,event-ingest,webhook,success,2026-10-06 08:45:20.339,2026-10-06 08:45:22.401,2062
4868,event-ingest,webhook,success,2026-10-06 08:45:20.364,2026-10-06 08:45:22.389,2025
4869,event-ingest,webhook,success,2026-10-06 08:45:20.393,2026-10-06 08:45:22.451,2058
4870,event-ingest,webhook,success,2026-10-06 08:45:22.224,2026-10-06 08:45:24.262,2038
4871,event-ingest,webhook,success,2026-10-06 08:45:22.253,2026-10-06 08:45:24.318,2065
4872,event-ingest,webhook,success,2026-10-06 08:45:22.277,2026-10-06 08:45:24.307,2030
4873,event-ingest,webhook,success,2026-10-06 08:45:22.306,2026-10-06 08:45:24.368,2062
4874,event-ingest,webhook,success,2026-10-06 08:45:24.436,2026-10-06 08:45:26.463,2027
4875,event-ingest,webhook,success,2026-10-06 08:45:24.462,2026-10-06 08:45:26.523,2061
4876,event-ingest,webhook,success,2026-10-06 08:45:24.485,2026-10-06 08:45:26.511,2026
4877,event-ingest,webhook,success,2026-10-06 08:45:24.511,2026-10-06 08:45:26.567,2056
4878,event-ingest,webhook,success,2026-10-06 08:45:26.361,2026-10-06 08:45:28.416,2055
4879,event-ingest,webhook,success,2026-10-06 08:45:26.409,2026-10-06 08:45:28.475,2066
4880,event-ingest,webhook,success,2026-10-06 08:45:26.432,2026-10-06 08:45:28.463,2031
4881,event-ingest,webhook,success,2026-10-06 08:45:26.467,2026-10-06 08:45:28.502,2035
4882,event-ingest,webhook,success,2026-10-06 08:45:28.303,2026-10-06 08:45:30.340,2037
4883,event-ingest,webhook,success,2026-10-06 08:45:28.327,2026-10-06 08:45:30.391,2064
4884,event-ingest,webhook,success,2026-10-06 08:45:28.350,2026-10-06 08:45:30.380,2030
4885,event-ingest,webhook,success,2026-10-06 08:45:28.378,2026-10-06 08:45:30.471,2093
4886,event-ingest,webhook,success,2026-10-06 08:45:28.419,2026-10-06 08:45:30.462,2043
4887,event-ingest,webhook,success,2026-10-06 08:45:28.473,2026-10-06 08:45:30.533,2060
4888,event-ingest,webhook,success,2026-10-06 08:45:28.547,2026-10-06 08:45:30.627,2080
4889,event-ingest,webhook,success,2026-10-06 08:45:28.586,2026-10-06 08:45:30.620,2034
4890,event-ingest,webhook,success,2026-10-06 08:45:28.614,2026-10-06 08:45:30.678,2064
4891,health-monitor,trigger,success,2026-10-06 08:50:00.021,2026-10-06 08:50:00.167,146
4892,health-monitor,trigger,success,2026-10-06 08:55:00.023,2026-10-06 08:55:00.198,175
4893,ioc-extractor,trigger,success,2026-10-06 09:00:00.016,2026-10-06 09:00:00.331,315
4894,health-monitor,trigger,success,2026-10-06 09:00:00.028,2026-10-06 09:00:00.266,238
4895,event-ingest,webhook,success,2026-10-06 09:00:02.884,2026-10-06 09:00:03.297,413
4896,event-ingest,webhook,success,2026-10-06 09:00:02.912,2026-10-06 09:00:03.307,395
4897,event-ingest,webhook,success,2026-10-06 09:00:02.940,2026-10-06 09:00:03.298,358
4898,event-ingest,webhook,success,2026-10-06 09:00:02.971,2026-10-06 09:00:03.338,367
4899,event-ingest,webhook,success,2026-10-06 09:00:05.103,2026-10-06 09:00:05.443,340
4900,event-ingest,webhook,success,2026-10-06 09:00:05.132,2026-10-06 09:00:05.582,450
4901,event-ingest,webhook,success,2026-10-06 09:00:05.160,2026-10-06 09:00:05.501,341
4902,event-ingest,webhook,success,2026-10-06 09:00:05.192,2026-10-06 09:00:05.556,364
4903,event-ingest,webhook,success,2026-10-06 09:00:07.028,2026-10-06 09:00:07.383,355
4904,event-ingest,webhook,success,2026-10-06 09:00:07.059,2026-10-06 09:00:07.445,386
4905,event-ingest,webhook,success,2026-10-06 09:00:07.085,2026-10-06 09:00:07.432,347
4906,event-ingest,webhook,success,2026-10-06 09:00:07.115,2026-10-06 09:00:07.478,363
4907,event-ingest,webhook,success,2026-10-06 09:00:08.957,2026-10-06 09:00:09.292,335
4908,event-ingest,webhook,success,2026-10-06 09:00:08.982,2026-10-06 09:00:09.350,368
4909,event-ingest,webhook,success,2026-10-06 09:00:09.008,2026-10-06 09:00:09.338,330
4910,event-ingest,webhook,success,2026-10-06 09:00:09.034,2026-10-06 09:00:09.420,386
4911,event-ingest,webhook,success,2026-10-06 09:00:11.165,2026-10-06 09:00:11.498,333
4912,event-ingest,webhook,success,2026-10-06 09:00:11.192,2026-10-06 09:00:11.620,428
4913,event-ingest,webhook,success,2026-10-06 09:00:11.220,2026-10-06 09:00:11.593,373
4914,event-ingest,webhook,success,2026-10-06 09:00:11.260,2026-10-06 09:00:11.622,362
4915,event-ingest,webhook,success,2026-10-06 09:00:13.092,2026-10-06 09:00:13.442,350
4916,event-ingest,webhook,success,2026-10-06 09:00:13.125,2026-10-06 09:00:13.496,371
4917,event-ingest,webhook,success,2026-10-06 09:00:13.155,2026-10-06 09:00:13.494,339
4918,event-ingest,webhook,success,2026-10-06 09:00:13.192,2026-10-06 09:00:13.598,406
4919,event-ingest,webhook,success,2026-10-06 09:00:15.319,2026-10-06 09:00:15.663,344
4920,event-ingest,webhook,success,2026-10-06 09:00:15.345,2026-10-06 09:00:15.718,373
4921,event-ingest,webhook,success,2026-10-06 09:00:15.367,2026-10-06 09:00:15.698,331
4922,event-ingest,webhook,success,2026-10-06 09:00:15.396,2026-10-06 09:00:15.803,407
4923,event-ingest,webhook,success,2026-10-06 09:00:15.436,2026-10-06 09:00:15.802,366
4924,event-ingest,webhook,success,2026-10-06 09:00:15.478,2026-10-06 09:00:15.863,385
4925,event-ingest,webhook,success,2026-10-06 09:00:16.418,2026-10-06 09:00:16.766,348
4926,event-ingest,webhook,success,2026-10-06 09:00:17.049,2026-10-06 09:00:17.399,350
4927,event-ingest,webhook,success,2026-10-06 09:00:17.982,2026-10-06 09:00:20.011,2029
4928,event-ingest,webhook,success,2026-10-06 09:00:18.916,2026-10-06 09:00:20.950,2034
4929,event-ingest,webhook,success,2026-10-06 09:00:19.549,2026-10-06 09:00:21.582,2033
4930,event-ingest,webhook,success,2026-10-06 09:00:20.483,2026-10-06 09:00:22.520,2037
4931,event-ingest,webhook,success,2026-10-06 09:00:21.116,2026-10-06 09:00:23.153,2037
4932,event-ingest,webhook,success,2026-10-06 09:00:21.148,2026-10-06 09:00:23.210,2062
4933,event-ingest,webhook,success,2026-10-06 09:00:22.076,2026-10-06 09:00:24.101,2025
4934,event-ingest,webhook,success,2026-10-06 09:00:22.102,2026-10-06 09:00:24.167,2065
4935,event-ingest,webhook,success,2026-10-06 09:00:22.125,2026-10-06 09:00:24.151,2026
4936,event-ingest,webhook,success,2026-10-06 09:00:22.154,2026-10-06 09:00:24.220,2066
4937,event-ingest,webhook,success,2026-10-06 09:00:24.284,2026-10-06 09:00:26.325,2041
4938,event-ingest,webhook,success,2026-10-06 09:00:24.314,2026-10-06 09:00:26.396,2082
4939,event-ingest,webhook,success,2026-10-06 09:00:24.348,2026-10-06 09:00:26.382,2034
4940,event-ingest,webhook,success,2026-10-06 09:00:24.381,2026-10-06 09:00:26.453,2072
4941,event-ingest,webhook,success,2026-10-06 09:00:24.410,2026-10-06 09:00:26.440,2030
4942,event-ingest,webhook,success,2026-10-06 09:00:24.436,2026-10-06 09:00:26.519,2083
4943,event-ingest,webhook,success,2026-10-06 09:00:24.469,2026-10-06 09:00:26.495,2026
4944,health-monitor,trigger,success,2026-10-06 09:05:00.022,2026-10-06 09:05:00.214,192
4945,health-monitor,trigger,success,2026-10-06 09:10:00.026,2026-10-06 09:10:00.161,135
4946,health-monitor,trigger,success,2026-10-06 09:15:00.035,2026-10-06 09:15:00.237,202
4947,ioc-extractor,trigger,success,2026-10-06 09:15:00.043,2026-10-06 09:15:00.337,294
4948,event-ingest,webhook,success,2026-10-06 09:15:02.893,2026-10-06 09:15:03.282,389
4949,event-ingest,webhook,success,2026-10-06 09:15:02.923,2026-10-06 09:15:03.302,379
4950,event-ingest,webhook,success,2026-10-06 09:15:02.953,2026-10-06 09:15:03.294,341
4951,event-ingest,webhook,success,2026-10-06 09:15:02.989,2026-10-06 09:15:03.360,371
4952,event-ingest,webhook,success,2026-10-06 09:15:04.821,2026-10-06 09:15:05.158,337
4953,event-ingest,webhook,success,2026-10-06 09:15:04.851,2026-10-06 09:15:05.230,379
4954,event-ingest,webhook,success,2026-10-06 09:15:04.881,2026-10-06 09:15:05.232,351
4955,event-ingest,webhook,success,2026-10-06 09:15:04.916,2026-10-06 09:15:05.285,369
4956,event-ingest,webhook,success,2026-10-06 09:15:07.048,2026-10-06 09:15:07.374,326
4957,event-ingest,webhook,success,2026-10-06 09:15:07.073,2026-10-06 09:15:07.440,367
4958,event-ingest,webhook,success,2026-10-06 09:15:07.098,2026-10-06 09:15:07.433,335
4959,event-ingest,webhook,success,2026-10-06 09:15:07.126,2026-10-06 09:15:07.548,422
4960,event-ingest,webhook,success,2026-10-06 09:15:08.958,2026-10-06 09:15:09.295,337
4961,event-ingest,webhook,success,2026-10-06 09:15:08.987,2026-10-06 09:15:09.357,370
4962,event-ingest,webhook,success,2026-10-06 09:15:09.016,2026-10-06 09:15:09.355,339
4963,event-ingest,webhook,success,2026-10-06 09:15:09.046,2026-10-06 09:15:09.408,362
4964,event-ingest,webhook,success,2026-10-06 09:15:11.181,2026-10-06 09:15:11.518,337
4965,event-ingest,webhook,success,2026-10-06 09:15:11.207,2026-10-06 09:15:11.590,383
4966,event-ingest,webhook,success,2026-10-06 09:15:11.234,2026-10-06 09:15:11.571,337
4967,event-ingest,webhook,success,2026-10-06 09:15:11.279,2026-10-06 09:15:11.661,382
4968,event-ingest,webhook,success,2026-10-06 09:15:11.305,2026-10-06 09:15:11.637,332
4969,event-ingest,webhook,success,2026-10-06 09:15:11.336,2026-10-06 09:15:11.712,376
4970,event-ingest,webhook,success,2026-10-06 09:15:12.274,2026-10-06 09:15:12.603,329
4971,event-ingest,webhook,success,2026-10-06 09:15:13.201,2026-10-06 09:15:13.583,382
4972,event-ingest,webhook,success,2026-10-06 09:15:13.829,2026-10-06 09:15:14.168,339
4973,event-ingest,webhook,success,2026-10-06 09:15:14.763,2026-10-06 09:15:15.113,350
4974,event-ingest,webhook,success,2026-10-06 09:15:15.396,2026-10-06 09:15:15.731,335
4975,event-ingest,webhook,success,2026-10-06 09:15:16.326,2026-10-06 09:15:16.655,329
4976,event-ingest,webhook,success,2026-10-06 09:15:16.352,2026-10-06 09:15:16.724,372
4977,event-ingest,webhook,success,2026-10-06 09:15:17.282,2026-10-06 09:15:17.631,349
4978,event-ingest,webhook,success,2026-10-06 09:15:17.308,2026-10-06 09:15:17.669,361
4979,event-ingest,webhook,success,2026-10-06 09:15:17.332,2026-10-06 09:15:17.662,330
4980,event-ingest,webhook,success,2026-10-06 09:15:17.364,2026-10-06 09:15:17.726,362
4981,event-ingest,webhook,success,2026-10-06 09:15:19.194,2026-10-06 09:15:19.597,403
4982,event-ingest,webhook,success,2026-10-06 09:15:19.220,2026-10-06 09:15:19.599,379
4983,event-ingest,webhook,success,2026-10-06 09:15:19.245,2026-10-06 09:15:19.585,340
4984,event-ingest,webhook,success,2026-10-06 09:15:19.277,2026-10-06 09:15:19.641,364
4985,event-ingest,webhook,success,2026-10-06 09:15:21.417,2026-10-06 09:15:21.752,335
4986,event-ingest,webhook,success,2026-10-06 09:15:21.443,2026-10-06 09:15:21.816,373
4987,event-ingest,webhook,success,2026-10-06 09:15:21.468,2026-10-06 09:15:21.817,349
4988,event-ingest,webhook,success,2026-10-06 09:15:21.498,2026-10-06 09:15:21.871,373
4989,event-ingest,webhook,success,2026-10-06 09:15:23.335,2026-10-06 09:15:23.675,340
4990,event-ingest,webhook,success,2026-10-06 09:15:23.359,2026-10-06 09:15:25.429,2070
4991,event-ingest,webhook,success,2026-10-06 09:15:23.383,2026-10-06 09:15:23.715,332
4992,event-ingest,webhook,success,2026-10-06 09:15:23.413,2026-10-06 09:15:25.472,2059
4993,event-ingest,webhook,success,2026-10-06 09:15:25.544,2026-10-06 09:15:27.566,2022
4994,event-ingest,webhook,success,2026-10-06 09:15:25.567,2026-10-06 09:15:27.627,2060
4995,event-ingest,webhook,success,2026-10-06 09:15:25.589,2026-10-06 09:15:27.612,2023
4996,event-ingest,webhook,success,2026-10-06 09:15:25.615,2026-10-06 09:15:27.674,2059
4997,event-ingest,webhook,success,2026-10-06 09:15:27.452,2026-10-06 09:15:29.476,2024
4998,event-ingest,webhook,success,2026-10-06 09:15:27.474,2026-10-06 09:15:29.540,2066
4999,event-ingest,webhook,success,2026-10-06 09:15:27.497,2026-10-06 09:15:29.525,2028
5000,event-ingest,webhook,success,2026-10-06 09:15:27.523,2026-10-06 09:15:29.592,2069
5001,event-ingest,webhook,success,2026-10-06 09:15:29.655,2026-10-06 09:15:31.685,2030
5002,event-ingest,webhook,success,2026-10-06 09:15:29.683,2026-10-06 09:15:31.745,2062
5003,event-ingest,webhook,success,2026-10-06 09:15:29.704,2026-10-06 09:15:31.733,2029
5004,event-ingest,webhook,success,2026-10-06 09:15:29.731,2026-10-06 09:15:31.788,2057
5005,event-ingest,webhook,success,2026-10-06 09:15:31.566,2026-10-06 09:15:33.595,2029
5006,event-ingest,webhook,success,2026-10-06 09:15:31.589,2026-10-06 09:15:33.652,2063
5007,event-ingest,webhook,success,2026-10-06 09:15:31.610,2026-10-06 09:15:33.640,2030
5008,event-ingest,webhook,success,2026-10-06 09:15:31.637,2026-10-06 09:15:33.704,2067
5009,event-ingest,webhook,success,2026-10-06 09:15:33.764,2026-10-06 09:15:35.812,2048
5010,event-ingest,webhook,success,2026-10-06 09:15:33.799,2026-10-06 09:15:35.888,2089
5011,event-ingest,webhook,success,2026-10-06 09:15:33.836,2026-10-06 09:15:35.879,2043
5012,event-ingest,webhook,success,2026-10-06 09:15:33.871,2026-10-06 09:15:35.942,2071
5013,event-ingest,webhook,success,2026-10-06 09:15:33.896,2026-10-06 09:15:35.932,2036
5014,event-ingest,webhook,success,2026-10-06 09:15:33.932,2026-10-06 09:15:36.000,2068
5015,event-ingest,webhook,success,2026-10-06 09:15:33.959,2026-10-06 09:15:35.989,2030
5016,event-ingest,webhook,success,2026-10-06 09:15:33.987,2026-10-06 09:15:36.070,2083
5017,event-ingest,webhook,success,2026-10-06 09:15:34.028,2026-10-06 09:15:36.062,2034
5018,event-ingest,webhook,success,2026-10-06 09:15:34.058,2026-10-06 09:15:37.834,3776
5019,event-ingest,webhook,success,2026-10-06 09:15:34.085,2026-10-06 09:15:36.120,2035
5020,event-ingest,webhook,success,2026-10-06 09:15:34.112,2026-10-06 09:15:37.895,3783
5021,health-monitor,trigger,success,2026-10-06 09:20:00.026,2026-10-06 09:20:00.185,159
5022,health-monitor,trigger,success,2026-10-06 09:25:00.032,2026-10-06 09:25:00.173,141
5023,ioc-extractor,trigger,success,2026-10-06 09:30:00.035,2026-10-06 09:30:00.395,360
5024,health-monitor,trigger,success,2026-10-06 09:30:00.044,2026-10-06 09:30:00.300,256
5025,event-ingest,webhook,success,2026-10-06 09:30:02.974,2026-10-06 09:30:03.337,363
5026,event-ingest,webhook,success,2026-10-06 09:30:03.004,2026-10-06 09:30:03.392,388
5027,event-ingest,webhook,success,2026-10-06 09:30:03.041,2026-10-06 09:30:03.390,349
5028,event-ingest,webhook,success,2026-10-06 09:30:03.073,2026-10-06 09:30:03.462,389
5029,event-ingest,webhook,success,2026-10-06 09:30:03.104,2026-10-06 09:30:03.465,361
5030,event-ingest,webhook,success,2026-10-06 09:30:03.141,2026-10-06 09:30:03.516,375
5031,event-ingest,webhook,success,2026-10-06 09:30:04.071,2026-10-06 09:30:04.395,324
5032,event-ingest,webhook,success,2026-10-06 09:30:04.996,2026-10-06 09:30:05.348,352
5033,event-ingest,webhook,success,2026-10-06 09:30:05.625,2026-10-06 09:30:05.974,349
5034,event-ingest,webhook,success,2026-10-06 09:30:06.560,2026-10-06 09:30:06.917,357
5035,event-ingest,webhook,success,2026-10-06 09:30:07.191,2026-10-06 09:30:07.571,380
5036,event-ingest,webhook,success,2026-10-06 09:30:08.120,2026-10-06 09:30:08.474,354
5037,event-ingest,webhook,success,2026-10-06 09:30:08.751,2026-10-06 09:30:09.087,336
5038,event-ingest,webhook,success,2026-10-06 09:30:08.782,2026-10-06 09:30:09.155,373
5039,event-ingest,webhook,success,2026-10-06 09:30:10.024,2026-10-06 09:30:10.379,355
5040,event-ingest,webhook,success,2026-10-06 09:30:10.053,2026-10-06 09:30:10.424,371
5041,event-ingest,webhook,success,2026-10-06 09:30:10.076,2026-10-06 09:30:10.427,351
5042,event-ingest,webhook,success,2026-10-06 09:30:10.103,2026-10-06 09:30:10.465,362
5043,event-ingest,webhook,success,2026-10-06 09:30:11.935,2026-10-06 09:30:12.270,335
5044,event-ingest,webhook,success,2026-10-06 09:30:11.961,2026-10-06 09:30:12.339,378
5045,event-ingest,webhook,success,2026-10-06 09:30:11.987,2026-10-06 09:30:12.316,329
5046,event-ingest,webhook,success,2026-10-06 09:30:12.013,2026-10-06 09:30:12.394,381
5047,event-ingest,webhook,success,2026-10-06 09:30:13.849,2026-10-06 09:30:14.200,351
5048,event-ingest,webhook,success,2026-10-06 09:30:13.881,2026-10-06 09:30:14.246,365
5049,event-ingest,webhook,success,2026-10-06 09:30:13.906,2026-10-06 09:30:14.256,350
5050,event-ingest,webhook,success,2026-10-06 09:30:13.935,2026-10-06 09:30:14.312,377
5051,event-ingest,webhook,success,2026-10-06 09:30:16.077,2026-10-06 09:30:16.415,338
5052,event-ingest,webhook,success,2026-10-06 09:30:16.101,2026-10-06 09:30:16.482,381
5053,event-ingest,webhook,success,2026-10-06 09:30:16.126,2026-10-06 09:30:16.480,354
5054,event-ingest,webhook,success,2026-10-06 09:30:16.154,2026-10-06 09:30:16.555,401
5055,event-ingest,webhook,success,2026-10-06 09:30:17.988,2026-10-06 09:30:18.350,362
5056,event-ingest,webhook,success,2026-10-06 09:30:18.017,2026-10-06 09:30:18.391,374
5057,event-ingest,webhook,success,2026-10-06 09:30:18.043,2026-10-06 09:30:18.394,351
5058,event-ingest,webhook,success,2026-10-06 09:30:18.068,2026-10-06 09:30:20.133,2065
5059,event-ingest,webhook,success,2026-10-06 09:30:20.199,2026-10-06 09:30:22.229,2030
5060,event-ingest,webhook,success,2026-10-06 09:30:20.226,2026-10-06 09:30:22.293,2067
5061,event-ingest,webhook,success,2026-10-06 09:30:20.249,2026-10-06 09:30:22.280,2031
5062,event-ingest,webhook,success,2026-10-06 09:30:20.281,2026-10-06 09:30:22.346,2065
5063,event-ingest,webhook,success,2026-10-06 09:30:20.306,2026-10-06 09:30:22.333,2027
5064,event-ingest,webhook,success,2026-10-06 09:30:20.334,2026-10-06 09:30:22.401,2067
5065,event-ingest,webhook,success,2026-10-06 09:30:21.274,2026-10-06 09:30:23.317,2043
5066,event-ingest,webhook,success,2026-10-06 09:30:22.211,2026-10-06 09:30:24.258,2047
5067,event-ingest,webhook,success,2026-10-06 09:30:22.843,2026-10-06 09:30:24.881,2038
5068,event-ingest,webhook,success,2026-10-06 09:30:23.778,2026-10-06 09:30:25.813,2035
5069,event-ingest,webhook,success,2026-10-06 09:30:24.404,2026-10-06 09:30:26.432,2028
5070,event-ingest,webhook,success,2026-10-06 09:30:25.336,2026-10-06 09:30:27.361,2025
5071,event-ingest,webhook,success,2026-10-06 09:30:26.268,2026-10-06 09:30:28.297,2029
5072,event-ingest,webhook,success,2026-10-06 09:30:26.292,2026-10-06 09:30:28.346,2054
5073,event-ingest,webhook,success,2026-10-06 09:30:27.228,2026-10-06 09:30:29.250,2022
5074,event-ingest,webhook,success,2026-10-06 09:30:27.251,2026-10-06 09:30:29.312,2061
5075,event-ingest,webhook,success,2026-10-06 09:30:27.273,2026-10-06 09:30:29.297,2024
5076,event-ingest,webhook,success,2026-10-06 09:30:27.299,2026-10-06 09:30:29.360,2061
5077,event-ingest,webhook,success,2026-10-06 09:30:29.129,2026-10-06 09:30:31.164,2035
5078,event-ingest,webhook,success,2026-10-06 09:30:29.152,2026-10-06 09:30:31.215,2063
5079,event-ingest,webhook,success,2026-10-06 09:30:29.172,2026-10-06 09:30:31.199,2027
5080,event-ingest,webhook,success,2026-10-06 09:30:29.198,2026-10-06 09:30:31.264,2066
5081,event-ingest,webhook,success,2026-10-06 09:30:31.328,2026-10-06 09:30:33.354,2026
5082,event-ingest,webhook,success,2026-10-06 09:30:31.352,2026-10-06 09:30:33.423,2071
5083,event-ingest,webhook,success,2026-10-06 09:30:31.374,2026-10-06 09:30:33.406,2032
5084,event-ingest,webhook,success,2026-10-06 09:30:31.402,2026-10-06 09:30:33.456,2054
5085,event-ingest,webhook,success,2026-10-06 09:30:33.237,2026-10-06 09:30:35.264,2027
5086,event-ingest,webhook,success,2026-10-06 09:30:33.264,2026-10-06 09:30:35.328,2064
5087,event-ingest,webhook,success,2026-10-06 09:30:33.287,2026-10-06 09:30:35.315,2028
5088,event-ingest,webhook,success,2026-10-06 09:30:33.313,2026-10-06 09:30:35.378,2065
5089,event-ingest,webhook,success,2026-10-06 09:30:35.443,2026-10-06 09:30:37.471,2028
5090,event-ingest,webhook,success,2026-10-06 09:30:35.469,2026-10-06 09:30:37.538,2069
5091,event-ingest,webhook,success,2026-10-06 09:30:35.494,2026-10-06 09:30:37.527,2033
5092,event-ingest,webhook,success,2026-10-06 09:30:35.521,2026-10-06 09:30:37.598,2077
5093,event-ingest,webhook,success,2026-10-06 09:30:37.355,2026-10-06 09:30:39.391,2036
5094,event-ingest,webhook,success,2026-10-06 09:30:37.382,2026-10-06 09:30:39.446,2064
5095,event-ingest,webhook,success,2026-10-06 09:30:37.405,2026-10-06 09:30:39.429,2024
5096,event-ingest,webhook,success,2026-10-06 09:30:37.435,2026-10-06 09:30:39.510,2075
5097,event-ingest,webhook,success,2026-10-06 09:30:37.467,2026-10-06 09:30:39.519,2052
5098,event-ingest,webhook,success,2026-10-06 09:30:37.535,2026-10-06 09:30:39.603,2068
5099,event-ingest,webhook,success,2026-10-06 09:30:37.607,2026-10-06 09:30:39.687,2080
5100,event-ingest,webhook,success,2026-10-06 09:30:37.642,2026-10-06 09:30:39.680,2038
5101,event-ingest,webhook,success,2026-10-06 09:30:37.677,2026-10-06 09:30:39.754,2077
5102,event-ingest,webhook,success,2026-10-06 09:30:37.704,2026-10-06 09:30:39.741,2037
5103,health-monitor,trigger,success,2026-10-06 09:35:00.026,2026-10-06 09:35:00.195,169
5104,health-monitor,trigger,success,2026-10-06 09:40:00.030,2026-10-06 09:40:00.170,140
5105,ioc-extractor,trigger,success,2026-10-06 09:45:00.032,2026-10-06 09:45:00.389,357
5106,health-monitor,trigger,success,2026-10-06 09:45:00.041,2026-10-06 09:45:00.290,249
5107,event-ingest,webhook,success,2026-10-06 09:45:02.945,2026-10-06 09:45:03.348,403
5108,event-ingest,webhook,success,2026-10-06 09:45:02.972,2026-10-06 09:45:03.349,377
5109,event-ingest,webhook,success,2026-10-06 09:45:02.998,2026-10-06 09:45:03.360,362
5110,event-ingest,webhook,success,2026-10-06 09:45:03.025,2026-10-06 09:45:03.460,435
5111,event-ingest,webhook,success,2026-10-06 09:45:04.851,2026-10-06 09:45:05.184,333
5112,event-ingest,webhook,success,2026-10-06 09:45:04.882,2026-10-06 09:45:05.267,385
5113,event-ingest,webhook,success,2026-10-06 09:45:04.909,2026-10-06 09:45:05.265,356
5114,event-ingest,webhook,success,2026-10-06 09:45:04.943,2026-10-06 09:45:05.322,379
5115,event-ingest,webhook,success,2026-10-06 09:45:07.077,2026-10-06 09:45:07.415,338
5116,event-ingest,webhook,success,2026-10-06 09:45:07.108,2026-10-06 09:45:07.505,397
5117,event-ingest,webhook,success,2026-10-06 09:45:07.140,2026-10-06 09:45:07.471,331
5118,event-ingest,webhook,success,2026-10-06 09:45:07.179,2026-10-06 09:45:07.597,418
5119,event-ingest,webhook,success,2026-10-06 09:45:07.229,2026-10-06 09:45:07.600,371
5120,event-ingest,webhook,success,2026-10-06 09:45:07.267,2026-10-06 09:45:07.655,388
5121,event-ingest,webhook,success,2026-10-06 09:45:08.202,2026-10-06 09:45:08.549,347
5122,event-ingest,webhook,success,2026-10-06 09:45:08.831,2026-10-06 09:45:09.185,354
5123,event-ingest,webhook,success,2026-10-06 09:45:09.759,2026-10-06 09:45:10.101,342
5124,event-ingest,webhook,success,2026-10-06 09:45:10.383,2026-10-06 09:45:10.737,354
5125,event-ingest,webhook,success,2026-10-06 09:45:11.317,2026-10-06 09:45:11.664,347
5126,event-ingest,webhook,success,2026-10-06 09:45:12.248,2026-10-06 09:45:12.602,354
5127,event-ingest,webhook,success,2026-10-06 09:45:12.876,2026-10-06 09:45:13.226,350
5128,event-ingest,webhook,success,2026-10-06 09:45:12.904,2026-10-06 09:45:13.282,378
5129,event-ingest,webhook,success,2026-10-06 09:45:13.835,2026-10-06 09:45:14.188,353
5130,event-ingest,webhook,success,2026-10-06 09:45:13.864,2026-10-06 09:45:14.243,379
5131,event-ingest,webhook,success,2026-10-06 09:45:13.887,2026-10-06 09:45:14.232,345
5132,event-ingest,webhook,success,2026-10-06 09:45:13.915,2026-10-06 09:45:14.298,383
5133,event-ingest,webhook,success,2026-10-06 09:45:16.058,2026-10-06 09:45:16.404,346
5134,event-ingest,webhook,success,2026-10-06 09:45:16.087,2026-10-06 09:45:16.452,365
5135,event-ingest,webhook,success,2026-10-06 09:45:16.112,2026-10-06 09:45:16.491,379
5136,event-ingest,webhook,success,2026-10-06 09:45:16.139,2026-10-06 09:45:16.503,364
5137,event-ingest,webhook,success,2026-10-06 09:45:16.166,2026-10-06 09:45:16.513,347
5138,event-ingest,webhook,success,2026-10-06 09:45:16.193,2026-10-06 09:45:16.569,376
5139,event-ingest,webhook,success,2026-10-06 09:45:17.124,2026-10-06 09:45:17.468,344
5140,event-ingest,webhook,success,2026-10-06 09:45:17.754,2026-10-06 09:45:19.782,2028
5141,event-ingest,webhook,success,2026-10-06 09:45:18.688,2026-10-06 09:45:20.723,2035
5142,event-ingest,webhook,success,2026-10-06 09:45:19.318,2026-10-06 09:45:21.344,2026
5143,event-ingest,webhook,success,2026-10-06 09:45:20.242,2026-10-06 09:45:22.273,2031
5144,event-ingest,webhook,success,2026-10-06 09:45:20.268,2026-10-06 09:45:22.329,2061
5145,event-ingest,webhook,success,2026-10-06 09:45:21.203,2026-10-06 09:45:23.231,2028
5146,event-ingest,webhook,success,2026-10-06 09:45:21.236,2026-10-06 09:45:23.309,2073
5147,event-ingest,webhook,success,2026-10-06 09:45:21.261,2026-10-06 09:45:23.298,2037
5148,event-ingest,webhook,success,2026-10-06 09:45:21.291,2026-10-06 09:45:23.359,2068
5149,event-ingest,webhook,success,2026-10-06 09:45:23.437,2026-10-06 09:45:25.483,2046
5150,event-ingest,webhook,success,2026-10-06 09:45:23.469,2026-10-06 09:45:25.533,2064
5151,event-ingest,webhook,success,2026-10-06 09:45:23.496,2026-10-06 09:45:25.522,2026
5152,event-ingest,webhook,success,2026-10-06 09:45:23.525,2026-10-06 09:45:25.587,2062
5153,health-monitor,trigger,success,2026-10-06 09:50:00.035,2026-10-06 09:50:00.210,175
5154,health-monitor,trigger,success,2026-10-06 09:55:00.025,2026-10-06 09:55:00.222,197
5155,health-monitor,trigger,success,2026-10-06 10:00:00.036,2026-10-06 10:00:00.237,201
5156,ioc-extractor,trigger,success,2026-10-06 10:00:00.043,2026-10-06 10:00:00.332,289
5157,event-ingest,webhook,success,2026-10-06 10:00:02.894,2026-10-06 10:00:03.291,397
5158,event-ingest,webhook,success,2026-10-06 10:00:02.924,2026-10-06 10:00:03.294,370
5159,event-ingest,webhook,success,2026-10-06 10:00:02.949,2026-10-06 10:00:03.301,352
5160,event-ingest,webhook,success,2026-10-06 10:00:02.977,2026-10-06 10:00:03.339,362
5161,event-ingest,webhook,success,2026-10-06 10:00:05.112,2026-10-06 10:00:05.454,342
5162,event-ingest,webhook,success,2026-10-06 10:00:05.139,2026-10-06 10:00:05.524,385
5163,event-ingest,webhook,success,2026-10-06 10:00:05.164,2026-10-06 10:00:05.522,358
5164,event-ingest,webhook,success,2026-10-06 10:00:05.192,2026-10-06 10:00:05.553,361
5165,event-ingest,webhook,success,2026-10-06 10:00:07.025,2026-10-06 10:00:07.382,357
5166,event-ingest,webhook,success,2026-10-06 10:00:07.052,2026-10-06 10:00:07.456,404
5167,event-ingest,webhook,success,2026-10-06 10:00:07.076,2026-10-06 10:00:07.430,354
5168,event-ingest,webhook,success,2026-10-06 10:00:07.105,2026-10-06 10:00:07.464,359
5169,event-ingest,webhook,success,2026-10-06 10:00:09.241,2026-10-06 10:00:09.594,353
5170,event-ingest,webhook,success,2026-10-06 10:00:09.269,2026-10-06 10:00:09.643,374
5171,event-ingest,webhook,success,2026-10-06 10:00:09.293,2026-10-06 10:00:09.622,329
5172,event-ingest,webhook,success,2026-10-06 10:00:09.319,2026-10-06 10:00:09.685,366
5173,event-ingest,webhook,success,2026-10-06 10:00:11.148,2026-10-06 10:00:11.500,352
5174,event-ingest,webhook,success,2026-10-06 10:00:11.184,2026-10-06 10:00:11.570,386
5175,event-ingest,webhook,success,2026-10-06 10:00:11.212,2026-10-06 10:00:11.561,349
5176,event-ingest,webhook,success,2026-10-06 10:00:11.242,2026-10-06 10:00:11.624,382
5177,event-ingest,webhook,success,2026-10-06 10:00:11.267,2026-10-06 10:00:11.616,349
5178,event-ingest,webhook,success,2026-10-06 10:00:11.296,2026-10-06 10:00:11.662,366
5179,event-ingest,webhook,success,2026-10-06 10:00:12.232,2026-10-06 10:00:12.581,349
5180,event-ingest,webhook,success,2026-10-06 10:00:13.168,2026-10-06 10:00:13.514,346
5181,event-ingest,webhook,success,2026-10-06 10:00:13.800,2026-10-06 10:00:14.128,328
5182,event-ingest,webhook,success,2026-10-06 10:00:14.731,2026-10-06 10:00:15.065,334
5183,event-ingest,webhook,success,2026-10-06 10:00:15.355,2026-10-06 10:00:15.697,342
5184,event-ingest,webhook,success,2026-10-06 10:00:16.283,2026-10-06 10:00:16.629,346
5185,event-ingest,webhook,success,2026-10-06 10:00:16.309,2026-10-06 10:00:16.685,376
5186,event-ingest,webhook,success,2026-10-06 10:00:17.239,2026-10-06 10:00:17.593,354
5187,event-ingest,webhook,success,2026-10-06 10:00:17.270,2026-10-06 10:00:19.346,2076
5188,event-ingest,webhook,success,2026-10-06 10:00:17.301,2026-10-06 10:00:19.337,2036
5189,event-ingest,webhook,success,2026-10-06 10:00:17.329,2026-10-06 10:00:19.388,2059
5190,event-ingest,webhook,success,2026-10-06 10:00:19.464,2026-10-06 10:00:21.493,2029
5191,event-ingest,webhook,success,2026-10-06 10:00:19.489,2026-10-06 10:00:21.550,2061
5192,event-ingest,webhook,success,2026-10-06 10:00:19.513,2026-10-06 10:00:21.537,2024
5193,event-ingest,webhook,success,2026-10-06 10:00:19.540,2026-10-06 10:00:21.601,2061
5194,event-ingest,webhook,success,2026-10-06 10:00:21.373,2026-10-06 10:00:23.405,2032
5195,event-ingest,webhook,success,2026-10-06 10:00:21.399,2026-10-06 10:00:23.476,2077
5196,event-ingest,webhook,success,2026-10-06 10:00:21.427,2026-10-06 10:00:23.466,2039
5197,event-ingest,webhook,success,2026-10-06 10:00:21.461,2026-10-06 10:00:23.531,2070
5198,event-ingest,webhook,success,2026-10-06 10:00:23.593,2026-10-06 10:00:25.633,2040
5199,event-ingest,webhook,success,2026-10-06 10:00:23.625,2026-10-06 10:00:25.708,2083
5200,event-ingest,webhook,success,2026-10-06 10:00:23.656,2026-10-06 10:00:25.698,2042
5201,event-ingest,webhook,success,2026-10-06 10:00:23.702,2026-10-06 10:00:25.780,2078
5202,event-ingest,webhook,success,2026-10-06 10:00:23.732,2026-10-06 10:00:25.762,2030
5203,event-ingest,webhook,success,2026-10-06 10:00:23.767,2026-10-06 10:00:25.833,2066
5204,event-ingest,webhook,success,2026-10-06 10:00:23.794,2026-10-06 10:00:25.819,2025
5205,health-monitor,trigger,success,2026-10-06 10:05:00.019,2026-10-06 10:05:00.220,201
5206,health-monitor,trigger,success,2026-10-06 10:10:00.022,2026-10-06 10:10:00.163,141
5207,ioc-extractor,trigger,success,2026-10-06 10:15:00.031,2026-10-06 10:15:00.302,271
5208,health-monitor,trigger,success,2026-10-06 10:15:00.038,2026-10-06 10:15:00.270,232
5209,event-ingest,webhook,success,2026-10-06 10:15:02.864,2026-10-06 10:15:04.277,1413
5210,event-ingest,webhook,success,2026-10-06 10:15:02.891,2026-10-06 10:15:04.286,1395
5211,event-ingest,webhook,success,2026-10-06 10:15:02.916,2026-10-06 10:15:04.284,1368
5212,event-ingest,webhook,success,2026-10-06 10:15:02.948,2026-10-06 10:15:04.377,1429
5213,event-ingest,webhook,success,2026-10-06 10:15:05.082,2026-10-06 10:15:05.415,333
5214,event-ingest,webhook,success,2026-10-06 10:15:05.106,2026-10-06 10:15:05.492,386
5215,event-ingest,webhook,success,2026-10-06 10:15:05.131,2026-10-06 10:15:05.483,352
5216,event-ingest,webhook,success,2026-10-06 10:15:05.159,2026-10-06 10:15:05.537,378
5217,event-ingest,webhook,success,2026-10-06 10:15:06.991,2026-10-06 10:15:07.341,350
5218,event-ingest,webhook,success,2026-10-06 10:15:07.018,2026-10-06 10:15:07.398,380
5219,event-ingest,webhook,success,2026-10-06 10:15:07.041,2026-10-06 10:15:07.382,341
5220,event-ingest,webhook,success,2026-10-06 10:15:07.067,2026-10-06 10:15:07.429,362
5221,event-ingest,webhook,success,2026-10-06 10:15:09.199,2026-10-06 10:15:09.548,349
5222,event-ingest,webhook,success,2026-10-06 10:15:09.228,2026-10-06 10:15:09.610,382
5223,event-ingest,webhook,success,2026-10-06 10:15:09.255,2026-10-06 10:15:09.608,353
5224,event-ingest,webhook,success,2026-10-06 10:15:09.287,2026-10-06 10:15:09.649,362
5225,event-ingest,webhook,success,2026-10-06 10:15:11.126,2026-10-06 10:15:11.463,337
5226,event-ingest,webhook,success,2026-10-06 10:15:11.159,2026-10-06 10:15:11.547,388
5227,event-ingest,webhook,success,2026-10-06 10:15:11.193,2026-10-06 10:15:11.532,339
5228,event-ingest,webhook,success,2026-10-06 10:15:11.222,2026-10-06 10:15:11.579,357
5229,event-ingest,webhook,success,2026-10-06 10:15:13.351,2026-10-06 10:15:13.693,342
5230,event-ingest,webhook,success,2026-10-06 10:15:13.377,2026-10-06 10:15:13.759,382
5231,event-ingest,webhook,success,2026-10-06 10:15:13.400,2026-10-06 10:15:13.757,357
5232,event-ingest,webhook,success,2026-10-06 10:15:13.429,2026-10-06 10:15:13.821,392
5233,event-ingest,webhook,success,2026-10-06 10:15:13.457,2026-10-06 10:15:13.791,334
5234,event-ingest,webhook,success,2026-10-06 10:15:13.491,2026-10-06 10:15:13.854,363
5235,event-ingest,webhook,success,2026-10-06 10:15:14.427,2026-10-06 10:15:14.756,329
5236,event-ingest,webhook,success,2026-10-06 10:15:15.049,2026-10-06 10:15:15.393,344
5237,event-ingest,webhook,success,2026-10-06 10:15:15.982,2026-10-06 10:15:16.331,349
5238,event-ingest,webhook,success,2026-10-06 10:15:16.919,2026-10-06 10:15:17.259,340
5239,event-ingest,webhook,success,2026-10-06 10:15:17.549,2026-10-06 10:15:19.574,2025
5240,event-ingest,webhook,success,2026-10-06 10:15:18.481,2026-10-06 10:15:20.514,2033
5241,event-ingest,webhook,success,2026-10-06 10:15:18.510,2026-10-06 10:15:20.578,2068
5242,event-ingest,webhook,success,2026-10-06 10:15:19.451,2026-10-06 10:15:21.478,2027
5243,event-ingest,webhook,success,2026-10-06 10:15:19.476,2026-10-06 10:15:21.553,2077
5244,event-ingest,webhook,success,2026-10-06 10:15:19.499,2026-10-06 10:15:21.527,2028
5245,event-ingest,webhook,success,2026-10-06 10:15:19.531,2026-10-06 10:15:21.601,2070
5246,event-ingest,webhook,success,2026-10-06 10:15:21.367,2026-10-06 10:15:23.402,2035
5247,event-ingest,webhook,success,2026-10-06 10:15:21.395,2026-10-06 10:15:23.460,2065
5248,event-ingest,webhook,success,2026-10-06 10:15:21.420,2026-10-06 10:15:23.452,2032
5249,event-ingest,webhook,success,2026-10-06 10:15:21.449,2026-10-06 10:15:23.513,2064
5250,event-ingest,webhook,success,2026-10-06 10:15:23.575,2026-10-06 10:15:25.602,2027
5251,event-ingest,webhook,success,2026-10-06 10:15:23.603,2026-10-06 10:15:25.665,2062
5252,event-ingest,webhook,success,2026-10-06 10:15:23.628,2026-10-06 10:15:25.655,2027
5253,event-ingest,webhook,success,2026-10-06 10:15:23.657,2026-10-06 10:15:25.714,2057
5254,event-ingest,webhook,success,2026-10-06 10:15:25.494,2026-10-06 10:15:27.533,2039
5255,event-ingest,webhook,success,2026-10-06 10:15:25.522,2026-10-06 10:15:27.587,2065
5256,event-ingest,webhook,success,2026-10-06 10:15:25.546,2026-10-06 10:15:27.577,2031
5257,event-ingest,webhook,success,2026-10-06 10:15:25.580,2026-10-06 10:15:27.649,2069
5258,event-ingest,webhook,success,2026-10-06 10:15:27.702,2026-10-06 10:15:29.728,2026
5259,event-ingest,webhook,success,2026-10-06 10:15:27.726,2026-10-06 10:15:29.793,2067
5260,event-ingest,webhook,success,2026-10-06 10:15:27.748,2026-10-06 10:15:29.775,2027
5261,event-ingest,webhook,success,2026-10-06 10:15:27.774,2026-10-06 10:15:29.838,2064
5262,event-ingest,webhook,success,2026-10-06 10:15:29.601,2026-10-06 10:15:31.632,2031
5263,event-ingest,webhook,success,2026-10-06 10:15:29.626,2026-10-06 10:15:31.693,2067
5264,event-ingest,webhook,success,2026-10-06 10:15:29.648,2026-10-06 10:15:31.677,2029
5265,event-ingest,webhook,success,2026-10-06 10:15:29.676,2026-10-06 10:15:31.743,2067
5266,event-ingest,webhook,success,2026-10-06 10:15:31.806,2026-10-06 10:15:33.831,2025
5267,event-ingest,webhook,success,2026-10-06 10:15:31.830,2026-10-06 10:15:33.895,2065
5268,event-ingest,webhook,success,2026-10-06 10:15:31.853,2026-10-06 10:15:33.882,2029
5269,event-ingest,webhook,success,2026-10-06 10:15:31.879,2026-10-06 10:15:33.939,2060
5270,event-ingest,webhook,success,2026-10-06 10:15:33.706,2026-10-06 10:15:35.731,2025
5271,event-ingest,webhook,success,2026-10-06 10:15:33.730,2026-10-06 10:15:35.798,2068
5272,event-ingest,webhook,success,2026-10-06 10:15:33.755,2026-10-06 10:15:35.789,2034
5273,event-ingest,webhook,success,2026-10-06 10:15:33.782,2026-10-06 10:15:35.847,2065
5274,event-ingest,webhook,success,2026-10-06 10:15:35.907,2026-10-06 10:15:37.935,2028
5275,event-ingest,webhook,success,2026-10-06 10:15:35.935,2026-10-06 10:15:38.002,2067
5276,event-ingest,webhook,success,2026-10-06 10:15:35.958,2026-10-06 10:15:37.991,2033
5277,event-ingest,webhook,success,2026-10-06 10:15:35.987,2026-10-06 10:15:38.068,2081
5278,event-ingest,webhook,success,2026-10-06 10:15:36.026,2026-10-06 10:15:38.058,2032
5279,event-ingest,webhook,success,2026-10-06 10:15:36.057,2026-10-06 10:15:38.121,2064
5280,event-ingest,webhook,success,2026-10-06 10:15:36.995,2026-10-06 10:15:39.030,2035
5281,event-ingest,webhook,success,2026-10-06 10:15:37.932,2026-10-06 10:15:39.977,2045
5282,event-ingest,webhook,success,2026-10-06 10:15:38.570,2026-10-06 10:15:40.605,2035
5283,event-ingest,webhook,success,2026-10-06 10:15:39.498,2026-10-06 10:15:41.527,2029
5284,event-ingest,webhook,success,2026-10-06 10:15:40.122,2026-10-06 10:15:42.152,2030
5285,event-ingest,webhook,success,2026-10-06 10:15:41.059,2026-10-06 10:15:43.092,2033
5286,event-ingest,webhook,success,2026-10-06 10:15:41.087,2026-10-06 10:15:43.146,2059
5287,event-ingest,webhook,success,2026-10-06 10:15:42.013,2026-10-06 10:15:44.051,2038
5288,event-ingest,webhook,success,2026-10-06 10:15:42.048,2026-10-06 10:15:44.117,2069
5289,event-ingest,webhook,success,2026-10-06 10:15:42.072,2026-10-06 10:15:44.100,2028
5290,event-ingest,webhook,success,2026-10-06 10:15:42.099,2026-10-06 10:15:44.178,2079
5291,event-ingest,webhook,success,2026-10-06 10:15:42.136,2026-10-06 10:15:44.230,2094
5292,event-ingest,webhook,success,2026-10-06 10:15:42.229,2026-10-06 10:15:44.340,2111
5293,event-ingest,webhook,success,2026-10-06 10:15:42.284,2026-10-06 10:15:44.331,2047
5294,event-ingest,webhook,success,2026-10-06 10:15:42.318,2026-10-06 10:15:45.110,2792
5295,event-ingest,webhook,success,2026-10-06 10:15:42.344,2026-10-06 10:15:44.376,2032
5296,event-ingest,webhook,success,2026-10-06 10:15:42.374,2026-10-06 10:15:46.066,3692
5297,event-ingest,webhook,success,2026-10-06 10:15:42.399,2026-10-06 10:15:45.159,2760
5298,event-ingest,webhook,success,2026-10-06 10:15:42.425,2026-10-06 10:15:46.113,3688
5299,event-ingest,webhook,success,2026-10-06 10:15:42.453,2026-10-06 10:15:46.125,3672
5300,health-monitor,trigger,success,2026-10-06 10:20:00.029,2026-10-06 10:20:00.186,157
5301,health-monitor,trigger,success,2026-10-06 10:25:00.023,2026-10-06 10:25:00.152,129
5302,ioc-extractor,trigger,success,2026-10-06 10:30:00.030,2026-10-06 10:30:00.420,390
5303,health-monitor,trigger,success,2026-10-06 10:30:00.037,2026-10-06 10:30:00.275,238
5304,event-ingest,webhook,success,2026-10-06 10:30:02.896,2026-10-06 10:30:03.265,369
5305,event-ingest,webhook,success,2026-10-06 10:30:02.923,2026-10-06 10:30:03.306,383
5306,event-ingest,webhook,success,2026-10-06 10:30:02.949,2026-10-06 10:30:03.296,347
5307,event-ingest,webhook,success,2026-10-06 10:30:02.979,2026-10-06 10:30:03.352,373
5308,event-ingest,webhook,success,2026-10-06 10:30:05.111,2026-10-06 10:30:05.459,348
5309,event-ingest,webhook,success,2026-10-06 10:30:05.139,2026-10-06 10:30:05.517,378
5310,event-ingest,webhook,success,2026-10-06 10:30:05.163,2026-10-06 10:30:05.515,352
5311,event-ingest,webhook,success,2026-10-06 10:30:05.191,2026-10-06 10:30:05.549,358
5312,event-ingest,webhook,success,2026-10-06 10:30:07.027,2026-10-06 10:30:07.398,371
5313,event-ingest,webhook,success,2026-10-06 10:30:07.058,2026-10-06 10:30:07.443,385
5314,event-ingest,webhook,success,2026-10-06 10:30:07.086,2026-10-06 10:30:07.422,336
5315,event-ingest,webhook,success,2026-10-06 10:30:07.118,2026-10-06 10:30:07.497,379
5316,event-ingest,webhook,success,2026-10-06 10:30:09.246,2026-10-06 10:30:09.602,356
5317,event-ingest,webhook,success,2026-10-06 10:30:09.270,2026-10-06 10:30:09.651,381
5318,event-ingest,webhook,success,2026-10-06 10:30:09.295,2026-10-06 10:30:09.640,345
5319,event-ingest,webhook,success,2026-10-06 10:30:09.324,2026-10-06 10:30:09.683,359
5320,event-ingest,webhook,success,2026-10-06 10:30:11.163,2026-10-06 10:30:11.523,360
5321,event-ingest,webhook,success,2026-10-06 10:30:11.195,2026-10-06 10:30:11.573,378
5322,event-ingest,webhook,success,2026-10-06 10:30:11.219,2026-10-06 10:30:11.549,330
5323,event-ingest,webhook,success,2026-10-06 10:30:11.246,2026-10-06 10:30:11.609,363
5324,event-ingest,webhook,success,2026-10-06 10:30:13.382,2026-10-06 10:30:13.715,333
5325,event-ingest,webhook,success,2026-10-06 10:30:13.407,2026-10-06 10:30:13.794,387
5326,event-ingest,webhook,success,2026-10-06 10:30:13.432,2026-10-06 10:30:13.782,350
5327,event-ingest,webhook,success,2026-10-06 10:30:13.462,2026-10-06 10:30:13.839,377
5328,event-ingest,webhook,success,2026-10-06 10:30:15.303,2026-10-06 10:30:15.640,337
5329,event-ingest,webhook,success,2026-10-06 10:30:15.327,2026-10-06 10:30:15.721,394
5330,event-ingest,webhook,success,2026-10-06 10:30:15.353,2026-10-06 10:30:15.710,357
5331,event-ingest,webhook,success,2026-10-06 10:30:15.381,2026-10-06 10:30:15.739,358
5332,event-ingest,webhook,success,2026-10-06 10:30:17.514,2026-10-06 10:30:17.865,351
5333,event-ingest,webhook,success,2026-10-06 10:30:17.541,2026-10-06 10:30:19.617,2076
5334,event-ingest,webhook,success,2026-10-06 10:30:17.571,2026-10-06 10:30:17.910,339
5335,event-ingest,webhook,success,2026-10-06 10:30:17.606,2026-10-06 10:30:19.671,2065
5336,event-ingest,webhook,success,2026-10-06 10:30:19.440,2026-10-06 10:30:21.473,2033
5337,event-ingest,webhook,success,2026-10-06 10:30:19.469,2026-10-06 10:30:21.539,2070
5338,event-ingest,webhook,success,2026-10-06 10:30:19.493,2026-10-06 10:30:21.524,2031
5339,event-ingest,webhook,success,2026-10-06 10:30:19.526,2026-10-06 10:30:21.600,2074
5340,event-ingest,webhook,success,2026-10-06 10:30:21.361,2026-10-06 10:30:23.391,2030
5341,event-ingest,webhook,success,2026-10-06 10:30:21.387,2026-10-06 10:30:23.456,2069
5342,event-ingest,webhook,success,2026-10-06 10:30:21.414,2026-10-06 10:30:23.444,2030
5343,event-ingest,webhook,success,2026-10-06 10:30:21.444,2026-10-06 10:30:23.516,2072
5344,event-ingest,webhook,success,2026-10-06 10:30:21.779,2026-10-06 10:30:23.811,2032
5345,event-ingest,webhook,success,2026-10-06 10:30:21.803,2026-10-06 10:30:23.860,2057
5346,event-ingest,webhook,success,2026-10-06 10:30:22.729,2026-10-06 10:30:24.757,2028
5347,event-ingest,webhook,success,2026-10-06 10:30:23.364,2026-10-06 10:30:25.404,2040
5348,event-ingest,webhook,success,2026-10-06 10:30:24.287,2026-10-06 10:30:26.316,2029
5349,event-ingest,webhook,success,2026-10-06 10:30:24.911,2026-10-06 10:30:26.960,2049
5350,event-ingest,webhook,success,2026-10-06 10:30:25.834,2026-10-06 10:30:27.867,2033
5351,event-ingest,webhook,success,2026-10-06 10:30:25.861,2026-10-06 10:30:27.919,2058
5352,event-ingest,webhook,success,2026-10-06 10:30:26.786,2026-10-06 10:30:28.820,2034
5353,event-ingest,webhook,success,2026-10-06 10:30:26.811,2026-10-06 10:30:28.889,2078
5354,event-ingest,webhook,success,2026-10-06 10:30:26.832,2026-10-06 10:30:28.867,2035
5355,event-ingest,webhook,success,2026-10-06 10:30:26.871,2026-10-06 10:30:28.996,2125
5356,event-ingest,webhook,success,2026-10-06 10:30:26.917,2026-10-06 10:30:28.985,2068
5357,event-ingest,webhook,success,2026-10-06 10:30:26.994,2026-10-06 10:30:29.041,2047
5358,event-ingest,webhook,success,2026-10-06 10:30:27.048,2026-10-06 10:30:29.128,2080
5359,event-ingest,webhook,success,2026-10-06 10:30:27.084,2026-10-06 10:30:29.116,2032
5360,event-ingest,webhook,success,2026-10-06 10:30:27.120,2026-10-06 10:30:29.878,2758
5361,health-monitor,trigger,success,2026-10-06 10:35:00.029,2026-10-06 10:35:00.241,212
5362,health-monitor,trigger,success,2026-10-06 10:40:00.028,2026-10-06 10:40:00.177,149
5363,health-monitor,trigger,success,2026-10-06 10:45:00.037,2026-10-06 10:45:00.261,224
5364,ioc-extractor,trigger,success,2026-10-06 10:45:00.045,2026-10-06 10:45:00.367,322
5365,event-ingest,webhook,success,2026-10-06 10:45:02.895,2026-10-06 10:45:03.326,431
5366,event-ingest,webhook,success,2026-10-06 10:45:02.923,2026-10-06 10:45:03.320,397
5367,event-ingest,webhook,success,2026-10-06 10:45:02.949,2026-10-06 10:45:03.329,380
5368,event-ingest,webhook,success,2026-10-06 10:45:02.975,2026-10-06 10:45:03.344,369
5369,event-ingest,webhook,success,2026-10-06 10:45:05.113,2026-10-06 10:45:05.466,353
5370,event-ingest,webhook,success,2026-10-06 10:45:05.138,2026-10-06 10:45:05.510,372
5371,event-ingest,webhook,success,2026-10-06 10:45:05.163,2026-10-06 10:45:05.513,350
5372,event-ingest,webhook,success,2026-10-06 10:45:05.189,2026-10-06 10:45:05.575,386
5373,event-ingest,webhook,success,2026-10-06 10:45:07.024,2026-10-06 10:45:07.360,336
5374,event-ingest,webhook,success,2026-10-06 10:45:07.048,2026-10-06 10:45:07.424,376
5375,event-ingest,webhook,success,2026-10-06 10:45:07.073,2026-10-06 10:45:07.427,354
5376,event-ingest,webhook,success,2026-10-06 10:45:07.099,2026-10-06 10:45:07.458,359
5377,event-ingest,webhook,success,2026-10-06 10:45:09.237,2026-10-06 10:45:09.580,343
5378,event-ingest,webhook,success,2026-10-06 10:45:09.263,2026-10-06 10:45:09.631,368
5379,event-ingest,webhook,success,2026-10-06 10:45:09.286,2026-10-06 10:45:09.633,347
5380,event-ingest,webhook,success,2026-10-06 10:45:09.313,2026-10-06 10:45:09.677,364
5381,event-ingest,webhook,success,2026-10-06 10:45:11.152,2026-10-06 10:45:11.499,347
5382,event-ingest,webhook,success,2026-10-06 10:45:11.180,2026-10-06 10:45:11.558,378
5383,event-ingest,webhook,success,2026-10-06 10:45:11.202,2026-10-06 10:45:11.548,346
5384,event-ingest,webhook,success,2026-10-06 10:45:11.230,2026-10-06 10:45:11.601,371
5385,event-ingest,webhook,success,2026-10-06 10:45:13.367,2026-10-06 10:45:13.720,353
5386,event-ingest,webhook,success,2026-10-06 10:45:13.404,2026-10-06 10:45:13.754,350
5387,event-ingest,webhook,success,2026-10-06 10:45:13.434,2026-10-06 10:45:13.803,369
5388,event-ingest,webhook,success,2026-10-06 10:45:13.459,2026-10-06 10:45:13.805,346
5389,event-ingest,webhook,success,2026-10-06 10:45:15.288,2026-10-06 10:45:15.638,350
5390,event-ingest,webhook,success,2026-10-06 10:45:15.314,2026-10-06 10:45:15.689,375
5391,event-ingest,webhook,success,2026-10-06 10:45:15.340,2026-10-06 10:45:15.691,351
5392,event-ingest,webhook,success,2026-10-06 10:45:15.365,2026-10-06 10:45:15.738,373
5393,event-ingest,webhook,success,2026-10-06 10:45:17.497,2026-10-06 10:45:17.845,348
5394,event-ingest,webhook,success,2026-10-06 10:45:17.523,2026-10-06 10:45:17.899,376
5395,event-ingest,webhook,success,2026-10-06 10:45:17.548,2026-10-06 10:45:17.897,349
5396,event-ingest,webhook,success,2026-10-06 10:45:17.577,2026-10-06 10:45:19.642,2065
5397,event-ingest,webhook,success,2026-10-06 10:45:19.417,2026-10-06 10:45:21.456,2039
5398,event-ingest,webhook,success,2026-10-06 10:45:19.444,2026-10-06 10:45:21.513,2069
5399,event-ingest,webhook,success,2026-10-06 10:45:19.468,2026-10-06 10:45:21.498,2030
5400,event-ingest,webhook,success,2026-10-06 10:45:19.493,2026-10-06 10:45:21.557,2064
5401,event-ingest,webhook,success,2026-10-06 10:45:21.626,2026-10-06 10:45:23.669,2043
5402,event-ingest,webhook,success,2026-10-06 10:45:21.661,2026-10-06 10:45:23.759,2098
5403,event-ingest,webhook,success,2026-10-06 10:45:21.692,2026-10-06 10:45:23.739,2047
5404,event-ingest,webhook,success,2026-10-06 10:45:21.740,2026-10-06 10:45:23.820,2080
5405,event-ingest,webhook,success,2026-10-06 10:45:23.573,2026-10-06 10:45:25.615,2042
5406,event-ingest,webhook,success,2026-10-06 10:45:23.607,2026-10-06 10:45:25.687,2080
5407,event-ingest,webhook,success,2026-10-06 10:45:23.634,2026-10-06 10:45:25.667,2033
5408,event-ingest,webhook,success,2026-10-06 10:45:23.681,2026-10-06 10:45:25.779,2098
5409,event-ingest,webhook,success,2026-10-06 10:45:23.716,2026-10-06 10:45:25.760,2044
5410,event-ingest,webhook,success,2026-10-06 10:45:23.778,2026-10-06 10:45:25.818,2040
5411,event-ingest,webhook,success,2026-10-06 10:45:24.719,2026-10-06 10:45:26.746,2027
5412,event-ingest,webhook,success,2026-10-06 10:45:25.642,2026-10-06 10:45:27.675,2033
5413,event-ingest,webhook,success,2026-10-06 10:45:26.269,2026-10-06 10:45:28.299,2030
5414,event-ingest,webhook,success,2026-10-06 10:45:27.199,2026-10-06 10:45:29.229,2030
5415,event-ingest,webhook,success,2026-10-06 10:45:27.831,2026-10-06 10:45:29.862,2031
5416,event-ingest,webhook,success,2026-10-06 10:45:28.756,2026-10-06 10:45:30.785,2029
5417,event-ingest,webhook,success,2026-10-06 10:45:29.379,2026-10-06 10:45:31.406,2027
5418,event-ingest,webhook,success,2026-10-06 10:45:30.300,2026-10-06 10:45:32.336,2036
5419,event-ingest,webhook,success,2026-10-06 10:45:30.326,2026-10-06 10:45:32.383,2057
5420,event-ingest,webhook,success,2026-10-06 10:45:31.254,2026-10-06 10:45:33.286,2032
5421,event-ingest,webhook,success,2026-10-06 10:45:31.288,2026-10-06 10:45:33.386,2098
5422,event-ingest,webhook,success,2026-10-06 10:45:31.325,2026-10-06 10:45:33.378,2053
5423,event-ingest,webhook,success,2026-10-06 10:45:31.368,2026-10-06 10:45:33.430,2062
5424,event-ingest,webhook,success,2026-10-06 10:45:33.493,2026-10-06 10:45:35.521,2028
5425,event-ingest,webhook,success,2026-10-06 10:45:33.517,2026-10-06 10:45:35.594,2077
5426,event-ingest,webhook,success,2026-10-06 10:45:33.542,2026-10-06 10:45:35.584,2042
5427,event-ingest,webhook,success,2026-10-06 10:45:33.568,2026-10-06 10:45:35.628,2060
5428,event-ingest,webhook,success,2026-10-06 10:45:35.395,2026-10-06 10:45:37.426,2031
5429,event-ingest,webhook,success,2026-10-06 10:45:35.420,2026-10-06 10:45:37.491,2071
5430,event-ingest,webhook,success,2026-10-06 10:45:35.442,2026-10-06 10:45:37.470,2028
5431,event-ingest,webhook,success,2026-10-06 10:45:35.470,2026-10-06 10:45:37.560,2090
5432,event-ingest,webhook,success,2026-10-06 10:45:35.518,2026-10-06 10:45:37.576,2058
5433,event-ingest,webhook,success,2026-10-06 10:45:35.597,2026-10-06 10:45:37.650,2053
5434,event-ingest,webhook,success,2026-10-06 10:45:35.654,2026-10-06 10:45:37.737,2083
5435,event-ingest,webhook,success,2026-10-06 10:45:35.684,2026-10-06 10:45:37.716,2032
5436,event-ingest,webhook,success,2026-10-06 10:45:35.716,2026-10-06 10:45:37.796,2080
5437,event-ingest,webhook,success,2026-10-06 10:45:35.750,2026-10-06 10:45:37.783,2033
5438,event-ingest,webhook,success,2026-10-06 10:45:35.779,2026-10-06 10:45:39.481,3702
5439,event-ingest,webhook,success,2026-10-06 10:45:35.808,2026-10-06 10:45:39.447,3639
5440,health-monitor,trigger,success,2026-10-06 10:50:00.031,2026-10-06 10:50:00.212,181
5441,health-monitor,trigger,success,2026-10-06 10:55:00.032,2026-10-06 10:55:00.214,182
5442,health-monitor,trigger,success,2026-10-06 11:00:00.038,2026-10-06 11:00:00.289,251
5443,report-generator,trigger,success,2026-10-06 11:00:00.045,2026-10-06 11:00:00.286,241
5444,ioc-extractor,trigger,success,2026-10-06 11:00:00.052,2026-10-06 11:00:00.460,408
5445,health-monitor,trigger,success,2026-10-06 11:05:00.034,2026-10-06 11:05:00.273,239
5446,health-monitor,trigger,success,2026-10-06 11:10:00.037,2026-10-06 11:10:00.265,228
5447,health-monitor,trigger,success,2026-10-06 11:15:00.029,2026-10-06 11:15:00.230,201
5448,ioc-extractor,trigger,success,2026-10-06 11:15:00.037,2026-10-06 11:15:00.120,83
