id,workflow,modo,estado,inicio,fin,duracion_ms
1,event-ingest,webhook,error,2026-10-02 13:34:50.434,2026-10-02 13:34:50.993,559
2,event-ingest,webhook,error,2026-10-02 13:34:50.494,2026-10-02 13:34:50.982,488
3,event-ingest,webhook,error,2026-10-02 13:34:50.532,2026-10-02 13:34:50.988,456
4,event-ingest,webhook,error,2026-10-02 13:34:50.568,2026-10-02 13:34:50.989,421
5,event-ingest,webhook,error,2026-10-02 13:34:50.601,2026-10-02 13:34:51.005,404
6,event-ingest,webhook,error,2026-10-02 13:34:50.633,2026-10-02 13:34:51.029,396
7,event-ingest,webhook,error,2026-10-02 13:34:51.572,2026-10-02 13:34:51.923,351
8,event-ingest,webhook,error,2026-10-02 13:34:52.510,2026-10-02 13:34:52.869,359
9,event-ingest,webhook,error,2026-10-02 13:34:53.140,2026-10-02 13:34:53.494,354
10,event-ingest,webhook,error,2026-10-02 13:34:54.074,2026-10-02 13:34:54.419,345
11,event-ingest,webhook,error,2026-10-02 13:34:54.706,2026-10-02 13:34:55.046,340
12,event-ingest,webhook,error,2026-10-02 13:34:54.742,2026-10-02 13:34:55.136,394
13,event-ingest,webhook,error,2026-10-02 13:34:55.976,2026-10-02 13:34:56.326,350
14,event-ingest,webhook,error,2026-10-02 13:34:56.005,2026-10-02 13:34:56.419,414
15,event-ingest,webhook,error,2026-10-02 13:34:56.036,2026-10-02 13:34:56.410,374
16,event-ingest,webhook,error,2026-10-02 13:34:56.070,2026-10-02 13:34:56.472,402
17,event-ingest,webhook,error,2026-10-02 13:34:57.903,2026-10-02 13:34:58.286,383
18,event-ingest,webhook,error,2026-10-02 13:34:57.933,2026-10-02 13:34:58.342,409
19,event-ingest,webhook,error,2026-10-02 13:34:57.963,2026-10-02 13:34:58.321,358
20,event-ingest,webhook,error,2026-10-02 13:34:57.991,2026-10-02 13:34:58.387,396
21,event-ingest,webhook,error,2026-10-02 13:34:58.018,2026-10-02 13:34:58.389,371
22,event-ingest,webhook,error,2026-10-02 13:34:58.046,2026-10-02 13:34:58.475,429
23,event-ingest,webhook,error,2026-10-02 13:34:58.981,2026-10-02 13:34:59.342,361
24,event-ingest,webhook,error,2026-10-02 13:34:59.912,2026-10-02 13:35:00.268,356
25,event-ingest,webhook,error,2026-10-02 13:35:00.537,2026-10-02 13:35:00.883,346
26,event-ingest,webhook,error,2026-10-02 13:35:01.466,2026-10-02 13:35:01.803,337
27,event-ingest,webhook,error,2026-10-02 13:35:02.095,2026-10-02 13:35:02.445,350
28,event-ingest,webhook,error,2026-10-02 13:35:03.024,2026-10-02 13:35:03.352,328
29,event-ingest,webhook,error,2026-10-02 13:35:03.953,2026-10-02 13:35:04.286,333
30,event-ingest,webhook,error,2026-10-02 13:35:03.981,2026-10-02 13:35:04.362,381
31,event-ingest,webhook,error,2026-10-02 13:35:04.913,2026-10-02 13:35:05.257,344
32,event-ingest,webhook,error,2026-10-02 13:35:04.940,2026-10-02 13:35:05.331,391
33,event-ingest,webhook,error,2026-10-02 13:35:04.967,2026-10-02 13:35:05.339,372
34,event-ingest,webhook,error,2026-10-02 13:35:04.996,2026-10-02 13:35:07.071,2075
35,event-ingest,webhook,error,2026-10-02 13:35:06.836,2026-10-02 13:35:08.868,2032
36,event-ingest,webhook,error,2026-10-02 13:35:06.868,2026-10-02 13:35:08.943,2075
37,event-ingest,webhook,error,2026-10-02 13:35:06.895,2026-10-02 13:35:08.928,2033
38,event-ingest,webhook,error,2026-10-02 13:35:06.926,2026-10-02 13:35:08.988,2062
39,event-ingest,webhook,error,2026-10-02 13:35:09.053,2026-10-02 13:35:11.113,2060
40,event-ingest,webhook,error,2026-10-02 13:35:09.091,2026-10-02 13:35:11.165,2074
41,event-ingest,webhook,error,2026-10-02 13:35:09.118,2026-10-02 13:35:11.150,2032
42,event-ingest,webhook,error,2026-10-02 13:35:09.147,2026-10-02 13:35:11.213,2066
43,event-ingest,webhook,error,2026-10-02 13:35:10.984,2026-10-02 13:35:13.015,2031
44,event-ingest,webhook,error,2026-10-02 13:35:11.013,2026-10-02 13:35:13.143,2130
45,event-ingest,webhook,error,2026-10-02 13:35:11.051,2026-10-02 13:35:13.097,2046
46,event-ingest,webhook,error,2026-10-02 13:35:11.126,2026-10-02 13:35:13.188,2062
47,event-ingest,webhook,error,2026-10-02 13:35:12.970,2026-10-02 13:35:15.000,2030
48,event-ingest,webhook,error,2026-10-02 13:35:12.995,2026-10-02 13:35:15.091,2096
49,event-ingest,webhook,error,2026-10-02 13:35:13.038,2026-10-02 13:35:15.082,2044
50,event-ingest,webhook,error,2026-10-02 13:35:13.079,2026-10-02 13:35:15.184,2105
51,event-ingest,webhook,error,2026-10-02 13:35:13.132,2026-10-02 13:35:15.205,2073
52,event-ingest,webhook,success,2026-10-02 13:36:16.519,2026-10-02 13:36:17.060,541
53,event-ingest,webhook,success,2026-10-02 13:36:35.181,2026-10-02 13:36:35.558,377
54,event-ingest,webhook,success,2026-10-02 13:36:35.229,2026-10-02 13:36:35.637,408
55,event-ingest,webhook,success,2026-10-02 13:36:35.265,2026-10-02 13:36:35.627,362
56,event-ingest,webhook,success,2026-10-02 13:36:35.300,2026-10-02 13:36:35.736,436
57,event-ingest,webhook,success,2026-10-02 13:36:35.329,2026-10-02 13:36:35.703,374
58,event-ingest,webhook,success,2026-10-02 13:36:35.361,2026-10-02 13:36:35.746,385
59,event-ingest,webhook,success,2026-10-02 13:36:36.286,2026-10-02 13:36:36.628,342
60,event-ingest,webhook,success,2026-10-02 13:36:37.218,2026-10-02 13:36:37.576,358
61,event-ingest,webhook,success,2026-10-02 13:36:38.151,2026-10-02 13:36:38.498,347
62,event-ingest,webhook,success,2026-10-02 13:36:38.796,2026-10-02 13:36:39.207,411
63,event-ingest,webhook,success,2026-10-02 13:36:39.748,2026-10-02 13:36:40.158,410
64,event-ingest,webhook,success,2026-10-02 13:36:40.389,2026-10-02 13:36:40.758,369
65,event-ingest,webhook,success,2026-10-02 13:36:40.425,2026-10-02 13:36:40.820,395
66,event-ingest,webhook,success,2026-10-02 13:36:41.362,2026-10-02 13:36:41.718,356
67,event-ingest,webhook,success,2026-10-02 13:36:41.390,2026-10-02 13:36:41.814,424
68,event-ingest,webhook,success,2026-10-02 13:36:41.426,2026-10-02 13:36:41.795,369
69,event-ingest,webhook,success,2026-10-02 13:36:41.484,2026-10-02 13:36:41.884,400
70,event-ingest,webhook,success,2026-10-02 13:36:43.643,2026-10-02 13:36:45.697,2054
71,event-ingest,webhook,success,2026-10-02 13:36:43.674,2026-10-02 13:36:45.748,2074
72,event-ingest,webhook,success,2026-10-02 13:36:43.700,2026-10-02 13:36:44.053,353
73,event-ingest,webhook,success,2026-10-02 13:36:43.731,2026-10-02 13:36:44.118,387
74,event-ingest,webhook,success,2026-10-02 13:36:45.562,2026-10-02 13:36:45.912,350
75,event-ingest,webhook,success,2026-10-02 13:36:45.591,2026-10-02 13:36:47.705,2114
76,event-ingest,webhook,success,2026-10-02 13:36:45.625,2026-10-02 13:36:45.985,360
77,event-ingest,webhook,success,2026-10-02 13:36:45.683,2026-10-02 13:36:46.064,381
78,event-ingest,webhook,success,2026-10-02 13:36:47.544,2026-10-02 13:36:47.896,352
79,event-ingest,webhook,success,2026-10-02 13:36:47.573,2026-10-02 13:36:47.946,373
80,event-ingest,webhook,success,2026-10-02 13:36:47.599,2026-10-02 13:36:49.639,2040
81,event-ingest,webhook,success,2026-10-02 13:36:47.634,2026-10-02 13:36:47.999,365
82,event-ingest,webhook,success,2026-10-02 13:36:49.765,2026-10-02 13:36:50.125,360
83,event-ingest,webhook,success,2026-10-02 13:36:49.809,2026-10-02 13:36:50.209,400
84,event-ingest,webhook,success,2026-10-02 13:36:49.841,2026-10-02 13:36:50.196,355
85,event-ingest,webhook,success,2026-10-02 13:36:49.878,2026-10-02 13:36:50.268,390
86,event-ingest,webhook,success,2026-10-02 13:36:51.711,2026-10-02 13:36:52.046,335
87,event-ingest,webhook,success,2026-10-02 13:36:51.751,2026-10-02 13:36:53.837,2086
88,event-ingest,webhook,success,2026-10-02 13:36:51.788,2026-10-02 13:36:53.830,2042
89,event-ingest,webhook,success,2026-10-02 13:36:51.827,2026-10-02 13:36:53.916,2089
90,event-ingest,webhook,success,2026-10-02 13:36:51.859,2026-10-02 13:36:53.891,2032
91,ioc-extractor,trigger,success,2026-10-02 13:45:00.034,2026-10-02 13:45:00.306,272
92,event-ingest,webhook,success,2026-10-02 13:55:02.130,2026-10-02 13:55:02.744,614
93,event-ingest,webhook,success,2026-10-02 13:55:02.184,2026-10-02 13:55:02.745,561
94,event-ingest,webhook,success,2026-10-02 13:55:02.221,2026-10-02 13:55:02.740,519
95,event-ingest,webhook,success,2026-10-02 13:55:02.257,2026-10-02 13:55:02.743,486
96,event-ingest,webhook,success,2026-10-02 13:55:04.088,2026-10-02 13:55:04.461,373
97,event-ingest,webhook,success,2026-10-02 13:55:04.128,2026-10-02 13:55:04.551,423
98,event-ingest,webhook,success,2026-10-02 13:55:04.159,2026-10-02 13:55:04.539,380
99,event-ingest,webhook,success,2026-10-02 13:55:04.217,2026-10-02 13:55:04.664,447
100,event-ingest,webhook,success,2026-10-02 13:55:04.271,2026-10-02 13:55:04.620,349
101,event-ingest,webhook,success,2026-10-02 13:55:04.303,2026-10-02 13:55:04.715,412
102,event-ingest,webhook,success,2026-10-02 13:55:05.239,2026-10-02 13:55:05.589,350
103,event-ingest,webhook,success,2026-10-02 13:55:06.171,2026-10-02 13:55:06.519,348
104,event-ingest,webhook,success,2026-10-02 13:55:06.798,2026-10-02 13:55:07.162,364
105,event-ingest,webhook,success,2026-10-02 13:55:07.730,2026-10-02 13:55:08.098,368
106,event-ingest,webhook,success,2026-10-02 13:55:08.662,2026-10-02 13:55:09.025,363
107,event-ingest,webhook,success,2026-10-02 13:55:09.293,2026-10-02 13:55:09.656,363
108,event-ingest,webhook,success,2026-10-02 13:55:10.228,2026-10-02 13:55:10.564,336
109,event-ingest,webhook,success,2026-10-02 13:55:10.258,2026-10-02 13:55:10.662,404
110,event-ingest,webhook,success,2026-10-02 13:55:11.194,2026-10-02 13:55:11.546,352
111,event-ingest,webhook,success,2026-10-02 13:55:11.223,2026-10-02 13:55:11.667,444
112,event-ingest,webhook,success,2026-10-02 13:55:11.249,2026-10-02 13:55:11.660,411
113,event-ingest,webhook,success,2026-10-02 13:55:11.279,2026-10-02 13:55:11.705,426
114,event-ingest,webhook,success,2026-10-02 13:55:11.311,2026-10-02 13:55:11.702,391
115,event-ingest,webhook,success,2026-10-02 13:55:11.346,2026-10-02 13:55:11.771,425
116,event-ingest,webhook,success,2026-10-02 13:55:12.277,2026-10-02 13:55:12.636,359
117,event-ingest,webhook,success,2026-10-02 13:55:13.210,2026-10-02 13:55:13.577,367
118,event-ingest,webhook,success,2026-10-02 13:55:13.846,2026-10-02 13:55:14.216,370
119,event-ingest,webhook,success,2026-10-02 13:55:14.779,2026-10-02 13:55:15.147,368
120,event-ingest,webhook,success,2026-10-02 13:55:15.403,2026-10-02 13:55:15.767,364
121,event-ingest,webhook,success,2026-10-02 13:55:16.336,2026-10-02 13:55:16.697,361
122,event-ingest,webhook,success,2026-10-02 13:55:16.965,2026-10-02 13:55:17.338,373
123,event-ingest,webhook,success,2026-10-02 13:55:17.906,2026-10-02 13:55:19.987,2081
124,event-ingest,webhook,success,2026-10-02 13:55:17.956,2026-10-02 13:55:20.047,2091
125,event-ingest,webhook,success,2026-10-02 13:55:18.892,2026-10-02 13:55:20.929,2037
126,event-ingest,webhook,success,2026-10-02 13:55:18.927,2026-10-02 13:55:21.005,2078
127,event-ingest,webhook,success,2026-10-02 13:55:18.958,2026-10-02 13:55:20.992,2034
128,event-ingest,webhook,success,2026-10-02 13:55:18.996,2026-10-02 13:55:21.077,2081
129,event-ingest,webhook,success,2026-10-02 13:55:20.832,2026-10-02 13:55:22.864,2032
130,event-ingest,webhook,success,2026-10-02 13:55:20.860,2026-10-02 13:55:22.938,2078
131,event-ingest,webhook,success,2026-10-02 13:55:20.883,2026-10-02 13:55:22.914,2031
132,event-ingest,webhook,success,2026-10-02 13:55:20.915,2026-10-02 13:55:23.003,2088
133,event-ingest,webhook,success,2026-10-02 13:55:23.062,2026-10-02 13:55:25.097,2035
134,event-ingest,webhook,success,2026-10-02 13:55:23.094,2026-10-02 13:55:25.171,2077
135,event-ingest,webhook,success,2026-10-02 13:55:23.121,2026-10-02 13:55:25.163,2042
136,event-ingest,webhook,success,2026-10-02 13:55:23.150,2026-10-02 13:55:25.211,2061
137,event-ingest,webhook,success,2026-10-02 13:55:24.976,2026-10-02 13:55:27.075,2099
138,event-ingest,webhook,success,2026-10-02 13:55:25.008,2026-10-02 13:55:27.102,2094
139,event-ingest,webhook,success,2026-10-02 13:55:25.036,2026-10-02 13:55:27.080,2044
140,event-ingest,webhook,success,2026-10-02 13:55:25.074,2026-10-02 13:55:27.208,2134
141,event-ingest,webhook,success,2026-10-02 13:55:27.232,2026-10-02 13:55:29.270,2038
142,event-ingest,webhook,success,2026-10-02 13:55:27.267,2026-10-02 13:55:29.340,2073
143,event-ingest,webhook,success,2026-10-02 13:55:27.293,2026-10-02 13:55:29.326,2033
144,event-ingest,webhook,success,2026-10-02 13:55:27.325,2026-10-02 13:55:29.404,2079
145,event-ingest,webhook,success,2026-10-02 13:55:29.159,2026-10-02 13:55:31.189,2030
146,event-ingest,webhook,success,2026-10-02 13:55:29.187,2026-10-02 13:55:31.301,2114
147,event-ingest,webhook,success,2026-10-02 13:55:29.215,2026-10-02 13:55:31.286,2071
148,event-ingest,webhook,success,2026-10-02 13:55:29.247,2026-10-02 13:55:31.333,2086
149,event-ingest,webhook,success,2026-10-02 13:55:31.077,2026-10-02 13:55:33.119,2042
150,event-ingest,webhook,success,2026-10-02 13:55:31.106,2026-10-02 13:55:33.172,2066
151,event-ingest,webhook,success,2026-10-02 13:55:31.130,2026-10-02 13:55:33.160,2030
152,event-ingest,webhook,success,2026-10-02 13:55:31.156,2026-10-02 13:55:33.236,2080
153,event-ingest,webhook,success,2026-10-02 13:55:31.194,2026-10-02 13:55:33.248,2054
154,event-ingest,webhook,success,2026-10-02 13:55:31.305,2026-10-02 13:55:33.430,2125
155,event-ingest,webhook,success,2026-10-02 13:55:31.429,2026-10-02 13:55:33.498,2069
156,ioc-extractor,trigger,success,2026-10-02 14:00:00.035,2026-10-02 14:00:00.461,426
157,event-ingest,webhook,success,2026-10-02 14:00:03.208,2026-10-02 14:00:03.646,438
158,event-ingest,webhook,success,2026-10-02 14:00:03.274,2026-10-02 14:00:03.704,430
159,event-ingest,webhook,success,2026-10-02 14:00:03.310,2026-10-02 14:00:03.674,364
160,event-ingest,webhook,success,2026-10-02 14:00:03.360,2026-10-02 14:00:03.753,393
161,event-ingest,webhook,success,2026-10-02 14:00:05.197,2026-10-02 14:00:05.598,401
162,event-ingest,webhook,success,2026-10-02 14:00:05.224,2026-10-02 14:00:05.699,475
163,event-ingest,webhook,success,2026-10-02 14:00:05.252,2026-10-02 14:00:05.650,398
164,event-ingest,webhook,success,2026-10-02 14:00:05.292,2026-10-02 14:00:05.734,442
165,event-ingest,webhook,success,2026-10-02 14:00:07.132,2026-10-02 14:00:07.509,377
166,event-ingest,webhook,success,2026-10-02 14:00:07.178,2026-10-02 14:00:07.607,429
167,event-ingest,webhook,success,2026-10-02 14:00:07.219,2026-10-02 14:00:07.573,354
168,event-ingest,webhook,success,2026-10-02 14:00:07.261,2026-10-02 14:00:07.673,412
169,event-ingest,webhook,success,2026-10-02 14:00:09.100,2026-10-02 14:00:09.445,345
170,event-ingest,webhook,success,2026-10-02 14:00:09.133,2026-10-02 14:00:09.539,406
171,event-ingest,webhook,success,2026-10-02 14:00:09.166,2026-10-02 14:00:09.519,353
172,event-ingest,webhook,success,2026-10-02 14:00:09.197,2026-10-02 14:00:09.586,389
173,event-ingest,webhook,success,2026-10-02 14:00:11.328,2026-10-02 14:00:11.679,351
174,event-ingest,webhook,success,2026-10-02 14:00:11.359,2026-10-02 14:00:11.770,411
175,event-ingest,webhook,success,2026-10-02 14:00:11.391,2026-10-02 14:00:11.761,370
176,event-ingest,webhook,success,2026-10-02 14:00:11.424,2026-10-02 14:00:11.838,414
177,event-ingest,webhook,success,2026-10-02 14:00:13.260,2026-10-02 14:00:13.600,340
178,event-ingest,webhook,success,2026-10-02 14:00:13.304,2026-10-02 14:00:13.720,416
179,event-ingest,webhook,success,2026-10-02 14:00:13.365,2026-10-02 14:00:13.764,399
180,event-ingest,webhook,success,2026-10-02 14:00:13.412,2026-10-02 14:00:13.837,425
181,event-ingest,webhook,success,2026-10-02 14:00:13.450,2026-10-02 14:00:13.824,374
182,event-ingest,webhook,success,2026-10-02 14:00:13.496,2026-10-02 14:00:13.899,403
183,event-ingest,webhook,success,2026-10-02 14:00:14.435,2026-10-02 14:00:14.797,362
184,event-ingest,webhook,success,2026-10-02 14:00:15.364,2026-10-02 14:00:15.741,377
185,event-ingest,webhook,success,2026-10-02 14:00:15.996,2026-10-02 14:00:16.357,361
186,event-ingest,webhook,success,2026-10-02 14:00:16.933,2026-10-02 14:00:17.291,358
187,event-ingest,webhook,success,2026-10-02 14:00:17.564,2026-10-02 14:00:19.601,2037
188,event-ingest,webhook,success,2026-10-02 14:00:17.600,2026-10-02 14:00:19.671,2071
189,event-ingest,webhook,success,2026-10-02 14:00:18.834,2026-10-02 14:00:20.883,2049
190,event-ingest,webhook,success,2026-10-02 14:00:18.861,2026-10-02 14:00:20.941,2080
191,event-ingest,webhook,success,2026-10-02 14:00:18.888,2026-10-02 14:00:20.927,2039
192,event-ingest,webhook,success,2026-10-02 14:00:18.925,2026-10-02 14:00:21.007,2082
193,event-ingest,webhook,success,2026-10-02 14:00:20.756,2026-10-02 14:00:22.797,2041
194,event-ingest,webhook,success,2026-10-02 14:00:20.785,2026-10-02 14:00:22.906,2121
195,event-ingest,webhook,success,2026-10-02 14:00:20.824,2026-10-02 14:00:22.870,2046
196,event-ingest,webhook,success,2026-10-02 14:00:20.901,2026-10-02 14:00:22.987,2086
197,event-ingest,webhook,success,2026-10-02 14:00:21.028,2026-10-02 14:00:23.111,2083
198,event-ingest,webhook,success,2026-10-02 14:00:21.101,2026-10-02 14:00:23.169,2068
199,event-ingest,webhook,success,2026-10-02 14:05:03.071,2026-10-02 14:05:03.462,391
200,event-ingest,webhook,success,2026-10-02 14:05:03.101,2026-10-02 14:05:03.526,425
201,event-ingest,webhook,success,2026-10-02 14:05:03.151,2026-10-02 14:05:03.536,385
202,event-ingest,webhook,success,2026-10-02 14:05:03.214,2026-10-02 14:05:03.613,399
203,event-ingest,webhook,success,2026-10-02 14:05:05.042,2026-10-02 14:05:05.392,350
204,event-ingest,webhook,success,2026-10-02 14:05:05.074,2026-10-02 14:05:05.467,393
205,event-ingest,webhook,success,2026-10-02 14:05:05.098,2026-10-02 14:05:05.449,351
206,event-ingest,webhook,success,2026-10-02 14:05:05.125,2026-10-02 14:05:05.498,373
207,event-ingest,webhook,success,2026-10-02 14:05:06.953,2026-10-02 14:05:07.313,360
208,event-ingest,webhook,success,2026-10-02 14:05:06.976,2026-10-02 14:05:07.362,386
209,event-ingest,webhook,success,2026-10-02 14:05:07.003,2026-10-02 14:05:07.369,366
210,event-ingest,webhook,success,2026-10-02 14:05:07.031,2026-10-02 14:05:07.420,389
211,event-ingest,webhook,success,2026-10-02 14:05:09.162,2026-10-02 14:05:09.532,370
212,event-ingest,webhook,success,2026-10-02 14:05:09.197,2026-10-02 14:05:09.664,467
213,event-ingest,webhook,success,2026-10-02 14:05:09.231,2026-10-02 14:05:09.605,374
214,event-ingest,webhook,success,2026-10-02 14:05:09.272,2026-10-02 14:05:09.670,398
215,event-ingest,webhook,success,2026-10-02 14:05:09.298,2026-10-02 14:05:09.662,364
216,event-ingest,webhook,success,2026-10-02 14:05:09.326,2026-10-02 14:05:09.723,397
217,event-ingest,webhook,success,2026-10-02 14:05:10.569,2026-10-02 14:05:10.933,364
218,event-ingest,webhook,success,2026-10-02 14:05:11.202,2026-10-02 14:05:11.577,375
219,event-ingest,webhook,success,2026-10-02 14:05:12.135,2026-10-02 14:05:12.480,345
220,event-ingest,webhook,success,2026-10-02 14:05:12.762,2026-10-02 14:05:13.128,366
221,event-ingest,webhook,success,2026-10-02 14:05:13.694,2026-10-02 14:05:14.047,353
222,event-ingest,webhook,success,2026-10-02 14:05:13.721,2026-10-02 14:05:14.090,369
223,event-ingest,webhook,success,2026-10-02 14:05:14.656,2026-10-02 14:05:14.986,330
224,event-ingest,webhook,success,2026-10-02 14:05:14.682,2026-10-02 14:05:15.079,397
225,event-ingest,webhook,success,2026-10-02 14:05:14.707,2026-10-02 14:05:15.072,365
226,event-ingest,webhook,success,2026-10-02 14:05:14.734,2026-10-02 14:05:15.121,387
227,event-ingest,webhook,success,2026-10-02 14:05:16.568,2026-10-02 14:05:16.917,349
228,event-ingest,webhook,success,2026-10-02 14:05:16.594,2026-10-02 14:05:16.992,398
229,event-ingest,webhook,success,2026-10-02 14:05:16.620,2026-10-02 14:05:16.966,346
230,event-ingest,webhook,success,2026-10-02 14:05:16.651,2026-10-02 14:05:17.044,393
231,event-ingest,webhook,success,2026-10-02 14:05:18.790,2026-10-02 14:05:20.817,2027
232,event-ingest,webhook,success,2026-10-02 14:05:18.819,2026-10-02 14:05:20.890,2071
233,event-ingest,webhook,success,2026-10-02 14:05:18.851,2026-10-02 14:05:20.879,2028
234,event-ingest,webhook,success,2026-10-02 14:05:18.879,2026-10-02 14:05:20.941,2062
235,event-ingest,webhook,success,2026-10-02 14:05:20.706,2026-10-02 14:05:22.736,2030
236,event-ingest,webhook,success,2026-10-02 14:05:20.730,2026-10-02 14:05:22.806,2076
237,event-ingest,webhook,success,2026-10-02 14:05:20.753,2026-10-02 14:05:22.784,2031
238,event-ingest,webhook,success,2026-10-02 14:05:20.785,2026-10-02 14:05:22.853,2068
239,event-ingest,webhook,success,2026-10-02 14:05:20.820,2026-10-02 14:05:22.862,2042
240,event-ingest,webhook,success,2026-10-02 14:05:20.866,2026-10-02 14:05:22.959,2093
241,event-ingest,webhook,success,2026-10-02 14:10:03.159,2026-10-02 14:10:03.574,415
242,event-ingest,webhook,success,2026-10-02 14:10:03.194,2026-10-02 14:10:03.639,445
243,event-ingest,webhook,success,2026-10-02 14:10:03.234,2026-10-02 14:10:03.616,382
244,event-ingest,webhook,success,2026-10-02 14:10:03.290,2026-10-02 14:10:03.650,360
245,event-ingest,webhook,success,2026-10-02 14:10:05.118,2026-10-02 14:10:05.490,372
246,event-ingest,webhook,success,2026-10-02 14:10:05.149,2026-10-02 14:10:05.544,395
247,event-ingest,webhook,success,2026-10-02 14:10:05.178,2026-10-02 14:10:05.525,347
248,event-ingest,webhook,success,2026-10-02 14:10:05.206,2026-10-02 14:10:05.581,375
249,event-ingest,webhook,success,2026-10-02 14:10:07.038,2026-10-02 14:10:07.405,367
250,event-ingest,webhook,success,2026-10-02 14:10:07.065,2026-10-02 14:10:07.456,391
251,event-ingest,webhook,success,2026-10-02 14:10:07.088,2026-10-02 14:10:07.431,343
252,event-ingest,webhook,success,2026-10-02 14:10:07.116,2026-10-02 14:10:07.525,409
253,event-ingest,webhook,success,2026-10-02 14:10:07.141,2026-10-02 14:10:07.506,365
254,event-ingest,webhook,success,2026-10-02 14:10:07.172,2026-10-02 14:10:07.558,386
255,event-ingest,webhook,success,2026-10-02 14:10:08.107,2026-10-02 14:10:08.470,363
256,event-ingest,webhook,success,2026-10-02 14:10:09.038,2026-10-02 14:10:09.399,361
257,event-ingest,webhook,success,2026-10-02 14:10:09.661,2026-10-02 14:10:10.013,352
258,event-ingest,webhook,success,2026-10-02 14:10:10.587,2026-10-02 14:10:10.932,345
259,event-ingest,webhook,success,2026-10-02 14:10:11.516,2026-10-02 14:10:11.875,359
260,event-ingest,webhook,success,2026-10-02 14:10:11.554,2026-10-02 14:10:11.928,374
261,event-ingest,webhook,success,2026-10-02 14:10:12.486,2026-10-02 14:10:12.828,342
262,event-ingest,webhook,success,2026-10-02 14:10:12.517,2026-10-02 14:10:12.920,403
263,event-ingest,webhook,success,2026-10-02 14:10:12.545,2026-10-02 14:10:12.894,349
264,event-ingest,webhook,success,2026-10-02 14:10:12.579,2026-10-02 14:10:12.982,403
265,event-ingest,webhook,success,2026-10-02 14:10:14.418,2026-10-02 14:10:14.777,359
266,event-ingest,webhook,success,2026-10-02 14:10:14.451,2026-10-02 14:10:14.871,420
267,event-ingest,webhook,success,2026-10-02 14:10:14.480,2026-10-02 14:10:14.858,378
268,event-ingest,webhook,success,2026-10-02 14:10:14.514,2026-10-02 14:10:14.900,386
269,event-ingest,webhook,success,2026-10-02 14:10:16.656,2026-10-02 14:10:17.011,355
270,event-ingest,webhook,success,2026-10-02 14:10:16.683,2026-10-02 14:10:18.752,2069
271,event-ingest,webhook,success,2026-10-02 14:10:16.708,2026-10-02 14:10:17.062,354
272,event-ingest,webhook,success,2026-10-02 14:10:16.746,2026-10-02 14:10:18.821,2075
273,event-ingest,webhook,success,2026-10-02 14:10:18.578,2026-10-02 14:10:20.605,2027
274,event-ingest,webhook,success,2026-10-02 14:10:18.604,2026-10-02 14:10:20.676,2072
275,event-ingest,webhook,success,2026-10-02 14:10:18.632,2026-10-02 14:10:20.659,2027
276,event-ingest,webhook,success,2026-10-02 14:10:18.659,2026-10-02 14:10:20.719,2060
277,event-ingest,webhook,success,2026-10-02 14:10:20.493,2026-10-02 14:10:22.533,2040
278,event-ingest,webhook,success,2026-10-02 14:10:20.521,2026-10-02 14:10:22.592,2071
279,event-ingest,webhook,success,2026-10-02 14:10:20.552,2026-10-02 14:10:22.582,2030
280,event-ingest,webhook,success,2026-10-02 14:10:20.584,2026-10-02 14:10:22.654,2070
281,event-ingest,webhook,success,2026-10-02 14:10:22.712,2026-10-02 14:10:24.741,2029
282,event-ingest,webhook,success,2026-10-02 14:10:22.746,2026-10-02 14:10:24.819,2073
283,event-ingest,webhook,success,2026-10-02 14:10:22.775,2026-10-02 14:10:24.806,2031
284,event-ingest,webhook,success,2026-10-02 14:10:22.814,2026-10-02 14:10:24.877,2063
285,event-ingest,webhook,success,2026-10-02 14:10:24.645,2026-10-02 14:10:26.679,2034
286,event-ingest,webhook,success,2026-10-02 14:10:24.676,2026-10-02 14:10:26.756,2080
287,event-ingest,webhook,success,2026-10-02 14:10:24.703,2026-10-02 14:10:26.735,2032
288,event-ingest,webhook,success,2026-10-02 14:10:24.738,2026-10-02 14:10:26.830,2092
289,event-ingest,webhook,success,2026-10-02 14:10:26.875,2026-10-02 14:10:28.924,2049
290,event-ingest,webhook,success,2026-10-02 14:10:26.914,2026-10-02 14:10:29.027,2113
291,event-ingest,webhook,success,2026-10-02 14:10:26.947,2026-10-02 14:10:29.016,2069
292,event-ingest,webhook,success,2026-10-02 14:10:26.982,2026-10-02 14:10:29.052,2070
293,event-ingest,webhook,success,2026-10-02 14:10:28.812,2026-10-02 14:10:30.840,2028
294,event-ingest,webhook,success,2026-10-02 14:10:28.837,2026-10-02 14:10:30.933,2096
295,event-ingest,webhook,success,2026-10-02 14:10:28.871,2026-10-02 14:10:30.905,2034
296,event-ingest,webhook,success,2026-10-02 14:10:28.921,2026-10-02 14:10:31.050,2129
297,event-ingest,webhook,success,2026-10-02 14:10:30.782,2026-10-02 14:10:32.817,2035
298,event-ingest,webhook,success,2026-10-02 14:10:30.813,2026-10-02 14:10:32.883,2070
299,event-ingest,webhook,success,2026-10-02 14:10:30.843,2026-10-02 14:10:32.892,2049
300,event-ingest,webhook,success,2026-10-02 14:10:30.879,2026-10-02 14:10:32.945,2066
301,event-ingest,webhook,success,2026-10-02 14:10:33.004,2026-10-02 14:10:35.033,2029
302,event-ingest,webhook,success,2026-10-02 14:10:33.028,2026-10-02 14:10:35.111,2083
303,event-ingest,webhook,success,2026-10-02 14:10:33.056,2026-10-02 14:10:35.089,2033
304,event-ingest,webhook,success,2026-10-02 14:10:33.087,2026-10-02 14:10:35.158,2071
305,event-ingest,webhook,success,2026-10-02 14:10:34.922,2026-10-02 14:10:36.963,2041
306,event-ingest,webhook,success,2026-10-02 14:10:34.965,2026-10-02 14:10:37.050,2085
307,event-ingest,webhook,success,2026-10-02 14:10:34.997,2026-10-02 14:10:37.027,2030
308,event-ingest,webhook,success,2026-10-02 14:10:35.037,2026-10-02 14:10:37.139,2102
309,event-ingest,webhook,success,2026-10-02 14:10:35.093,2026-10-02 14:10:37.176,2083
310,event-ingest,webhook,success,2026-10-02 14:10:35.192,2026-10-02 14:10:37.265,2073
311,event-ingest,webhook,success,2026-10-02 14:10:36.135,2026-10-02 14:10:38.164,2029
312,event-ingest,webhook,success,2026-10-02 14:10:37.057,2026-10-02 14:10:39.090,2033
313,event-ingest,webhook,success,2026-10-02 14:10:37.688,2026-10-02 14:10:39.747,2059
314,event-ingest,webhook,success,2026-10-02 14:10:38.610,2026-10-02 14:10:40.644,2034
315,event-ingest,webhook,success,2026-10-02 14:10:38.640,2026-10-02 14:10:40.701,2061
316,event-ingest,webhook,success,2026-10-02 14:10:39.564,2026-10-02 14:10:41.591,2027
317,event-ingest,webhook,success,2026-10-02 14:10:39.596,2026-10-02 14:10:41.698,2102
318,event-ingest,webhook,success,2026-10-02 14:10:39.636,2026-10-02 14:10:41.677,2041
319,event-ingest,webhook,success,2026-10-02 14:10:39.685,2026-10-02 14:10:41.895,2210
320,event-ingest,webhook,success,2026-10-02 14:10:39.780,2026-10-02 14:10:41.873,2093
321,event-ingest,webhook,success,2026-10-02 14:10:39.875,2026-10-02 14:10:42.023,2148
322,event-ingest,webhook,success,2026-10-02 14:10:39.950,2026-10-02 14:10:42.002,2052
323,event-ingest,webhook,success,2026-10-02 14:10:40.005,2026-10-02 14:10:42.658,2653
324,event-ingest,webhook,success,2026-10-02 14:10:40.045,2026-10-02 14:10:42.079,2034
325,event-ingest,webhook,success,2026-10-02 14:10:40.080,2026-10-02 14:10:42.727,2647
326,event-ingest,webhook,success,2026-10-02 14:10:40.108,2026-10-02 14:10:43.691,3583
327,event-ingest,webhook,success,2026-10-02 14:10:40.136,2026-10-02 14:10:43.617,3481
328,event-ingest,webhook,success,2026-10-02 14:10:40.161,2026-10-02 14:10:43.713,3552
329,ioc-extractor,trigger,success,2026-10-02 14:15:00.030,2026-10-02 14:15:00.910,880
330,event-ingest,webhook,success,2026-10-02 14:15:02.921,2026-10-02 14:15:03.327,406
331,event-ingest,webhook,success,2026-10-02 14:15:02.953,2026-10-02 14:15:03.341,388
332,event-ingest,webhook,success,2026-10-02 14:15:02.980,2026-10-02 14:15:03.336,356
333,event-ingest,webhook,success,2026-10-02 14:15:03.011,2026-10-02 14:15:03.401,390
334,event-ingest,webhook,success,2026-10-02 14:15:05.139,2026-10-02 14:15:05.469,330
335,event-ingest,webhook,success,2026-10-02 14:15:05.164,2026-10-02 14:15:05.552,388
336,event-ingest,webhook,success,2026-10-02 14:15:05.187,2026-10-02 14:15:05.596,409
337,event-ingest,webhook,success,2026-10-02 14:15:05.216,2026-10-02 14:15:05.637,421
338,event-ingest,webhook,success,2026-10-02 14:15:07.048,2026-10-02 14:15:07.419,371
339,event-ingest,webhook,success,2026-10-02 14:15:07.078,2026-10-02 14:15:07.485,407
340,event-ingest,webhook,success,2026-10-02 14:15:07.108,2026-10-02 14:15:07.453,345
341,event-ingest,webhook,success,2026-10-02 14:15:07.141,2026-10-02 14:15:07.530,389
342,event-ingest,webhook,success,2026-10-02 14:15:09.283,2026-10-02 14:15:09.635,352
343,event-ingest,webhook,success,2026-10-02 14:15:09.312,2026-10-02 14:15:09.696,384
344,event-ingest,webhook,success,2026-10-02 14:15:09.336,2026-10-02 14:15:09.687,351
345,event-ingest,webhook,success,2026-10-02 14:15:09.363,2026-10-02 14:15:09.738,375
346,event-ingest,webhook,success,2026-10-02 14:15:11.194,2026-10-02 14:15:11.613,419
347,event-ingest,webhook,success,2026-10-02 14:15:11.223,2026-10-02 14:15:11.624,401
348,event-ingest,webhook,success,2026-10-02 14:15:11.247,2026-10-02 14:15:11.614,367
349,event-ingest,webhook,success,2026-10-02 14:15:11.275,2026-10-02 14:15:11.653,378
350,event-ingest,webhook,success,2026-10-02 14:15:13.417,2026-10-02 14:15:13.773,356
351,event-ingest,webhook,success,2026-10-02 14:15:13.442,2026-10-02 14:15:13.825,383
352,event-ingest,webhook,success,2026-10-02 14:15:13.464,2026-10-02 14:15:13.827,363
353,event-ingest,webhook,success,2026-10-02 14:15:13.491,2026-10-02 14:15:13.867,376
354,event-ingest,webhook,success,2026-10-02 14:15:15.325,2026-10-02 14:15:15.690,365
355,event-ingest,webhook,success,2026-10-02 14:15:15.355,2026-10-02 14:15:15.729,374
356,event-ingest,webhook,success,2026-10-02 14:15:15.390,2026-10-02 14:15:15.752,362
357,event-ingest,webhook,success,2026-10-02 14:15:15.419,2026-10-02 14:15:15.794,375
358,event-ingest,webhook,success,2026-10-02 14:15:17.567,2026-10-02 14:15:17.928,361
359,event-ingest,webhook,success,2026-10-02 14:15:17.596,2026-10-02 14:15:17.988,392
360,event-ingest,webhook,success,2026-10-02 14:15:17.621,2026-10-02 14:15:17.975,354
361,event-ingest,webhook,success,2026-10-02 14:15:17.650,2026-10-02 14:15:18.040,390
362,event-ingest,webhook,success,2026-10-02 14:15:19.486,2026-10-02 14:15:21.509,2023
363,event-ingest,webhook,success,2026-10-02 14:15:19.509,2026-10-02 14:15:21.578,2069
364,event-ingest,webhook,success,2026-10-02 14:15:19.534,2026-10-02 14:15:21.561,2027
365,event-ingest,webhook,success,2026-10-02 14:15:19.563,2026-10-02 14:15:21.625,2062
366,event-ingest,webhook,success,2026-10-02 14:15:21.696,2026-10-02 14:15:23.728,2032
367,event-ingest,webhook,success,2026-10-02 14:15:21.732,2026-10-02 14:15:23.818,2086
368,event-ingest,webhook,success,2026-10-02 14:15:21.763,2026-10-02 14:15:23.807,2044
369,event-ingest,webhook,success,2026-10-02 14:15:21.802,2026-10-02 14:15:23.860,2058
370,event-ingest,webhook,success,2026-10-02 14:15:23.638,2026-10-02 14:15:25.669,2031
371,event-ingest,webhook,success,2026-10-02 14:15:23.663,2026-10-02 14:15:25.738,2075
372,event-ingest,webhook,success,2026-10-02 14:15:23.690,2026-10-02 14:15:25.718,2028
373,event-ingest,webhook,success,2026-10-02 14:15:23.719,2026-10-02 14:15:25.786,2067
374,event-ingest,webhook,success,2026-10-02 14:15:25.856,2026-10-02 14:15:27.882,2026
375,event-ingest,webhook,success,2026-10-02 14:15:25.886,2026-10-02 14:15:27.972,2086
376,event-ingest,webhook,success,2026-10-02 14:15:25.914,2026-10-02 14:15:27.959,2045
377,event-ingest,webhook,success,2026-10-02 14:15:25.943,2026-10-02 14:15:27.996,2053
378,event-ingest,webhook,success,2026-10-02 14:15:27.769,2026-10-02 14:15:29.808,2039
379,event-ingest,webhook,success,2026-10-02 14:15:27.794,2026-10-02 14:15:29.858,2064
380,event-ingest,webhook,success,2026-10-02 14:15:27.818,2026-10-02 14:15:29.848,2030
381,event-ingest,webhook,success,2026-10-02 14:15:27.846,2026-10-02 14:15:29.929,2083
382,event-ingest,webhook,success,2026-10-02 14:15:27.869,2026-10-02 14:15:29.907,2038
383,event-ingest,webhook,success,2026-10-02 14:15:27.918,2026-10-02 14:15:30.026,2108
384,event-ingest,webhook,success,2026-10-02 14:15:28.895,2026-10-02 14:15:30.926,2031
385,event-ingest,webhook,success,2026-10-02 14:15:29.523,2026-10-02 14:15:31.551,2028
386,event-ingest,webhook,success,2026-10-02 14:15:30.455,2026-10-02 14:15:32.482,2027
387,event-ingest,webhook,success,2026-10-02 14:15:31.392,2026-10-02 14:15:33.423,2031
388,event-ingest,webhook,success,2026-10-02 14:15:31.417,2026-10-02 14:15:33.481,2064
389,event-ingest,webhook,success,2026-10-02 14:15:32.345,2026-10-02 14:15:34.370,2025
390,event-ingest,webhook,success,2026-10-02 14:15:32.371,2026-10-02 14:15:34.433,2062
391,event-ingest,webhook,success,2026-10-02 14:15:32.395,2026-10-02 14:15:34.422,2027
392,event-ingest,webhook,success,2026-10-02 14:15:32.419,2026-10-02 14:15:34.475,2056
393,event-ingest,webhook,success,2026-10-02 14:15:34.249,2026-10-02 14:15:36.271,2022
394,event-ingest,webhook,success,2026-10-02 14:15:34.278,2026-10-02 14:15:36.350,2072
395,event-ingest,webhook,success,2026-10-02 14:15:34.306,2026-10-02 14:15:36.340,2034
396,event-ingest,webhook,success,2026-10-02 14:15:34.334,2026-10-02 14:15:36.397,2063
397,event-ingest,webhook,success,2026-10-02 14:15:34.357,2026-10-02 14:15:36.388,2031
398,event-ingest,webhook,success,2026-10-02 14:15:34.395,2026-10-02 14:15:36.461,2066
399,event-ingest,webhook,success,2026-10-02 14:15:35.331,2026-10-02 14:15:37.367,2036
400,event-ingest,webhook,success,2026-10-02 14:15:36.269,2026-10-02 14:15:38.308,2039
401,event-ingest,webhook,success,2026-10-02 14:15:36.903,2026-10-02 14:15:38.927,2024
402,event-ingest,webhook,success,2026-10-02 14:15:37.831,2026-10-02 14:15:39.861,2030
403,event-ingest,webhook,success,2026-10-02 14:15:37.856,2026-10-02 14:15:39.910,2054
404,event-ingest,webhook,success,2026-10-02 14:15:38.777,2026-10-02 14:15:40.809,2032
405,event-ingest,webhook,success,2026-10-02 14:15:38.800,2026-10-02 14:15:40.867,2067
406,event-ingest,webhook,success,2026-10-02 14:15:38.822,2026-10-02 14:15:40.850,2028
407,event-ingest,webhook,success,2026-10-02 14:15:38.850,2026-10-02 14:15:40.911,2061
408,event-ingest,webhook,success,2026-10-02 14:15:38.875,2026-10-02 14:15:40.900,2025
409,event-ingest,webhook,success,2026-10-02 14:15:38.904,2026-10-02 14:15:40.988,2084
410,event-ingest,webhook,success,2026-10-02 14:15:38.963,2026-10-02 14:15:41.003,2040
411,event-ingest,webhook,success,2026-10-02 14:15:39.010,2026-10-02 14:15:41.867,2857
412,event-ingest,webhook,success,2026-10-02 14:15:39.072,2026-10-02 14:15:41.121,2049
413,event-ingest,webhook,success,2026-10-02 14:15:39.121,2026-10-02 14:15:42.822,3701
414,event-ingest,webhook,success,2026-10-02 14:15:39.155,2026-10-02 14:15:41.923,2768
415,event-ingest,webhook,success,2026-10-02 14:15:39.190,2026-10-02 14:15:42.876,3686
416,event-ingest,webhook,success,2026-10-02 14:15:39.224,2026-10-02 14:15:42.860,3636
417,event-ingest,webhook,success,2026-10-02 14:20:02.903,2026-10-02 14:20:03.338,435
418,event-ingest,webhook,success,2026-10-02 14:20:02.931,2026-10-02 14:20:03.340,409
419,event-ingest,webhook,success,2026-10-02 14:20:02.958,2026-10-02 14:20:03.336,378
420,event-ingest,webhook,success,2026-10-02 14:20:02.989,2026-10-02 14:20:03.390,401
421,event-ingest,webhook,success,2026-10-02 14:20:05.118,2026-10-02 14:20:05.466,348
422,event-ingest,webhook,success,2026-10-02 14:20:05.148,2026-10-02 14:20:05.588,440
423,event-ingest,webhook,success,2026-10-02 14:20:05.189,2026-10-02 14:20:05.597,408
424,event-ingest,webhook,success,2026-10-02 14:20:05.243,2026-10-02 14:20:05.637,394
425,event-ingest,webhook,success,2026-10-02 14:20:07.068,2026-10-02 14:20:07.411,343
426,event-ingest,webhook,success,2026-10-02 14:20:07.093,2026-10-02 14:20:07.489,396
427,event-ingest,webhook,success,2026-10-02 14:20:07.120,2026-10-02 14:20:07.470,350
428,event-ingest,webhook,success,2026-10-02 14:20:07.152,2026-10-02 14:20:07.533,381
429,event-ingest,webhook,success,2026-10-02 14:20:07.176,2026-10-02 14:20:07.517,341
430,event-ingest,webhook,success,2026-10-02 14:20:07.201,2026-10-02 14:20:07.636,435
431,event-ingest,webhook,success,2026-10-02 14:20:08.436,2026-10-02 14:20:08.805,369
432,event-ingest,webhook,success,2026-10-02 14:20:09.064,2026-10-02 14:20:09.431,367
433,event-ingest,webhook,success,2026-10-02 14:20:10.003,2026-10-02 14:20:10.347,344
434,event-ingest,webhook,success,2026-10-02 14:20:10.634,2026-10-02 14:20:10.991,357
435,event-ingest,webhook,success,2026-10-02 14:20:11.561,2026-10-02 14:20:11.906,345
436,event-ingest,webhook,success,2026-10-02 14:20:12.187,2026-10-02 14:20:12.581,394
437,event-ingest,webhook,success,2026-10-02 14:20:12.211,2026-10-02 14:20:12.658,447
438,event-ingest,webhook,success,2026-10-02 14:20:13.441,2026-10-02 14:20:13.807,366
439,event-ingest,webhook,success,2026-10-02 14:20:13.480,2026-10-02 14:20:13.930,450
440,event-ingest,webhook,success,2026-10-02 14:20:13.525,2026-10-02 14:20:13.873,348
441,event-ingest,webhook,success,2026-10-02 14:20:13.566,2026-10-02 14:20:13.979,413
442,event-ingest,webhook,success,2026-10-02 14:20:15.405,2026-10-02 14:20:15.769,364
443,event-ingest,webhook,success,2026-10-02 14:20:15.436,2026-10-02 14:20:15.853,417
444,event-ingest,webhook,success,2026-10-02 14:20:15.469,2026-10-02 14:20:15.845,376
445,event-ingest,webhook,success,2026-10-02 14:20:15.517,2026-10-02 14:20:15.938,421
446,event-ingest,webhook,success,2026-10-02 14:20:18.259,2026-10-02 14:20:18.623,364
447,event-ingest,webhook,success,2026-10-02 14:20:18.301,2026-10-02 14:20:20.384,2083
448,event-ingest,webhook,success,2026-10-02 14:20:18.332,2026-10-02 14:20:20.369,2037
449,event-ingest,webhook,success,2026-10-02 14:20:18.367,2026-10-02 14:20:20.800,2433
450,event-ingest,webhook,success,2026-10-02 14:20:19.602,2026-10-02 14:20:21.688,2086
451,event-ingest,webhook,success,2026-10-02 14:20:19.689,2026-10-02 14:20:21.805,2116
452,event-ingest,webhook,success,2026-10-02 14:20:19.737,2026-10-02 14:20:21.793,2056
453,event-ingest,webhook,success,2026-10-02 14:20:19.797,2026-10-02 14:20:21.904,2107
454,event-ingest,webhook,success,2026-10-02 14:20:19.840,2026-10-02 14:20:21.875,2035
455,event-ingest,webhook,success,2026-10-02 14:25:03.258,2026-10-02 14:25:03.678,420
456,event-ingest,webhook,success,2026-10-02 14:25:03.293,2026-10-02 14:25:03.683,390
457,event-ingest,webhook,success,2026-10-02 14:25:03.318,2026-10-02 14:25:03.679,361
458,event-ingest,webhook,success,2026-10-02 14:25:03.348,2026-10-02 14:25:03.716,368
459,event-ingest,webhook,success,2026-10-02 14:25:05.484,2026-10-02 14:25:05.847,363
460,event-ingest,webhook,success,2026-10-02 14:25:05.511,2026-10-02 14:25:05.896,385
461,event-ingest,webhook,success,2026-10-02 14:25:05.536,2026-10-02 14:25:05.897,361
462,event-ingest,webhook,success,2026-10-02 14:25:05.562,2026-10-02 14:25:05.937,375
463,event-ingest,webhook,success,2026-10-02 14:25:07.393,2026-10-02 14:25:07.749,356
464,event-ingest,webhook,success,2026-10-02 14:25:07.421,2026-10-02 14:25:07.842,421
465,event-ingest,webhook,success,2026-10-02 14:25:07.457,2026-10-02 14:25:07.811,354
466,event-ingest,webhook,success,2026-10-02 14:25:07.509,2026-10-02 14:25:07.904,395
467,event-ingest,webhook,success,2026-10-02 14:25:07.540,2026-10-02 14:25:07.887,347
468,event-ingest,webhook,success,2026-10-02 14:25:07.567,2026-10-02 14:25:07.961,394
469,event-ingest,webhook,success,2026-10-02 14:25:08.800,2026-10-02 14:25:09.153,353
470,event-ingest,webhook,success,2026-10-02 14:25:09.426,2026-10-02 14:25:09.788,362
471,event-ingest,webhook,success,2026-10-02 14:25:10.357,2026-10-02 14:25:10.723,366
472,event-ingest,webhook,success,2026-10-02 14:25:10.994,2026-10-02 14:25:11.357,363
473,event-ingest,webhook,success,2026-10-02 14:25:11.926,2026-10-02 14:25:12.272,346
474,event-ingest,webhook,success,2026-10-02 14:25:12.558,2026-10-02 14:25:12.907,349
475,event-ingest,webhook,success,2026-10-02 14:25:13.500,2026-10-02 14:25:13.826,326
476,event-ingest,webhook,success,2026-10-02 14:25:14.435,2026-10-02 14:25:14.790,355
477,event-ingest,webhook,success,2026-10-02 14:25:14.461,2026-10-02 14:25:14.819,358
478,event-ingest,webhook,success,2026-10-02 14:25:15.390,2026-10-02 14:25:15.754,364
479,event-ingest,webhook,success,2026-10-02 14:25:15.416,2026-10-02 14:25:15.816,400
480,event-ingest,webhook,success,2026-10-02 14:25:15.443,2026-10-02 14:25:15.771,328
481,event-ingest,webhook,success,2026-10-02 14:25:15.472,2026-10-02 14:25:15.871,399
482,event-ingest,webhook,success,2026-10-02 14:25:17.303,2026-10-02 14:25:17.651,348
483,event-ingest,webhook,success,2026-10-02 14:25:17.329,2026-10-02 14:25:17.714,385
484,event-ingest,webhook,success,2026-10-02 14:25:17.354,2026-10-02 14:25:17.705,351
485,event-ingest,webhook,success,2026-10-02 14:25:17.379,2026-10-02 14:25:19.443,2064
486,event-ingest,webhook,success,2026-10-02 14:25:19.513,2026-10-02 14:25:21.542,2029
487,event-ingest,webhook,success,2026-10-02 14:25:19.544,2026-10-02 14:25:21.611,2067
488,event-ingest,webhook,success,2026-10-02 14:25:19.568,2026-10-02 14:25:21.597,2029
489,event-ingest,webhook,success,2026-10-02 14:25:19.610,2026-10-02 14:25:21.675,2065
490,event-ingest,webhook,success,2026-10-02 14:25:21.445,2026-10-02 14:25:23.469,2024
491,event-ingest,webhook,success,2026-10-02 14:25:21.473,2026-10-02 14:25:23.552,2079
492,event-ingest,webhook,success,2026-10-02 14:25:21.503,2026-10-02 14:25:23.534,2031
493,event-ingest,webhook,success,2026-10-02 14:25:21.540,2026-10-02 14:25:23.622,2082
494,event-ingest,webhook,success,2026-10-02 14:25:23.383,2026-10-02 14:25:25.416,2033
495,event-ingest,webhook,success,2026-10-02 14:25:23.412,2026-10-02 14:25:25.484,2072
496,event-ingest,webhook,success,2026-10-02 14:25:23.435,2026-10-02 14:25:25.463,2028
497,event-ingest,webhook,success,2026-10-02 14:25:23.467,2026-10-02 14:25:25.552,2085
498,event-ingest,webhook,success,2026-10-02 14:25:25.603,2026-10-02 14:25:27.629,2026
499,event-ingest,webhook,success,2026-10-02 14:25:25.631,2026-10-02 14:25:27.697,2066
500,event-ingest,webhook,success,2026-10-02 14:25:25.654,2026-10-02 14:25:27.678,2024
501,event-ingest,webhook,success,2026-10-02 14:25:25.680,2026-10-02 14:25:27.741,2061
502,event-ingest,webhook,success,2026-10-02 14:25:27.512,2026-10-02 14:25:29.547,2035
503,event-ingest,webhook,success,2026-10-02 14:25:27.545,2026-10-02 14:25:29.622,2077
504,event-ingest,webhook,success,2026-10-02 14:25:27.576,2026-10-02 14:25:29.613,2037
505,event-ingest,webhook,success,2026-10-02 14:25:27.606,2026-10-02 14:25:29.669,2063
506,event-ingest,webhook,success,2026-10-02 14:25:29.737,2026-10-02 14:25:31.768,2031
507,event-ingest,webhook,success,2026-10-02 14:25:29.770,2026-10-02 14:25:31.886,2116
508,event-ingest,webhook,success,2026-10-02 14:25:29.805,2026-10-02 14:25:31.841,2036
509,event-ingest,webhook,success,2026-10-02 14:25:29.855,2026-10-02 14:25:31.981,2126
510,event-ingest,webhook,success,2026-10-02 14:25:29.916,2026-10-02 14:25:31.971,2055
511,event-ingest,webhook,success,2026-10-02 14:25:29.968,2026-10-02 14:25:32.051,2083
512,event-ingest,webhook,success,2026-10-02 14:25:30.004,2026-10-02 14:25:32.038,2034
513,event-ingest,webhook,success,2026-10-02 14:25:30.040,2026-10-02 14:25:32.124,2084
514,event-ingest,webhook,success,2026-10-02 14:25:30.080,2026-10-02 14:25:32.108,2028
515,ioc-extractor,trigger,success,2026-10-02 14:30:00.027,2026-10-02 14:30:01.102,1075
516,event-ingest,webhook,success,2026-10-02 14:30:05.763,2026-10-02 14:30:06.162,399
517,event-ingest,webhook,success,2026-10-02 14:30:05.790,2026-10-02 14:30:06.190,400
518,event-ingest,webhook,success,2026-10-02 14:30:05.817,2026-10-02 14:30:06.171,354
519,event-ingest,webhook,success,2026-10-02 14:30:05.843,2026-10-02 14:30:06.206,363
520,event-ingest,webhook,success,2026-10-02 14:30:07.683,2026-10-02 14:30:08.046,363
521,event-ingest,webhook,success,2026-10-02 14:30:07.707,2026-10-02 14:30:08.110,403
522,event-ingest,webhook,success,2026-10-02 14:30:07.738,2026-10-02 14:30:08.108,370
523,event-ingest,webhook,success,2026-10-02 14:30:07.773,2026-10-02 14:30:08.183,410
524,event-ingest,webhook,success,2026-10-02 14:30:08.117,2026-10-02 14:30:08.506,389
525,event-ingest,webhook,success,2026-10-02 14:30:08.168,2026-10-02 14:30:08.602,434
526,event-ingest,webhook,success,2026-10-02 14:30:09.110,2026-10-02 14:30:09.471,361
527,event-ingest,webhook,success,2026-10-02 14:30:09.733,2026-10-02 14:30:10.092,359
528,event-ingest,webhook,success,2026-10-02 14:30:10.671,2026-10-02 14:30:11.039,368
529,event-ingest,webhook,success,2026-10-02 14:30:11.299,2026-10-02 14:30:11.665,366
530,event-ingest,webhook,success,2026-10-02 14:30:12.228,2026-10-02 14:30:12.567,339
531,event-ingest,webhook,success,2026-10-02 14:30:13.172,2026-10-02 14:30:13.519,347
532,event-ingest,webhook,success,2026-10-02 14:30:13.198,2026-10-02 14:30:13.602,404
533,event-ingest,webhook,success,2026-10-02 14:30:14.137,2026-10-02 14:30:14.503,366
534,event-ingest,webhook,success,2026-10-02 14:30:14.164,2026-10-02 14:30:14.576,412
535,event-ingest,webhook,success,2026-10-02 14:30:14.189,2026-10-02 14:30:14.563,374
536,event-ingest,webhook,success,2026-10-02 14:30:14.218,2026-10-02 14:30:14.600,382
537,event-ingest,webhook,success,2026-10-02 14:30:16.056,2026-10-02 14:30:16.413,357
538,event-ingest,webhook,success,2026-10-02 14:30:16.086,2026-10-02 14:30:16.486,400
539,event-ingest,webhook,success,2026-10-02 14:30:16.115,2026-10-02 14:30:16.489,374
540,event-ingest,webhook,success,2026-10-02 14:30:16.152,2026-10-02 14:30:16.618,466
541,event-ingest,webhook,success,2026-10-02 14:30:18.296,2026-10-02 14:30:18.668,372
542,event-ingest,webhook,success,2026-10-02 14:30:18.329,2026-10-02 14:30:18.716,387
543,event-ingest,webhook,success,2026-10-02 14:30:18.360,2026-10-02 14:30:18.691,331
544,event-ingest,webhook,success,2026-10-02 14:30:18.393,2026-10-02 14:30:18.768,375
545,event-ingest,webhook,success,2026-10-02 14:30:20.378,2026-10-02 14:30:20.798,420
546,event-ingest,webhook,success,2026-10-02 14:30:20.500,2026-10-02 14:30:20.891,391
547,event-ingest,webhook,success,2026-10-02 14:30:20.578,2026-10-02 14:30:20.965,387
548,event-ingest,webhook,success,2026-10-02 14:30:20.657,2026-10-02 14:30:22.722,2065
549,event-ingest,webhook,success,2026-10-02 14:30:22.209,2026-10-02 14:30:24.263,2054
550,event-ingest,webhook,success,2026-10-02 14:30:22.307,2026-10-02 14:30:24.337,2030
551,event-ingest,webhook,success,2026-10-02 14:30:22.357,2026-10-02 14:30:24.408,2051
552,event-ingest,webhook,success,2026-10-02 14:30:22.432,2026-10-02 14:30:24.467,2035
553,event-ingest,webhook,success,2026-10-02 14:30:24.271,2026-10-02 14:30:26.323,2052
554,event-ingest,webhook,success,2026-10-02 14:30:24.332,2026-10-02 14:30:26.432,2100
555,event-ingest,webhook,success,2026-10-02 14:30:24.387,2026-10-02 14:30:26.425,2038
556,event-ingest,webhook,success,2026-10-02 14:30:24.420,2026-10-02 14:30:26.495,2075
557,event-ingest,webhook,success,2026-10-02 14:30:26.565,2026-10-02 14:30:28.594,2029
558,event-ingest,webhook,success,2026-10-02 14:30:26.592,2026-10-02 14:30:28.655,2063
559,event-ingest,webhook,success,2026-10-02 14:30:26.618,2026-10-02 14:30:28.644,2026
560,event-ingest,webhook,success,2026-10-02 14:30:26.647,2026-10-02 14:30:28.704,2057
561,event-ingest,webhook,success,2026-10-02 14:30:28.483,2026-10-02 14:30:30.509,2026
562,event-ingest,webhook,success,2026-10-02 14:30:28.513,2026-10-02 14:30:30.575,2062
563,event-ingest,webhook,success,2026-10-02 14:30:28.539,2026-10-02 14:30:30.568,2029
564,event-ingest,webhook,success,2026-10-02 14:30:28.567,2026-10-02 14:30:30.630,2063
565,event-ingest,webhook,success,2026-10-02 14:30:30.399,2026-10-02 14:30:32.433,2034
566,event-ingest,webhook,success,2026-10-02 14:30:30.427,2026-10-02 14:30:32.488,2061
567,event-ingest,webhook,success,2026-10-02 14:30:30.450,2026-10-02 14:30:32.478,2028
568,event-ingest,webhook,success,2026-10-02 14:30:30.473,2026-10-02 14:30:32.534,2061
569,event-ingest,webhook,success,2026-10-02 14:30:32.598,2026-10-02 14:30:34.623,2025
570,event-ingest,webhook,success,2026-10-02 14:30:32.619,2026-10-02 14:30:34.686,2067
571,event-ingest,webhook,success,2026-10-02 14:30:32.641,2026-10-02 14:30:34.665,2024
572,event-ingest,webhook,success,2026-10-02 14:30:32.668,2026-10-02 14:30:34.743,2075
573,event-ingest,webhook,success,2026-10-02 14:30:34.501,2026-10-02 14:30:36.541,2040
574,event-ingest,webhook,success,2026-10-02 14:30:34.537,2026-10-02 14:30:36.604,2067
575,event-ingest,webhook,success,2026-10-02 14:30:34.564,2026-10-02 14:30:36.596,2032
576,event-ingest,webhook,success,2026-10-02 14:30:34.589,2026-10-02 14:30:36.663,2074
577,event-ingest,webhook,success,2026-10-02 14:30:34.614,2026-10-02 14:30:36.656,2042
578,event-ingest,webhook,success,2026-10-02 14:30:34.655,2026-10-02 14:30:36.761,2106
579,event-ingest,webhook,success,2026-10-02 14:30:34.704,2026-10-02 14:30:36.743,2039
580,event-ingest,webhook,success,2026-10-02 14:30:34.754,2026-10-02 14:30:36.820,2066
581,event-ingest,webhook,success,2026-10-02 14:30:34.822,2026-10-02 14:30:36.963,2141
582,event-ingest,webhook,success,2026-10-02 14:30:34.870,2026-10-02 14:30:36.951,2081
583,event-ingest,webhook,success,2026-10-02 14:30:34.952,2026-10-02 14:30:38.555,3603
584,event-ingest,webhook,success,2026-10-02 14:35:03.127,2026-10-02 14:35:03.582,455
585,event-ingest,webhook,success,2026-10-02 14:35:03.157,2026-10-02 14:35:03.568,411
586,event-ingest,webhook,success,2026-10-02 14:35:03.187,2026-10-02 14:35:03.566,379
587,event-ingest,webhook,success,2026-10-02 14:35:03.221,2026-10-02 14:35:03.626,405
588,event-ingest,webhook,success,2026-10-02 14:35:05.370,2026-10-02 14:35:05.737,367
589,event-ingest,webhook,success,2026-10-02 14:35:05.398,2026-10-02 14:35:05.795,397
590,event-ingest,webhook,success,2026-10-02 14:35:05.424,2026-10-02 14:35:05.769,345
591,event-ingest,webhook,success,2026-10-02 14:35:05.454,2026-10-02 14:35:05.838,384
592,event-ingest,webhook,success,2026-10-02 14:35:05.478,2026-10-02 14:35:05.823,345
593,event-ingest,webhook,success,2026-10-02 14:35:05.506,2026-10-02 14:35:05.882,376
594,event-ingest,webhook,success,2026-10-02 14:35:06.431,2026-10-02 14:35:06.785,354
595,event-ingest,webhook,success,2026-10-02 14:35:07.056,2026-10-02 14:35:07.418,362
596,event-ingest,webhook,success,2026-10-02 14:35:07.989,2026-10-02 14:35:08.332,343
597,event-ingest,webhook,success,2026-10-02 14:35:08.922,2026-10-02 14:35:09.277,355
598,event-ingest,webhook,success,2026-10-02 14:35:09.557,2026-10-02 14:35:09.924,367
599,event-ingest,webhook,success,2026-10-02 14:35:10.492,2026-10-02 14:35:10.852,360
600,event-ingest,webhook,success,2026-10-02 14:35:10.523,2026-10-02 14:35:10.897,374
601,event-ingest,webhook,success,2026-10-02 14:35:11.450,2026-10-02 14:35:11.810,360
602,event-ingest,webhook,success,2026-10-02 14:35:11.476,2026-10-02 14:35:11.864,388
603,event-ingest,webhook,success,2026-10-02 14:35:11.503,2026-10-02 14:35:11.862,359
604,event-ingest,webhook,success,2026-10-02 14:35:11.535,2026-10-02 14:35:11.940,405
605,event-ingest,webhook,success,2026-10-02 14:35:13.369,2026-10-02 14:35:13.738,369
606,event-ingest,webhook,success,2026-10-02 14:35:13.396,2026-10-02 14:35:13.810,414
607,event-ingest,webhook,success,2026-10-02 14:35:13.422,2026-10-02 14:35:13.794,372
608,event-ingest,webhook,success,2026-10-02 14:35:13.465,2026-10-02 14:35:13.849,384
609,event-ingest,webhook,success,2026-10-02 14:35:15.604,2026-10-02 14:35:15.950,346
610,event-ingest,webhook,success,2026-10-02 14:35:15.630,2026-10-02 14:35:16.014,384
611,event-ingest,webhook,success,2026-10-02 14:35:15.653,2026-10-02 14:35:16.012,359
612,event-ingest,webhook,success,2026-10-02 14:35:15.678,2026-10-02 14:35:16.053,375
613,event-ingest,webhook,success,2026-10-02 14:35:17.518,2026-10-02 14:35:17.877,359
614,event-ingest,webhook,success,2026-10-02 14:35:17.552,2026-10-02 14:35:17.947,395
615,event-ingest,webhook,success,2026-10-02 14:35:17.577,2026-10-02 14:35:17.944,367
616,event-ingest,webhook,success,2026-10-02 14:35:17.605,2026-10-02 14:35:19.669,2064
617,event-ingest,webhook,success,2026-10-02 14:35:19.733,2026-10-02 14:35:21.759,2026
618,event-ingest,webhook,success,2026-10-02 14:35:19.760,2026-10-02 14:35:21.828,2068
619,event-ingest,webhook,success,2026-10-02 14:35:19.782,2026-10-02 14:35:21.806,2024
620,event-ingest,webhook,success,2026-10-02 14:35:19.810,2026-10-02 14:35:21.875,2065
621,event-ingest,webhook,success,2026-10-02 14:35:21.653,2026-10-02 14:35:23.677,2024
622,event-ingest,webhook,success,2026-10-02 14:35:21.677,2026-10-02 14:35:23.741,2064
623,event-ingest,webhook,success,2026-10-02 14:35:21.700,2026-10-02 14:35:23.721,2021
624,event-ingest,webhook,success,2026-10-02 14:35:21.726,2026-10-02 14:35:23.787,2061
625,event-ingest,webhook,success,2026-10-02 14:35:23.853,2026-10-02 14:35:25.881,2028
626,event-ingest,webhook,success,2026-10-02 14:35:23.876,2026-10-02 14:35:25.941,2065
627,event-ingest,webhook,success,2026-10-02 14:35:23.901,2026-10-02 14:35:25.927,2026
628,event-ingest,webhook,success,2026-10-02 14:35:23.930,2026-10-02 14:35:25.989,2059
629,event-ingest,webhook,success,2026-10-02 14:35:25.768,2026-10-02 14:35:27.793,2025
630,event-ingest,webhook,success,2026-10-02 14:35:25.791,2026-10-02 14:35:27.856,2065
631,event-ingest,webhook,success,2026-10-02 14:35:25.814,2026-10-02 14:35:27.841,2027
632,event-ingest,webhook,success,2026-10-02 14:35:25.841,2026-10-02 14:35:27.909,2068
633,event-ingest,webhook,success,2026-10-02 14:35:27.971,2026-10-02 14:35:29.994,2023
634,event-ingest,webhook,success,2026-10-02 14:35:27.996,2026-10-02 14:35:30.062,2066
635,event-ingest,webhook,success,2026-10-02 14:35:28.021,2026-10-02 14:35:30.045,2024
636,event-ingest,webhook,success,2026-10-02 14:35:28.047,2026-10-02 14:35:30.105,2058
637,event-ingest,webhook,success,2026-10-02 14:35:29.881,2026-10-02 14:35:31.907,2026
638,event-ingest,webhook,success,2026-10-02 14:35:29.907,2026-10-02 14:35:31.972,2065
639,event-ingest,webhook,success,2026-10-02 14:35:29.930,2026-10-02 14:35:31.954,2024
640,event-ingest,webhook,success,2026-10-02 14:35:29.955,2026-10-02 14:35:32.014,2059
641,event-ingest,webhook,success,2026-10-02 14:35:32.081,2026-10-02 14:35:34.114,2033
642,event-ingest,webhook,success,2026-10-02 14:35:32.114,2026-10-02 14:35:34.180,2066
643,event-ingest,webhook,success,2026-10-02 14:35:32.139,2026-10-02 14:35:34.165,2026
644,event-ingest,webhook,success,2026-10-02 14:35:32.164,2026-10-02 14:35:34.231,2067
645,event-ingest,webhook,success,2026-10-02 14:35:32.190,2026-10-02 14:35:34.214,2024
646,event-ingest,webhook,success,2026-10-02 14:35:32.215,2026-10-02 14:35:34.273,2058
647,event-ingest,webhook,success,2026-10-02 14:35:33.147,2026-10-02 14:35:35.177,2030
648,event-ingest,webhook,success,2026-10-02 14:35:33.774,2026-10-02 14:35:35.800,2026
649,event-ingest,webhook,success,2026-10-02 14:35:34.701,2026-10-02 14:35:36.724,2023
650,event-ingest,webhook,success,2026-10-02 14:35:35.630,2026-10-02 14:35:37.658,2028
651,event-ingest,webhook,success,2026-10-02 14:35:35.658,2026-10-02 14:35:37.715,2057
652,event-ingest,webhook,success,2026-10-02 14:35:36.591,2026-10-02 14:35:38.616,2025
653,event-ingest,webhook,success,2026-10-02 14:35:36.616,2026-10-02 14:35:38.677,2061
654,event-ingest,webhook,success,2026-10-02 14:35:36.639,2026-10-02 14:35:38.670,2031
655,event-ingest,webhook,success,2026-10-02 14:35:36.668,2026-10-02 14:35:38.726,2058
656,event-ingest,webhook,success,2026-10-02 14:35:38.499,2026-10-02 14:35:40.522,2023
657,event-ingest,webhook,success,2026-10-02 14:35:38.523,2026-10-02 14:35:40.591,2068
658,event-ingest,webhook,success,2026-10-02 14:35:38.545,2026-10-02 14:35:40.572,2027
659,event-ingest,webhook,success,2026-10-02 14:35:38.573,2026-10-02 14:35:40.636,2063
660,event-ingest,webhook,success,2026-10-02 14:35:40.703,2026-10-02 14:35:42.747,2044
661,event-ingest,webhook,success,2026-10-02 14:35:40.747,2026-10-02 14:35:42.875,2128
662,event-ingest,webhook,success,2026-10-02 14:35:40.800,2026-10-02 14:35:42.907,2107
663,event-ingest,webhook,success,2026-10-02 14:35:40.852,2026-10-02 14:35:42.897,2045
664,event-ingest,webhook,success,2026-10-02 14:35:40.902,2026-10-02 14:35:43.011,2109
665,event-ingest,webhook,success,2026-10-02 14:35:40.933,2026-10-02 14:35:42.974,2041
666,event-ingest,webhook,success,2026-10-02 14:35:40.991,2026-10-02 14:35:43.105,2114
667,event-ingest,webhook,success,2026-10-02 14:35:41.037,2026-10-02 14:35:43.096,2059
668,event-ingest,webhook,success,2026-10-02 14:35:41.092,2026-10-02 14:35:43.163,2071
669,event-ingest,webhook,success,2026-10-02 14:35:41.119,2026-10-02 14:35:43.146,2027
670,event-ingest,webhook,success,2026-10-02 14:35:41.150,2026-10-02 14:35:44.887,3737
671,event-ingest,webhook,success,2026-10-02 14:35:41.174,2026-10-02 14:35:44.767,3593
672,event-ingest,webhook,success,2026-10-02 14:35:41.203,2026-10-02 14:35:44.904,3701
673,event-ingest,webhook,success,2026-10-02 14:40:03.069,2026-10-02 14:40:03.498,429
674,event-ingest,webhook,success,2026-10-02 14:40:03.096,2026-10-02 14:40:03.527,431
675,event-ingest,webhook,success,2026-10-02 14:40:03.121,2026-10-02 14:40:03.536,415
676,event-ingest,webhook,success,2026-10-02 14:40:03.149,2026-10-02 14:40:03.571,422
677,event-ingest,webhook,success,2026-10-02 14:40:05.295,2026-10-02 14:40:05.646,351
678,event-ingest,webhook,success,2026-10-02 14:40:05.321,2026-10-02 14:40:05.719,398
679,event-ingest,webhook,success,2026-10-02 14:40:05.347,2026-10-02 14:40:05.691,344
680,event-ingest,webhook,success,2026-10-02 14:40:05.378,2026-10-02 14:40:05.754,376
681,event-ingest,webhook,success,2026-10-02 14:40:07.206,2026-10-02 14:40:07.579,373
682,event-ingest,webhook,success,2026-10-02 14:40:07.239,2026-10-02 14:40:07.633,394
683,event-ingest,webhook,success,2026-10-02 14:40:07.263,2026-10-02 14:40:07.602,339
684,event-ingest,webhook,success,2026-10-02 14:40:07.289,2026-10-02 14:40:07.664,375
685,event-ingest,webhook,success,2026-10-02 14:40:09.424,2026-10-02 14:40:09.772,348
686,event-ingest,webhook,success,2026-10-02 14:40:09.453,2026-10-02 14:40:09.855,402
687,event-ingest,webhook,success,2026-10-02 14:40:09.479,2026-10-02 14:40:09.845,366
688,event-ingest,webhook,success,2026-10-02 14:40:09.510,2026-10-02 14:40:09.892,382
689,event-ingest,webhook,success,2026-10-02 14:40:09.536,2026-10-02 14:40:09.901,365
690,event-ingest,webhook,success,2026-10-02 14:40:09.565,2026-10-02 14:40:09.938,373
691,event-ingest,webhook,success,2026-10-02 14:40:10.500,2026-10-02 14:40:10.866,366
692,event-ingest,webhook,success,2026-10-02 14:40:11.131,2026-10-02 14:40:11.533,402
693,event-ingest,webhook,success,2026-10-02 14:40:12.059,2026-10-02 14:40:12.407,348
694,event-ingest,webhook,success,2026-10-02 14:40:12.682,2026-10-02 14:40:13.041,359
695,event-ingest,webhook,success,2026-10-02 14:40:13.613,2026-10-02 14:40:13.958,345
696,event-ingest,webhook,success,2026-10-02 14:40:13.639,2026-10-02 14:40:14.032,393
697,event-ingest,webhook,success,2026-10-02 14:40:14.567,2026-10-02 14:40:14.937,370
698,event-ingest,webhook,success,2026-10-02 14:40:14.609,2026-10-02 14:40:15.018,409
699,event-ingest,webhook,success,2026-10-02 14:40:14.638,2026-10-02 14:40:15.009,371
700,event-ingest,webhook,success,2026-10-02 14:40:14.676,2026-10-02 14:40:15.077,401
701,event-ingest,webhook,success,2026-10-02 14:40:14.701,2026-10-02 14:40:15.050,349
702,event-ingest,webhook,success,2026-10-02 14:40:14.729,2026-10-02 14:40:15.121,392
703,event-ingest,webhook,success,2026-10-02 14:40:15.965,2026-10-02 14:40:16.331,366
704,event-ingest,webhook,success,2026-10-02 14:40:16.598,2026-10-02 14:40:16.965,367
705,event-ingest,webhook,success,2026-10-02 14:40:17.540,2026-10-02 14:40:17.890,350
706,event-ingest,webhook,success,2026-10-02 14:40:18.169,2026-10-02 14:40:18.561,392
707,event-ingest,webhook,success,2026-10-02 14:40:19.095,2026-10-02 14:40:19.457,362
708,event-ingest,webhook,success,2026-10-02 14:40:19.723,2026-10-02 14:40:20.084,361
709,event-ingest,webhook,success,2026-10-02 14:40:20.648,2026-10-02 14:40:21.022,374
710,event-ingest,webhook,success,2026-10-02 14:40:20.678,2026-10-02 14:40:21.055,377
711,event-ingest,webhook,success,2026-10-02 14:40:21.616,2026-10-02 14:40:21.982,366
712,event-ingest,webhook,success,2026-10-02 14:40:21.646,2026-10-02 14:40:23.705,2059
713,event-ingest,webhook,success,2026-10-02 14:40:21.670,2026-10-02 14:40:23.694,2024
714,event-ingest,webhook,success,2026-10-02 14:40:21.698,2026-10-02 14:40:23.753,2055
715,event-ingest,webhook,success,2026-10-02 14:40:23.821,2026-10-02 14:40:25.851,2030
716,event-ingest,webhook,success,2026-10-02 14:40:23.852,2026-10-02 14:40:25.933,2081
717,event-ingest,webhook,success,2026-10-02 14:40:23.880,2026-10-02 14:40:25.905,2025
718,event-ingest,webhook,success,2026-10-02 14:40:23.911,2026-10-02 14:40:26.032,2121
719,event-ingest,webhook,success,2026-10-02 14:40:25.749,2026-10-02 14:40:27.784,2035
720,event-ingest,webhook,success,2026-10-02 14:40:25.780,2026-10-02 14:40:27.861,2081
721,event-ingest,webhook,success,2026-10-02 14:40:25.806,2026-10-02 14:40:27.837,2031
722,event-ingest,webhook,success,2026-10-02 14:40:25.849,2026-10-02 14:40:27.972,2123
723,event-ingest,webhook,success,2026-10-02 14:40:25.893,2026-10-02 14:40:27.940,2047
724,ioc-extractor,trigger,success,2026-10-02 14:45:00.032,2026-10-02 14:45:01.082,1050
725,report-generator,trigger,success,2026-10-02 14:50:00.032,2026-10-02 14:50:00.094,62
726,ioc-extractor,trigger,success,2026-10-02 15:00:00.036,2026-10-02 15:00:00.145,109
727,ioc-extractor,trigger,success,2026-10-02 15:15:00.033,2026-10-02 15:15:00.078,45
728,ioc-extractor,trigger,success,2026-10-02 15:30:00.030,2026-10-02 15:30:00.057,27
729,ioc-extractor,trigger,success,2026-10-02 15:45:00.040,2026-10-02 15:45:00.082,42
730,ioc-extractor,trigger,success,2026-10-02 16:00:00.035,2026-10-02 16:00:00.148,113
731,ioc-extractor,trigger,success,2026-10-02 16:15:00.037,2026-10-02 16:15:00.082,45
732,ioc-extractor,trigger,success,2026-10-02 16:30:00.030,2026-10-02 16:30:00.064,34
733,ioc-extractor,trigger,success,2026-10-02 16:45:00.069,2026-10-02 16:45:00.115,46
734,ioc-extractor,trigger,success,2026-10-02 17:00:00.056,2026-10-02 17:00:00.176,120
735,ioc-extractor,trigger,success,2026-10-02 17:15:00.047,2026-10-02 17:15:00.135,88
736,ioc-extractor,trigger,success,2026-10-05 14:15:00.076,2026-10-05 14:15:00.818,742
737,ioc-extractor,trigger,success,2026-10-05 14:30:00.048,2026-10-05 14:30:00.100,52
738,ioc-extractor,trigger,success,2026-10-05 14:45:00.044,2026-10-05 14:45:00.078,34
739,ioc-extractor,trigger,success,2026-10-05 15:00:00.060,2026-10-05 15:00:00.090,30
740,ioc-extractor,trigger,success,2026-10-05 15:15:00.073,2026-10-05 15:15:00.161,88
741,ioc-extractor,trigger,success,2026-10-05 15:30:00.030,2026-10-05 15:30:00.082,52
742,ioc-extractor,trigger,success,2026-10-05 15:45:00.037,2026-10-05 15:45:00.074,37
743,ioc-extractor,trigger,success,2026-10-05 16:00:00.041,2026-10-05 16:00:00.083,42
744,ioc-extractor,trigger,success,2026-10-05 16:15:00.037,2026-10-05 16:15:00.115,78
745,ioc-extractor,trigger,success,2026-10-05 16:30:00.052,2026-10-05 16:30:00.132,80
746,ioc-extractor,trigger,success,2026-10-05 16:45:00.036,2026-10-05 16:45:00.111,75
747,ioc-extractor,trigger,success,2026-10-05 17:00:00.036,2026-10-05 17:00:00.071,35
748,ioc-extractor,trigger,success,2026-10-05 17:15:00.033,2026-10-05 17:15:00.075,42
749,ioc-extractor,trigger,success,2026-10-05 17:30:00.028,2026-10-05 17:30:00.053,25
750,ioc-extractor,trigger,success,2026-10-05 17:45:00.025,2026-10-05 17:45:00.054,29
751,ioc-extractor,trigger,success,2026-10-05 18:00:00.021,2026-10-05 18:00:00.059,38
752,ioc-extractor,trigger,success,2026-10-05 18:15:00.039,2026-10-05 18:15:00.085,46
753,event-ingest,webhook,success,2026-10-05 18:28:03.200,2026-10-05 18:28:03.792,592
754,event-ingest,webhook,success,2026-10-05 18:28:03.269,2026-10-05 18:28:03.788,519
755,event-ingest,webhook,success,2026-10-05 18:28:03.308,2026-10-05 18:28:03.794,486
756,event-ingest,webhook,success,2026-10-05 18:28:03.349,2026-10-05 18:28:03.819,470
757,event-ingest,webhook,success,2026-10-05 18:28:03.385,2026-10-05 18:28:03.808,423
758,event-ingest,webhook,success,2026-10-05 18:28:03.460,2026-10-05 18:28:03.904,444
759,event-ingest,webhook,success,2026-10-05 18:28:03.495,2026-10-05 18:28:03.905,410
760,event-ingest,webhook,success,2026-10-05 18:28:03.541,2026-10-05 18:28:03.981,440
761,event-ingest,webhook,success,2026-10-05 18:28:03.579,2026-10-05 18:28:03.955,376
762,event-ingest,webhook,success,2026-10-05 18:28:03.621,2026-10-05 18:28:04.117,496
763,event-ingest,webhook,success,2026-10-05 18:28:03.735,2026-10-05 18:28:04.136,401
764,event-ingest,webhook,success,2026-10-05 18:28:03.823,2026-10-05 18:28:04.282,459
765,event-ingest,webhook,success,2026-10-05 18:28:03.970,2026-10-05 18:28:04.379,409
766,event-ingest,webhook,success,2026-10-05 18:28:04.044,2026-10-05 18:28:04.502,458
767,event-ingest,webhook,success,2026-10-05 18:28:04.081,2026-10-05 18:28:04.449,368
768,event-ingest,webhook,success,2026-10-05 18:28:04.148,2026-10-05 18:28:04.531,383
769,event-ingest,webhook,success,2026-10-05 18:28:04.211,2026-10-05 18:28:04.663,452
770,event-ingest,webhook,success,2026-10-05 18:28:04.265,2026-10-05 18:28:04.673,408
771,event-ingest,webhook,success,2026-10-05 18:28:04.332,2026-10-05 18:28:04.782,450
772,event-ingest,webhook,success,2026-10-05 18:28:04.374,2026-10-05 18:28:04.749,375
773,event-ingest,webhook,success,2026-10-05 18:28:04.440,2026-10-05 18:28:04.863,423
774,event-ingest,webhook,success,2026-10-05 18:28:04.511,2026-10-05 18:28:04.906,395
775,event-ingest,webhook,success,2026-10-05 18:28:05.477,2026-10-05 18:28:05.849,372
776,event-ingest,webhook,success,2026-10-05 18:28:05.512,2026-10-05 18:28:05.910,398
777,event-ingest,webhook,success,2026-10-05 18:28:05.543,2026-10-05 18:28:05.898,355
778,event-ingest,webhook,success,2026-10-05 18:28:05.580,2026-10-05 18:28:05.980,400
779,event-ingest,webhook,success,2026-10-05 18:28:07.724,2026-10-05 18:28:08.092,368
780,event-ingest,webhook,success,2026-10-05 18:28:07.764,2026-10-05 18:28:08.194,430
781,event-ingest,webhook,success,2026-10-05 18:28:07.812,2026-10-05 18:28:08.192,380
782,event-ingest,webhook,success,2026-10-05 18:28:07.850,2026-10-05 18:28:08.307,457
783,event-ingest,webhook,success,2026-10-05 18:28:09.727,2026-10-05 18:28:10.108,381
784,event-ingest,webhook,success,2026-10-05 18:28:09.759,2026-10-05 18:28:10.191,432
785,event-ingest,webhook,success,2026-10-05 18:28:09.791,2026-10-05 18:28:10.188,397
786,event-ingest,webhook,success,2026-10-05 18:28:09.843,2026-10-05 18:28:10.252,409
787,event-ingest,webhook,success,2026-10-05 18:28:09.878,2026-10-05 18:28:10.242,364
788,event-ingest,webhook,success,2026-10-05 18:28:09.915,2026-10-05 18:28:10.344,429
789,event-ingest,webhook,success,2026-10-05 18:28:09.953,2026-10-05 18:28:10.329,376
790,event-ingest,webhook,success,2026-10-05 18:28:09.992,2026-10-05 18:28:10.449,457
791,event-ingest,webhook,success,2026-10-05 18:28:10.031,2026-10-05 18:28:10.391,360
792,event-ingest,webhook,success,2026-10-05 18:28:10.076,2026-10-05 18:28:12.209,2133
793,event-ingest,webhook,success,2026-10-05 18:29:21.323,2026-10-05 18:29:21.936,613
794,event-ingest,webhook,success,2026-10-05 18:29:21.390,2026-10-05 18:29:21.929,539
795,event-ingest,webhook,success,2026-10-05 18:29:47.248,2026-10-05 18:29:47.647,399
796,event-ingest,webhook,success,2026-10-05 18:29:47.296,2026-10-05 18:29:47.755,459
797,event-ingest,webhook,success,2026-10-05 18:29:47.350,2026-10-05 18:29:47.740,390
798,event-ingest,webhook,success,2026-10-05 18:29:47.404,2026-10-05 18:29:47.831,427
799,ioc-extractor,trigger,success,2026-10-05 18:30:00.044,2026-10-05 18:30:00.729,685
800,health-monitor,trigger,success,2026-10-05 18:30:00.056,2026-10-05 18:30:00.571,515
801,event-ingest,webhook,success,2026-10-05 18:30:11.465,2026-10-05 18:30:11.849,384
802,event-ingest,webhook,success,2026-10-05 18:30:11.512,2026-10-05 18:30:11.922,410
803,event-ingest,webhook,success,2026-10-05 18:30:11.543,2026-10-05 18:30:11.929,386
804,event-ingest,webhook,success,2026-10-05 18:30:11.580,2026-10-05 18:30:12.058,478
805,event-ingest,webhook,success,2026-10-05 18:30:13.721,2026-10-05 18:30:14.074,353
806,event-ingest,webhook,success,2026-10-05 18:30:13.754,2026-10-05 18:30:14.177,423
807,event-ingest,webhook,success,2026-10-05 18:30:13.786,2026-10-05 18:30:14.145,359
808,event-ingest,webhook,success,2026-10-05 18:30:13.824,2026-10-05 18:30:14.225,401
809,event-ingest,webhook,success,2026-10-05 18:30:15.660,2026-10-05 18:30:16.112,452
810,event-ingest,webhook,success,2026-10-05 18:30:15.695,2026-10-05 18:30:16.100,405
811,event-ingest,webhook,success,2026-10-05 18:30:15.725,2026-10-05 18:30:16.116,391
812,event-ingest,webhook,success,2026-10-05 18:30:15.757,2026-10-05 18:30:16.168,411
813,event-ingest,webhook,success,2026-10-05 18:30:17.590,2026-10-05 18:30:17.964,374
814,event-ingest,webhook,success,2026-10-05 18:30:17.629,2026-10-05 18:30:18.090,461
815,event-ingest,webhook,success,2026-10-05 18:30:17.662,2026-10-05 18:30:18.042,380
816,event-ingest,webhook,success,2026-10-05 18:30:17.702,2026-10-05 18:30:18.112,410
817,event-ingest,webhook,success,2026-10-05 18:30:19.836,2026-10-05 18:30:20.217,381
818,event-ingest,webhook,success,2026-10-05 18:30:19.873,2026-10-05 18:30:20.277,404
819,event-ingest,webhook,success,2026-10-05 18:30:19.902,2026-10-05 18:30:20.279,377
820,event-ingest,webhook,success,2026-10-05 18:30:19.946,2026-10-05 18:30:20.350,404
821,event-ingest,webhook,success,2026-10-05 18:30:21.787,2026-10-05 18:30:22.221,434
822,event-ingest,webhook,success,2026-10-05 18:30:21.823,2026-10-05 18:30:22.238,415
823,event-ingest,webhook,success,2026-10-05 18:30:21.854,2026-10-05 18:30:22.249,395
824,event-ingest,webhook,success,2026-10-05 18:30:21.893,2026-10-05 18:30:22.305,412
825,event-ingest,webhook,success,2026-10-05 18:30:21.925,2026-10-05 18:30:22.283,358
826,event-ingest,webhook,success,2026-10-05 18:30:21.957,2026-10-05 18:30:22.368,411
827,event-ingest,webhook,success,2026-10-05 18:30:22.886,2026-10-05 18:30:23.241,355
828,event-ingest,webhook,success,2026-10-05 18:30:23.822,2026-10-05 18:30:24.184,362
829,event-ingest,webhook,success,2026-10-05 18:30:24.459,2026-10-05 18:30:24.832,373
830,event-ingest,webhook,success,2026-10-05 18:30:25.392,2026-10-05 18:30:25.768,376
831,event-ingest,webhook,success,2026-10-05 18:30:26.322,2026-10-05 18:30:26.705,383
832,event-ingest,webhook,success,2026-10-05 18:30:26.963,2026-10-05 18:30:27.334,371
833,event-ingest,webhook,success,2026-10-05 18:30:26.996,2026-10-05 18:30:27.393,397
834,event-ingest,webhook,success,2026-10-05 18:30:27.926,2026-10-05 18:30:28.283,357
835,event-ingest,webhook,success,2026-10-05 18:30:27.954,2026-10-05 18:30:28.357,403
836,event-ingest,webhook,success,2026-10-05 18:30:27.982,2026-10-05 18:30:28.356,374
837,event-ingest,webhook,success,2026-10-05 18:30:28.020,2026-10-05 18:30:28.404,384
838,event-ingest,webhook,success,2026-10-05 18:30:30.149,2026-10-05 18:30:30.522,373
839,event-ingest,webhook,success,2026-10-05 18:30:30.185,2026-10-05 18:30:30.601,416
840,event-ingest,webhook,success,2026-10-05 18:30:30.215,2026-10-05 18:30:30.576,361
841,event-ingest,webhook,success,2026-10-05 18:30:30.252,2026-10-05 18:30:30.648,396
842,event-ingest,webhook,success,2026-10-05 18:30:32.084,2026-10-05 18:30:32.468,384
843,event-ingest,webhook,success,2026-10-05 18:30:32.116,2026-10-05 18:30:32.629,513
844,event-ingest,webhook,success,2026-10-05 18:30:32.183,2026-10-05 18:30:32.618,435
845,event-ingest,webhook,success,2026-10-05 18:30:32.264,2026-10-05 18:30:32.755,491
846,event-ingest,webhook,success,2026-10-05 18:30:32.330,2026-10-05 18:30:32.704,374
847,event-ingest,webhook,success,2026-10-05 18:30:32.387,2026-10-05 18:30:32.860,473
848,event-ingest,webhook,success,2026-10-05 18:30:32.430,2026-10-05 18:30:32.841,411
849,health-monitor,trigger,success,2026-10-05 18:35:00.028,2026-10-05 18:35:00.094,66
850,health-monitor,trigger,success,2026-10-05 18:40:00.030,2026-10-05 18:40:00.137,107
851,ioc-extractor,trigger,success,2026-10-05 18:45:00.035,2026-10-05 18:45:00.388,353
852,health-monitor,trigger,success,2026-10-05 18:45:00.043,2026-10-05 18:45:00.313,270
853,health-monitor,trigger,success,2026-10-05 18:50:00.025,2026-10-05 18:50:00.089,64
854,health-monitor,trigger,success,2026-10-05 18:55:00.027,2026-10-05 18:55:00.076,49
855,health-monitor,trigger,success,2026-10-05 19:00:00.045,2026-10-05 19:00:00.279,234
856,ioc-extractor,trigger,success,2026-10-05 19:00:00.055,2026-10-05 19:00:00.273,218
857,health-monitor,trigger,success,2026-10-05 19:05:00.036,2026-10-05 19:05:00.228,192
858,event-ingest,webhook,success,2026-10-05 19:06:31.648,2026-10-05 19:06:32.086,438
859,event-ingest,webhook,success,2026-10-05 19:06:31.684,2026-10-05 19:06:32.106,422
860,event-ingest,webhook,success,2026-10-05 19:06:31.713,2026-10-05 19:06:32.097,384
861,event-ingest,webhook,success,2026-10-05 19:06:31.754,2026-10-05 19:06:32.159,405
862,event-ingest,webhook,success,2026-10-05 19:06:33.594,2026-10-05 19:06:33.999,405
863,event-ingest,webhook,success,2026-10-05 19:06:33.627,2026-10-05 19:06:34.043,416
864,event-ingest,webhook,success,2026-10-05 19:06:33.656,2026-10-05 19:06:34.034,378
865,event-ingest,webhook,success,2026-10-05 19:06:33.698,2026-10-05 19:06:34.119,421
866,event-ingest,webhook,success,2026-10-05 19:06:35.546,2026-10-05 19:06:35.901,355
867,event-ingest,webhook,success,2026-10-05 19:06:35.577,2026-10-05 19:06:35.973,396
868,event-ingest,webhook,success,2026-10-05 19:06:35.603,2026-10-05 19:06:36.001,398
869,event-ingest,webhook,success,2026-10-05 19:06:35.635,2026-10-05 19:06:36.043,408
870,event-ingest,webhook,success,2026-10-05 19:06:37.777,2026-10-05 19:06:38.137,360
871,event-ingest,webhook,success,2026-10-05 19:06:37.812,2026-10-05 19:06:38.209,397
872,event-ingest,webhook,success,2026-10-05 19:06:37.839,2026-10-05 19:06:38.211,372
873,event-ingest,webhook,success,2026-10-05 19:06:37.871,2026-10-05 19:06:38.275,404
874,event-ingest,webhook,success,2026-10-05 19:06:39.699,2026-10-05 19:06:40.062,363
875,event-ingest,webhook,success,2026-10-05 19:06:39.730,2026-10-05 19:06:40.120,390
876,event-ingest,webhook,success,2026-10-05 19:06:39.761,2026-10-05 19:06:40.111,350
877,event-ingest,webhook,success,2026-10-05 19:06:39.792,2026-10-05 19:06:40.186,394
878,event-ingest,webhook,success,2026-10-05 19:06:41.928,2026-10-05 19:06:42.299,371
879,event-ingest,webhook,success,2026-10-05 19:06:41.957,2026-10-05 19:06:42.374,417
880,event-ingest,webhook,success,2026-10-05 19:06:41.984,2026-10-05 19:06:42.362,378
881,event-ingest,webhook,success,2026-10-05 19:06:42.028,2026-10-05 19:06:42.427,399
882,event-ingest,webhook,success,2026-10-05 19:06:43.865,2026-10-05 19:06:44.251,386
883,event-ingest,webhook,success,2026-10-05 19:06:43.911,2026-10-05 19:06:44.348,437
884,event-ingest,webhook,success,2026-10-05 19:06:43.950,2026-10-05 19:06:44.333,383
885,event-ingest,webhook,success,2026-10-05 19:06:44.001,2026-10-05 19:06:44.414,413
886,event-ingest,webhook,success,2026-10-05 19:06:45.843,2026-10-05 19:06:46.206,363
887,event-ingest,webhook,success,2026-10-05 19:06:45.871,2026-10-05 19:06:46.309,438
888,event-ingest,webhook,success,2026-10-05 19:06:45.913,2026-10-05 19:06:46.292,379
889,event-ingest,webhook,success,2026-10-05 19:06:45.976,2026-10-05 19:06:46.378,402
890,event-ingest,webhook,success,2026-10-05 19:06:48.115,2026-10-05 19:06:48.465,350
891,event-ingest,webhook,success,2026-10-05 19:06:48.146,2026-10-05 19:06:48.531,385
892,event-ingest,webhook,success,2026-10-05 19:06:48.172,2026-10-05 19:06:48.544,372
893,event-ingest,webhook,success,2026-10-05 19:06:48.201,2026-10-05 19:06:50.294,2093
894,event-ingest,webhook,success,2026-10-05 19:06:48.228,2026-10-05 19:06:50.286,2058
895,event-ingest,webhook,success,2026-10-05 19:06:48.257,2026-10-05 19:06:50.329,2072
896,event-ingest,webhook,success,2026-10-05 19:06:49.198,2026-10-05 19:06:51.234,2036
897,event-ingest,webhook,success,2026-10-05 19:06:49.829,2026-10-05 19:06:51.863,2034
898,event-ingest,webhook,success,2026-10-05 19:06:50.768,2026-10-05 19:06:52.802,2034
899,event-ingest,webhook,success,2026-10-05 19:06:51.393,2026-10-05 19:06:53.421,2028
900,event-ingest,webhook,success,2026-10-05 19:06:52.325,2026-10-05 19:06:54.354,2029
901,event-ingest,webhook,success,2026-10-05 19:06:53.257,2026-10-05 19:06:55.294,2037
902,event-ingest,webhook,success,2026-10-05 19:06:53.895,2026-10-05 19:06:55.937,2042
903,event-ingest,webhook,success,2026-10-05 19:06:54.831,2026-10-05 19:06:56.870,2039
904,event-ingest,webhook,success,2026-10-05 19:06:54.861,2026-10-05 19:06:56.936,2075
905,event-ingest,webhook,success,2026-10-05 19:06:55.811,2026-10-05 19:06:57.853,2042
906,event-ingest,webhook,success,2026-10-05 19:06:55.846,2026-10-05 19:06:57.935,2089
907,event-ingest,webhook,success,2026-10-05 19:06:55.884,2026-10-05 19:06:57.923,2039
908,event-ingest,webhook,success,2026-10-05 19:06:55.921,2026-10-05 19:06:58.018,2097
909,event-ingest,webhook,success,2026-10-05 19:06:55.960,2026-10-05 19:06:58.002,2042
910,event-ingest,webhook,success,2026-10-05 19:06:56.002,2026-10-05 19:06:58.186,2184
911,event-ingest,webhook,success,2026-10-05 19:06:56.058,2026-10-05 19:06:58.135,2077
912,event-ingest,webhook,success,2026-10-05 19:06:56.141,2026-10-05 19:06:58.248,2107
913,event-ingest,webhook,error,2026-10-05 19:08:06.185,2026-10-05 19:08:06.808,623
914,event-ingest,webhook,error,2026-10-05 19:08:06.236,2026-10-05 19:08:06.729,493
915,event-ingest,webhook,error,2026-10-05 19:08:06.275,2026-10-05 19:08:06.738,463
916,event-ingest,webhook,error,2026-10-05 19:08:06.312,2026-10-05 19:08:06.815,503
917,event-ingest,webhook,error,2026-10-05 19:08:08.154,2026-10-05 19:08:08.530,376
918,event-ingest,webhook,error,2026-10-05 19:08:08.187,2026-10-05 19:08:08.595,408
919,event-ingest,webhook,error,2026-10-05 19:08:08.216,2026-10-05 19:08:08.568,352
920,event-ingest,webhook,error,2026-10-05 19:08:08.249,2026-10-05 19:08:08.636,387
921,event-ingest,webhook,error,2026-10-05 19:08:10.392,2026-10-05 19:08:10.751,359
922,event-ingest,webhook,error,2026-10-05 19:08:10.420,2026-10-05 19:08:10.812,392
923,event-ingest,webhook,error,2026-10-05 19:08:10.449,2026-10-05 19:08:10.794,345
924,event-ingest,webhook,error,2026-10-05 19:08:10.477,2026-10-05 19:08:10.867,390
925,event-ingest,webhook,error,2026-10-05 19:08:12.315,2026-10-05 19:08:12.677,362
926,event-ingest,webhook,error,2026-10-05 19:08:12.350,2026-10-05 19:08:12.760,410
927,event-ingest,webhook,error,2026-10-05 19:08:12.381,2026-10-05 19:08:12.735,354
928,event-ingest,webhook,error,2026-10-05 19:08:12.414,2026-10-05 19:08:12.813,399
929,event-ingest,webhook,error,2026-10-05 19:08:14.549,2026-10-05 19:08:14.894,345
930,event-ingest,webhook,error,2026-10-05 19:08:14.581,2026-10-05 19:08:14.989,408
931,event-ingest,webhook,error,2026-10-05 19:08:14.618,2026-10-05 19:08:14.976,358
932,event-ingest,webhook,error,2026-10-05 19:08:14.663,2026-10-05 19:08:15.074,411
933,event-ingest,webhook,error,2026-10-05 19:08:14.701,2026-10-05 19:08:15.054,353
934,event-ingest,webhook,error,2026-10-05 19:08:14.733,2026-10-05 19:08:15.112,379
935,event-ingest,webhook,error,2026-10-05 19:08:15.664,2026-10-05 19:08:16.009,345
936,event-ingest,webhook,error,2026-10-05 19:08:16.295,2026-10-05 19:08:16.640,345
937,event-ingest,webhook,error,2026-10-05 19:08:17.227,2026-10-05 19:08:17.570,343
938,event-ingest,webhook,error,2026-10-05 19:08:17.855,2026-10-05 19:08:18.221,366
939,event-ingest,webhook,error,2026-10-05 19:08:18.786,2026-10-05 19:08:19.155,369
940,event-ingest,webhook,error,2026-10-05 19:08:19.418,2026-10-05 19:08:19.762,344
941,event-ingest,webhook,error,2026-10-05 19:08:20.347,2026-10-05 19:08:20.696,349
942,event-ingest,webhook,error,2026-10-05 19:08:20.376,2026-10-05 19:08:20.779,403
943,event-ingest,webhook,error,2026-10-05 19:08:21.311,2026-10-05 19:08:23.349,2038
944,event-ingest,webhook,error,2026-10-05 19:08:21.339,2026-10-05 19:08:23.418,2079
945,event-ingest,webhook,error,2026-10-05 19:08:21.366,2026-10-05 19:08:23.404,2038
946,event-ingest,webhook,error,2026-10-05 19:08:21.408,2026-10-05 19:08:23.488,2080
947,health-monitor,trigger,error,2026-10-05 19:10:00.024,2026-10-05 19:10:00.101,77
948,ioc-extractor,trigger,error,2026-10-05 19:15:00.035,2026-10-05 19:15:00.074,39
949,health-monitor,trigger,error,2026-10-05 19:15:00.042,2026-10-05 19:15:00.170,128
950,event-ingest,webhook,success,2026-10-05 19:16:48.066,2026-10-05 19:16:48.597,531
951,event-ingest,webhook,success,2026-10-05 19:16:48.121,2026-10-05 19:16:48.597,476
952,event-ingest,webhook,success,2026-10-05 19:16:48.157,2026-10-05 19:16:48.594,437
953,event-ingest,webhook,success,2026-10-05 19:16:48.206,2026-10-05 19:16:48.629,423
954,event-ingest,webhook,success,2026-10-05 19:16:50.366,2026-10-05 19:16:50.744,378
955,event-ingest,webhook,success,2026-10-05 19:16:50.405,2026-10-05 19:16:50.793,388
956,event-ingest,webhook,success,2026-10-05 19:16:50.435,2026-10-05 19:16:50.802,367
957,event-ingest,webhook,success,2026-10-05 19:16:50.476,2026-10-05 19:16:50.843,367
958,event-ingest,webhook,success,2026-10-05 19:16:52.313,2026-10-05 19:16:52.654,341
959,event-ingest,webhook,success,2026-10-05 19:16:52.343,2026-10-05 19:16:52.722,379
960,event-ingest,webhook,success,2026-10-05 19:16:52.371,2026-10-05 19:16:52.711,340
961,event-ingest,webhook,success,2026-10-05 19:16:52.406,2026-10-05 19:16:52.777,371
962,event-ingest,webhook,success,2026-10-05 19:16:54.231,2026-10-05 19:16:54.582,351
963,event-ingest,webhook,success,2026-10-05 19:16:54.257,2026-10-05 19:16:54.645,388
964,event-ingest,webhook,success,2026-10-05 19:16:54.283,2026-10-05 19:16:54.638,355
965,event-ingest,webhook,success,2026-10-05 19:16:54.314,2026-10-05 19:16:54.741,427
966,event-ingest,webhook,success,2026-10-05 19:16:56.469,2026-10-05 19:16:56.946,477
967,event-ingest,webhook,success,2026-10-05 19:16:56.624,2026-10-05 19:16:57.027,403
968,event-ingest,webhook,success,2026-10-05 19:16:56.676,2026-10-05 19:16:57.015,339
969,event-ingest,webhook,success,2026-10-05 19:16:56.716,2026-10-05 19:16:57.108,392
970,event-ingest,webhook,success,2026-10-05 19:16:58.547,2026-10-05 19:16:58.924,377
971,event-ingest,webhook,success,2026-10-05 19:16:58.578,2026-10-05 19:16:58.984,406
972,event-ingest,webhook,success,2026-10-05 19:16:58.613,2026-10-05 19:16:58.971,358
973,event-ingest,webhook,success,2026-10-05 19:16:58.645,2026-10-05 19:16:59.029,384
974,event-ingest,webhook,success,2026-10-05 19:17:00.488,2026-10-05 19:17:00.837,349
975,event-ingest,webhook,success,2026-10-05 19:17:00.518,2026-10-05 19:17:00.958,440
976,event-ingest,webhook,success,2026-10-05 19:17:00.547,2026-10-05 19:17:00.931,384
977,event-ingest,webhook,success,2026-10-05 19:17:00.580,2026-10-05 19:17:00.981,401
978,event-ingest,webhook,success,2026-10-05 19:17:00.608,2026-10-05 19:17:00.970,362
979,event-ingest,webhook,success,2026-10-05 19:17:00.660,2026-10-05 19:17:01.092,432
980,event-ingest,webhook,success,2026-10-05 19:17:01.633,2026-10-05 19:17:01.981,348
981,event-ingest,webhook,success,2026-10-05 19:17:02.565,2026-10-05 19:17:02.947,382
982,event-ingest,webhook,success,2026-10-05 19:17:03.194,2026-10-05 19:17:03.543,349
983,event-ingest,webhook,success,2026-10-05 19:17:04.133,2026-10-05 19:17:04.461,328
984,event-ingest,webhook,success,2026-10-05 19:17:04.757,2026-10-05 19:17:05.114,357
985,event-ingest,webhook,success,2026-10-05 19:17:04.791,2026-10-05 19:17:05.183,392
986,event-ingest,webhook,success,2026-10-05 19:17:05.730,2026-10-05 19:17:06.083,353
987,event-ingest,webhook,success,2026-10-05 19:17:05.757,2026-10-05 19:17:06.141,384
988,event-ingest,webhook,success,2026-10-05 19:17:05.785,2026-10-05 19:17:06.132,347
989,event-ingest,webhook,success,2026-10-05 19:17:05.820,2026-10-05 19:17:06.209,389
990,event-ingest,webhook,success,2026-10-05 19:17:07.959,2026-10-05 19:17:08.316,357
991,event-ingest,webhook,success,2026-10-05 19:17:07.989,2026-10-05 19:17:08.384,395
992,event-ingest,webhook,success,2026-10-05 19:17:08.018,2026-10-05 19:17:08.373,355
993,event-ingest,webhook,success,2026-10-05 19:17:08.053,2026-10-05 19:17:08.425,372
994,event-ingest,webhook,success,2026-10-05 19:17:09.881,2026-10-05 19:17:10.211,330
995,event-ingest,webhook,success,2026-10-05 19:17:09.912,2026-10-05 19:17:10.294,382
996,event-ingest,webhook,success,2026-10-05 19:17:09.945,2026-10-05 19:17:10.307,362
997,event-ingest,webhook,success,2026-10-05 19:17:09.976,2026-10-05 19:17:12.082,2106
998,event-ingest,webhook,success,2026-10-05 19:17:10.017,2026-10-05 19:17:10.355,338
999,event-ingest,webhook,success,2026-10-05 19:17:10.059,2026-10-05 19:17:12.161,2102
1000,event-ingest,webhook,success,2026-10-05 19:17:10.098,2026-10-05 19:17:12.147,2049
1001,event-ingest,webhook,success,2026-10-05 19:17:10.148,2026-10-05 19:17:12.229,2081
1002,health-monitor,trigger,success,2026-10-05 19:20:00.034,2026-10-05 19:20:00.131,97
1003,health-monitor,trigger,success,2026-10-05 19:25:00.029,2026-10-05 19:25:00.098,69
1004,ioc-extractor,trigger,success,2026-10-05 19:30:00.037,2026-10-05 19:30:00.698,661
1005,health-monitor,trigger,success,2026-10-05 19:30:00.045,2026-10-05 19:30:00.513,468
1006,health-monitor,trigger,success,2026-10-05 19:35:00.027,2026-10-05 19:35:00.106,79
1007,health-monitor,trigger,success,2026-10-05 19:40:00.030,2026-10-05 19:40:00.105,75
1008,ioc-extractor,trigger,success,2026-10-05 19:45:00.030,2026-10-05 19:45:00.081,51
1009,health-monitor,trigger,success,2026-10-05 19:45:00.039,2026-10-05 19:45:00.172,133
1010,health-monitor,trigger,success,2026-10-05 19:50:00.031,2026-10-05 19:50:00.086,55
1011,health-monitor,trigger,success,2026-10-05 19:55:00.029,2026-10-05 19:55:00.091,62
1012,health-monitor,trigger,success,2026-10-05 20:00:00.031,2026-10-05 20:00:00.132,101
1013,ioc-extractor,trigger,success,2026-10-05 20:00:00.039,2026-10-05 20:00:00.140,101
1014,health-monitor,trigger,success,2026-10-05 20:05:00.028,2026-10-05 20:05:00.084,56
1015,health-monitor,trigger,success,2026-10-05 20:10:00.025,2026-10-05 20:10:00.086,61
1016,ioc-extractor,trigger,success,2026-10-05 20:15:00.037,2026-10-05 20:15:00.088,51
1017,health-monitor,trigger,success,2026-10-05 20:15:00.047,2026-10-05 20:15:00.174,127
1018,event-ingest,webhook,success,2026-10-05 20:15:20.638,2026-10-05 20:15:21.020,382
1019,event-ingest,webhook,success,2026-10-05 20:15:20.674,2026-10-05 20:15:21.091,417
1020,event-ingest,webhook,success,2026-10-05 20:15:20.706,2026-10-05 20:15:21.066,360
1021,event-ingest,webhook,success,2026-10-05 20:15:20.771,2026-10-05 20:15:21.195,424
1022,event-ingest,webhook,success,2026-10-05 20:15:21.735,2026-10-05 20:15:22.068,333
1023,event-ingest,webhook,success,2026-10-05 20:15:21.770,2026-10-05 20:15:22.148,378
1024,event-ingest,webhook,success,2026-10-05 20:15:21.801,2026-10-05 20:15:22.140,339
1025,event-ingest,webhook,success,2026-10-05 20:15:21.836,2026-10-05 20:15:22.232,396
1026,event-ingest,webhook,success,2026-10-05 20:15:21.873,2026-10-05 20:15:22.223,350
1027,event-ingest,webhook,success,2026-10-05 20:15:22.823,2026-10-05 20:15:23.158,335
1028,event-ingest,webhook,success,2026-10-05 20:15:22.858,2026-10-05 20:15:23.244,386
1029,event-ingest,webhook,success,2026-10-05 20:15:22.892,2026-10-05 20:15:23.246,354
1030,event-ingest,webhook,success,2026-10-05 20:15:22.928,2026-10-05 20:15:23.320,392
1031,event-ingest,webhook,success,2026-10-05 20:15:22.961,2026-10-05 20:15:23.303,342
1032,event-ingest,webhook,success,2026-10-05 20:15:23.002,2026-10-05 20:15:23.398,396
1033,event-ingest,webhook,success,2026-10-05 20:15:23.036,2026-10-05 20:15:23.374,338
1034,event-ingest,webhook,success,2026-10-05 20:15:23.965,2026-10-05 20:15:24.298,333
1035,event-ingest,webhook,success,2026-10-05 20:15:25.496,2026-10-05 20:15:25.830,334
1036,event-ingest,webhook,success,2026-10-05 20:15:27.028,2026-10-05 20:15:27.377,349
1037,event-ingest,webhook,success,2026-10-05 20:15:28.557,2026-10-05 20:15:28.909,352
1038,event-ingest,webhook,success,2026-10-05 20:15:28.601,2026-10-05 20:15:28.994,393
1039,report-generator,cli,success,2026-10-05 20:16:18.192,2026-10-05 20:16:19.615,1423
1040,event-ingest,webhook,success,2026-10-05 20:16:42.809,2026-10-05 20:16:43.224,415
1041,event-ingest,webhook,success,2026-10-05 20:16:42.847,2026-10-05 20:16:43.239,392
1042,event-ingest,webhook,success,2026-10-05 20:16:42.885,2026-10-05 20:16:43.245,360
1043,event-ingest,webhook,success,2026-10-05 20:16:42.929,2026-10-05 20:16:43.310,381
1044,event-ingest,webhook,success,2026-10-05 20:16:43.862,2026-10-05 20:16:44.206,344
1045,event-ingest,webhook,success,2026-10-05 20:16:43.892,2026-10-05 20:16:44.291,399
1046,event-ingest,webhook,success,2026-10-05 20:16:43.924,2026-10-05 20:16:44.287,363
1047,event-ingest,webhook,success,2026-10-05 20:16:43.966,2026-10-05 20:16:44.352,386
1048,event-ingest,webhook,success,2026-10-05 20:16:43.998,2026-10-05 20:16:44.355,357
1049,event-ingest,webhook,success,2026-10-05 20:16:44.932,2026-10-05 20:16:45.268,336
1050,event-ingest,webhook,success,2026-10-05 20:16:44.964,2026-10-05 20:16:45.380,416
1051,event-ingest,webhook,success,2026-10-05 20:16:45.003,2026-10-05 20:16:45.359,356
1052,event-ingest,webhook,success,2026-10-05 20:16:45.058,2026-10-05 20:16:45.497,439
1053,event-ingest,webhook,success,2026-10-05 20:16:45.126,2026-10-05 20:16:45.464,338
1054,event-ingest,webhook,success,2026-10-05 20:16:45.166,2026-10-05 20:16:45.572,406
1055,event-ingest,webhook,success,2026-10-05 20:16:45.203,2026-10-05 20:16:45.551,348
1056,event-ingest,webhook,success,2026-10-05 20:16:46.133,2026-10-05 20:16:46.490,357
1057,event-ingest,webhook,success,2026-10-05 20:16:47.667,2026-10-05 20:16:48.022,355
1058,event-ingest,webhook,success,2026-10-05 20:16:49.205,2026-10-05 20:16:49.562,357
1059,event-ingest,webhook,success,2026-10-05 20:16:50.447,2026-10-05 20:16:50.783,336
1060,event-ingest,webhook,success,2026-10-05 20:16:50.482,2026-10-05 20:16:50.873,391
1061,event-ingest,webhook,success,2026-10-05 20:16:52.019,2026-10-05 20:16:52.383,364
1062,event-ingest,webhook,success,2026-10-05 20:16:52.051,2026-10-05 20:16:52.439,388
1063,event-ingest,webhook,success,2026-10-05 20:16:52.082,2026-10-05 20:16:52.441,359
1064,event-ingest,webhook,success,2026-10-05 20:16:52.116,2026-10-05 20:16:52.510,394
1065,event-ingest,webhook,success,2026-10-05 20:16:53.052,2026-10-05 20:16:53.402,350
1066,event-ingest,webhook,success,2026-10-05 20:16:53.082,2026-10-05 20:16:53.462,380
1067,event-ingest,webhook,success,2026-10-05 20:16:53.108,2026-10-05 20:16:53.460,352
1068,event-ingest,webhook,success,2026-10-05 20:16:53.142,2026-10-05 20:16:53.527,385
1069,event-ingest,webhook,success,2026-10-05 20:16:53.170,2026-10-05 20:16:53.505,335
1070,event-ingest,webhook,success,2026-10-05 20:16:54.104,2026-10-05 20:16:56.151,2047
1071,event-ingest,webhook,success,2026-10-05 20:16:54.137,2026-10-05 20:16:56.221,2084
1072,event-ingest,webhook,success,2026-10-05 20:16:54.169,2026-10-05 20:16:56.209,2040
1073,event-ingest,webhook,success,2026-10-05 20:16:54.207,2026-10-05 20:16:56.296,2089
1074,event-ingest,webhook,success,2026-10-05 20:16:54.237,2026-10-05 20:16:56.273,2036
1075,event-ingest,webhook,success,2026-10-05 20:16:54.273,2026-10-05 20:16:56.361,2088
1076,event-ingest,webhook,success,2026-10-05 20:16:54.312,2026-10-05 20:16:56.344,2032
1077,event-ingest,webhook,success,2026-10-05 20:16:55.247,2026-10-05 20:16:57.285,2038
1078,event-ingest,webhook,success,2026-10-05 20:16:56.779,2026-10-05 20:16:58.816,2037
1079,event-ingest,webhook,success,2026-10-05 20:16:58.307,2026-10-05 20:17:00.345,2038
1080,event-ingest,webhook,success,2026-10-05 20:16:59.833,2026-10-05 20:17:01.876,2043
1081,event-ingest,webhook,success,2026-10-05 20:16:59.876,2026-10-05 20:17:01.959,2083
1082,event-ingest,webhook,success,2026-10-05 20:17:01.419,2026-10-05 20:17:03.467,2048
1083,event-ingest,webhook,success,2026-10-05 20:17:01.469,2026-10-05 20:17:03.575,2106
1084,event-ingest,webhook,success,2026-10-05 20:17:01.525,2026-10-05 20:17:03.564,2039
1085,event-ingest,webhook,success,2026-10-05 20:17:01.560,2026-10-05 20:17:03.635,2075
1086,event-ingest,webhook,success,2026-10-05 20:17:02.493,2026-10-05 20:17:04.531,2038
1087,event-ingest,webhook,success,2026-10-05 20:17:02.522,2026-10-05 20:17:04.599,2077
1088,event-ingest,webhook,success,2026-10-05 20:17:02.550,2026-10-05 20:17:04.585,2035
1089,event-ingest,webhook,success,2026-10-05 20:17:02.583,2026-10-05 20:17:04.682,2099
1090,event-ingest,webhook,success,2026-10-05 20:17:02.617,2026-10-05 20:17:04.657,2040
1091,event-ingest,webhook,success,2026-10-05 20:17:03.551,2026-10-05 20:17:05.620,2069
1092,event-ingest,webhook,success,2026-10-05 20:17:03.632,2026-10-05 20:17:05.679,2047
1093,event-ingest,webhook,success,2026-10-05 20:17:03.678,2026-10-05 20:17:05.761,2083
1094,event-ingest,webhook,success,2026-10-05 20:17:03.712,2026-10-05 20:17:05.746,2034
1095,event-ingest,webhook,success,2026-10-05 20:17:03.748,2026-10-05 20:17:06.546,2798
1096,event-ingest,webhook,success,2026-10-05 20:17:03.780,2026-10-05 20:17:05.815,2035
1097,event-ingest,webhook,success,2026-10-05 20:17:03.814,2026-10-05 20:17:06.597,2783
1098,event-ingest,webhook,success,2026-10-05 20:17:04.744,2026-10-05 20:17:06.775,2031
1099,event-ingest,webhook,success,2026-10-05 20:17:05.970,2026-10-05 20:17:08.007,2037
1100,event-ingest,webhook,success,2026-10-05 20:17:07.512,2026-10-05 20:17:09.549,2037
1101,event-ingest,webhook,success,2026-10-05 20:17:09.040,2026-10-05 20:17:11.081,2041
1102,event-ingest,webhook,success,2026-10-05 20:17:09.077,2026-10-05 20:17:11.151,2074
1103,event-ingest,webhook,success,2026-10-05 20:17:10.609,2026-10-05 20:17:12.649,2040
1104,event-ingest,webhook,success,2026-10-05 20:17:10.638,2026-10-05 20:17:12.722,2084
1105,event-ingest,webhook,success,2026-10-05 20:17:10.669,2026-10-05 20:17:12.708,2039
1106,event-ingest,webhook,success,2026-10-05 20:17:10.704,2026-10-05 20:17:12.778,2074
1107,event-ingest,webhook,success,2026-10-05 20:17:11.639,2026-10-05 20:17:13.682,2043
1108,event-ingest,webhook,success,2026-10-05 20:17:11.671,2026-10-05 20:17:13.758,2087
1109,event-ingest,webhook,success,2026-10-05 20:17:11.705,2026-10-05 20:17:13.743,2038
1110,event-ingest,webhook,success,2026-10-05 20:17:11.740,2026-10-05 20:17:13.824,2084
1111,event-ingest,webhook,success,2026-10-05 20:17:11.781,2026-10-05 20:17:13.812,2031
1112,event-ingest,webhook,success,2026-10-05 20:17:12.729,2026-10-05 20:17:14.802,2073
1113,event-ingest,webhook,success,2026-10-05 20:17:12.812,2026-10-05 20:17:14.901,2089
1114,event-ingest,webhook,success,2026-10-05 20:17:12.844,2026-10-05 20:17:14.879,2035
1115,event-ingest,webhook,success,2026-10-05 20:17:12.883,2026-10-05 20:17:14.970,2087
1116,event-ingest,webhook,success,2026-10-05 20:17:12.918,2026-10-05 20:17:14.958,2040
1117,event-ingest,webhook,success,2026-10-05 20:17:12.953,2026-10-05 20:17:15.759,2806
1118,event-ingest,webhook,success,2026-10-05 20:17:12.987,2026-10-05 20:17:15.693,2706
1119,event-ingest,webhook,success,2026-10-05 20:17:13.913,2026-10-05 20:17:15.951,2038
1120,event-ingest,webhook,success,2026-10-05 20:17:15.444,2026-10-05 20:17:17.492,2048
1121,event-ingest,webhook,success,2026-10-05 20:17:16.975,2026-10-05 20:17:19.008,2033
1122,event-ingest,webhook,success,2026-10-05 20:17:18.517,2026-10-05 20:17:20.570,2053
1123,event-ingest,webhook,success,2026-10-05 20:17:18.568,2026-10-05 20:17:20.665,2097
1124,report-generator,cli,error,2026-10-05 20:17:32.712,2026-10-05 20:17:33.978,1266
1125,prueba-param,cli,success,2026-10-05 20:18:00.053,2026-10-05 20:18:01.240,1187
1126,health-monitor,trigger,success,2026-10-05 20:20:00.088,2026-10-05 20:20:00.312,224
1127,event-ingest,webhook,success,2026-10-05 20:20:04.341,2026-10-05 20:20:04.762,421
1128,event-ingest,webhook,success,2026-10-05 20:20:04.384,2026-10-05 20:20:04.786,402
1129,event-ingest,webhook,success,2026-10-05 20:20:04.419,2026-10-05 20:20:04.773,354
1130,event-ingest,webhook,success,2026-10-05 20:20:04.462,2026-10-05 20:20:04.841,379
1131,event-ingest,webhook,success,2026-10-05 20:20:05.402,2026-10-05 20:20:05.742,340
1132,event-ingest,webhook,success,2026-10-05 20:20:05.444,2026-10-05 20:20:05.863,419
1133,event-ingest,webhook,success,2026-10-05 20:20:05.496,2026-10-05 20:20:05.877,381
1134,event-ingest,webhook,success,2026-10-05 20:20:05.555,2026-10-05 20:20:05.954,399
1135,event-ingest,webhook,success,2026-10-05 20:20:05.586,2026-10-05 20:20:05.921,335
1136,event-ingest,webhook,success,2026-10-05 20:20:06.518,2026-10-05 20:20:06.877,359
1137,event-ingest,webhook,success,2026-10-05 20:20:06.555,2026-10-05 20:20:06.960,405
1138,event-ingest,webhook,success,2026-10-05 20:20:06.590,2026-10-05 20:20:06.934,344
1139,event-ingest,webhook,success,2026-10-05 20:20:06.630,2026-10-05 20:20:07.023,393
1140,event-ingest,webhook,success,2026-10-05 20:20:06.660,2026-10-05 20:20:07.011,351
1141,event-ingest,webhook,success,2026-10-05 20:20:06.702,2026-10-05 20:20:07.115,413
1142,event-ingest,webhook,success,2026-10-05 20:20:06.749,2026-10-05 20:20:07.095,346
1143,event-ingest,webhook,success,2026-10-05 20:20:07.683,2026-10-05 20:20:08.024,341
1144,event-ingest,webhook,success,2026-10-05 20:20:09.215,2026-10-05 20:20:09.558,343
1145,event-ingest,webhook,success,2026-10-05 20:20:10.754,2026-10-05 20:20:11.093,339
1146,event-ingest,webhook,success,2026-10-05 20:20:11.989,2026-10-05 20:20:12.345,356
1147,event-ingest,webhook,success,2026-10-05 20:20:12.038,2026-10-05 20:20:12.416,378
1148,event-ingest,webhook,success,2026-10-05 20:20:26.489,2026-10-05 20:20:26.845,356
1149,event-ingest,webhook,success,2026-10-05 20:20:26.528,2026-10-05 20:20:26.942,414
1150,event-ingest,webhook,success,2026-10-05 20:20:26.563,2026-10-05 20:20:26.924,361
1151,event-ingest,webhook,success,2026-10-05 20:20:26.608,2026-10-05 20:20:27.004,396
1152,event-ingest,webhook,success,2026-10-05 20:20:28.747,2026-10-05 20:20:29.107,360
1153,event-ingest,webhook,success,2026-10-05 20:20:28.780,2026-10-05 20:20:29.184,404
1154,event-ingest,webhook,success,2026-10-05 20:20:28.812,2026-10-05 20:20:29.167,355
1155,event-ingest,webhook,success,2026-10-05 20:20:28.851,2026-10-05 20:20:29.235,384
1156,event-ingest,webhook,success,2026-10-05 20:20:30.702,2026-10-05 20:20:31.065,363
1157,event-ingest,webhook,success,2026-10-05 20:20:30.780,2026-10-05 20:20:32.873,2093
1158,event-ingest,webhook,success,2026-10-05 20:20:30.813,2026-10-05 20:20:32.871,2058
1159,event-ingest,webhook,success,2026-10-05 20:20:30.848,2026-10-05 20:20:32.927,2079
1160,event-ingest,webhook,success,2026-10-05 20:20:32.680,2026-10-05 20:20:34.721,2041
1161,event-ingest,webhook,success,2026-10-05 20:20:32.712,2026-10-05 20:20:34.793,2081
1162,event-ingest,webhook,success,2026-10-05 20:20:32.743,2026-10-05 20:20:34.789,2046
1163,event-ingest,webhook,success,2026-10-05 20:20:32.777,2026-10-05 20:20:34.865,2088
1164,event-ingest,webhook,success,2026-10-05 20:20:34.906,2026-10-05 20:20:36.949,2043
1165,event-ingest,webhook,success,2026-10-05 20:20:34.937,2026-10-05 20:20:37.046,2109
1166,event-ingest,webhook,success,2026-10-05 20:20:34.972,2026-10-05 20:20:37.026,2054
1167,event-ingest,webhook,success,2026-10-05 20:20:35.015,2026-10-05 20:20:37.109,2094
1168,event-ingest,webhook,success,2026-10-05 20:20:36.847,2026-10-05 20:20:38.897,2050
1169,event-ingest,webhook,success,2026-10-05 20:20:36.880,2026-10-05 20:20:38.997,2117
1170,event-ingest,webhook,success,2026-10-05 20:20:36.911,2026-10-05 20:20:38.949,2038
1171,event-ingest,webhook,success,2026-10-05 20:20:36.962,2026-10-05 20:20:39.086,2124
1172,event-ingest,webhook,success,2026-10-05 20:20:38.813,2026-10-05 20:20:40.860,2047
1173,event-ingest,webhook,success,2026-10-05 20:20:38.850,2026-10-05 20:20:40.993,2143
1174,event-ingest,webhook,success,2026-10-05 20:20:38.910,2026-10-05 20:20:41.014,2104
1175,event-ingest,webhook,success,2026-10-05 20:20:39.015,2026-10-05 20:20:41.066,2051
1176,event-ingest,webhook,success,2026-10-05 20:20:40.864,2026-10-05 20:20:42.928,2064
1177,event-ingest,webhook,success,2026-10-05 20:20:40.915,2026-10-05 20:20:43.041,2126
1178,event-ingest,webhook,success,2026-10-05 20:20:40.949,2026-10-05 20:20:42.996,2047
1179,event-ingest,webhook,success,2026-10-05 20:20:41.021,2026-10-05 20:20:43.127,2106
1180,event-ingest,webhook,success,2026-10-05 20:20:42.900,2026-10-05 20:20:44.979,2079
1181,event-ingest,webhook,success,2026-10-05 20:20:42.976,2026-10-05 20:20:45.052,2076
1182,event-ingest,webhook,success,2026-10-05 20:20:43.055,2026-10-05 20:20:45.165,2110
1183,event-ingest,webhook,success,2026-10-05 20:20:43.135,2026-10-05 20:20:45.191,2056
1184,event-ingest,webhook,success,2026-10-05 20:20:43.186,2026-10-05 20:20:45.285,2099
1185,event-ingest,webhook,success,2026-10-05 20:20:43.222,2026-10-05 20:20:45.264,2042
1186,event-ingest,webhook,success,2026-10-05 20:20:44.173,2026-10-05 20:20:46.206,2033
1187,event-ingest,webhook,success,2026-10-05 20:20:45.099,2026-10-05 20:20:47.135,2036
1188,event-ingest,webhook,success,2026-10-05 20:20:45.740,2026-10-05 20:20:47.781,2041
1189,event-ingest,webhook,success,2026-10-05 20:20:46.675,2026-10-05 20:20:48.714,2039
1190,event-ingest,webhook,success,2026-10-05 20:20:47.303,2026-10-05 20:20:49.348,2045
1191,event-ingest,webhook,success,2026-10-05 20:20:48.240,2026-10-05 20:20:50.282,2042
1192,event-ingest,webhook,success,2026-10-05 20:20:48.272,2026-10-05 20:20:50.347,2075
1193,event-ingest,webhook,success,2026-10-05 20:20:49.206,2026-10-05 20:20:51.250,2044
1194,event-ingest,webhook,success,2026-10-05 20:20:49.239,2026-10-05 20:20:51.326,2087
1195,event-ingest,webhook,success,2026-10-05 20:20:49.267,2026-10-05 20:20:51.310,2043
1196,event-ingest,webhook,success,2026-10-05 20:20:49.304,2026-10-05 20:20:51.432,2128
1197,event-ingest,webhook,success,2026-10-05 20:20:51.142,2026-10-05 20:20:53.184,2042
1198,event-ingest,webhook,success,2026-10-05 20:20:51.180,2026-10-05 20:20:53.273,2093
1199,event-ingest,webhook,success,2026-10-05 20:20:51.209,2026-10-05 20:20:53.248,2039
1200,event-ingest,webhook,success,2026-10-05 20:20:51.253,2026-10-05 20:20:53.347,2094
1201,event-ingest,webhook,success,2026-10-05 20:20:53.397,2026-10-05 20:20:55.441,2044
1202,event-ingest,webhook,success,2026-10-05 20:20:53.423,2026-10-05 20:20:55.513,2090
1203,event-ingest,webhook,success,2026-10-05 20:20:53.453,2026-10-05 20:20:55.499,2046
1204,event-ingest,webhook,success,2026-10-05 20:20:53.501,2026-10-05 20:20:55.572,2071
1205,event-ingest,webhook,success,2026-10-05 20:20:55.335,2026-10-05 20:20:57.375,2040
1206,event-ingest,webhook,success,2026-10-05 20:20:55.370,2026-10-05 20:20:57.478,2108
1207,event-ingest,webhook,success,2026-10-05 20:20:55.401,2026-10-05 20:20:57.453,2052
1208,event-ingest,webhook,success,2026-10-05 20:20:55.453,2026-10-05 20:20:57.582,2129
1209,event-ingest,webhook,success,2026-10-05 20:20:57.315,2026-10-05 20:20:59.354,2039
1210,event-ingest,webhook,success,2026-10-05 20:20:57.350,2026-10-05 20:20:59.473,2123
1211,event-ingest,webhook,success,2026-10-05 20:20:57.403,2026-10-05 20:20:59.456,2053
1212,event-ingest,webhook,success,2026-10-05 20:20:57.462,2026-10-05 20:20:59.541,2079
1213,event-ingest,webhook,success,2026-10-05 20:20:59.343,2026-10-05 20:21:01.399,2056
1214,event-ingest,webhook,success,2026-10-05 20:20:59.393,2026-10-05 20:21:01.494,2101
1215,event-ingest,webhook,success,2026-10-05 20:20:59.420,2026-10-05 20:21:01.464,2044
1216,event-ingest,webhook,success,2026-10-05 20:20:59.481,2026-10-05 20:21:01.552,2071
1217,event-ingest,webhook,success,2026-10-05 20:20:59.560,2026-10-05 20:21:01.626,2066
1218,event-ingest,webhook,success,2026-10-05 20:20:59.621,2026-10-05 20:21:01.755,2134
1219,event-ingest,webhook,success,2026-10-05 20:20:59.661,2026-10-05 20:21:01.729,2068
1220,event-ingest,webhook,success,2026-10-05 20:20:59.719,2026-10-05 20:21:01.848,2129
1221,event-ingest,webhook,success,2026-10-05 20:20:59.754,2026-10-05 20:21:01.830,2076
1222,event-ingest,webhook,success,2026-10-05 20:20:59.798,2026-10-05 20:21:01.964,2166
1223,event-ingest,webhook,success,2026-10-05 20:20:59.831,2026-10-05 20:21:03.479,3648
1224,event-ingest,webhook,success,2026-10-05 20:20:59.872,2026-10-05 20:21:03.410,3538
1225,event-ingest,webhook,success,2026-10-05 20:20:59.937,2026-10-05 20:21:03.510,3573
1226,report-generator,cli,success,2026-10-05 20:21:24.403,2026-10-05 20:21:25.598,1195
1227,health-monitor,trigger,success,2026-10-05 20:25:00.027,2026-10-05 20:25:00.149,122
1228,ioc-extractor,trigger,success,2026-10-05 20:30:00.040,2026-10-05 20:30:00.936,896
1229,health-monitor,trigger,success,2026-10-05 20:30:00.048,2026-10-05 20:30:00.399,351
1230,event-ingest,webhook,success,2026-10-05 20:31:22.075,2026-10-05 20:31:22.459,384
1231,event-ingest,webhook,success,2026-10-05 20:31:22.111,2026-10-05 20:31:22.518,407
1232,event-ingest,webhook,success,2026-10-05 20:31:22.147,2026-10-05 20:31:22.505,358
1233,event-ingest,webhook,success,2026-10-05 20:31:22.189,2026-10-05 20:31:22.568,379
1234,event-ingest,webhook,success,2026-10-05 20:31:23.127,2026-10-05 20:31:23.549,422
1235,event-ingest,webhook,success,2026-10-05 20:31:23.192,2026-10-05 20:31:23.711,519
1236,event-ingest,webhook,success,2026-10-05 20:31:23.244,2026-10-05 20:31:23.740,496
1237,event-ingest,webhook,success,2026-10-05 20:31:23.365,2026-10-05 20:31:23.890,525
1238,event-ingest,webhook,success,2026-10-05 20:31:23.435,2026-10-05 20:31:23.815,380
1239,event-ingest,webhook,success,2026-10-05 20:31:24.090,2026-10-05 20:31:24.449,359
1240,event-ingest,webhook,success,2026-10-05 20:31:24.128,2026-10-05 20:31:24.539,411
1241,event-ingest,webhook,success,2026-10-05 20:31:24.163,2026-10-05 20:31:24.502,339
1242,event-ingest,webhook,success,2026-10-05 20:31:24.206,2026-10-05 20:31:24.603,397
1243,event-ingest,webhook,success,2026-10-05 20:31:24.244,2026-10-05 20:31:24.585,341
1244,event-ingest,webhook,success,2026-10-05 20:31:24.287,2026-10-05 20:31:24.786,499
1245,event-ingest,webhook,success,2026-10-05 20:31:24.336,2026-10-05 20:31:24.696,360
1246,event-ingest,webhook,success,2026-10-05 20:31:25.281,2026-10-05 20:31:25.615,334
1247,event-ingest,webhook,success,2026-10-05 20:31:26.818,2026-10-05 20:31:27.156,338
1248,event-ingest,webhook,success,2026-10-05 20:31:28.358,2026-10-05 20:31:28.707,349
1249,event-ingest,webhook,success,2026-10-05 20:31:29.888,2026-10-05 20:31:30.248,360
1250,event-ingest,webhook,success,2026-10-05 20:31:29.936,2026-10-05 20:31:30.329,393
1251,event-ingest,webhook,success,2026-10-05 20:31:41.686,2026-10-05 20:31:42.054,368
1252,event-ingest,webhook,success,2026-10-05 20:31:41.725,2026-10-05 20:31:42.125,400
1253,event-ingest,webhook,success,2026-10-05 20:31:41.764,2026-10-05 20:31:42.109,345
1254,event-ingest,webhook,success,2026-10-05 20:31:41.812,2026-10-05 20:31:42.205,393
1255,event-ingest,webhook,success,2026-10-05 20:31:42.747,2026-10-05 20:31:43.087,340
1256,event-ingest,webhook,success,2026-10-05 20:31:42.780,2026-10-05 20:31:43.177,397
1257,event-ingest,webhook,success,2026-10-05 20:31:42.814,2026-10-05 20:31:43.164,350
1258,event-ingest,webhook,success,2026-10-05 20:31:42.860,2026-10-05 20:31:43.251,391
1259,event-ingest,webhook,success,2026-10-05 20:31:42.897,2026-10-05 20:31:43.237,340
1260,event-ingest,webhook,success,2026-10-05 20:31:43.836,2026-10-05 20:31:44.203,367
1261,event-ingest,webhook,success,2026-10-05 20:31:43.873,2026-10-05 20:31:44.303,430
1262,event-ingest,webhook,success,2026-10-05 20:31:43.906,2026-10-05 20:31:44.270,364
1263,event-ingest,webhook,success,2026-10-05 20:31:43.969,2026-10-05 20:31:44.381,412
1264,event-ingest,webhook,success,2026-10-05 20:31:44.013,2026-10-05 20:31:44.367,354
1265,event-ingest,webhook,success,2026-10-05 20:31:44.059,2026-10-05 20:31:44.512,453
1266,event-ingest,webhook,success,2026-10-05 20:31:44.102,2026-10-05 20:31:44.469,367
1267,event-ingest,webhook,success,2026-10-05 20:31:45.058,2026-10-05 20:31:47.092,2034
1268,event-ingest,webhook,success,2026-10-05 20:31:46.292,2026-10-05 20:31:48.329,2037
1269,event-ingest,webhook,success,2026-10-05 20:31:47.820,2026-10-05 20:31:49.850,2030
1270,event-ingest,webhook,success,2026-10-05 20:31:49.364,2026-10-05 20:31:51.407,2043
1271,event-ingest,webhook,success,2026-10-05 20:31:49.400,2026-10-05 20:31:51.475,2075
1272,event-ingest,webhook,success,2026-10-05 20:31:50.931,2026-10-05 20:31:52.975,2044
1273,event-ingest,webhook,success,2026-10-05 20:31:50.967,2026-10-05 20:31:53.059,2092
1274,health-monitor,trigger,success,2026-10-05 20:35:00.033,2026-10-05 20:35:00.125,92
1275,health-monitor,trigger,success,2026-10-05 20:40:00.026,2026-10-05 20:40:00.106,80
1276,health-monitor,trigger,success,2026-10-05 20:45:00.033,2026-10-05 20:45:00.125,92
1277,ioc-extractor,trigger,success,2026-10-05 20:45:00.043,2026-10-05 20:45:00.271,228
1278,event-ingest,webhook,success,2026-10-05 20:46:51.977,2026-10-05 20:46:52.194,217
1279,event-ingest,webhook,success,2026-10-05 20:46:52.879,2026-10-05 20:46:52.934,55
1280,event-ingest,webhook,success,2026-10-05 20:46:53.883,2026-10-05 20:46:53.915,32
1281,event-ingest,webhook,success,2026-10-05 20:46:54.860,2026-10-05 20:46:54.892,32
1282,event-ingest,webhook,success,2026-10-05 20:46:55.877,2026-10-05 20:46:55.910,33
1283,event-ingest,webhook,success,2026-10-05 20:46:56.871,2026-10-05 20:46:56.901,30
1284,event-ingest,webhook,success,2026-10-05 20:46:57.869,2026-10-05 20:46:57.897,28
1285,event-ingest,webhook,success,2026-10-05 20:46:58.860,2026-10-05 20:46:58.888,28
1286,event-ingest,webhook,success,2026-10-05 20:46:59.875,2026-10-05 20:46:59.903,28
1287,event-ingest,webhook,success,2026-10-05 20:47:00.881,2026-10-05 20:47:00.913,32
1288,event-ingest,webhook,success,2026-10-05 20:47:01.868,2026-10-05 20:47:01.910,42
1289,event-ingest,webhook,success,2026-10-05 20:47:02.879,2026-10-05 20:47:02.906,27
1290,event-ingest,webhook,success,2026-10-05 20:47:03.884,2026-10-05 20:47:03.913,29
1291,event-ingest,webhook,success,2026-10-05 20:47:04.868,2026-10-05 20:47:04.896,28
1292,event-ingest,webhook,success,2026-10-05 20:47:05.880,2026-10-05 20:47:05.913,33
1293,event-ingest,webhook,success,2026-10-05 20:47:06.877,2026-10-05 20:47:06.905,28
1294,event-ingest,webhook,success,2026-10-05 20:47:07.879,2026-10-05 20:47:07.907,28
1295,event-ingest,webhook,success,2026-10-05 20:47:08.873,2026-10-05 20:47:08.900,27
1296,event-ingest,webhook,success,2026-10-05 20:47:09.880,2026-10-05 20:47:09.907,27
1297,event-ingest,webhook,success,2026-10-05 20:47:10.875,2026-10-05 20:47:10.906,31
1298,event-ingest,webhook,success,2026-10-05 20:47:11.867,2026-10-05 20:47:11.894,27
1299,event-ingest,webhook,success,2026-10-05 20:47:12.867,2026-10-05 20:47:12.893,26
1300,event-ingest,webhook,success,2026-10-05 20:47:13.882,2026-10-05 20:47:13.911,29
1301,event-ingest,webhook,success,2026-10-05 20:47:14.875,2026-10-05 20:47:14.905,30
1302,event-ingest,webhook,success,2026-10-05 20:47:15.878,2026-10-05 20:47:15.906,28
1303,event-ingest,webhook,success,2026-10-05 20:47:16.870,2026-10-05 20:47:16.897,27
1304,event-ingest,webhook,success,2026-10-05 20:47:17.871,2026-10-05 20:47:17.897,26
1305,event-ingest,webhook,success,2026-10-05 20:47:18.878,2026-10-05 20:47:18.905,27
1306,event-ingest,webhook,success,2026-10-05 20:47:19.867,2026-10-05 20:47:19.895,28
1307,event-ingest,webhook,success,2026-10-05 20:47:20.873,2026-10-05 20:47:20.912,39
1308,event-ingest,webhook,success,2026-10-05 20:47:21.875,2026-10-05 20:47:21.903,28
1309,event-ingest,webhook,success,2026-10-05 20:47:22.876,2026-10-05 20:47:22.908,32
1310,event-ingest,webhook,success,2026-10-05 20:47:23.872,2026-10-05 20:47:23.898,26
1311,event-ingest,webhook,success,2026-10-05 20:47:24.872,2026-10-05 20:47:24.902,30
1312,event-ingest,webhook,success,2026-10-05 20:47:25.874,2026-10-05 20:47:25.907,33
1313,event-ingest,webhook,success,2026-10-05 20:47:26.869,2026-10-05 20:47:26.899,30
1314,event-ingest,webhook,success,2026-10-05 20:47:27.866,2026-10-05 20:47:27.892,26
1315,event-ingest,webhook,success,2026-10-05 20:47:28.867,2026-10-05 20:47:28.894,27
1316,event-ingest,webhook,success,2026-10-05 20:47:29.876,2026-10-05 20:47:29.907,31
1317,event-ingest,webhook,success,2026-10-05 20:47:30.873,2026-10-05 20:47:30.903,30
1318,event-ingest,webhook,success,2026-10-05 20:47:31.872,2026-10-05 20:47:31.902,30
1319,event-ingest,webhook,success,2026-10-05 20:47:32.874,2026-10-05 20:47:32.905,31
1320,event-ingest,webhook,success,2026-10-05 20:47:33.871,2026-10-05 20:47:33.897,26
1321,event-ingest,webhook,success,2026-10-05 20:47:34.882,2026-10-05 20:47:34.917,35
1322,event-ingest,webhook,success,2026-10-05 20:47:35.873,2026-10-05 20:47:35.899,26
1323,event-ingest,webhook,success,2026-10-05 20:47:36.866,2026-10-05 20:47:36.892,26
1324,event-ingest,webhook,success,2026-10-05 20:47:37.874,2026-10-05 20:47:37.911,37
1325,event-ingest,webhook,success,2026-10-05 20:47:38.876,2026-10-05 20:47:38.904,28
1326,event-ingest,webhook,success,2026-10-05 20:47:39.875,2026-10-05 20:47:39.922,47
1327,event-ingest,webhook,success,2026-10-05 20:47:40.881,2026-10-05 20:47:40.921,40
1328,event-ingest,webhook,success,2026-10-05 20:47:41.871,2026-10-05 20:47:41.899,28
1329,event-ingest,webhook,success,2026-10-05 20:47:42.875,2026-10-05 20:47:42.900,25
1330,event-ingest,webhook,success,2026-10-05 20:47:43.876,2026-10-05 20:47:43.902,26
1331,event-ingest,webhook,success,2026-10-05 20:47:44.875,2026-10-05 20:47:44.901,26
1332,event-ingest,webhook,success,2026-10-05 20:47:45.868,2026-10-05 20:47:45.895,27
1333,event-ingest,webhook,success,2026-10-05 20:47:46.877,2026-10-05 20:47:46.904,27
1334,event-ingest,webhook,success,2026-10-05 20:47:47.880,2026-10-05 20:47:47.904,24
1335,event-ingest,webhook,success,2026-10-05 20:47:48.869,2026-10-05 20:47:48.898,29
1336,event-ingest,webhook,success,2026-10-05 20:47:49.866,2026-10-05 20:47:49.890,24
1337,event-ingest,webhook,success,2026-10-05 20:47:50.883,2026-10-05 20:47:50.913,30
1338,event-ingest,webhook,success,2026-10-05 20:47:51.873,2026-10-05 20:47:51.902,29
1339,event-ingest,webhook,success,2026-10-05 20:47:52.880,2026-10-05 20:47:52.908,28
1340,event-ingest,webhook,success,2026-10-05 20:47:53.869,2026-10-05 20:47:53.894,25
1341,event-ingest,webhook,success,2026-10-05 20:47:54.878,2026-10-05 20:47:54.905,27
1342,event-ingest,webhook,success,2026-10-05 20:47:55.877,2026-10-05 20:47:55.903,26
1343,event-ingest,webhook,success,2026-10-05 20:47:56.875,2026-10-05 20:47:56.901,26
1344,event-ingest,webhook,success,2026-10-05 20:47:57.877,2026-10-05 20:47:57.902,25
1345,event-ingest,webhook,success,2026-10-05 20:47:58.869,2026-10-05 20:47:58.896,27
1346,event-ingest,webhook,success,2026-10-05 20:47:59.873,2026-10-05 20:47:59.897,24
1347,event-ingest,webhook,success,2026-10-05 20:48:00.870,2026-10-05 20:48:00.902,32
1348,event-ingest,webhook,success,2026-10-05 20:48:01.866,2026-10-05 20:48:01.892,26
1349,event-ingest,webhook,success,2026-10-05 20:48:02.881,2026-10-05 20:48:02.906,25
1350,event-ingest,webhook,success,2026-10-05 20:48:03.880,2026-10-05 20:48:03.907,27
1351,event-ingest,webhook,success,2026-10-05 20:48:04.881,2026-10-05 20:48:04.906,25
1352,event-ingest,webhook,success,2026-10-05 20:48:05.870,2026-10-05 20:48:05.895,25
1353,event-ingest,webhook,success,2026-10-05 20:48:06.876,2026-10-05 20:48:06.902,26
1354,event-ingest,webhook,success,2026-10-05 20:48:07.879,2026-10-05 20:48:07.905,26
1355,event-ingest,webhook,success,2026-10-05 20:48:08.873,2026-10-05 20:48:08.900,27
1356,event-ingest,webhook,success,2026-10-05 20:48:09.865,2026-10-05 20:48:09.889,24
1357,event-ingest,webhook,success,2026-10-05 20:48:10.875,2026-10-05 20:48:10.917,42
1358,event-ingest,webhook,success,2026-10-05 20:48:11.868,2026-10-05 20:48:11.897,29
1359,event-ingest,webhook,success,2026-10-05 20:48:12.879,2026-10-05 20:48:12.908,29
1360,event-ingest,webhook,success,2026-10-05 20:48:13.876,2026-10-05 20:48:13.906,30
1361,event-ingest,webhook,success,2026-10-05 20:48:14.881,2026-10-05 20:48:14.913,32
1362,event-ingest,webhook,success,2026-10-05 20:48:15.872,2026-10-05 20:48:15.914,42
1363,event-ingest,webhook,success,2026-10-05 20:48:16.864,2026-10-05 20:48:16.892,28
1364,event-ingest,webhook,success,2026-10-05 20:48:17.868,2026-10-05 20:48:17.891,23
1365,event-ingest,webhook,success,2026-10-05 20:48:18.878,2026-10-05 20:48:18.905,27
1366,event-ingest,webhook,success,2026-10-05 20:48:19.880,2026-10-05 20:48:19.913,33
1367,event-ingest,webhook,success,2026-10-05 20:48:20.865,2026-10-05 20:48:20.907,42
1368,event-ingest,webhook,success,2026-10-05 20:48:21.864,2026-10-05 20:48:21.901,37
1369,event-ingest,webhook,success,2026-10-05 20:48:22.865,2026-10-05 20:48:22.912,47
1370,event-ingest,webhook,success,2026-10-05 20:48:23.878,2026-10-05 20:48:23.903,25
1371,event-ingest,webhook,success,2026-10-05 20:48:24.865,2026-10-05 20:48:24.938,73
1372,event-ingest,webhook,success,2026-10-05 20:48:25.870,2026-10-05 20:48:25.898,28
1373,event-ingest,webhook,success,2026-10-05 20:48:26.862,2026-10-05 20:48:26.890,28
1374,event-ingest,webhook,success,2026-10-05 20:48:27.870,2026-10-05 20:48:27.899,29
1375,event-ingest,webhook,success,2026-10-05 20:48:28.876,2026-10-05 20:48:28.902,26
1376,event-ingest,webhook,success,2026-10-05 20:48:29.871,2026-10-05 20:48:29.896,25
1377,event-ingest,webhook,success,2026-10-05 20:48:30.863,2026-10-05 20:48:30.904,41
1378,event-ingest,webhook,success,2026-10-05 20:48:31.875,2026-10-05 20:48:31.899,24
1379,event-ingest,webhook,success,2026-10-05 20:48:32.875,2026-10-05 20:48:32.902,27
1380,event-ingest,webhook,success,2026-10-05 20:48:33.875,2026-10-05 20:48:33.899,24
1381,event-ingest,webhook,success,2026-10-05 20:48:34.875,2026-10-05 20:48:34.901,26
1382,event-ingest,webhook,success,2026-10-05 20:48:35.869,2026-10-05 20:48:35.896,27
1383,event-ingest,webhook,success,2026-10-05 20:48:36.869,2026-10-05 20:48:36.895,26
1384,event-ingest,webhook,success,2026-10-05 20:48:37.871,2026-10-05 20:48:37.895,24
1385,event-ingest,webhook,success,2026-10-05 20:48:38.866,2026-10-05 20:48:38.894,28
1386,event-ingest,webhook,success,2026-10-05 20:48:39.879,2026-10-05 20:48:39.902,23
1387,event-ingest,webhook,success,2026-10-05 20:48:40.881,2026-10-05 20:48:40.917,36
1388,event-ingest,webhook,success,2026-10-05 20:48:41.883,2026-10-05 20:48:41.908,25
1389,event-ingest,webhook,success,2026-10-05 20:48:42.876,2026-10-05 20:48:42.902,26
1390,event-ingest,webhook,success,2026-10-05 20:48:43.875,2026-10-05 20:48:43.898,23
1391,event-ingest,webhook,success,2026-10-05 20:48:44.882,2026-10-05 20:48:44.906,24
1392,event-ingest,webhook,success,2026-10-05 20:48:45.885,2026-10-05 20:48:45.917,32
1393,event-ingest,webhook,success,2026-10-05 20:48:46.872,2026-10-05 20:48:46.897,25
1394,event-ingest,webhook,success,2026-10-05 20:48:47.874,2026-10-05 20:48:47.901,27
1395,event-ingest,webhook,success,2026-10-05 20:48:48.870,2026-10-05 20:48:48.904,34
1396,event-ingest,webhook,success,2026-10-05 20:48:49.874,2026-10-05 20:48:49.900,26
1397,event-ingest,webhook,success,2026-10-05 20:48:50.865,2026-10-05 20:48:50.897,32
1398,event-ingest,webhook,success,2026-10-05 20:49:20.890,2026-10-05 20:49:20.926,36
1399,event-ingest,webhook,success,2026-10-05 20:49:21.405,2026-10-05 20:49:21.432,27
1400,event-ingest,webhook,success,2026-10-05 20:49:21.900,2026-10-05 20:49:21.926,26
1401,event-ingest,webhook,success,2026-10-05 20:49:22.390,2026-10-05 20:49:22.417,27
1402,event-ingest,webhook,success,2026-10-05 20:49:22.892,2026-10-05 20:49:22.921,29
1403,event-ingest,webhook,success,2026-10-05 20:49:23.399,2026-10-05 20:49:23.429,30
1404,event-ingest,webhook,success,2026-10-05 20:49:23.913,2026-10-05 20:49:23.946,33
1405,event-ingest,webhook,success,2026-10-05 20:49:24.402,2026-10-05 20:49:24.437,35
1406,event-ingest,webhook,success,2026-10-05 20:49:24.897,2026-10-05 20:49:24.920,23
1407,event-ingest,webhook,success,2026-10-05 20:49:25.401,2026-10-05 20:49:25.425,24
1408,event-ingest,webhook,success,2026-10-05 20:49:25.902,2026-10-05 20:49:25.929,27
1409,event-ingest,webhook,success,2026-10-05 20:49:26.398,2026-10-05 20:49:26.424,26
1410,event-ingest,webhook,success,2026-10-05 20:49:26.890,2026-10-05 20:49:26.931,41
1411,event-ingest,webhook,success,2026-10-05 20:49:27.391,2026-10-05 20:49:27.417,26
1412,event-ingest,webhook,success,2026-10-05 20:49:27.910,2026-10-05 20:49:27.934,24
1413,event-ingest,webhook,success,2026-10-05 20:49:28.411,2026-10-05 20:49:28.440,29
1414,event-ingest,webhook,success,2026-10-05 20:49:28.908,2026-10-05 20:49:28.939,31
1415,event-ingest,webhook,success,2026-10-05 20:49:29.406,2026-10-05 20:49:29.432,26
1416,event-ingest,webhook,success,2026-10-05 20:49:29.897,2026-10-05 20:49:29.924,27
1417,event-ingest,webhook,success,2026-10-05 20:49:30.397,2026-10-05 20:49:30.424,27
1418,event-ingest,webhook,success,2026-10-05 20:49:30.898,2026-10-05 20:49:30.919,21
1419,event-ingest,webhook,success,2026-10-05 20:49:31.396,2026-10-05 20:49:31.419,23
1420,event-ingest,webhook,success,2026-10-05 20:49:31.894,2026-10-05 20:49:31.918,24
1421,event-ingest,webhook,success,2026-10-05 20:49:32.402,2026-10-05 20:49:32.424,22
1422,event-ingest,webhook,success,2026-10-05 20:49:32.909,2026-10-05 20:49:32.935,26
1423,event-ingest,webhook,success,2026-10-05 20:49:33.408,2026-10-05 20:49:33.433,25
1424,event-ingest,webhook,success,2026-10-05 20:49:33.908,2026-10-05 20:49:33.933,25
1425,event-ingest,webhook,success,2026-10-05 20:49:34.402,2026-10-05 20:49:34.425,23
1426,event-ingest,webhook,success,2026-10-05 20:49:34.899,2026-10-05 20:49:34.924,25
1427,event-ingest,webhook,success,2026-10-05 20:49:35.400,2026-10-05 20:49:35.444,44
1428,event-ingest,webhook,success,2026-10-05 20:49:35.902,2026-10-05 20:49:35.932,30
1429,event-ingest,webhook,success,2026-10-05 20:49:36.400,2026-10-05 20:49:36.425,25
1430,event-ingest,webhook,success,2026-10-05 20:49:36.910,2026-10-05 20:49:36.936,26
1431,event-ingest,webhook,success,2026-10-05 20:49:37.403,2026-10-05 20:49:37.429,26
1432,event-ingest,webhook,success,2026-10-05 20:49:37.908,2026-10-05 20:49:37.931,23
1433,event-ingest,webhook,success,2026-10-05 20:49:38.408,2026-10-05 20:49:38.432,24
1434,event-ingest,webhook,success,2026-10-05 20:49:38.897,2026-10-05 20:49:38.934,37
1435,event-ingest,webhook,success,2026-10-05 20:49:39.397,2026-10-05 20:49:39.422,25
1436,event-ingest,webhook,success,2026-10-05 20:49:39.890,2026-10-05 20:49:39.915,25
1437,event-ingest,webhook,success,2026-10-05 20:49:40.399,2026-10-05 20:49:40.426,27
1438,event-ingest,webhook,success,2026-10-05 20:49:40.894,2026-10-05 20:49:40.919,25
1439,event-ingest,webhook,success,2026-10-05 20:49:41.406,2026-10-05 20:49:41.430,24
1440,event-ingest,webhook,success,2026-10-05 20:49:41.910,2026-10-05 20:49:41.934,24
1441,event-ingest,webhook,success,2026-10-05 20:49:42.401,2026-10-05 20:49:42.426,25
1442,event-ingest,webhook,success,2026-10-05 20:49:42.908,2026-10-05 20:49:42.931,23
1443,event-ingest,webhook,success,2026-10-05 20:49:43.404,2026-10-05 20:49:43.430,26
1444,event-ingest,webhook,success,2026-10-05 20:49:43.894,2026-10-05 20:49:43.917,23
1445,event-ingest,webhook,success,2026-10-05 20:49:44.401,2026-10-05 20:49:44.425,24
1446,event-ingest,webhook,success,2026-10-05 20:49:44.902,2026-10-05 20:49:44.928,26
1447,event-ingest,webhook,success,2026-10-05 20:49:45.396,2026-10-05 20:49:45.420,24
1448,event-ingest,webhook,success,2026-10-05 20:49:45.898,2026-10-05 20:49:45.925,27
1449,event-ingest,webhook,success,2026-10-05 20:49:46.398,2026-10-05 20:49:46.422,24
1450,event-ingest,webhook,success,2026-10-05 20:49:46.897,2026-10-05 20:49:46.922,25
1451,event-ingest,webhook,success,2026-10-05 20:49:47.387,2026-10-05 20:49:47.421,34
1452,event-ingest,webhook,success,2026-10-05 20:49:47.899,2026-10-05 20:49:47.925,26
1453,event-ingest,webhook,success,2026-10-05 20:49:48.407,2026-10-05 20:49:48.429,22
1454,event-ingest,webhook,success,2026-10-05 20:49:48.905,2026-10-05 20:49:48.940,35
1455,event-ingest,webhook,success,2026-10-05 20:49:49.401,2026-10-05 20:49:49.424,23
1456,event-ingest,webhook,success,2026-10-05 20:49:49.905,2026-10-05 20:49:49.929,24
1457,event-ingest,webhook,success,2026-10-05 20:49:50.400,2026-10-05 20:49:50.423,23
1458,event-ingest,webhook,success,2026-10-05 20:49:50.899,2026-10-05 20:49:50.924,25
1459,event-ingest,webhook,success,2026-10-05 20:49:51.394,2026-10-05 20:49:51.419,25
1460,event-ingest,webhook,success,2026-10-05 20:49:51.899,2026-10-05 20:49:51.924,25
1461,event-ingest,webhook,success,2026-10-05 20:49:52.390,2026-10-05 20:49:52.414,24
1462,event-ingest,webhook,success,2026-10-05 20:49:52.900,2026-10-05 20:49:52.925,25
1463,event-ingest,webhook,success,2026-10-05 20:49:53.397,2026-10-05 20:49:53.427,30
1464,event-ingest,webhook,success,2026-10-05 20:49:53.906,2026-10-05 20:49:53.931,25
1465,event-ingest,webhook,success,2026-10-05 20:49:54.405,2026-10-05 20:49:54.432,27
1466,event-ingest,webhook,success,2026-10-05 20:49:54.900,2026-10-05 20:49:54.925,25
1467,event-ingest,webhook,success,2026-10-05 20:49:55.403,2026-10-05 20:49:55.426,23
1468,event-ingest,webhook,success,2026-10-05 20:49:55.901,2026-10-05 20:49:55.934,33
1469,event-ingest,webhook,success,2026-10-05 20:49:56.402,2026-10-05 20:49:56.426,24
1470,event-ingest,webhook,success,2026-10-05 20:49:56.894,2026-10-05 20:49:56.918,24
1471,event-ingest,webhook,success,2026-10-05 20:49:57.401,2026-10-05 20:49:57.427,26
1472,event-ingest,webhook,success,2026-10-05 20:49:57.899,2026-10-05 20:49:57.923,24
1473,event-ingest,webhook,success,2026-10-05 20:49:58.397,2026-10-05 20:49:58.425,28
1474,event-ingest,webhook,success,2026-10-05 20:49:58.896,2026-10-05 20:49:58.931,35
1475,event-ingest,webhook,success,2026-10-05 20:49:59.400,2026-10-05 20:49:59.430,30
1476,event-ingest,webhook,success,2026-10-05 20:49:59.906,2026-10-05 20:49:59.933,27
1477,health-monitor,trigger,success,2026-10-05 20:50:00.028,2026-10-05 20:50:00.107,79
1478,event-ingest,webhook,success,2026-10-05 20:50:00.402,2026-10-05 20:50:00.429,27
1479,event-ingest,webhook,success,2026-10-05 20:50:00.906,2026-10-05 20:50:00.930,24
1480,event-ingest,webhook,success,2026-10-05 20:50:01.401,2026-10-05 20:50:01.425,24
1481,event-ingest,webhook,success,2026-10-05 20:50:01.900,2026-10-05 20:50:01.925,25
1482,event-ingest,webhook,success,2026-10-05 20:50:02.395,2026-10-05 20:50:02.419,24
1483,event-ingest,webhook,success,2026-10-05 20:50:02.896,2026-10-05 20:50:02.923,27
1484,event-ingest,webhook,success,2026-10-05 20:50:03.411,2026-10-05 20:50:03.436,25
1485,event-ingest,webhook,success,2026-10-05 20:50:03.902,2026-10-05 20:50:03.927,25
1486,event-ingest,webhook,success,2026-10-05 20:50:04.400,2026-10-05 20:50:04.424,24
1487,event-ingest,webhook,success,2026-10-05 20:50:04.909,2026-10-05 20:50:04.938,29
1488,event-ingest,webhook,success,2026-10-05 20:50:05.405,2026-10-05 20:50:05.429,24
1489,event-ingest,webhook,success,2026-10-05 20:50:05.904,2026-10-05 20:50:05.932,28
1490,event-ingest,webhook,success,2026-10-05 20:50:06.403,2026-10-05 20:50:06.427,24
1491,event-ingest,webhook,success,2026-10-05 20:50:06.903,2026-10-05 20:50:06.927,24
1492,event-ingest,webhook,success,2026-10-05 20:50:07.400,2026-10-05 20:50:07.424,24
1493,event-ingest,webhook,success,2026-10-05 20:50:07.895,2026-10-05 20:50:07.925,30
1494,event-ingest,webhook,success,2026-10-05 20:50:08.397,2026-10-05 20:50:08.427,30
1495,event-ingest,webhook,success,2026-10-05 20:50:08.904,2026-10-05 20:50:08.946,42
1496,event-ingest,webhook,success,2026-10-05 20:50:09.404,2026-10-05 20:50:09.430,26
1497,event-ingest,webhook,success,2026-10-05 20:50:09.900,2026-10-05 20:50:09.925,25
1498,event-ingest,webhook,success,2026-10-05 20:50:10.406,2026-10-05 20:50:10.433,27
1499,event-ingest,webhook,success,2026-10-05 20:50:10.902,2026-10-05 20:50:10.925,23
1500,event-ingest,webhook,success,2026-10-05 20:50:11.404,2026-10-05 20:50:11.429,25
1501,event-ingest,webhook,success,2026-10-05 20:50:11.898,2026-10-05 20:50:11.922,24
1502,event-ingest,webhook,success,2026-10-05 20:50:12.399,2026-10-05 20:50:12.424,25
1503,event-ingest,webhook,success,2026-10-05 20:50:12.898,2026-10-05 20:50:12.922,24
1504,event-ingest,webhook,success,2026-10-05 20:50:13.396,2026-10-05 20:50:13.422,26
1505,event-ingest,webhook,success,2026-10-05 20:50:13.903,2026-10-05 20:50:13.928,25
1506,event-ingest,webhook,success,2026-10-05 20:50:14.409,2026-10-05 20:50:14.434,25
1507,event-ingest,webhook,success,2026-10-05 20:50:14.906,2026-10-05 20:50:14.930,24
1508,event-ingest,webhook,success,2026-10-05 20:50:15.398,2026-10-05 20:50:15.424,26
1509,event-ingest,webhook,success,2026-10-05 20:50:15.903,2026-10-05 20:50:15.927,24
1510,event-ingest,webhook,success,2026-10-05 20:50:16.399,2026-10-05 20:50:16.425,26
1511,event-ingest,webhook,success,2026-10-05 20:50:16.901,2026-10-05 20:50:16.925,24
1512,event-ingest,webhook,success,2026-10-05 20:50:17.401,2026-10-05 20:50:17.428,27
1513,event-ingest,webhook,success,2026-10-05 20:50:17.907,2026-10-05 20:50:17.930,23
1514,event-ingest,webhook,success,2026-10-05 20:50:18.402,2026-10-05 20:50:18.426,24
1515,event-ingest,webhook,success,2026-10-05 20:50:18.902,2026-10-05 20:50:18.941,39
1516,event-ingest,webhook,success,2026-10-05 20:50:19.398,2026-10-05 20:50:19.419,21
1517,event-ingest,webhook,success,2026-10-05 20:50:19.898,2026-10-05 20:50:19.921,23
1518,event-ingest,webhook,success,2026-10-05 20:50:20.402,2026-10-05 20:50:20.426,24
1519,event-ingest,webhook,success,2026-10-05 20:50:50.438,2026-10-05 20:50:50.473,35
1520,event-ingest,webhook,success,2026-10-05 20:50:50.633,2026-10-05 20:50:50.656,23
1521,event-ingest,webhook,success,2026-10-05 20:50:50.833,2026-10-05 20:50:50.859,26
1522,event-ingest,webhook,success,2026-10-05 20:50:51.037,2026-10-05 20:50:51.063,26
1523,event-ingest,webhook,success,2026-10-05 20:50:51.244,2026-10-05 20:50:51.269,25
1524,event-ingest,webhook,success,2026-10-05 20:50:51.446,2026-10-05 20:50:51.470,24
1525,event-ingest,webhook,success,2026-10-05 20:50:51.647,2026-10-05 20:50:51.672,25
1526,event-ingest,webhook,success,2026-10-05 20:50:51.833,2026-10-05 20:50:51.859,26
1527,event-ingest,webhook,success,2026-10-05 20:50:52.036,2026-10-05 20:50:52.062,26
1528,event-ingest,webhook,success,2026-10-05 20:50:52.235,2026-10-05 20:50:52.261,26
1529,event-ingest,webhook,success,2026-10-05 20:50:52.438,2026-10-05 20:50:52.470,32
1530,event-ingest,webhook,success,2026-10-05 20:50:52.636,2026-10-05 20:50:52.663,27
1531,event-ingest,webhook,success,2026-10-05 20:50:52.845,2026-10-05 20:50:52.868,23
1532,event-ingest,webhook,success,2026-10-05 20:50:53.046,2026-10-05 20:50:53.072,26
1533,event-ingest,webhook,success,2026-10-05 20:50:53.233,2026-10-05 20:50:53.262,29
1534,event-ingest,webhook,success,2026-10-05 20:50:53.436,2026-10-05 20:50:53.463,27
1535,event-ingest,webhook,success,2026-10-05 20:50:53.642,2026-10-05 20:50:53.670,28
1536,event-ingest,webhook,success,2026-10-05 20:50:53.838,2026-10-05 20:50:53.863,25
1537,event-ingest,webhook,success,2026-10-05 20:50:54.038,2026-10-05 20:50:54.072,34
1538,event-ingest,webhook,success,2026-10-05 20:50:54.245,2026-10-05 20:50:54.268,23
1539,event-ingest,webhook,success,2026-10-05 20:50:54.428,2026-10-05 20:50:54.454,26
1540,event-ingest,webhook,success,2026-10-05 20:50:54.634,2026-10-05 20:50:54.657,23
1541,event-ingest,webhook,success,2026-10-05 20:50:54.837,2026-10-05 20:50:54.863,26
1542,event-ingest,webhook,success,2026-10-05 20:50:55.038,2026-10-05 20:50:55.068,30
1543,event-ingest,webhook,success,2026-10-05 20:50:55.243,2026-10-05 20:50:55.266,23
1544,event-ingest,webhook,success,2026-10-05 20:50:55.444,2026-10-05 20:50:55.466,22
1545,event-ingest,webhook,success,2026-10-05 20:50:55.628,2026-10-05 20:50:55.651,23
1546,event-ingest,webhook,success,2026-10-05 20:50:55.831,2026-10-05 20:50:55.854,23
1547,event-ingest,webhook,success,2026-10-05 20:50:56.035,2026-10-05 20:50:56.061,26
1548,event-ingest,webhook,success,2026-10-05 20:50:56.238,2026-10-05 20:50:56.262,24
1549,event-ingest,webhook,success,2026-10-05 20:50:56.440,2026-10-05 20:50:56.466,26
1550,event-ingest,webhook,success,2026-10-05 20:50:56.641,2026-10-05 20:50:56.665,24
1551,event-ingest,webhook,success,2026-10-05 20:50:56.844,2026-10-05 20:50:56.872,28
1552,event-ingest,webhook,success,2026-10-05 20:50:57.029,2026-10-05 20:50:57.051,22
1553,event-ingest,webhook,success,2026-10-05 20:50:57.233,2026-10-05 20:50:57.260,27
1554,event-ingest,webhook,success,2026-10-05 20:50:57.436,2026-10-05 20:50:57.461,25
1555,event-ingest,webhook,success,2026-10-05 20:50:57.640,2026-10-05 20:50:57.664,24
1556,event-ingest,webhook,success,2026-10-05 20:50:57.840,2026-10-05 20:50:57.863,23
1557,event-ingest,webhook,success,2026-10-05 20:50:58.044,2026-10-05 20:50:58.074,30
1558,event-ingest,webhook,success,2026-10-05 20:50:58.234,2026-10-05 20:50:58.259,25
1559,event-ingest,webhook,success,2026-10-05 20:50:58.435,2026-10-05 20:50:58.457,22
1560,event-ingest,webhook,success,2026-10-05 20:50:58.638,2026-10-05 20:50:58.662,24
1561,event-ingest,webhook,success,2026-10-05 20:50:58.841,2026-10-05 20:50:58.864,23
1562,event-ingest,webhook,success,2026-10-05 20:50:59.035,2026-10-05 20:50:59.061,26
1563,event-ingest,webhook,success,2026-10-05 20:50:59.242,2026-10-05 20:50:59.266,24
1564,event-ingest,webhook,success,2026-10-05 20:50:59.445,2026-10-05 20:50:59.472,27
1565,event-ingest,webhook,success,2026-10-05 20:50:59.630,2026-10-05 20:50:59.656,26
1566,event-ingest,webhook,success,2026-10-05 20:50:59.834,2026-10-05 20:50:59.860,26
1567,event-ingest,webhook,success,2026-10-05 20:51:00.031,2026-10-05 20:51:00.053,22
1568,event-ingest,webhook,success,2026-10-05 20:51:00.240,2026-10-05 20:51:00.268,28
1569,event-ingest,webhook,success,2026-10-05 20:51:00.442,2026-10-05 20:51:00.467,25
1570,event-ingest,webhook,success,2026-10-05 20:51:00.643,2026-10-05 20:51:00.669,26
1571,event-ingest,webhook,success,2026-10-05 20:51:00.835,2026-10-05 20:51:00.858,23
1572,event-ingest,webhook,success,2026-10-05 20:51:01.041,2026-10-05 20:51:01.069,28
1573,event-ingest,webhook,success,2026-10-05 20:51:01.232,2026-10-05 20:51:01.255,23
1574,event-ingest,webhook,success,2026-10-05 20:51:01.432,2026-10-05 20:51:01.454,22
1575,event-ingest,webhook,success,2026-10-05 20:51:01.644,2026-10-05 20:51:01.666,22
1576,event-ingest,webhook,success,2026-10-05 20:51:01.842,2026-10-05 20:51:01.867,25
1577,event-ingest,webhook,success,2026-10-05 20:51:02.043,2026-10-05 20:51:02.066,23
1578,event-ingest,webhook,success,2026-10-05 20:51:02.245,2026-10-05 20:51:02.269,24
1579,event-ingest,webhook,success,2026-10-05 20:51:02.428,2026-10-05 20:51:02.452,24
1580,event-ingest,webhook,success,2026-10-05 20:51:02.631,2026-10-05 20:51:02.655,24
1581,event-ingest,webhook,success,2026-10-05 20:51:02.838,2026-10-05 20:51:02.861,23
1582,event-ingest,webhook,success,2026-10-05 20:51:03.039,2026-10-05 20:51:03.062,23
1583,event-ingest,webhook,success,2026-10-05 20:51:03.248,2026-10-05 20:51:03.271,23
1584,event-ingest,webhook,success,2026-10-05 20:51:03.432,2026-10-05 20:51:03.457,25
1585,event-ingest,webhook,success,2026-10-05 20:51:03.634,2026-10-05 20:51:03.658,24
1586,event-ingest,webhook,success,2026-10-05 20:51:03.835,2026-10-05 20:51:03.860,25
1587,event-ingest,webhook,success,2026-10-05 20:51:04.037,2026-10-05 20:51:04.064,27
1588,event-ingest,webhook,success,2026-10-05 20:51:04.241,2026-10-05 20:51:04.266,25
1589,event-ingest,webhook,success,2026-10-05 20:51:04.436,2026-10-05 20:51:04.462,26
1590,event-ingest,webhook,success,2026-10-05 20:51:04.641,2026-10-05 20:51:04.664,23
1591,event-ingest,webhook,success,2026-10-05 20:51:04.847,2026-10-05 20:51:04.872,25
1592,event-ingest,webhook,success,2026-10-05 20:51:05.034,2026-10-05 20:51:05.058,24
1593,event-ingest,webhook,success,2026-10-05 20:51:05.235,2026-10-05 20:51:05.258,23
1594,event-ingest,webhook,success,2026-10-05 20:51:05.433,2026-10-05 20:51:05.458,25
1595,event-ingest,webhook,success,2026-10-05 20:51:05.638,2026-10-05 20:51:05.671,33
1596,event-ingest,webhook,success,2026-10-05 20:51:05.841,2026-10-05 20:51:05.866,25
1597,event-ingest,webhook,success,2026-10-05 20:51:06.045,2026-10-05 20:51:06.069,24
1598,event-ingest,webhook,success,2026-10-05 20:51:06.229,2026-10-05 20:51:06.252,23
1599,event-ingest,webhook,success,2026-10-05 20:51:06.437,2026-10-05 20:51:06.461,24
1600,event-ingest,webhook,success,2026-10-05 20:51:06.635,2026-10-05 20:51:06.661,26
1601,event-ingest,webhook,success,2026-10-05 20:51:06.840,2026-10-05 20:51:06.863,23
1602,event-ingest,webhook,success,2026-10-05 20:51:07.041,2026-10-05 20:51:07.065,24
1603,event-ingest,webhook,success,2026-10-05 20:51:07.232,2026-10-05 20:51:07.256,24
1604,event-ingest,webhook,success,2026-10-05 20:51:07.433,2026-10-05 20:51:07.458,25
1605,event-ingest,webhook,success,2026-10-05 20:51:07.635,2026-10-05 20:51:07.658,23
1606,event-ingest,webhook,success,2026-10-05 20:51:07.836,2026-10-05 20:51:07.861,25
1607,event-ingest,webhook,success,2026-10-05 20:51:08.050,2026-10-05 20:51:08.095,45
1608,event-ingest,webhook,success,2026-10-05 20:51:08.245,2026-10-05 20:51:08.269,24
1609,event-ingest,webhook,success,2026-10-05 20:51:08.432,2026-10-05 20:51:08.455,23
1610,event-ingest,webhook,success,2026-10-05 20:51:08.632,2026-10-05 20:51:08.656,24
1611,event-ingest,webhook,success,2026-10-05 20:51:08.837,2026-10-05 20:51:08.861,24
1612,event-ingest,webhook,success,2026-10-05 20:51:09.030,2026-10-05 20:51:09.053,23
1613,event-ingest,webhook,success,2026-10-05 20:51:09.238,2026-10-05 20:51:09.261,23
1614,event-ingest,webhook,success,2026-10-05 20:51:09.437,2026-10-05 20:51:09.460,23
1615,event-ingest,webhook,success,2026-10-05 20:51:09.641,2026-10-05 20:51:09.665,24
1616,event-ingest,webhook,success,2026-10-05 20:51:09.844,2026-10-05 20:51:09.869,25
1617,event-ingest,webhook,success,2026-10-05 20:51:10.041,2026-10-05 20:51:10.064,23
1618,event-ingest,webhook,success,2026-10-05 20:51:10.246,2026-10-05 20:51:10.268,22
1619,event-ingest,webhook,success,2026-10-05 20:51:10.430,2026-10-05 20:51:10.455,25
1620,event-ingest,webhook,success,2026-10-05 20:51:10.636,2026-10-05 20:51:10.659,23
1621,event-ingest,webhook,success,2026-10-05 20:51:10.838,2026-10-05 20:51:10.862,24
1622,event-ingest,webhook,success,2026-10-05 20:51:11.048,2026-10-05 20:51:11.077,29
1623,event-ingest,webhook,success,2026-10-05 20:51:11.248,2026-10-05 20:51:11.273,25
1624,event-ingest,webhook,success,2026-10-05 20:51:11.446,2026-10-05 20:51:11.475,29
1625,event-ingest,webhook,success,2026-10-05 20:51:11.631,2026-10-05 20:51:11.654,23
1626,event-ingest,webhook,success,2026-10-05 20:51:11.834,2026-10-05 20:51:11.859,25
1627,event-ingest,webhook,success,2026-10-05 20:51:12.039,2026-10-05 20:51:12.063,24
1628,event-ingest,webhook,success,2026-10-05 20:51:12.240,2026-10-05 20:51:12.265,25
1629,event-ingest,webhook,success,2026-10-05 20:51:12.444,2026-10-05 20:51:12.466,22
1630,event-ingest,webhook,success,2026-10-05 20:51:12.644,2026-10-05 20:51:12.667,23
1631,event-ingest,webhook,success,2026-10-05 20:51:12.834,2026-10-05 20:51:12.858,24
1632,event-ingest,webhook,success,2026-10-05 20:51:13.034,2026-10-05 20:51:13.065,31
1633,event-ingest,webhook,success,2026-10-05 20:51:13.237,2026-10-05 20:51:13.264,27
1634,event-ingest,webhook,success,2026-10-05 20:51:13.439,2026-10-05 20:51:13.462,23
1635,event-ingest,webhook,success,2026-10-05 20:51:13.644,2026-10-05 20:51:13.667,23
1636,event-ingest,webhook,success,2026-10-05 20:51:13.829,2026-10-05 20:51:13.861,32
1637,event-ingest,webhook,success,2026-10-05 20:51:14.029,2026-10-05 20:51:14.055,26
1638,event-ingest,webhook,success,2026-10-05 20:51:14.234,2026-10-05 20:51:14.258,24
1639,event-ingest,webhook,success,2026-10-05 20:51:44.276,2026-10-05 20:51:44.309,33
1640,event-ingest,webhook,success,2026-10-05 20:51:44.377,2026-10-05 20:51:44.401,24
1641,event-ingest,webhook,success,2026-10-05 20:51:44.467,2026-10-05 20:51:44.492,25
1642,event-ingest,webhook,success,2026-10-05 20:51:44.580,2026-10-05 20:51:44.605,25
1643,event-ingest,webhook,success,2026-10-05 20:51:44.668,2026-10-05 20:51:44.691,23
1644,event-ingest,webhook,success,2026-10-05 20:51:44.780,2026-10-05 20:51:44.825,45
1645,event-ingest,webhook,success,2026-10-05 20:51:44.895,2026-10-05 20:51:44.925,30
1646,event-ingest,webhook,success,2026-10-05 20:51:44.970,2026-10-05 20:51:45.000,30
1647,event-ingest,webhook,success,2026-10-05 20:51:45.078,2026-10-05 20:51:45.107,29
1648,event-ingest,webhook,success,2026-10-05 20:51:45.168,2026-10-05 20:51:45.193,25
1649,event-ingest,webhook,success,2026-10-05 20:51:45.278,2026-10-05 20:51:45.303,25
1650,event-ingest,webhook,success,2026-10-05 20:51:45.376,2026-10-05 20:51:45.398,22
1651,event-ingest,webhook,success,2026-10-05 20:51:45.465,2026-10-05 20:51:45.489,24
1652,event-ingest,webhook,success,2026-10-05 20:51:45.578,2026-10-05 20:51:45.601,23
1653,event-ingest,webhook,success,2026-10-05 20:51:45.669,2026-10-05 20:51:45.693,24
1654,event-ingest,webhook,success,2026-10-05 20:51:45.780,2026-10-05 20:51:45.804,24
1655,event-ingest,webhook,success,2026-10-05 20:51:45.870,2026-10-05 20:51:45.895,25
1656,event-ingest,webhook,success,2026-10-05 20:51:45.964,2026-10-05 20:51:45.990,26
1657,event-ingest,webhook,success,2026-10-05 20:51:46.075,2026-10-05 20:51:46.098,23
1658,event-ingest,webhook,success,2026-10-05 20:51:46.165,2026-10-05 20:51:46.188,23
1659,event-ingest,webhook,success,2026-10-05 20:51:46.279,2026-10-05 20:51:46.302,23
1660,event-ingest,webhook,success,2026-10-05 20:51:46.367,2026-10-05 20:51:46.394,27
1661,event-ingest,webhook,success,2026-10-05 20:51:46.476,2026-10-05 20:51:46.499,23
1662,event-ingest,webhook,success,2026-10-05 20:51:46.571,2026-10-05 20:51:46.596,25
1663,event-ingest,webhook,success,2026-10-05 20:51:46.667,2026-10-05 20:51:46.695,28
1664,event-ingest,webhook,success,2026-10-05 20:51:46.775,2026-10-05 20:51:46.799,24
1665,event-ingest,webhook,success,2026-10-05 20:51:46.870,2026-10-05 20:51:46.895,25
1666,event-ingest,webhook,success,2026-10-05 20:51:46.975,2026-10-05 20:51:47.001,26
1667,event-ingest,webhook,success,2026-10-05 20:51:47.070,2026-10-05 20:51:47.093,23
1668,event-ingest,webhook,success,2026-10-05 20:51:47.179,2026-10-05 20:51:47.204,25
1669,event-ingest,webhook,success,2026-10-05 20:51:47.270,2026-10-05 20:51:47.300,30
1670,event-ingest,webhook,success,2026-10-05 20:51:47.365,2026-10-05 20:51:47.395,30
1671,event-ingest,webhook,success,2026-10-05 20:51:47.478,2026-10-05 20:51:47.502,24
1672,event-ingest,webhook,success,2026-10-05 20:51:47.570,2026-10-05 20:51:47.594,24
1673,event-ingest,webhook,success,2026-10-05 20:51:47.678,2026-10-05 20:51:47.702,24
1674,event-ingest,webhook,success,2026-10-05 20:51:47.770,2026-10-05 20:51:47.793,23
1675,event-ingest,webhook,success,2026-10-05 20:51:47.882,2026-10-05 20:51:47.908,26
1676,event-ingest,webhook,success,2026-10-05 20:51:47.976,2026-10-05 20:51:48.002,26
1677,event-ingest,webhook,success,2026-10-05 20:51:48.066,2026-10-05 20:51:48.089,23
1678,event-ingest,webhook,success,2026-10-05 20:51:48.173,2026-10-05 20:51:48.197,24
1679,event-ingest,webhook,success,2026-10-05 20:51:48.267,2026-10-05 20:51:48.290,23
1680,event-ingest,webhook,success,2026-10-05 20:51:48.380,2026-10-05 20:51:48.406,26
1681,event-ingest,webhook,success,2026-10-05 20:51:48.473,2026-10-05 20:51:48.496,23
1682,event-ingest,webhook,success,2026-10-05 20:51:48.580,2026-10-05 20:51:48.607,27
1683,event-ingest,webhook,success,2026-10-05 20:51:48.672,2026-10-05 20:51:48.697,25
1684,event-ingest,webhook,success,2026-10-05 20:51:48.766,2026-10-05 20:51:48.790,24
1685,event-ingest,webhook,success,2026-10-05 20:51:48.874,2026-10-05 20:51:48.902,28
1686,event-ingest,webhook,success,2026-10-05 20:51:48.970,2026-10-05 20:51:49.009,39
1687,event-ingest,webhook,success,2026-10-05 20:51:49.075,2026-10-05 20:51:49.099,24
1688,event-ingest,webhook,success,2026-10-05 20:51:49.172,2026-10-05 20:51:49.196,24
1689,event-ingest,webhook,success,2026-10-05 20:51:49.285,2026-10-05 20:51:49.310,25
1690,event-ingest,webhook,success,2026-10-05 20:51:49.374,2026-10-05 20:51:49.405,31
1691,event-ingest,webhook,success,2026-10-05 20:51:49.466,2026-10-05 20:51:49.489,23
1692,event-ingest,webhook,success,2026-10-05 20:51:49.574,2026-10-05 20:51:49.599,25
1693,event-ingest,webhook,success,2026-10-05 20:51:49.666,2026-10-05 20:51:49.692,26
1694,event-ingest,webhook,success,2026-10-05 20:51:49.779,2026-10-05 20:51:49.802,23
1695,event-ingest,webhook,success,2026-10-05 20:51:49.869,2026-10-05 20:51:49.891,22
1696,event-ingest,webhook,success,2026-10-05 20:51:49.978,2026-10-05 20:51:50.003,25
1697,event-ingest,webhook,success,2026-10-05 20:51:50.070,2026-10-05 20:51:50.092,22
1698,event-ingest,webhook,success,2026-10-05 20:51:50.180,2026-10-05 20:51:50.203,23
1699,event-ingest,webhook,success,2026-10-05 20:51:50.271,2026-10-05 20:51:50.295,24
1700,event-ingest,webhook,success,2026-10-05 20:51:50.382,2026-10-05 20:51:50.406,24
1701,event-ingest,webhook,success,2026-10-05 20:51:50.472,2026-10-05 20:51:50.498,26
1702,event-ingest,webhook,success,2026-10-05 20:51:50.569,2026-10-05 20:51:50.592,23
1703,event-ingest,webhook,success,2026-10-05 20:51:50.678,2026-10-05 20:51:50.706,28
1704,event-ingest,webhook,success,2026-10-05 20:51:50.768,2026-10-05 20:51:50.792,24
1705,event-ingest,webhook,success,2026-10-05 20:51:50.881,2026-10-05 20:51:50.907,26
1706,event-ingest,webhook,success,2026-10-05 20:51:50.972,2026-10-05 20:51:50.995,23
1707,event-ingest,webhook,success,2026-10-05 20:51:51.077,2026-10-05 20:51:51.102,25
1708,event-ingest,webhook,success,2026-10-05 20:51:51.175,2026-10-05 20:51:51.202,27
1709,event-ingest,webhook,success,2026-10-05 20:51:51.270,2026-10-05 20:51:51.297,27
1710,event-ingest,webhook,success,2026-10-05 20:51:51.380,2026-10-05 20:51:51.404,24
1711,event-ingest,webhook,success,2026-10-05 20:51:51.473,2026-10-05 20:51:51.500,27
1712,event-ingest,webhook,success,2026-10-05 20:51:51.582,2026-10-05 20:51:51.611,29
1713,event-ingest,webhook,success,2026-10-05 20:51:51.673,2026-10-05 20:51:51.694,21
1714,event-ingest,webhook,success,2026-10-05 20:51:51.767,2026-10-05 20:51:51.790,23
1715,event-ingest,webhook,success,2026-10-05 20:51:51.878,2026-10-05 20:51:51.906,28
1716,event-ingest,webhook,success,2026-10-05 20:51:51.972,2026-10-05 20:51:52.000,28
1717,event-ingest,webhook,success,2026-10-05 20:51:52.080,2026-10-05 20:51:52.107,27
1718,event-ingest,webhook,success,2026-10-05 20:51:52.180,2026-10-05 20:51:52.223,43
1719,event-ingest,webhook,success,2026-10-05 20:51:52.263,2026-10-05 20:51:52.288,25
1720,event-ingest,webhook,success,2026-10-05 20:51:52.377,2026-10-05 20:51:52.400,23
1721,event-ingest,webhook,success,2026-10-05 20:51:52.465,2026-10-05 20:51:52.487,22
1722,event-ingest,webhook,success,2026-10-05 20:51:52.575,2026-10-05 20:51:52.600,25
1723,event-ingest,webhook,success,2026-10-05 20:51:52.670,2026-10-05 20:51:52.694,24
1724,event-ingest,webhook,success,2026-10-05 20:51:52.782,2026-10-05 20:51:52.808,26
1725,event-ingest,webhook,success,2026-10-05 20:51:52.872,2026-10-05 20:51:52.896,24
1726,event-ingest,webhook,success,2026-10-05 20:51:52.966,2026-10-05 20:51:52.989,23
1727,event-ingest,webhook,success,2026-10-05 20:51:53.077,2026-10-05 20:51:53.104,27
1728,event-ingest,webhook,success,2026-10-05 20:51:53.170,2026-10-05 20:51:53.193,23
1729,event-ingest,webhook,success,2026-10-05 20:51:53.282,2026-10-05 20:51:53.305,23
1730,event-ingest,webhook,success,2026-10-05 20:51:53.371,2026-10-05 20:51:53.394,23
1731,event-ingest,webhook,success,2026-10-05 20:51:53.481,2026-10-05 20:51:53.505,24
1732,event-ingest,webhook,success,2026-10-05 20:51:53.569,2026-10-05 20:51:53.591,22
1733,event-ingest,webhook,success,2026-10-05 20:51:53.664,2026-10-05 20:51:53.690,26
1734,event-ingest,webhook,success,2026-10-05 20:51:53.776,2026-10-05 20:51:53.799,23
1735,event-ingest,webhook,success,2026-10-05 20:51:53.868,2026-10-05 20:51:53.897,29
1736,event-ingest,webhook,success,2026-10-05 20:51:53.982,2026-10-05 20:51:54.006,24
1737,event-ingest,webhook,success,2026-10-05 20:51:54.070,2026-10-05 20:51:54.092,22
1738,event-ingest,webhook,success,2026-10-05 20:51:54.181,2026-10-05 20:51:54.203,22
1739,event-ingest,webhook,success,2026-10-05 20:51:54.272,2026-10-05 20:51:54.296,24
1740,event-ingest,webhook,success,2026-10-05 20:51:54.365,2026-10-05 20:51:54.388,23
1741,event-ingest,webhook,success,2026-10-05 20:51:54.477,2026-10-05 20:51:54.501,24
1742,event-ingest,webhook,success,2026-10-05 20:51:54.573,2026-10-05 20:51:54.596,23
1743,event-ingest,webhook,success,2026-10-05 20:51:54.683,2026-10-05 20:51:54.708,25
1744,event-ingest,webhook,success,2026-10-05 20:51:54.774,2026-10-05 20:51:54.797,23
1745,event-ingest,webhook,success,2026-10-05 20:51:54.866,2026-10-05 20:51:54.888,22
1746,event-ingest,webhook,success,2026-10-05 20:51:54.976,2026-10-05 20:51:55.002,26
1747,event-ingest,webhook,success,2026-10-05 20:51:55.069,2026-10-05 20:51:55.093,24
1748,event-ingest,webhook,success,2026-10-05 20:51:55.182,2026-10-05 20:51:55.205,23
1749,event-ingest,webhook,success,2026-10-05 20:51:55.276,2026-10-05 20:51:55.305,29
1750,event-ingest,webhook,success,2026-10-05 20:51:55.364,2026-10-05 20:51:55.388,24
1751,event-ingest,webhook,success,2026-10-05 20:51:55.473,2026-10-05 20:51:55.497,24
1752,event-ingest,webhook,success,2026-10-05 20:51:55.566,2026-10-05 20:51:55.588,22
1753,event-ingest,webhook,success,2026-10-05 20:51:55.677,2026-10-05 20:51:55.701,24
1754,event-ingest,webhook,success,2026-10-05 20:51:55.767,2026-10-05 20:51:55.789,22
1755,event-ingest,webhook,success,2026-10-05 20:51:55.878,2026-10-05 20:51:55.901,23
1756,event-ingest,webhook,success,2026-10-05 20:51:55.971,2026-10-05 20:51:55.996,25
1757,event-ingest,webhook,success,2026-10-05 20:51:56.064,2026-10-05 20:51:56.088,24
1758,event-ingest,webhook,success,2026-10-05 20:51:56.174,2026-10-05 20:51:56.196,22
1759,event-ingest,webhook,success,2026-10-05 20:52:26.220,2026-10-05 20:52:26.300,80
1760,event-ingest,webhook,success,2026-10-05 20:52:26.301,2026-10-05 20:52:26.359,58
1761,event-ingest,webhook,success,2026-10-05 20:52:26.333,2026-10-05 20:52:26.439,106
1762,event-ingest,webhook,success,2026-10-05 20:52:26.382,2026-10-05 20:52:26.421,39
1763,event-ingest,webhook,success,2026-10-05 20:52:26.425,2026-10-05 20:52:26.514,89
1764,event-ingest,webhook,success,2026-10-05 20:52:26.530,2026-10-05 20:52:26.650,120
1765,event-ingest,webhook,success,2026-10-05 20:52:26.554,2026-10-05 20:52:26.756,202
1766,event-ingest,webhook,success,2026-10-05 20:52:26.589,2026-10-05 20:52:26.722,133
1767,event-ingest,webhook,success,2026-10-05 20:52:26.666,2026-10-05 20:52:26.813,147
1768,event-ingest,webhook,success,2026-10-05 20:52:26.741,2026-10-05 20:52:26.878,137
1769,event-ingest,webhook,success,2026-10-05 20:52:26.818,2026-10-05 20:52:26.973,155
1770,event-ingest,webhook,success,2026-10-05 20:52:26.837,2026-10-05 20:52:26.938,101
1771,event-ingest,webhook,success,2026-10-05 20:52:26.846,2026-10-05 20:52:27.002,156
1772,event-ingest,webhook,success,2026-10-05 20:52:26.898,2026-10-05 20:52:27.017,119
1773,event-ingest,webhook,success,2026-10-05 20:52:26.953,2026-10-05 20:52:27.043,90
1774,event-ingest,webhook,success,2026-10-05 20:52:27.014,2026-10-05 20:52:27.105,91
1775,event-ingest,webhook,success,2026-10-05 20:52:27.046,2026-10-05 20:52:27.182,136
1776,event-ingest,webhook,success,2026-10-05 20:52:27.099,2026-10-05 20:52:27.159,60
1777,event-ingest,webhook,success,2026-10-05 20:52:27.133,2026-10-05 20:52:27.222,89
1778,event-ingest,webhook,success,2026-10-05 20:52:27.189,2026-10-05 20:52:27.237,48
1779,event-ingest,webhook,success,2026-10-05 20:52:27.235,2026-10-05 20:52:27.278,43
1780,event-ingest,webhook,success,2026-10-05 20:52:27.282,2026-10-05 20:52:27.357,75
1781,event-ingest,webhook,success,2026-10-05 20:52:27.312,2026-10-05 20:52:27.340,28
1782,event-ingest,webhook,success,2026-10-05 20:52:27.373,2026-10-05 20:52:27.396,23
1783,event-ingest,webhook,success,2026-10-05 20:52:27.418,2026-10-05 20:52:27.444,26
1784,event-ingest,webhook,success,2026-10-05 20:52:27.464,2026-10-05 20:52:27.489,25
1785,event-ingest,webhook,success,2026-10-05 20:52:27.511,2026-10-05 20:52:27.537,26
1786,event-ingest,webhook,success,2026-10-05 20:52:27.560,2026-10-05 20:52:27.591,31
1787,event-ingest,webhook,success,2026-10-05 20:52:27.619,2026-10-05 20:52:27.648,29
1788,event-ingest,webhook,success,2026-10-05 20:52:27.667,2026-10-05 20:52:27.695,28
1789,event-ingest,webhook,success,2026-10-05 20:52:27.719,2026-10-05 20:52:27.745,26
1790,event-ingest,webhook,success,2026-10-05 20:52:27.763,2026-10-05 20:52:27.786,23
1791,event-ingest,webhook,success,2026-10-05 20:52:27.822,2026-10-05 20:52:27.847,25
1792,event-ingest,webhook,success,2026-10-05 20:52:27.867,2026-10-05 20:52:27.890,23
1793,event-ingest,webhook,success,2026-10-05 20:52:27.932,2026-10-05 20:52:28.010,78
1794,event-ingest,webhook,success,2026-10-05 20:52:28.020,2026-10-05 20:52:28.123,103
1795,event-ingest,webhook,success,2026-10-05 20:52:28.040,2026-10-05 20:52:28.201,161
1796,event-ingest,webhook,success,2026-10-05 20:52:28.134,2026-10-05 20:52:28.230,96
1797,event-ingest,webhook,success,2026-10-05 20:52:28.168,2026-10-05 20:52:28.334,166
1798,event-ingest,webhook,success,2026-10-05 20:52:28.199,2026-10-05 20:52:28.352,153
1799,event-ingest,webhook,success,2026-10-05 20:52:28.243,2026-10-05 20:52:28.350,107
1800,event-ingest,webhook,success,2026-10-05 20:52:28.298,2026-10-05 20:52:28.428,130
1801,event-ingest,webhook,success,2026-10-05 20:52:28.361,2026-10-05 20:52:28.492,131
1802,event-ingest,webhook,success,2026-10-05 20:52:28.419,2026-10-05 20:52:28.584,165
1803,event-ingest,webhook,success,2026-10-05 20:52:28.452,2026-10-05 20:52:28.554,102
1804,event-ingest,webhook,success,2026-10-05 20:52:28.490,2026-10-05 20:52:28.640,150
1805,event-ingest,webhook,success,2026-10-05 20:52:28.550,2026-10-05 20:52:28.625,75
1806,event-ingest,webhook,success,2026-10-05 20:52:28.597,2026-10-05 20:52:28.719,122
1807,event-ingest,webhook,success,2026-10-05 20:52:28.653,2026-10-05 20:52:28.873,220
1808,event-ingest,webhook,success,2026-10-05 20:52:28.738,2026-10-05 20:52:28.899,161
1809,event-ingest,webhook,success,2026-10-05 20:52:28.787,2026-10-05 20:52:29.010,223
1810,event-ingest,webhook,success,2026-10-05 20:52:28.827,2026-10-05 20:52:29.032,205
1811,event-ingest,webhook,success,2026-10-05 20:52:28.903,2026-10-05 20:52:29.135,232
1812,event-ingest,webhook,success,2026-10-05 20:52:28.941,2026-10-05 20:52:29.115,174
1813,event-ingest,webhook,success,2026-10-05 20:52:28.981,2026-10-05 20:52:29.167,186
1814,event-ingest,webhook,success,2026-10-05 20:52:29.043,2026-10-05 20:52:29.218,175
1815,event-ingest,webhook,success,2026-10-05 20:52:29.111,2026-10-05 20:52:29.306,195
1816,event-ingest,webhook,success,2026-10-05 20:52:29.146,2026-10-05 20:52:29.286,140
1817,event-ingest,webhook,success,2026-10-05 20:52:29.178,2026-10-05 20:52:29.372,194
1818,event-ingest,webhook,success,2026-10-05 20:52:29.225,2026-10-05 20:52:29.353,128
1819,event-ingest,webhook,success,2026-10-05 20:52:29.258,2026-10-05 20:52:29.485,227
1820,event-ingest,webhook,success,2026-10-05 20:52:29.322,2026-10-05 20:52:29.503,181
1821,event-ingest,webhook,success,2026-10-05 20:52:29.363,2026-10-05 20:52:29.613,250
1822,event-ingest,webhook,success,2026-10-05 20:52:29.416,2026-10-05 20:52:29.597,181
1823,event-ingest,webhook,success,2026-10-05 20:52:29.518,2026-10-05 20:52:29.688,170
1824,event-ingest,webhook,success,2026-10-05 20:52:29.544,2026-10-05 20:52:29.778,234
1825,event-ingest,webhook,success,2026-10-05 20:52:29.601,2026-10-05 20:52:29.779,178
1826,event-ingest,webhook,success,2026-10-05 20:52:29.628,2026-10-05 20:52:29.752,124
1827,event-ingest,webhook,success,2026-10-05 20:52:29.660,2026-10-05 20:52:29.832,172
1828,event-ingest,webhook,success,2026-10-05 20:52:29.716,2026-10-05 20:52:29.844,128
1829,event-ingest,webhook,success,2026-10-05 20:52:29.759,2026-10-05 20:52:29.897,138
1830,event-ingest,webhook,success,2026-10-05 20:52:29.805,2026-10-05 20:52:29.917,112
1831,event-ingest,webhook,success,2026-10-05 20:52:29.854,2026-10-05 20:52:29.997,143
1832,event-ingest,webhook,success,2026-10-05 20:52:29.886,2026-10-05 20:52:29.982,96
1833,event-ingest,webhook,success,2026-10-05 20:52:29.939,2026-10-05 20:52:30.081,142
1834,event-ingest,webhook,success,2026-10-05 20:52:30.002,2026-10-05 20:52:30.068,66
1835,event-ingest,webhook,success,2026-10-05 20:52:30.033,2026-10-05 20:52:30.144,111
1836,event-ingest,webhook,success,2026-10-05 20:52:30.095,2026-10-05 20:52:30.162,67
1837,event-ingest,webhook,success,2026-10-05 20:52:30.124,2026-10-05 20:52:30.238,114
1838,event-ingest,webhook,success,2026-10-05 20:52:30.191,2026-10-05 20:52:30.228,37
1839,event-ingest,webhook,success,2026-10-05 20:52:30.236,2026-10-05 20:52:30.278,42
1840,event-ingest,webhook,success,2026-10-05 20:52:30.281,2026-10-05 20:52:30.455,174
1841,event-ingest,webhook,success,2026-10-05 20:52:30.318,2026-10-05 20:52:30.371,53
1842,event-ingest,webhook,success,2026-10-05 20:52:30.462,2026-10-05 20:52:30.550,88
1843,event-ingest,webhook,success,2026-10-05 20:52:30.472,2026-10-05 20:52:30.644,172
1844,event-ingest,webhook,success,2026-10-05 20:52:30.504,2026-10-05 20:52:30.646,142
1845,event-ingest,webhook,success,2026-10-05 20:52:30.555,2026-10-05 20:52:30.627,72
1846,event-ingest,webhook,success,2026-10-05 20:52:30.579,2026-10-05 20:52:30.679,100
1847,event-ingest,webhook,success,2026-10-05 20:52:30.644,2026-10-05 20:52:30.701,57
1848,event-ingest,webhook,success,2026-10-05 20:52:30.699,2026-10-05 20:52:30.759,60
1849,event-ingest,webhook,success,2026-10-05 20:52:30.736,2026-10-05 20:52:30.836,100
1850,event-ingest,webhook,success,2026-10-05 20:52:30.768,2026-10-05 20:52:30.811,43
1851,event-ingest,webhook,success,2026-10-05 20:52:30.819,2026-10-05 20:52:30.871,52
1852,event-ingest,webhook,success,2026-10-05 20:52:30.869,2026-10-05 20:52:30.938,69
1853,event-ingest,webhook,success,2026-10-05 20:52:30.917,2026-10-05 20:52:30.948,31
1854,event-ingest,webhook,success,2026-10-05 20:52:30.973,2026-10-05 20:52:31.001,28
1855,event-ingest,webhook,success,2026-10-05 20:52:31.018,2026-10-05 20:52:31.045,27
1856,event-ingest,webhook,success,2026-10-05 20:52:31.071,2026-10-05 20:52:31.096,25
1857,event-ingest,webhook,success,2026-10-05 20:52:31.122,2026-10-05 20:52:31.183,61
1858,event-ingest,webhook,success,2026-10-05 20:52:31.165,2026-10-05 20:52:31.206,41
1859,event-ingest,webhook,success,2026-10-05 20:52:31.223,2026-10-05 20:52:31.254,31
1860,event-ingest,webhook,success,2026-10-05 20:52:31.262,2026-10-05 20:52:31.299,37
1861,event-ingest,webhook,success,2026-10-05 20:52:31.321,2026-10-05 20:52:31.344,23
1862,event-ingest,webhook,success,2026-10-05 20:52:31.368,2026-10-05 20:52:31.391,23
1863,event-ingest,webhook,success,2026-10-05 20:52:31.412,2026-10-05 20:52:31.435,23
1864,event-ingest,webhook,success,2026-10-05 20:52:31.460,2026-10-05 20:52:31.483,23
1865,event-ingest,webhook,success,2026-10-05 20:52:31.521,2026-10-05 20:52:31.551,30
1866,event-ingest,webhook,success,2026-10-05 20:52:31.570,2026-10-05 20:52:31.599,29
1867,event-ingest,webhook,success,2026-10-05 20:52:31.617,2026-10-05 20:52:31.640,23
1868,event-ingest,webhook,success,2026-10-05 20:52:31.661,2026-10-05 20:52:31.684,23
1869,event-ingest,webhook,success,2026-10-05 20:52:31.722,2026-10-05 20:52:31.746,24
1870,event-ingest,webhook,success,2026-10-05 20:52:31.768,2026-10-05 20:52:31.790,22
1871,event-ingest,webhook,success,2026-10-05 20:52:31.815,2026-10-05 20:52:31.837,22
1872,event-ingest,webhook,success,2026-10-05 20:52:31.864,2026-10-05 20:52:31.886,22
1873,event-ingest,webhook,success,2026-10-05 20:52:31.910,2026-10-05 20:52:31.932,22
1874,event-ingest,webhook,success,2026-10-05 20:52:31.971,2026-10-05 20:52:31.994,23
1875,event-ingest,webhook,success,2026-10-05 20:52:32.019,2026-10-05 20:52:32.044,25
1876,event-ingest,webhook,success,2026-10-05 20:52:32.068,2026-10-05 20:52:32.094,26
1877,event-ingest,webhook,success,2026-10-05 20:52:32.114,2026-10-05 20:52:32.137,23
1878,event-ingest,webhook,success,2026-10-05 20:52:32.159,2026-10-05 20:52:32.184,25
1879,event-ingest,webhook,success,2026-10-05 20:53:02.202,2026-10-05 20:53:02.237,35
1880,event-ingest,webhook,success,2026-10-05 20:53:02.232,2026-10-05 20:53:02.329,97
1881,event-ingest,webhook,success,2026-10-05 20:53:02.250,2026-10-05 20:53:02.306,56
1882,event-ingest,webhook,success,2026-10-05 20:53:02.268,2026-10-05 20:53:02.374,106
1883,event-ingest,webhook,success,2026-10-05 20:53:02.304,2026-10-05 20:53:02.397,93
1884,event-ingest,webhook,success,2026-10-05 20:53:02.334,2026-10-05 20:53:02.438,104
1885,event-ingest,webhook,success,2026-10-05 20:53:02.355,2026-10-05 20:53:02.489,134
1886,event-ingest,webhook,success,2026-10-05 20:53:02.396,2026-10-05 20:53:02.547,151
1887,event-ingest,webhook,success,2026-10-05 20:53:02.412,2026-10-05 20:53:02.607,195
1888,event-ingest,webhook,success,2026-10-05 20:53:02.448,2026-10-05 20:53:02.627,179
1889,event-ingest,webhook,success,2026-10-05 20:53:02.456,2026-10-05 20:53:02.704,248
1890,event-ingest,webhook,success,2026-10-05 20:53:02.492,2026-10-05 20:53:02.693,201
1891,event-ingest,webhook,success,2026-10-05 20:53:02.511,2026-10-05 20:53:02.782,271
1892,event-ingest,webhook,success,2026-10-05 20:53:02.524,2026-10-05 20:53:02.764,240
1893,event-ingest,webhook,success,2026-10-05 20:53:02.550,2026-10-05 20:53:02.819,269
1894,event-ingest,webhook,success,2026-10-05 20:53:02.581,2026-10-05 20:53:02.874,293
1895,event-ingest,webhook,success,2026-10-05 20:53:02.597,2026-10-05 20:53:02.979,382
1896,event-ingest,webhook,success,2026-10-05 20:53:02.631,2026-10-05 20:53:02.997,366
1897,event-ingest,webhook,success,2026-10-05 20:53:02.666,2026-10-05 20:53:03.049,383
1898,event-ingest,webhook,success,2026-10-05 20:53:02.690,2026-10-05 20:53:03.112,422
1899,event-ingest,webhook,success,2026-10-05 20:53:02.716,2026-10-05 20:53:03.157,441
1900,event-ingest,webhook,success,2026-10-05 20:53:02.741,2026-10-05 20:53:03.232,491
1901,event-ingest,webhook,success,2026-10-05 20:53:02.786,2026-10-05 20:53:03.285,499
1902,event-ingest,webhook,success,2026-10-05 20:53:02.798,2026-10-05 20:53:03.356,558
1903,event-ingest,webhook,success,2026-10-05 20:53:02.824,2026-10-05 20:53:03.338,514
1904,event-ingest,webhook,success,2026-10-05 20:53:02.845,2026-10-05 20:53:03.433,588
1905,event-ingest,webhook,success,2026-10-05 20:53:02.870,2026-10-05 20:53:03.415,545
1906,event-ingest,webhook,success,2026-10-05 20:53:02.907,2026-10-05 20:53:03.482,575
1907,event-ingest,webhook,success,2026-10-05 20:53:02.948,2026-10-05 20:53:03.577,629
1908,event-ingest,webhook,success,2026-10-05 20:53:02.995,2026-10-05 20:53:03.566,571
1909,event-ingest,webhook,success,2026-10-05 20:53:03.017,2026-10-05 20:53:03.624,607
1910,event-ingest,webhook,success,2026-10-05 20:53:03.030,2026-10-05 20:53:03.688,658
1911,event-ingest,webhook,success,2026-10-05 20:53:03.079,2026-10-05 20:53:03.723,644
1912,event-ingest,webhook,success,2026-10-05 20:53:03.101,2026-10-05 20:53:03.787,686
1913,event-ingest,webhook,success,2026-10-05 20:53:03.124,2026-10-05 20:53:03.804,680
1914,event-ingest,webhook,success,2026-10-05 20:53:03.155,2026-10-05 20:53:03.887,732
1915,event-ingest,webhook,success,2026-10-05 20:53:03.175,2026-10-05 20:53:03.869,694
1916,event-ingest,webhook,success,2026-10-05 20:53:03.193,2026-10-05 20:53:03.961,768
1917,event-ingest,webhook,success,2026-10-05 20:53:03.210,2026-10-05 20:53:03.940,730
1918,event-ingest,webhook,success,2026-10-05 20:53:03.230,2026-10-05 20:53:04.000,770
1919,event-ingest,webhook,success,2026-10-05 20:53:03.242,2026-10-05 20:53:04.028,786
1920,event-ingest,webhook,success,2026-10-05 20:53:03.261,2026-10-05 20:53:04.089,828
1921,event-ingest,webhook,success,2026-10-05 20:53:03.303,2026-10-05 20:53:04.118,815
1922,event-ingest,webhook,success,2026-10-05 20:53:03.335,2026-10-05 20:53:04.185,850
1923,event-ingest,webhook,success,2026-10-05 20:53:03.354,2026-10-05 20:53:04.168,814
1924,event-ingest,webhook,success,2026-10-05 20:53:03.385,2026-10-05 20:53:04.236,851
1925,event-ingest,webhook,success,2026-10-05 20:53:03.412,2026-10-05 20:53:04.294,882
1926,event-ingest,webhook,success,2026-10-05 20:53:03.442,2026-10-05 20:53:04.335,893
1927,event-ingest,webhook,success,2026-10-05 20:53:03.453,2026-10-05 20:53:04.404,951
1928,event-ingest,webhook,success,2026-10-05 20:53:03.485,2026-10-05 20:53:04.418,933
1929,event-ingest,webhook,success,2026-10-05 20:53:03.500,2026-10-05 20:53:04.456,956
1930,event-ingest,webhook,success,2026-10-05 20:53:03.520,2026-10-05 20:53:04.525,1005
1931,event-ingest,webhook,success,2026-10-05 20:53:03.564,2026-10-05 20:53:04.554,990
1932,event-ingest,webhook,success,2026-10-05 20:53:03.591,2026-10-05 20:53:04.595,1004
1933,event-ingest,webhook,success,2026-10-05 20:53:03.601,2026-10-05 20:53:04.668,1067
1934,event-ingest,webhook,success,2026-10-05 20:53:03.628,2026-10-05 20:53:04.657,1029
1935,event-ingest,webhook,success,2026-10-05 20:53:03.653,2026-10-05 20:53:04.735,1082
1936,event-ingest,webhook,success,2026-10-05 20:53:03.675,2026-10-05 20:53:04.723,1048
1937,event-ingest,webhook,success,2026-10-05 20:53:03.700,2026-10-05 20:53:04.778,1078
1938,event-ingest,webhook,success,2026-10-05 20:53:03.718,2026-10-05 20:53:04.844,1126
1939,event-ingest,webhook,success,2026-10-05 20:53:03.748,2026-10-05 20:53:04.828,1080
1940,event-ingest,webhook,success,2026-10-05 20:53:03.769,2026-10-05 20:53:04.871,1102
1941,event-ingest,webhook,success,2026-10-05 20:53:03.811,2026-10-05 20:53:04.927,1116
1942,event-ingest,webhook,success,2026-10-05 20:53:03.840,2026-10-05 20:53:04.976,1136
1943,event-ingest,webhook,success,2026-10-05 20:53:03.846,2026-10-05 20:53:05.027,1181
1944,event-ingest,webhook,success,2026-10-05 20:53:03.901,2026-10-05 20:53:05.060,1159
1945,event-ingest,webhook,success,2026-10-05 20:53:03.913,2026-10-05 20:53:05.099,1186
1946,event-ingest,webhook,success,2026-10-05 20:53:03.950,2026-10-05 20:53:05.169,1219
1947,event-ingest,webhook,success,2026-10-05 20:53:03.971,2026-10-05 20:53:05.153,1182
1948,event-ingest,webhook,success,2026-10-05 20:53:03.998,2026-10-05 20:53:05.208,1210
1949,event-ingest,webhook,success,2026-10-05 20:53:04.040,2026-10-05 20:53:05.256,1216
1950,event-ingest,webhook,success,2026-10-05 20:53:04.060,2026-10-05 20:53:05.311,1251
1951,event-ingest,webhook,success,2026-10-05 20:53:04.092,2026-10-05 20:53:05.338,1246
1952,event-ingest,webhook,success,2026-10-05 20:53:04.127,2026-10-05 20:53:05.329,1202
1953,event-ingest,webhook,success,2026-10-05 20:53:04.144,2026-10-05 20:53:05.400,1256
1954,event-ingest,webhook,success,2026-10-05 20:53:04.174,2026-10-05 20:53:05.385,1211
1955,event-ingest,webhook,success,2026-10-05 20:53:04.198,2026-10-05 20:53:05.434,1236
1956,event-ingest,webhook,success,2026-10-05 20:53:04.213,2026-10-05 20:53:05.498,1285
1957,event-ingest,webhook,success,2026-10-05 20:53:04.247,2026-10-05 20:53:05.488,1241
1958,event-ingest,webhook,success,2026-10-05 20:53:04.263,2026-10-05 20:53:05.550,1287
1959,event-ingest,webhook,success,2026-10-05 20:53:04.291,2026-10-05 20:53:05.531,1240
1960,event-ingest,webhook,success,2026-10-05 20:53:04.332,2026-10-05 20:53:05.572,1240
1961,event-ingest,webhook,success,2026-10-05 20:53:04.348,2026-10-05 20:53:05.652,1304
1962,event-ingest,webhook,success,2026-10-05 20:53:04.365,2026-10-05 20:53:05.666,1301
1963,event-ingest,webhook,success,2026-10-05 20:53:04.404,2026-10-05 20:53:05.634,1230
1964,event-ingest,webhook,success,2026-10-05 20:53:04.429,2026-10-05 20:53:05.681,1252
1965,event-ingest,webhook,success,2026-10-05 20:53:04.453,2026-10-05 20:53:05.759,1306
1966,event-ingest,webhook,success,2026-10-05 20:53:04.468,2026-10-05 20:53:05.770,1302
1967,event-ingest,webhook,success,2026-10-05 20:53:04.498,2026-10-05 20:53:05.744,1246
1968,event-ingest,webhook,success,2026-10-05 20:53:04.528,2026-10-05 20:53:05.793,1265
1969,event-ingest,webhook,success,2026-10-05 20:53:04.550,2026-10-05 20:53:05.857,1307
1970,event-ingest,webhook,success,2026-10-05 20:53:04.574,2026-10-05 20:53:05.836,1262
1971,event-ingest,webhook,success,2026-10-05 20:53:04.600,2026-10-05 20:53:05.945,1345
1972,event-ingest,webhook,success,2026-10-05 20:53:04.618,2026-10-05 20:53:05.948,1330
1973,event-ingest,webhook,success,2026-10-05 20:53:04.632,2026-10-05 20:53:05.904,1272
1974,event-ingest,webhook,success,2026-10-05 20:53:04.674,2026-10-05 20:53:05.970,1296
1975,event-ingest,webhook,success,2026-10-05 20:53:04.685,2026-10-05 20:53:05.984,1299
1976,event-ingest,webhook,success,2026-10-05 20:53:04.703,2026-10-05 20:53:06.016,1313
1977,event-ingest,webhook,success,2026-10-05 20:53:04.733,2026-10-05 20:53:06.005,1272
1978,event-ingest,webhook,success,2026-10-05 20:53:04.755,2026-10-05 20:53:06.073,1318
1979,event-ingest,webhook,success,2026-10-05 20:53:04.776,2026-10-05 20:53:06.050,1274
1980,event-ingest,webhook,success,2026-10-05 20:53:04.803,2026-10-05 20:53:06.122,1319
1981,event-ingest,webhook,success,2026-10-05 20:53:04.833,2026-10-05 20:53:06.137,1304
1982,event-ingest,webhook,success,2026-10-05 20:53:04.853,2026-10-05 20:53:06.102,1249
1983,event-ingest,webhook,success,2026-10-05 20:53:04.875,2026-10-05 20:53:06.184,1309
1984,event-ingest,webhook,success,2026-10-05 20:53:04.902,2026-10-05 20:53:06.161,1259
1985,event-ingest,webhook,success,2026-10-05 20:53:04.925,2026-10-05 20:53:06.240,1315
1986,event-ingest,webhook,success,2026-10-05 20:53:04.943,2026-10-05 20:53:06.270,1327
1987,event-ingest,webhook,success,2026-10-05 20:53:04.949,2026-10-05 20:53:06.215,1266
1988,event-ingest,webhook,success,2026-10-05 20:53:04.988,2026-10-05 20:53:06.288,1300
1989,event-ingest,webhook,success,2026-10-05 20:53:05.003,2026-10-05 20:53:06.329,1326
1990,event-ingest,webhook,success,2026-10-05 20:53:05.017,2026-10-05 20:53:06.333,1316
1991,event-ingest,webhook,success,2026-10-05 20:53:05.056,2026-10-05 20:53:06.323,1267
1992,event-ingest,webhook,success,2026-10-05 20:53:05.074,2026-10-05 20:53:06.399,1325
1993,event-ingest,webhook,success,2026-10-05 20:53:05.104,2026-10-05 20:53:06.365,1261
1994,event-ingest,webhook,success,2026-10-05 20:53:05.126,2026-10-05 20:53:06.420,1294
1995,event-ingest,webhook,success,2026-10-05 20:53:05.152,2026-10-05 20:53:06.432,1280
1996,event-ingest,webhook,success,2026-10-05 20:53:05.174,2026-10-05 20:53:06.451,1277
1997,event-ingest,webhook,success,2026-10-05 20:53:05.185,2026-10-05 20:53:06.491,1306
1998,event-ingest,webhook,success,2026-10-05 20:53:05.219,2026-10-05 20:53:06.501,1282
1999,health-monitor,trigger,success,2026-10-05 20:55:00.044,2026-10-05 20:55:00.265,221
2000,ioc-extractor,trigger,success,2026-10-05 21:00:00.034,2026-10-05 21:00:01.568,1534
2001,health-monitor,trigger,success,2026-10-05 21:00:00.040,2026-10-05 21:00:00.518,478
2002,health-monitor,trigger,success,2026-10-05 21:05:00.032,2026-10-05 21:05:00.132,100
2003,health-monitor,trigger,success,2026-10-05 21:10:00.030,2026-10-05 21:10:00.124,94
2004,ioc-extractor,trigger,success,2026-10-05 21:15:00.049,2026-10-05 21:15:00.125,76
2005,health-monitor,trigger,success,2026-10-05 21:15:00.065,2026-10-05 21:15:00.225,160
2006,health-monitor,trigger,success,2026-10-05 21:20:00.032,2026-10-05 21:20:00.135,103
2007,health-monitor,trigger,success,2026-10-05 21:25:00.031,2026-10-05 21:25:00.111,80
2008,ioc-extractor,trigger,success,2026-10-05 21:30:00.031,2026-10-05 21:30:00.074,43
2009,health-monitor,trigger,success,2026-10-05 21:30:00.040,2026-10-05 21:30:00.174,134
2010,health-monitor,trigger,success,2026-10-05 21:35:00.028,2026-10-05 21:35:00.098,70
2011,health-monitor,trigger,success,2026-10-05 21:40:00.023,2026-10-05 21:40:00.086,63
2012,ioc-extractor,trigger,success,2026-10-05 21:45:00.041,2026-10-05 21:45:00.092,51
2013,health-monitor,trigger,success,2026-10-05 21:45:00.049,2026-10-05 21:45:00.194,145
2014,health-monitor,trigger,success,2026-10-05 21:50:00.027,2026-10-05 21:50:00.095,68
2015,health-monitor,trigger,success,2026-10-05 21:55:00.031,2026-10-05 21:55:00.107,76
2016,health-monitor,trigger,success,2026-10-05 22:00:00.033,2026-10-05 22:00:00.138,105
2017,ioc-extractor,trigger,success,2026-10-05 22:00:00.042,2026-10-05 22:00:00.174,132
2018,health-monitor,trigger,success,2026-10-05 22:05:00.029,2026-10-05 22:05:00.089,60
2019,health-monitor,trigger,success,2026-10-05 22:10:00.027,2026-10-05 22:10:00.091,64
2020,health-monitor,trigger,success,2026-10-05 22:15:00.039,2026-10-05 22:15:00.138,99
2021,ioc-extractor,trigger,success,2026-10-05 22:15:00.048,2026-10-05 22:15:00.152,104
2022,health-monitor,trigger,success,2026-10-05 22:20:00.028,2026-10-05 22:20:00.097,69
2023,health-monitor,trigger,success,2026-10-05 22:25:00.026,2026-10-05 22:25:00.096,70
2024,ioc-extractor,trigger,success,2026-10-05 22:30:00.029,2026-10-05 22:30:00.079,50
2025,health-monitor,trigger,success,2026-10-05 22:30:00.038,2026-10-05 22:30:00.184,146
2026,event-ingest,webhook,success,2026-10-05 22:30:01.697,2026-10-05 22:30:02.130,433
2027,event-ingest,webhook,success,2026-10-05 22:30:01.732,2026-10-05 22:30:02.141,409
2028,event-ingest,webhook,success,2026-10-05 22:30:01.759,2026-10-05 22:30:02.144,385
2029,event-ingest,webhook,success,2026-10-05 22:30:01.792,2026-10-05 22:30:02.175,383
2030,event-ingest,webhook,success,2026-10-05 22:30:03.625,2026-10-05 22:30:03.966,341
2031,event-ingest,webhook,success,2026-10-05 22:30:03.657,2026-10-05 22:30:04.061,404
2032,event-ingest,webhook,success,2026-10-05 22:30:03.693,2026-10-05 22:30:04.064,371
2033,event-ingest,webhook,success,2026-10-05 22:30:03.750,2026-10-05 22:30:04.150,400
2034,event-ingest,webhook,success,2026-10-05 22:30:05.892,2026-10-05 22:30:06.235,343
2035,event-ingest,webhook,success,2026-10-05 22:30:05.929,2026-10-05 22:30:06.380,451
2036,event-ingest,webhook,success,2026-10-05 22:30:05.963,2026-10-05 22:30:06.300,337
2037,event-ingest,webhook,success,2026-10-05 22:30:06.001,2026-10-05 22:30:06.383,382
2038,event-ingest,webhook,success,2026-10-05 22:30:07.838,2026-10-05 22:30:08.178,340
2039,event-ingest,webhook,success,2026-10-05 22:30:07.866,2026-10-05 22:30:08.237,371
2040,event-ingest,webhook,success,2026-10-05 22:30:07.891,2026-10-05 22:30:08.234,343
2041,event-ingest,webhook,success,2026-10-05 22:30:07.921,2026-10-05 22:30:08.370,449
2042,event-ingest,webhook,success,2026-10-05 22:30:09.763,2026-10-05 22:30:10.127,364
2043,event-ingest,webhook,success,2026-10-05 22:30:09.816,2026-10-05 22:30:10.180,364
2044,event-ingest,webhook,success,2026-10-05 22:30:09.839,2026-10-05 22:30:10.170,331
2045,event-ingest,webhook,success,2026-10-05 22:30:09.869,2026-10-05 22:30:10.239,370
2046,event-ingest,webhook,success,2026-10-05 22:30:11.995,2026-10-05 22:30:12.371,376
2047,event-ingest,webhook,success,2026-10-05 22:30:12.023,2026-10-05 22:30:12.473,450
2048,event-ingest,webhook,success,2026-10-05 22:30:12.058,2026-10-05 22:30:12.431,373
2049,event-ingest,webhook,success,2026-10-05 22:30:12.093,2026-10-05 22:30:12.484,391
2050,event-ingest,webhook,success,2026-10-05 22:30:12.434,2026-10-05 22:30:12.788,354
2051,event-ingest,webhook,success,2026-10-05 22:30:12.481,2026-10-05 22:30:12.822,341
2052,event-ingest,webhook,success,2026-10-05 22:30:13.427,2026-10-05 22:30:13.758,331
2053,event-ingest,webhook,success,2026-10-05 22:30:14.357,2026-10-05 22:30:14.699,342
2054,event-ingest,webhook,success,2026-10-05 22:30:14.986,2026-10-05 22:30:15.328,342
2055,event-ingest,webhook,success,2026-10-05 22:30:15.910,2026-10-05 22:30:16.255,345
2056,event-ingest,webhook,success,2026-10-05 22:30:16.539,2026-10-05 22:30:16.883,344
2057,event-ingest,webhook,success,2026-10-05 22:30:17.473,2026-10-05 22:30:17.812,339
2058,event-ingest,webhook,success,2026-10-05 22:30:18.410,2026-10-05 22:30:20.468,2058
2059,event-ingest,webhook,success,2026-10-05 22:30:18.437,2026-10-05 22:30:20.495,2058
2060,event-ingest,webhook,success,2026-10-05 22:30:19.371,2026-10-05 22:30:21.402,2031
2061,event-ingest,webhook,success,2026-10-05 22:30:19.398,2026-10-05 22:30:21.468,2070
2062,event-ingest,webhook,success,2026-10-05 22:30:19.421,2026-10-05 22:30:21.450,2029
2063,event-ingest,webhook,success,2026-10-05 22:30:19.450,2026-10-05 22:30:21.516,2066
2064,event-ingest,webhook,success,2026-10-05 22:30:21.284,2026-10-05 22:30:23.321,2037
2065,event-ingest,webhook,success,2026-10-05 22:30:21.315,2026-10-05 22:30:23.396,2081
2066,event-ingest,webhook,success,2026-10-05 22:30:21.345,2026-10-05 22:30:23.383,2038
2067,event-ingest,webhook,success,2026-10-05 22:30:21.375,2026-10-05 22:30:23.451,2076
2068,event-ingest,webhook,success,2026-10-05 22:30:23.501,2026-10-05 22:30:25.524,2023
2069,event-ingest,webhook,success,2026-10-05 22:30:23.526,2026-10-05 22:30:25.587,2061
2070,event-ingest,webhook,success,2026-10-05 22:30:23.549,2026-10-05 22:30:25.576,2027
2071,event-ingest,webhook,success,2026-10-05 22:30:23.573,2026-10-05 22:30:25.647,2074
2072,event-ingest,webhook,success,2026-10-05 22:30:25.400,2026-10-05 22:30:27.439,2039
2073,event-ingest,webhook,success,2026-10-05 22:30:25.427,2026-10-05 22:30:27.493,2066
2074,event-ingest,webhook,success,2026-10-05 22:30:25.452,2026-10-05 22:30:27.480,2028
2075,event-ingest,webhook,success,2026-10-05 22:30:25.477,2026-10-05 22:30:27.560,2083
2076,event-ingest,webhook,success,2026-10-05 22:30:25.510,2026-10-05 22:30:27.551,2041
2077,event-ingest,webhook,success,2026-10-05 22:30:25.555,2026-10-05 22:30:27.639,2084
2078,event-ingest,webhook,success,2026-10-05 22:30:25.654,2026-10-05 22:30:27.701,2047
2079,event-ingest,webhook,success,2026-10-05 22:30:25.696,2026-10-05 22:30:27.758,2062
2080,health-monitor,trigger,success,2026-10-05 22:35:00.032,2026-10-05 22:35:00.116,84
2081,health-monitor,trigger,success,2026-10-05 22:40:00.027,2026-10-05 22:40:00.096,69
2082,ioc-extractor,trigger,success,2026-10-05 22:45:00.024,2026-10-05 22:45:00.283,259
2083,health-monitor,trigger,success,2026-10-05 22:45:00.034,2026-10-05 22:45:00.185,151
2084,event-ingest,webhook,success,2026-10-05 22:45:02.666,2026-10-05 22:45:03.060,394
2085,event-ingest,webhook,success,2026-10-05 22:45:02.698,2026-10-05 22:45:03.137,439
2086,event-ingest,webhook,success,2026-10-05 22:45:02.743,2026-10-05 22:45:03.120,377
2087,event-ingest,webhook,success,2026-10-05 22:45:02.810,2026-10-05 22:45:03.179,369
2088,event-ingest,webhook,success,2026-10-05 22:45:04.638,2026-10-05 22:45:04.971,333
2089,event-ingest,webhook,success,2026-10-05 22:45:04.666,2026-10-05 22:45:05.033,367
2090,event-ingest,webhook,success,2026-10-05 22:45:04.693,2026-10-05 22:45:05.024,331
2091,event-ingest,webhook,success,2026-10-05 22:45:04.726,2026-10-05 22:45:05.092,366
2092,event-ingest,webhook,success,2026-10-05 22:45:06.870,2026-10-05 22:45:07.213,343
2093,event-ingest,webhook,success,2026-10-05 22:45:06.901,2026-10-05 22:45:07.292,391
2094,event-ingest,webhook,success,2026-10-05 22:45:06.931,2026-10-05 22:45:07.265,334
2095,event-ingest,webhook,success,2026-10-05 22:45:06.960,2026-10-05 22:45:07.432,472
2096,event-ingest,webhook,success,2026-10-05 22:45:08.791,2026-10-05 22:45:09.120,329
2097,event-ingest,webhook,success,2026-10-05 22:45:08.818,2026-10-05 22:45:09.178,360
2098,event-ingest,webhook,success,2026-10-05 22:45:08.841,2026-10-05 22:45:09.176,335
2099,event-ingest,webhook,success,2026-10-05 22:45:08.871,2026-10-05 22:45:09.258,387
2100,event-ingest,webhook,success,2026-10-05 22:45:08.895,2026-10-05 22:45:09.228,333
2101,event-ingest,webhook,success,2026-10-05 22:45:08.926,2026-10-05 22:45:09.358,432
2102,event-ingest,webhook,success,2026-10-05 22:45:09.857,2026-10-05 22:45:10.205,348
2103,event-ingest,webhook,success,2026-10-05 22:45:10.789,2026-10-05 22:45:11.137,348
2104,event-ingest,webhook,success,2026-10-05 22:45:11.419,2026-10-05 22:45:11.742,323
2105,event-ingest,webhook,success,2026-10-05 22:45:12.348,2026-10-05 22:45:12.698,350
2106,event-ingest,webhook,success,2026-10-05 22:45:12.377,2026-10-05 22:45:12.751,374
2107,event-ingest,webhook,success,2026-10-05 22:45:13.313,2026-10-05 22:45:13.652,339
2108,event-ingest,webhook,success,2026-10-05 22:45:13.341,2026-10-05 22:45:13.728,387
2109,event-ingest,webhook,success,2026-10-05 22:45:13.366,2026-10-05 22:45:13.701,335
2110,event-ingest,webhook,success,2026-10-05 22:45:13.403,2026-10-05 22:45:13.783,380
2111,event-ingest,webhook,success,2026-10-05 22:45:15.242,2026-10-05 22:45:15.604,362
2112,event-ingest,webhook,success,2026-10-05 22:45:15.270,2026-10-05 22:45:15.655,385
2113,event-ingest,webhook,success,2026-10-05 22:45:15.296,2026-10-05 22:45:15.637,341
2114,event-ingest,webhook,success,2026-10-05 22:45:15.326,2026-10-05 22:45:15.691,365
2115,event-ingest,webhook,success,2026-10-05 22:45:15.351,2026-10-05 22:45:15.683,332
2116,event-ingest,webhook,success,2026-10-05 22:45:15.381,2026-10-05 22:45:15.745,364
2117,event-ingest,webhook,success,2026-10-05 22:45:16.310,2026-10-05 22:45:16.643,333
2118,event-ingest,webhook,success,2026-10-05 22:45:17.242,2026-10-05 22:45:17.590,348
2119,event-ingest,webhook,success,2026-10-05 22:45:18.182,2026-10-05 22:45:18.533,351
2120,event-ingest,webhook,success,2026-10-05 22:45:18.813,2026-10-05 22:45:19.145,332
2121,event-ingest,webhook,success,2026-10-05 22:45:19.743,2026-10-05 22:45:20.078,335
2122,event-ingest,webhook,success,2026-10-05 22:45:20.380,2026-10-05 22:45:20.723,343
2123,event-ingest,webhook,success,2026-10-05 22:45:20.414,2026-10-05 22:45:20.808,394
2124,event-ingest,webhook,success,2026-10-05 22:45:21.358,2026-10-05 22:45:21.708,350
2125,event-ingest,webhook,success,2026-10-05 22:45:21.382,2026-10-05 22:45:21.760,378
2126,event-ingest,webhook,success,2026-10-05 22:45:21.407,2026-10-05 22:45:21.750,343
2127,event-ingest,webhook,success,2026-10-05 22:45:21.432,2026-10-05 22:45:21.793,361
2128,event-ingest,webhook,success,2026-10-05 22:45:23.563,2026-10-05 22:45:23.906,343
2129,event-ingest,webhook,success,2026-10-05 22:45:23.589,2026-10-05 22:45:23.965,376
2130,event-ingest,webhook,success,2026-10-05 22:45:23.613,2026-10-05 22:45:23.944,331
2131,event-ingest,webhook,success,2026-10-05 22:45:23.639,2026-10-05 22:45:23.997,358
2132,event-ingest,webhook,success,2026-10-05 22:45:25.473,2026-10-05 22:45:25.836,363
2133,event-ingest,webhook,success,2026-10-05 22:45:25.503,2026-10-05 22:45:25.880,377
2134,event-ingest,webhook,success,2026-10-05 22:45:25.524,2026-10-05 22:45:25.890,366
2135,event-ingest,webhook,success,2026-10-05 22:45:25.546,2026-10-05 22:45:25.894,348
2136,event-ingest,webhook,success,2026-10-05 22:45:27.675,2026-10-05 22:45:28.025,350
2137,event-ingest,webhook,success,2026-10-05 22:45:27.711,2026-10-05 22:45:29.795,2084
2138,event-ingest,webhook,success,2026-10-05 22:45:27.740,2026-10-05 22:45:28.080,340
2139,event-ingest,webhook,success,2026-10-05 22:45:27.769,2026-10-05 22:45:29.839,2070
2140,event-ingest,webhook,success,2026-10-05 22:45:27.795,2026-10-05 22:45:29.825,2030
2141,event-ingest,webhook,success,2026-10-05 22:45:27.824,2026-10-05 22:45:29.898,2074
2142,event-ingest,webhook,success,2026-10-05 22:45:27.852,2026-10-05 22:45:29.879,2027
2143,health-monitor,trigger,success,2026-10-05 22:50:00.022,2026-10-05 22:50:00.109,87
2144,health-monitor,trigger,success,2026-10-05 22:55:00.024,2026-10-05 22:55:00.102,78
2145,ioc-extractor,trigger,success,2026-10-05 23:00:00.035,2026-10-05 23:00:00.283,248
2146,health-monitor,trigger,success,2026-10-05 23:00:00.044,2026-10-05 23:00:00.183,139
2147,event-ingest,webhook,success,2026-10-05 23:00:02.721,2026-10-05 23:00:03.121,400
2148,event-ingest,webhook,success,2026-10-05 23:00:02.749,2026-10-05 23:00:03.135,386
2149,event-ingest,webhook,success,2026-10-05 23:00:02.774,2026-10-05 23:00:03.126,352
2150,event-ingest,webhook,success,2026-10-05 23:00:02.813,2026-10-05 23:00:03.195,382
2151,event-ingest,webhook,success,2026-10-05 23:00:04.650,2026-10-05 23:00:04.990,340
2152,event-ingest,webhook,success,2026-10-05 23:00:04.676,2026-10-05 23:00:05.042,366
2153,event-ingest,webhook,success,2026-10-05 23:00:04.701,2026-10-05 23:00:05.028,327
2154,event-ingest,webhook,success,2026-10-05 23:00:04.728,2026-10-05 23:00:05.104,376
2155,event-ingest,webhook,success,2026-10-05 23:00:06.860,2026-10-05 23:00:07.190,330
2156,event-ingest,webhook,success,2026-10-05 23:00:06.887,2026-10-05 23:00:07.326,439
2157,event-ingest,webhook,success,2026-10-05 23:00:06.920,2026-10-05 23:00:07.306,386
2158,event-ingest,webhook,success,2026-10-05 23:00:06.948,2026-10-05 23:00:07.369,421
2159,event-ingest,webhook,success,2026-10-05 23:00:08.777,2026-10-05 23:00:09.106,329
2160,event-ingest,webhook,success,2026-10-05 23:00:08.803,2026-10-05 23:00:09.188,385
2161,event-ingest,webhook,success,2026-10-05 23:00:08.831,2026-10-05 23:00:09.165,334
2162,event-ingest,webhook,success,2026-10-05 23:00:08.864,2026-10-05 23:00:09.293,429
2163,event-ingest,webhook,success,2026-10-05 23:00:08.900,2026-10-05 23:00:09.240,340
2164,event-ingest,webhook,success,2026-10-05 23:00:08.934,2026-10-05 23:00:09.303,369
2165,event-ingest,webhook,success,2026-10-05 23:00:09.865,2026-10-05 23:00:10.203,338
2166,event-ingest,webhook,success,2026-10-05 23:00:10.794,2026-10-05 23:00:11.121,327
2167,event-ingest,webhook,success,2026-10-05 23:00:11.427,2026-10-05 23:00:11.759,332
2168,event-ingest,webhook,success,2026-10-05 23:00:12.362,2026-10-05 23:00:12.692,330
2169,event-ingest,webhook,success,2026-10-05 23:00:12.995,2026-10-05 23:00:13.325,330
2170,event-ingest,webhook,success,2026-10-05 23:00:13.020,2026-10-05 23:00:13.384,364
2171,event-ingest,webhook,success,2026-10-05 23:00:14.252,2026-10-05 23:00:14.582,330
2172,event-ingest,webhook,success,2026-10-05 23:00:14.281,2026-10-05 23:00:14.660,379
2173,event-ingest,webhook,success,2026-10-05 23:00:14.308,2026-10-05 23:00:14.670,362
2174,event-ingest,webhook,success,2026-10-05 23:00:14.343,2026-10-05 23:00:14.730,387
2175,event-ingest,webhook,success,2026-10-05 23:00:16.187,2026-10-05 23:00:16.519,332
2176,event-ingest,webhook,success,2026-10-05 23:00:16.216,2026-10-05 23:00:16.599,383
2177,event-ingest,webhook,success,2026-10-05 23:00:16.247,2026-10-05 23:00:16.604,357
2178,event-ingest,webhook,success,2026-10-05 23:00:16.281,2026-10-05 23:00:16.642,361
2179,event-ingest,webhook,success,2026-10-05 23:00:18.110,2026-10-05 23:00:18.444,334
2180,event-ingest,webhook,success,2026-10-05 23:00:18.137,2026-10-05 23:00:18.518,381
2181,event-ingest,webhook,success,2026-10-05 23:00:18.163,2026-10-05 23:00:18.515,352
2182,event-ingest,webhook,success,2026-10-05 23:00:18.197,2026-10-05 23:00:20.271,2074
2183,event-ingest,webhook,success,2026-10-05 23:00:20.327,2026-10-05 23:00:22.375,2048
2184,event-ingest,webhook,success,2026-10-05 23:00:20.359,2026-10-05 23:00:22.430,2071
2185,event-ingest,webhook,success,2026-10-05 23:00:20.389,2026-10-05 23:00:22.416,2027
2186,event-ingest,webhook,success,2026-10-05 23:00:20.418,2026-10-05 23:00:22.476,2058
2187,event-ingest,webhook,success,2026-10-05 23:00:22.258,2026-10-05 23:00:24.293,2035
2188,event-ingest,webhook,success,2026-10-05 23:00:22.285,2026-10-05 23:00:24.389,2104
2189,event-ingest,webhook,success,2026-10-05 23:00:22.324,2026-10-05 23:00:24.372,2048
2190,event-ingest,webhook,success,2026-10-05 23:00:22.385,2026-10-05 23:00:24.471,2086
2191,event-ingest,webhook,success,2026-10-05 23:00:24.533,2026-10-05 23:00:26.560,2027
2192,event-ingest,webhook,success,2026-10-05 23:00:24.559,2026-10-05 23:00:26.626,2067
2193,event-ingest,webhook,success,2026-10-05 23:00:24.590,2026-10-05 23:00:26.619,2029
2194,event-ingest,webhook,success,2026-10-05 23:00:24.623,2026-10-05 23:00:26.680,2057
2195,event-ingest,webhook,success,2026-10-05 23:00:26.461,2026-10-05 23:00:28.498,2037
2196,event-ingest,webhook,success,2026-10-05 23:00:26.487,2026-10-05 23:00:28.552,2065
2197,event-ingest,webhook,success,2026-10-05 23:00:26.513,2026-10-05 23:00:28.544,2031
2198,event-ingest,webhook,success,2026-10-05 23:00:26.543,2026-10-05 23:00:28.611,2068
2199,event-ingest,webhook,success,2026-10-05 23:00:28.678,2026-10-05 23:00:30.703,2025
2200,event-ingest,webhook,success,2026-10-05 23:00:28.700,2026-10-05 23:00:30.761,2061
2201,event-ingest,webhook,success,2026-10-05 23:00:28.721,2026-10-05 23:00:30.744,2023
2202,event-ingest,webhook,success,2026-10-05 23:00:28.746,2026-10-05 23:00:30.802,2056
2203,event-ingest,webhook,success,2026-10-05 23:00:30.580,2026-10-05 23:00:32.611,2031
2204,event-ingest,webhook,success,2026-10-05 23:00:30.604,2026-10-05 23:00:32.668,2064
2205,event-ingest,webhook,success,2026-10-05 23:00:30.628,2026-10-05 23:00:32.655,2027
2206,event-ingest,webhook,success,2026-10-05 23:00:30.656,2026-10-05 23:00:32.727,2071
2207,event-ingest,webhook,success,2026-10-05 23:00:32.785,2026-10-05 23:00:34.816,2031
2208,event-ingest,webhook,success,2026-10-05 23:00:32.809,2026-10-05 23:00:34.871,2062
2209,event-ingest,webhook,success,2026-10-05 23:00:32.832,2026-10-05 23:00:34.859,2027
2210,event-ingest,webhook,success,2026-10-05 23:00:32.861,2026-10-05 23:00:34.918,2057
2211,event-ingest,webhook,success,2026-10-05 23:00:34.687,2026-10-05 23:00:36.713,2026
2212,event-ingest,webhook,success,2026-10-05 23:00:34.710,2026-10-05 23:00:36.778,2068
2213,event-ingest,webhook,success,2026-10-05 23:00:34.736,2026-10-05 23:00:36.760,2024
2214,event-ingest,webhook,success,2026-10-05 23:00:34.761,2026-10-05 23:00:36.836,2075
2215,event-ingest,webhook,success,2026-10-05 23:00:34.792,2026-10-05 23:00:36.829,2037
2216,event-ingest,webhook,success,2026-10-05 23:00:34.826,2026-10-05 23:00:36.899,2073
2217,event-ingest,webhook,success,2026-10-05 23:00:35.762,2026-10-05 23:00:37.792,2030
2218,event-ingest,webhook,success,2026-10-05 23:00:36.692,2026-10-05 23:00:38.731,2039
2219,event-ingest,webhook,success,2026-10-05 23:00:37.323,2026-10-05 23:00:39.352,2029
2220,event-ingest,webhook,success,2026-10-05 23:00:38.257,2026-10-05 23:00:40.282,2025
2221,event-ingest,webhook,success,2026-10-05 23:00:39.188,2026-10-05 23:00:41.220,2032
2222,event-ingest,webhook,success,2026-10-05 23:00:39.214,2026-10-05 23:00:41.272,2058
2223,event-ingest,webhook,success,2026-10-05 23:00:40.140,2026-10-05 23:00:42.168,2028
2224,event-ingest,webhook,success,2026-10-05 23:00:40.164,2026-10-05 23:00:42.256,2092
2225,event-ingest,webhook,success,2026-10-05 23:00:40.185,2026-10-05 23:00:42.233,2048
2226,event-ingest,webhook,success,2026-10-05 23:00:40.212,2026-10-05 23:00:42.284,2072
2227,event-ingest,webhook,success,2026-10-05 23:00:42.037,2026-10-05 23:00:44.077,2040
2228,event-ingest,webhook,success,2026-10-05 23:00:42.061,2026-10-05 23:00:44.138,2077
2229,event-ingest,webhook,success,2026-10-05 23:00:42.087,2026-10-05 23:00:44.126,2039
2230,event-ingest,webhook,success,2026-10-05 23:00:42.118,2026-10-05 23:00:44.264,2146
2231,event-ingest,webhook,success,2026-10-05 23:00:42.153,2026-10-05 23:00:44.261,2108
2232,event-ingest,webhook,success,2026-10-05 23:00:42.290,2026-10-05 23:00:44.347,2057
2233,event-ingest,webhook,success,2026-10-05 23:00:42.346,2026-10-05 23:00:44.444,2098
2234,event-ingest,webhook,success,2026-10-05 23:00:42.375,2026-10-05 23:00:44.424,2049
2235,event-ingest,webhook,success,2026-10-05 23:00:42.421,2026-10-05 23:00:44.526,2105
2236,event-ingest,webhook,success,2026-10-05 23:00:42.451,2026-10-05 23:00:44.492,2041
2237,event-ingest,webhook,success,2026-10-05 23:00:42.500,2026-10-05 23:00:46.152,3652
2238,event-ingest,webhook,success,2026-10-05 23:00:42.542,2026-10-05 23:00:46.093,3551
2239,event-ingest,webhook,success,2026-10-05 23:00:42.585,2026-10-05 23:00:46.280,3695
2240,event-ingest,webhook,success,2026-10-05 23:00:42.613,2026-10-05 23:00:46.154,3541
2241,health-monitor,trigger,success,2026-10-05 23:05:00.025,2026-10-05 23:05:00.114,89
2242,health-monitor,trigger,success,2026-10-05 23:10:00.040,2026-10-05 23:10:00.115,75
2243,ioc-extractor,trigger,success,2026-10-05 23:15:00.029,2026-10-05 23:15:00.380,351
2244,health-monitor,trigger,success,2026-10-05 23:15:00.037,2026-10-05 23:15:00.202,165
2245,event-ingest,webhook,success,2026-10-05 23:15:02.761,2026-10-05 23:15:03.172,411
2246,event-ingest,webhook,success,2026-10-05 23:15:02.790,2026-10-05 23:15:03.162,372
2247,event-ingest,webhook,success,2026-10-05 23:15:02.815,2026-10-05 23:15:03.161,346
2248,event-ingest,webhook,success,2026-10-05 23:15:02.843,2026-10-05 23:15:03.276,433
2249,event-ingest,webhook,success,2026-10-05 23:15:04.685,2026-10-05 23:15:05.016,331
2250,event-ingest,webhook,success,2026-10-05 23:15:04.711,2026-10-05 23:15:05.077,366
2251,event-ingest,webhook,success,2026-10-05 23:15:04.739,2026-10-05 23:15:05.074,335
2252,event-ingest,webhook,success,2026-10-05 23:15:04.766,2026-10-05 23:15:05.127,361
2253,event-ingest,webhook,success,2026-10-05 23:15:06.591,2026-10-05 23:15:06.927,336
2254,event-ingest,webhook,success,2026-10-05 23:15:06.619,2026-10-05 23:15:06.986,367
2255,event-ingest,webhook,success,2026-10-05 23:15:06.643,2026-10-05 23:15:06.988,345
2256,event-ingest,webhook,success,2026-10-05 23:15:06.670,2026-10-05 23:15:07.028,358
2257,event-ingest,webhook,success,2026-10-05 23:15:08.802,2026-10-05 23:15:09.157,355
2258,event-ingest,webhook,success,2026-10-05 23:15:08.834,2026-10-05 23:15:09.280,446
2259,event-ingest,webhook,success,2026-10-05 23:15:08.858,2026-10-05 23:15:09.206,348
2260,event-ingest,webhook,success,2026-10-05 23:15:08.896,2026-10-05 23:15:09.289,393
2261,event-ingest,webhook,success,2026-10-05 23:15:10.734,2026-10-05 23:15:11.079,345
2262,event-ingest,webhook,success,2026-10-05 23:15:10.761,2026-10-05 23:15:11.141,380
2263,event-ingest,webhook,success,2026-10-05 23:15:10.784,2026-10-05 23:15:11.126,342
2264,event-ingest,webhook,success,2026-10-05 23:15:10.812,2026-10-05 23:15:11.248,436
2265,event-ingest,webhook,success,2026-10-05 23:15:12.939,2026-10-05 23:15:13.325,386
2266,event-ingest,webhook,success,2026-10-05 23:15:12.965,2026-10-05 23:15:13.333,368
2267,event-ingest,webhook,success,2026-10-05 23:15:12.992,2026-10-05 23:15:13.331,339
2268,event-ingest,webhook,success,2026-10-05 23:15:13.022,2026-10-05 23:15:13.390,368
2269,event-ingest,webhook,success,2026-10-05 23:15:13.047,2026-10-05 23:15:13.376,329
2270,event-ingest,webhook,success,2026-10-05 23:15:13.079,2026-10-05 23:15:13.442,363
2271,event-ingest,webhook,success,2026-10-05 23:15:14.007,2026-10-05 23:15:14.352,345
2272,event-ingest,webhook,success,2026-10-05 23:15:14.936,2026-10-05 23:15:15.381,445
2273,event-ingest,webhook,success,2026-10-05 23:15:15.562,2026-10-05 23:15:15.899,337
2274,event-ingest,webhook,success,2026-10-05 23:15:16.496,2026-10-05 23:15:16.845,349
2275,event-ingest,webhook,success,2026-10-05 23:15:17.130,2026-10-05 23:15:17.474,344
2276,event-ingest,webhook,success,2026-10-05 23:15:18.058,2026-10-05 23:15:18.398,340
2277,event-ingest,webhook,success,2026-10-05 23:15:18.090,2026-10-05 23:15:18.462,372
2278,event-ingest,webhook,success,2026-10-05 23:15:19.019,2026-10-05 23:15:19.372,353
2279,event-ingest,webhook,success,2026-10-05 23:15:19.047,2026-10-05 23:15:19.424,377
2280,event-ingest,webhook,success,2026-10-05 23:15:19.076,2026-10-05 23:15:19.412,336
2281,event-ingest,webhook,success,2026-10-05 23:15:19.113,2026-10-05 23:15:19.477,364
2282,event-ingest,webhook,success,2026-10-05 23:15:21.244,2026-10-05 23:15:21.575,331
2283,event-ingest,webhook,success,2026-10-05 23:15:21.269,2026-10-05 23:15:21.634,365
2284,event-ingest,webhook,success,2026-10-05 23:15:21.292,2026-10-05 23:15:21.622,330
2285,event-ingest,webhook,success,2026-10-05 23:15:21.318,2026-10-05 23:15:23.384,2066
2286,event-ingest,webhook,success,2026-10-05 23:15:23.148,2026-10-05 23:15:25.188,2040
2287,event-ingest,webhook,success,2026-10-05 23:15:23.191,2026-10-05 23:15:25.273,2082
2288,event-ingest,webhook,success,2026-10-05 23:15:23.237,2026-10-05 23:15:25.260,2023
2289,event-ingest,webhook,success,2026-10-05 23:15:23.263,2026-10-05 23:15:25.320,2057
2290,event-ingest,webhook,success,2026-10-05 23:15:25.092,2026-10-05 23:15:27.127,2035
2291,event-ingest,webhook,success,2026-10-05 23:15:25.116,2026-10-05 23:15:27.186,2070
2292,event-ingest,webhook,success,2026-10-05 23:15:25.140,2026-10-05 23:15:27.174,2034
2293,event-ingest,webhook,success,2026-10-05 23:15:25.170,2026-10-05 23:15:27.247,2077
2294,event-ingest,webhook,success,2026-10-05 23:15:27.310,2026-10-05 23:15:29.338,2028
2295,event-ingest,webhook,success,2026-10-05 23:15:27.334,2026-10-05 23:15:29.403,2069
2296,event-ingest,webhook,success,2026-10-05 23:15:27.357,2026-10-05 23:15:29.386,2029
2297,event-ingest,webhook,success,2026-10-05 23:15:27.386,2026-10-05 23:15:29.452,2066
2298,event-ingest,webhook,success,2026-10-05 23:15:29.209,2026-10-05 23:15:31.243,2034
2299,event-ingest,webhook,success,2026-10-05 23:15:29.231,2026-10-05 23:15:31.294,2063
2300,event-ingest,webhook,success,2026-10-05 23:15:29.253,2026-10-05 23:15:31.285,2032
2301,event-ingest,webhook,success,2026-10-05 23:15:29.285,2026-10-05 23:15:31.385,2100
2302,event-ingest,webhook,success,2026-10-05 23:15:29.309,2026-10-05 23:15:31.377,2068
2303,event-ingest,webhook,success,2026-10-05 23:15:29.376,2026-10-05 23:15:31.431,2055
2304,event-ingest,webhook,success,2026-10-05 23:15:29.457,2026-10-05 23:15:31.506,2049
2305,event-ingest,webhook,success,2026-10-05 23:15:29.499,2026-10-05 23:15:31.572,2073
2306,event-ingest,webhook,success,2026-10-05 23:15:29.525,2026-10-05 23:15:31.556,2031
2307,event-ingest,webhook,success,2026-10-05 23:15:29.560,2026-10-05 23:15:31.628,2068
2308,health-monitor,trigger,success,2026-10-05 23:20:00.024,2026-10-05 23:20:00.110,86
2309,health-monitor,trigger,success,2026-10-05 23:25:00.031,2026-10-05 23:25:00.113,82
2310,ioc-extractor,trigger,success,2026-10-05 23:30:00.034,2026-10-05 23:30:00.305,271
2311,health-monitor,trigger,success,2026-10-05 23:30:00.042,2026-10-05 23:30:00.196,154
2312,event-ingest,webhook,success,2026-10-05 23:30:02.625,2026-10-05 23:30:03.000,375
2313,event-ingest,webhook,success,2026-10-05 23:30:02.652,2026-10-05 23:30:03.034,382
2314,event-ingest,webhook,success,2026-10-05 23:30:02.679,2026-10-05 23:30:03.008,329
2315,event-ingest,webhook,success,2026-10-05 23:30:02.711,2026-10-05 23:30:03.069,358
2316,event-ingest,webhook,success,2026-10-05 23:30:04.552,2026-10-05 23:30:04.893,341
2317,event-ingest,webhook,success,2026-10-05 23:30:04.580,2026-10-05 23:30:04.943,363
2318,event-ingest,webhook,success,2026-10-05 23:30:04.605,2026-10-05 23:30:04.941,336
2319,event-ingest,webhook,success,2026-10-05 23:30:04.634,2026-10-05 23:30:04.995,361
2320,event-ingest,webhook,success,2026-10-05 23:30:06.766,2026-10-05 23:30:07.117,351
2321,event-ingest,webhook,success,2026-10-05 23:30:06.792,2026-10-05 23:30:07.155,363
2322,event-ingest,webhook,success,2026-10-05 23:30:06.815,2026-10-05 23:30:07.145,330
2323,event-ingest,webhook,success,2026-10-05 23:30:06.845,2026-10-05 23:30:07.281,436
2324,event-ingest,webhook,success,2026-10-05 23:30:08.676,2026-10-05 23:30:09.015,339
2325,event-ingest,webhook,success,2026-10-05 23:30:08.701,2026-10-05 23:30:09.105,404
2326,event-ingest,webhook,success,2026-10-05 23:30:08.746,2026-10-05 23:30:09.103,357
2327,event-ingest,webhook,success,2026-10-05 23:30:08.783,2026-10-05 23:30:09.219,436
2328,event-ingest,webhook,success,2026-10-05 23:30:10.924,2026-10-05 23:30:11.273,349
2329,event-ingest,webhook,success,2026-10-05 23:30:10.949,2026-10-05 23:30:11.310,361
2330,event-ingest,webhook,success,2026-10-05 23:30:10.972,2026-10-05 23:30:11.308,336
2331,event-ingest,webhook,success,2026-10-05 23:30:11.003,2026-10-05 23:30:11.365,362
2332,event-ingest,webhook,success,2026-10-05 23:30:12.828,2026-10-05 23:30:13.211,383
2333,event-ingest,webhook,success,2026-10-05 23:30:12.856,2026-10-05 23:30:13.232,376
2334,event-ingest,webhook,success,2026-10-05 23:30:12.887,2026-10-05 23:30:13.222,335
2335,event-ingest,webhook,success,2026-10-05 23:30:12.920,2026-10-05 23:30:13.286,366
2336,event-ingest,webhook,success,2026-10-05 23:30:15.057,2026-10-05 23:30:15.405,348
2337,event-ingest,webhook,success,2026-10-05 23:30:15.087,2026-10-05 23:30:15.457,370
2338,event-ingest,webhook,success,2026-10-05 23:30:15.112,2026-10-05 23:30:15.454,342
2339,event-ingest,webhook,success,2026-10-05 23:30:15.145,2026-10-05 23:30:15.519,374
2340,event-ingest,webhook,success,2026-10-05 23:30:16.976,2026-10-05 23:30:17.315,339
2341,event-ingest,webhook,success,2026-10-05 23:30:17.016,2026-10-05 23:30:17.399,383
2342,event-ingest,webhook,success,2026-10-05 23:30:17.043,2026-10-05 23:30:17.397,354
2343,event-ingest,webhook,success,2026-10-05 23:30:17.076,2026-10-05 23:30:19.156,2080
2344,event-ingest,webhook,success,2026-10-05 23:30:18.920,2026-10-05 23:30:20.955,2035
2345,event-ingest,webhook,success,2026-10-05 23:30:18.948,2026-10-05 23:30:21.019,2071
2346,event-ingest,webhook,success,2026-10-05 23:30:18.973,2026-10-05 23:30:21.003,2030
2347,event-ingest,webhook,success,2026-10-05 23:30:19.015,2026-10-05 23:30:21.081,2066
2348,event-ingest,webhook,success,2026-10-05 23:30:21.146,2026-10-05 23:30:23.178,2032
2349,event-ingest,webhook,success,2026-10-05 23:30:21.171,2026-10-05 23:30:23.236,2065
2350,event-ingest,webhook,success,2026-10-05 23:30:21.196,2026-10-05 23:30:23.225,2029
2351,event-ingest,webhook,success,2026-10-05 23:30:21.221,2026-10-05 23:30:23.279,2058
2352,event-ingest,webhook,success,2026-10-05 23:30:23.051,2026-10-05 23:30:25.078,2027
2353,event-ingest,webhook,success,2026-10-05 23:30:23.077,2026-10-05 23:30:25.154,2077
2354,event-ingest,webhook,success,2026-10-05 23:30:23.111,2026-10-05 23:30:25.147,2036
2355,event-ingest,webhook,success,2026-10-05 23:30:23.146,2026-10-05 23:30:25.235,2089
2356,event-ingest,webhook,success,2026-10-05 23:30:23.479,2026-10-05 23:30:25.507,2028
2357,event-ingest,webhook,success,2026-10-05 23:30:23.504,2026-10-05 23:30:25.562,2058
2358,event-ingest,webhook,success,2026-10-05 23:30:24.434,2026-10-05 23:30:26.470,2036
2359,event-ingest,webhook,success,2026-10-05 23:30:25.362,2026-10-05 23:30:27.391,2029
2360,event-ingest,webhook,success,2026-10-05 23:30:25.990,2026-10-05 23:30:28.019,2029
2361,event-ingest,webhook,success,2026-10-05 23:30:26.911,2026-10-05 23:30:28.939,2028
2362,event-ingest,webhook,success,2026-10-05 23:30:27.538,2026-10-05 23:30:29.567,2029
2363,event-ingest,webhook,success,2026-10-05 23:30:27.561,2026-10-05 23:30:29.619,2058
2364,event-ingest,webhook,success,2026-10-05 23:30:28.484,2026-10-05 23:30:30.526,2042
2365,event-ingest,webhook,success,2026-10-05 23:30:28.518,2026-10-05 23:30:30.592,2074
2366,event-ingest,webhook,success,2026-10-05 23:30:28.547,2026-10-05 23:30:30.576,2029
2367,event-ingest,webhook,success,2026-10-05 23:30:28.574,2026-10-05 23:30:30.646,2072
2368,event-ingest,webhook,success,2026-10-05 23:30:28.604,2026-10-05 23:30:30.629,2025
2369,event-ingest,webhook,success,2026-10-05 23:30:28.631,2026-10-05 23:30:30.705,2074
2370,event-ingest,webhook,success,2026-10-05 23:30:28.658,2026-10-05 23:30:30.688,2030
2371,event-ingest,webhook,success,2026-10-05 23:30:28.693,2026-10-05 23:30:31.585,2892
2372,event-ingest,webhook,success,2026-10-05 23:30:28.747,2026-10-05 23:30:30.962,2215
2373,event-ingest,webhook,success,2026-10-05 23:30:28.793,2026-10-05 23:30:31.632,2839
2374,health-monitor,trigger,success,2026-10-05 23:35:00.027,2026-10-05 23:35:00.113,86
2375,health-monitor,trigger,success,2026-10-05 23:40:00.031,2026-10-05 23:40:00.120,89
2376,health-monitor,trigger,success,2026-10-05 23:45:00.038,2026-10-05 23:45:00.125,87
2377,ioc-extractor,trigger,success,2026-10-05 23:45:00.046,2026-10-05 23:45:00.298,252
2378,event-ingest,webhook,success,2026-10-05 23:45:02.764,2026-10-05 23:45:03.200,436
2379,event-ingest,webhook,success,2026-10-05 23:45:02.791,2026-10-05 23:45:03.182,391
2380,event-ingest,webhook,success,2026-10-05 23:45:02.815,2026-10-05 23:45:03.178,363
2381,event-ingest,webhook,success,2026-10-05 23:45:02.853,2026-10-05 23:45:03.229,376
2382,event-ingest,webhook,success,2026-10-05 23:45:04.694,2026-10-05 23:45:05.023,329
2383,event-ingest,webhook,success,2026-10-05 23:45:04.720,2026-10-05 23:45:05.089,369
2384,event-ingest,webhook,success,2026-10-05 23:45:04.745,2026-10-05 23:45:05.087,342
2385,event-ingest,webhook,success,2026-10-05 23:45:04.771,2026-10-05 23:45:05.191,420
2386,event-ingest,webhook,success,2026-10-05 23:45:06.600,2026-10-05 23:45:06.931,331
2387,event-ingest,webhook,success,2026-10-05 23:45:06.628,2026-10-05 23:45:06.990,362
2388,event-ingest,webhook,success,2026-10-05 23:45:06.651,2026-10-05 23:45:06.980,329
2389,event-ingest,webhook,success,2026-10-05 23:45:06.676,2026-10-05 23:45:07.034,358
2390,event-ingest,webhook,success,2026-10-05 23:45:08.810,2026-10-05 23:45:09.164,354
2391,event-ingest,webhook,success,2026-10-05 23:45:08.835,2026-10-05 23:45:09.210,375
2392,event-ingest,webhook,success,2026-10-05 23:45:08.858,2026-10-05 23:45:09.186,328
2393,event-ingest,webhook,success,2026-10-05 23:45:08.893,2026-10-05 23:45:09.257,364
2394,event-ingest,webhook,success,2026-10-05 23:45:10.736,2026-10-05 23:45:11.163,427
2395,event-ingest,webhook,success,2026-10-05 23:45:10.775,2026-10-05 23:45:11.230,455
2396,event-ingest,webhook,success,2026-10-05 23:45:10.804,2026-10-05 23:45:11.253,449
2397,event-ingest,webhook,success,2026-10-05 23:45:10.830,2026-10-05 23:45:11.166,336
2398,event-ingest,webhook,success,2026-10-05 23:45:12.964,2026-10-05 23:45:13.315,351
2399,event-ingest,webhook,success,2026-10-05 23:45:12.990,2026-10-05 23:45:13.372,382
2400,event-ingest,webhook,success,2026-10-05 23:45:13.015,2026-10-05 23:45:13.352,337
2401,event-ingest,webhook,success,2026-10-05 23:45:13.045,2026-10-05 23:45:13.407,362
2402,event-ingest,webhook,success,2026-10-05 23:45:14.880,2026-10-05 23:45:15.221,341
2403,event-ingest,webhook,success,2026-10-05 23:45:14.906,2026-10-05 23:45:15.285,379
2404,event-ingest,webhook,success,2026-10-05 23:45:14.930,2026-10-05 23:45:15.266,336
2405,event-ingest,webhook,success,2026-10-05 23:45:14.960,2026-10-05 23:45:15.323,363
2406,event-ingest,webhook,success,2026-10-05 23:45:17.089,2026-10-05 23:45:17.423,334
2407,event-ingest,webhook,success,2026-10-05 23:45:17.119,2026-10-05 23:45:17.493,374
2408,event-ingest,webhook,success,2026-10-05 23:45:17.150,2026-10-05 23:45:17.482,332
2409,event-ingest,webhook,success,2026-10-05 23:45:17.181,2026-10-05 23:45:17.570,389
2410,event-ingest,webhook,success,2026-10-05 23:45:17.214,2026-10-05 23:45:17.567,353
2411,event-ingest,webhook,success,2026-10-05 23:45:17.252,2026-10-05 23:45:17.658,406
2412,event-ingest,webhook,success,2026-10-05 23:45:18.193,2026-10-05 23:45:18.547,354
2413,event-ingest,webhook,success,2026-10-05 23:45:19.124,2026-10-05 23:45:19.479,355
2414,event-ingest,webhook,success,2026-10-05 23:45:19.750,2026-10-05 23:45:20.095,345
2415,event-ingest,webhook,success,2026-10-05 23:45:20.675,2026-10-05 23:45:21.024,349
2416,event-ingest,webhook,success,2026-10-05 23:45:21.306,2026-10-05 23:45:21.643,337
2417,event-ingest,webhook,success,2026-10-05 23:45:22.238,2026-10-05 23:45:22.569,331
2418,event-ingest,webhook,success,2026-10-05 23:45:22.865,2026-10-05 23:45:23.212,347
2419,event-ingest,webhook,success,2026-10-05 23:45:22.888,2026-10-05 23:45:23.249,361
2420,event-ingest,webhook,success,2026-10-05 23:45:24.123,2026-10-05 23:45:24.456,333
2421,event-ingest,webhook,success,2026-10-05 23:45:24.157,2026-10-05 23:45:24.590,433
2422,event-ingest,webhook,success,2026-10-05 23:45:24.183,2026-10-05 23:45:24.592,409
2423,event-ingest,webhook,success,2026-10-05 23:45:24.208,2026-10-05 23:45:24.616,408
2424,event-ingest,webhook,success,2026-10-05 23:45:26.047,2026-10-05 23:45:26.399,352
2425,event-ingest,webhook,success,2026-10-05 23:45:26.072,2026-10-05 23:45:28.146,2074
2426,event-ingest,webhook,success,2026-10-05 23:45:26.100,2026-10-05 23:45:26.427,327
2427,event-ingest,webhook,success,2026-10-05 23:45:26.128,2026-10-05 23:45:28.193,2065
2428,event-ingest,webhook,success,2026-10-05 23:45:27.955,2026-10-05 23:45:29.993,2038
2429,event-ingest,webhook,success,2026-10-05 23:45:27.979,2026-10-05 23:45:30.044,2065
2430,event-ingest,webhook,success,2026-10-05 23:45:28.004,2026-10-05 23:45:30.029,2025
2431,event-ingest,webhook,success,2026-10-05 23:45:28.031,2026-10-05 23:45:30.089,2058
2432,event-ingest,webhook,success,2026-10-05 23:45:30.159,2026-10-05 23:45:32.187,2028
2433,event-ingest,webhook,success,2026-10-05 23:45:30.183,2026-10-05 23:45:32.244,2061
2434,event-ingest,webhook,success,2026-10-05 23:45:30.205,2026-10-05 23:45:32.233,2028
2435,event-ingest,webhook,success,2026-10-05 23:45:30.233,2026-10-05 23:45:32.294,2061
2436,event-ingest,webhook,success,2026-10-05 23:45:30.255,2026-10-05 23:45:32.278,2023
2437,event-ingest,webhook,success,2026-10-05 23:45:30.282,2026-10-05 23:45:32.340,2058
2438,event-ingest,webhook,success,2026-10-05 23:45:31.211,2026-10-05 23:45:33.239,2028
2439,event-ingest,webhook,success,2026-10-05 23:45:32.142,2026-10-05 23:45:34.168,2026
2440,event-ingest,webhook,success,2026-10-05 23:45:32.774,2026-10-05 23:45:34.801,2027
2441,event-ingest,webhook,success,2026-10-05 23:45:33.703,2026-10-05 23:45:35.726,2023
2442,event-ingest,webhook,success,2026-10-05 23:45:34.631,2026-10-05 23:45:36.667,2036
2443,event-ingest,webhook,success,2026-10-05 23:45:34.663,2026-10-05 23:45:36.724,2061
2444,event-ingest,webhook,success,2026-10-05 23:45:35.593,2026-10-05 23:45:37.624,2031
2445,event-ingest,webhook,success,2026-10-05 23:45:35.623,2026-10-05 23:45:37.690,2067
2446,event-ingest,webhook,success,2026-10-05 23:45:35.646,2026-10-05 23:45:37.674,2028
2447,event-ingest,webhook,success,2026-10-05 23:45:35.675,2026-10-05 23:45:37.742,2067
2448,event-ingest,webhook,success,2026-10-05 23:45:37.500,2026-10-05 23:45:39.531,2031
2449,event-ingest,webhook,success,2026-10-05 23:45:37.523,2026-10-05 23:45:39.586,2063
2450,event-ingest,webhook,success,2026-10-05 23:45:37.550,2026-10-05 23:45:39.575,2025
2451,event-ingest,webhook,success,2026-10-05 23:45:37.575,2026-10-05 23:45:39.662,2087
2452,event-ingest,webhook,success,2026-10-05 23:45:37.600,2026-10-05 23:45:39.653,2053
2453,event-ingest,webhook,success,2026-10-05 23:45:37.652,2026-10-05 23:45:39.760,2108
2454,event-ingest,webhook,success,2026-10-05 23:45:37.708,2026-10-05 23:45:39.769,2061
2455,event-ingest,webhook,success,2026-10-05 23:45:37.765,2026-10-05 23:45:39.867,2102
2456,event-ingest,webhook,success,2026-10-05 23:45:37.803,2026-10-05 23:45:39.844,2041
2457,event-ingest,webhook,success,2026-10-05 23:45:37.852,2026-10-05 23:45:41.546,3694
2458,event-ingest,webhook,success,2026-10-05 23:45:37.900,2026-10-05 23:45:39.939,2039
2459,health-monitor,trigger,success,2026-10-05 23:50:00.027,2026-10-05 23:50:00.120,93
2460,health-monitor,trigger,success,2026-10-05 23:55:00.022,2026-10-05 23:55:00.122,100
2461,ioc-extractor,trigger,success,2026-10-06 00:00:00.025,2026-10-06 00:00:00.388,363
2462,health-monitor,trigger,success,2026-10-06 00:00:00.033,2026-10-06 00:00:00.237,204
2463,event-ingest,webhook,success,2026-10-06 00:00:02.565,2026-10-06 00:00:02.971,406
2464,event-ingest,webhook,success,2026-10-06 00:00:02.597,2026-10-06 00:00:02.977,380
2465,event-ingest,webhook,success,2026-10-06 00:00:02.620,2026-10-06 00:00:02.979,359
2466,event-ingest,webhook,success,2026-10-06 00:00:02.648,2026-10-06 00:00:03.027,379
2467,event-ingest,webhook,success,2026-10-06 00:00:04.780,2026-10-06 00:00:05.160,380
2468,event-ingest,webhook,success,2026-10-06 00:00:04.805,2026-10-06 00:00:05.184,379
2469,event-ingest,webhook,success,2026-10-06 00:00:04.830,2026-10-06 00:00:05.173,343
2470,event-ingest,webhook,success,2026-10-06 00:00:04.857,2026-10-06 00:00:05.235,378
2471,event-ingest,webhook,success,2026-10-06 00:00:06.689,2026-10-06 00:00:07.034,345
2472,event-ingest,webhook,success,2026-10-06 00:00:06.716,2026-10-06 00:00:07.142,426
2473,event-ingest,webhook,success,2026-10-06 00:00:06.739,2026-10-06 00:00:07.136,397
2474,event-ingest,webhook,success,2026-10-06 00:00:06.768,2026-10-06 00:00:07.144,376
2475,event-ingest,webhook,success,2026-10-06 00:00:08.907,2026-10-06 00:00:09.238,331
2476,event-ingest,webhook,success,2026-10-06 00:00:08.935,2026-10-06 00:00:09.310,375
2477,event-ingest,webhook,success,2026-10-06 00:00:08.963,2026-10-06 00:00:09.312,349
2478,event-ingest,webhook,success,2026-10-06 00:00:08.989,2026-10-06 00:00:09.379,390
2479,event-ingest,webhook,success,2026-10-06 00:00:10.822,2026-10-06 00:00:11.157,335
2480,event-ingest,webhook,success,2026-10-06 00:00:10.847,2026-10-06 00:00:11.228,381
2481,event-ingest,webhook,success,2026-10-06 00:00:10.870,2026-10-06 00:00:11.221,351
2482,event-ingest,webhook,success,2026-10-06 00:00:10.898,2026-10-06 00:00:11.258,360
2483,event-ingest,webhook,success,2026-10-06 00:00:13.040,2026-10-06 00:00:13.393,353
2484,event-ingest,webhook,success,2026-10-06 00:00:13.067,2026-10-06 00:00:13.443,376
2485,event-ingest,webhook,success,2026-10-06 00:00:13.091,2026-10-06 00:00:13.415,324
2486,event-ingest,webhook,success,2026-10-06 00:00:13.120,2026-10-06 00:00:13.480,360
2487,event-ingest,webhook,success,2026-10-06 00:00:14.956,2026-10-06 00:00:15.302,346
2488,event-ingest,webhook,success,2026-10-06 00:00:14.980,2026-10-06 00:00:15.341,361
2489,event-ingest,webhook,success,2026-10-06 00:00:15.007,2026-10-06 00:00:15.334,327
2490,event-ingest,webhook,success,2026-10-06 00:00:15.033,2026-10-06 00:00:15.396,363
2491,event-ingest,webhook,success,2026-10-06 00:00:17.169,2026-10-06 00:00:17.502,333
2492,event-ingest,webhook,success,2026-10-06 00:00:17.196,2026-10-06 00:00:17.563,367
2493,event-ingest,webhook,success,2026-10-06 00:00:17.220,2026-10-06 00:00:17.549,329
2494,event-ingest,webhook,success,2026-10-06 00:00:17.248,2026-10-06 00:00:17.606,358
2495,event-ingest,webhook,success,2026-10-06 00:00:19.080,2026-10-06 00:00:19.410,330
2496,event-ingest,webhook,success,2026-10-06 00:00:19.108,2026-10-06 00:00:19.496,388
2497,event-ingest,webhook,success,2026-10-06 00:00:19.148,2026-10-06 00:00:19.504,356
2498,event-ingest,webhook,success,2026-10-06 00:00:19.186,2026-10-06 00:00:19.550,364
2499,event-ingest,webhook,success,2026-10-06 00:00:21.017,2026-10-06 00:00:21.347,330
2500,event-ingest,webhook,success,2026-10-06 00:00:21.043,2026-10-06 00:00:21.425,382
2501,event-ingest,webhook,success,2026-10-06 00:00:21.071,2026-10-06 00:00:21.428,357
2502,event-ingest,webhook,success,2026-10-06 00:00:21.102,2026-10-06 00:00:23.178,2076
2503,event-ingest,webhook,success,2026-10-06 00:00:23.235,2026-10-06 00:00:25.264,2029
2504,event-ingest,webhook,success,2026-10-06 00:00:23.261,2026-10-06 00:00:25.327,2066
2505,event-ingest,webhook,success,2026-10-06 00:00:23.285,2026-10-06 00:00:25.311,2026
2506,event-ingest,webhook,success,2026-10-06 00:00:23.315,2026-10-06 00:00:25.378,2063
2507,event-ingest,webhook,success,2026-10-06 00:00:25.147,2026-10-06 00:00:27.187,2040
2508,event-ingest,webhook,success,2026-10-06 00:00:25.181,2026-10-06 00:00:27.258,2077
2509,event-ingest,webhook,success,2026-10-06 00:00:25.207,2026-10-06 00:00:27.240,2033
2510,event-ingest,webhook,success,2026-10-06 00:00:25.241,2026-10-06 00:00:27.325,2084
2511,event-ingest,webhook,success,2026-10-06 00:00:27.376,2026-10-06 00:00:29.403,2027
2512,event-ingest,webhook,success,2026-10-06 00:00:27.403,2026-10-06 00:00:29.464,2061
2513,event-ingest,webhook,success,2026-10-06 00:00:27.427,2026-10-06 00:00:29.452,2025
2514,event-ingest,webhook,success,2026-10-06 00:00:27.451,2026-10-06 00:00:29.518,2067
2515,event-ingest,webhook,success,2026-10-06 00:00:27.477,2026-10-06 00:00:29.503,2026
2516,event-ingest,webhook,success,2026-10-06 00:00:27.502,2026-10-06 00:00:29.564,2062
2517,event-ingest,webhook,success,2026-10-06 00:00:28.438,2026-10-06 00:00:30.468,2030
2518,event-ingest,webhook,success,2026-10-06 00:00:29.371,2026-10-06 00:00:31.397,2026
2519,event-ingest,webhook,success,2026-10-06 00:00:30.006,2026-10-06 00:00:32.037,2031
2520,event-ingest,webhook,success,2026-10-06 00:00:30.933,2026-10-06 00:00:32.961,2028
2521,event-ingest,webhook,success,2026-10-06 00:00:31.561,2026-10-06 00:00:33.594,2033
2522,event-ingest,webhook,success,2026-10-06 00:00:31.585,2026-10-06 00:00:33.642,2057
2523,event-ingest,webhook,success,2026-10-06 00:00:32.509,2026-10-06 00:00:34.553,2044
2524,event-ingest,webhook,success,2026-10-06 00:00:32.545,2026-10-06 00:00:34.613,2068
2525,event-ingest,webhook,success,2026-10-06 00:00:32.572,2026-10-06 00:00:34.600,2028
2526,event-ingest,webhook,success,2026-10-06 00:00:32.600,2026-10-06 00:00:34.670,2070
2527,event-ingest,webhook,success,2026-10-06 00:00:32.625,2026-10-06 00:00:34.653,2028
2528,event-ingest,webhook,success,2026-10-06 00:00:32.656,2026-10-06 00:00:34.751,2095
2529,event-ingest,webhook,success,2026-10-06 00:00:32.683,2026-10-06 00:00:34.714,2031
2530,event-ingest,webhook,success,2026-10-06 00:00:32.716,2026-10-06 00:00:35.608,2892
2531,event-ingest,webhook,success,2026-10-06 00:00:32.773,2026-10-06 00:00:34.973,2200
2532,event-ingest,webhook,success,2026-10-06 00:00:32.809,2026-10-06 00:00:36.562,3753
2533,event-ingest,webhook,success,2026-10-06 00:00:32.848,2026-10-06 00:00:35.653,2805
2534,event-ingest,webhook,success,2026-10-06 00:00:32.882,2026-10-06 00:00:36.609,3727
2535,health-monitor,trigger,success,2026-10-06 00:05:00.044,2026-10-06 00:05:00.138,94
2536,health-monitor,trigger,success,2026-10-06 00:10:00.021,2026-10-06 00:10:00.104,83
2537,ioc-extractor,trigger,success,2026-10-06 00:15:00.030,2026-10-06 00:15:00.344,314
2538,health-monitor,trigger,success,2026-10-06 00:15:00.037,2026-10-06 00:15:00.236,199
2539,event-ingest,webhook,success,2026-10-06 00:15:02.662,2026-10-06 00:15:03.129,467
2540,event-ingest,webhook,success,2026-10-06 00:15:02.687,2026-10-06 00:15:03.119,432
2541,event-ingest,webhook,success,2026-10-06 00:15:02.710,2026-10-06 00:15:03.117,407
2542,event-ingest,webhook,success,2026-10-06 00:15:02.737,2026-10-06 00:15:03.188,451
2543,event-ingest,webhook,success,2026-10-06 00:15:04.568,2026-10-06 00:15:04.904,336
2544,event-ingest,webhook,success,2026-10-06 00:15:04.598,2026-10-06 00:15:04.970,372
2545,event-ingest,webhook,success,2026-10-06 00:15:04.621,2026-10-06 00:15:04.972,351
2546,event-ingest,webhook,success,2026-10-06 00:15:04.650,2026-10-06 00:15:05.023,373
2547,event-ingest,webhook,success,2026-10-06 00:15:06.782,2026-10-06 00:15:07.111,329
2548,event-ingest,webhook,success,2026-10-06 00:15:06.805,2026-10-06 00:15:07.167,362
2549,event-ingest,webhook,success,2026-10-06 00:15:06.828,2026-10-06 00:15:07.158,330
2550,event-ingest,webhook,success,2026-10-06 00:15:06.853,2026-10-06 00:15:07.219,366
2551,event-ingest,webhook,success,2026-10-06 00:15:08.692,2026-10-06 00:15:09.116,424
2552,event-ingest,webhook,success,2026-10-06 00:15:08.717,2026-10-06 00:15:09.154,437
2553,event-ingest,webhook,success,2026-10-06 00:15:08.741,2026-10-06 00:15:09.127,386
2554,event-ingest,webhook,success,2026-10-06 00:15:08.767,2026-10-06 00:15:09.152,385
2555,event-ingest,webhook,success,2026-10-06 00:15:10.901,2026-10-06 00:15:11.248,347
2556,event-ingest,webhook,success,2026-10-06 00:15:10.931,2026-10-06 00:15:11.313,382
2557,event-ingest,webhook,success,2026-10-06 00:15:10.963,2026-10-06 00:15:11.297,334
2558,event-ingest,webhook,success,2026-10-06 00:15:10.991,2026-10-06 00:15:11.358,367
2559,event-ingest,webhook,success,2026-10-06 00:15:12.827,2026-10-06 00:15:13.166,339
2560,event-ingest,webhook,success,2026-10-06 00:15:12.852,2026-10-06 00:15:13.218,366
2561,event-ingest,webhook,success,2026-10-06 00:15:12.878,2026-10-06 00:15:13.216,338
2562,event-ingest,webhook,success,2026-10-06 00:15:12.911,2026-10-06 00:15:13.282,371
2563,event-ingest,webhook,success,2026-10-06 00:15:13.247,2026-10-06 00:15:13.589,342
2564,event-ingest,webhook,success,2026-10-06 00:15:13.288,2026-10-06 00:15:13.629,341
2565,event-ingest,webhook,success,2026-10-06 00:15:14.234,2026-10-06 00:15:14.582,348
2566,event-ingest,webhook,success,2026-10-06 00:15:14.864,2026-10-06 00:15:15.201,337
2567,event-ingest,webhook,success,2026-10-06 00:15:15.792,2026-10-06 00:15:16.129,337
2568,event-ingest,webhook,success,2026-10-06 00:15:16.726,2026-10-06 00:15:17.129,403
2569,event-ingest,webhook,success,2026-10-06 00:15:17.356,2026-10-06 00:15:17.688,332
2570,event-ingest,webhook,success,2026-10-06 00:15:18.288,2026-10-06 00:15:18.628,340
2571,event-ingest,webhook,success,2026-10-06 00:15:18.918,2026-10-06 00:15:19.252,334
2572,event-ingest,webhook,success,2026-10-06 00:15:19.855,2026-10-06 00:15:21.886,2031
2573,event-ingest,webhook,success,2026-10-06 00:15:19.883,2026-10-06 00:15:21.945,2062
2574,event-ingest,webhook,success,2026-10-06 00:15:20.811,2026-10-06 00:15:22.851,2040
2575,event-ingest,webhook,success,2026-10-06 00:15:20.845,2026-10-06 00:15:22.928,2083
2576,event-ingest,webhook,success,2026-10-06 00:15:20.878,2026-10-06 00:15:22.910,2032
2577,event-ingest,webhook,success,2026-10-06 00:15:20.914,2026-10-06 00:15:23.000,2086
2578,event-ingest,webhook,success,2026-10-06 00:15:20.956,2026-10-06 00:15:22.985,2029
2579,health-monitor,trigger,success,2026-10-06 00:20:00.028,2026-10-06 00:20:00.121,93
2580,health-monitor,trigger,success,2026-10-06 00:25:00.022,2026-10-06 00:25:00.097,75
2581,ioc-extractor,trigger,success,2026-10-06 00:30:00.031,2026-10-06 00:30:00.244,213
2582,health-monitor,trigger,success,2026-10-06 00:30:00.039,2026-10-06 00:30:00.181,142
2583,event-ingest,webhook,success,2026-10-06 00:30:02.736,2026-10-06 00:30:03.128,392
2584,event-ingest,webhook,success,2026-10-06 00:30:02.765,2026-10-06 00:30:03.130,365
2585,event-ingest,webhook,success,2026-10-06 00:30:02.808,2026-10-06 00:30:03.157,349
2586,event-ingest,webhook,success,2026-10-06 00:30:02.841,2026-10-06 00:30:03.202,361
2587,event-ingest,webhook,success,2026-10-06 00:30:04.680,2026-10-06 00:30:05.072,392
2588,event-ingest,webhook,success,2026-10-06 00:30:04.704,2026-10-06 00:30:05.086,382
2589,event-ingest,webhook,success,2026-10-06 00:30:04.724,2026-10-06 00:30:05.093,369
2590,event-ingest,webhook,success,2026-10-06 00:30:04.750,2026-10-06 00:30:05.108,358
2591,event-ingest,webhook,success,2026-10-06 00:30:06.890,2026-10-06 00:30:07.245,355
2592,event-ingest,webhook,success,2026-10-06 00:30:06.920,2026-10-06 00:30:07.287,367
2593,event-ingest,webhook,success,2026-10-06 00:30:06.943,2026-10-06 00:30:07.285,342
2594,event-ingest,webhook,success,2026-10-06 00:30:06.968,2026-10-06 00:30:07.342,374
2595,event-ingest,webhook,success,2026-10-06 00:30:08.808,2026-10-06 00:30:09.152,344
2596,event-ingest,webhook,success,2026-10-06 00:30:08.841,2026-10-06 00:30:09.202,361
2597,event-ingest,webhook,success,2026-10-06 00:30:08.863,2026-10-06 00:30:09.195,332
2598,event-ingest,webhook,success,2026-10-06 00:30:08.888,2026-10-06 00:30:09.246,358
2599,event-ingest,webhook,success,2026-10-06 00:30:11.025,2026-10-06 00:30:11.374,349
2600,event-ingest,webhook,success,2026-10-06 00:30:11.051,2026-10-06 00:30:11.429,378
2601,event-ingest,webhook,success,2026-10-06 00:30:11.079,2026-10-06 00:30:11.427,348
2602,event-ingest,webhook,success,2026-10-06 00:30:11.107,2026-10-06 00:30:11.468,361
2603,event-ingest,webhook,success,2026-10-06 00:30:12.942,2026-10-06 00:30:13.272,330
2604,event-ingest,webhook,success,2026-10-06 00:30:12.973,2026-10-06 00:30:13.339,366
2605,event-ingest,webhook,success,2026-10-06 00:30:12.999,2026-10-06 00:30:13.327,328
2606,event-ingest,webhook,success,2026-10-06 00:30:13.026,2026-10-06 00:30:13.384,358
2607,event-ingest,webhook,success,2026-10-06 00:30:15.160,2026-10-06 00:30:15.489,329
2608,event-ingest,webhook,success,2026-10-06 00:30:15.187,2026-10-06 00:30:15.551,364
2609,event-ingest,webhook,success,2026-10-06 00:30:15.212,2026-10-06 00:30:15.549,337
2610,event-ingest,webhook,success,2026-10-06 00:30:15.240,2026-10-06 00:30:15.604,364
2611,event-ingest,webhook,success,2026-10-06 00:30:15.265,2026-10-06 00:30:15.593,328
2612,event-ingest,webhook,success,2026-10-06 00:30:15.291,2026-10-06 00:30:15.655,364
2613,event-ingest,webhook,success,2026-10-06 00:30:16.227,2026-10-06 00:30:16.567,340
2614,event-ingest,webhook,success,2026-10-06 00:30:16.861,2026-10-06 00:30:18.894,2033
2615,event-ingest,webhook,success,2026-10-06 00:30:17.789,2026-10-06 00:30:19.821,2032
2616,event-ingest,webhook,success,2026-10-06 00:30:18.411,2026-10-06 00:30:20.440,2029
2617,event-ingest,webhook,success,2026-10-06 00:30:19.342,2026-10-06 00:30:21.372,2030
2618,event-ingest,webhook,success,2026-10-06 00:30:20.280,2026-10-06 00:30:22.303,2023
2619,event-ingest,webhook,success,2026-10-06 00:30:20.911,2026-10-06 00:30:22.946,2035
2620,event-ingest,webhook,success,2026-10-06 00:30:20.936,2026-10-06 00:30:22.994,2058
2621,event-ingest,webhook,success,2026-10-06 00:30:21.864,2026-10-06 00:30:23.900,2036
2622,event-ingest,webhook,success,2026-10-06 00:30:21.890,2026-10-06 00:30:23.952,2062
2623,event-ingest,webhook,success,2026-10-06 00:30:21.912,2026-10-06 00:30:23.945,2033
2624,event-ingest,webhook,success,2026-10-06 00:30:21.943,2026-10-06 00:30:24.009,2066
2625,event-ingest,webhook,success,2026-10-06 00:30:21.967,2026-10-06 00:30:23.994,2027
2626,event-ingest,webhook,success,2026-10-06 00:30:22.000,2026-10-06 00:30:24.074,2074
2627,health-monitor,trigger,success,2026-10-06 00:35:00.027,2026-10-06 00:35:00.126,99
2628,health-monitor,trigger,success,2026-10-06 00:40:00.029,2026-10-06 00:40:00.127,98
2629,ioc-extractor,trigger,success,2026-10-06 00:45:00.035,2026-10-06 00:45:00.241,206
2630,health-monitor,trigger,success,2026-10-06 00:45:00.043,2026-10-06 00:45:00.184,141
2631,event-ingest,webhook,success,2026-10-06 00:45:02.583,2026-10-06 00:45:02.963,380
2632,event-ingest,webhook,success,2026-10-06 00:45:02.615,2026-10-06 00:45:03.049,434
2633,event-ingest,webhook,success,2026-10-06 00:45:02.642,2026-10-06 00:45:03.004,362
2634,event-ingest,webhook,success,2026-10-06 00:45:02.670,2026-10-06 00:45:03.033,363
2635,event-ingest,webhook,success,2026-10-06 00:45:04.805,2026-10-06 00:45:05.137,332
2636,event-ingest,webhook,success,2026-10-06 00:45:04.830,2026-10-06 00:45:05.196,366
2637,event-ingest,webhook,success,2026-10-06 00:45:04.854,2026-10-06 00:45:05.187,333
2638,event-ingest,webhook,success,2026-10-06 00:45:04.880,2026-10-06 00:45:05.272,392
2639,event-ingest,webhook,success,2026-10-06 00:45:06.715,2026-10-06 00:45:07.049,334
2640,event-ingest,webhook,success,2026-10-06 00:45:06.747,2026-10-06 00:45:07.124,377
2641,event-ingest,webhook,success,2026-10-06 00:45:06.770,2026-10-06 00:45:07.098,328
2642,event-ingest,webhook,success,2026-10-06 00:45:06.797,2026-10-06 00:45:07.155,358
2643,event-ingest,webhook,success,2026-10-06 00:45:08.931,2026-10-06 00:45:09.283,352
2644,event-ingest,webhook,success,2026-10-06 00:45:08.958,2026-10-06 00:45:09.331,373
2645,event-ingest,webhook,success,2026-10-06 00:45:08.981,2026-10-06 00:45:09.307,326
2646,event-ingest,webhook,success,2026-10-06 00:45:09.007,2026-10-06 00:45:09.369,362
2647,event-ingest,webhook,success,2026-10-06 00:45:10.835,2026-10-06 00:45:11.166,331
2648,event-ingest,webhook,success,2026-10-06 00:45:10.863,2026-10-06 00:45:11.234,371
2649,event-ingest,webhook,success,2026-10-06 00:45:10.885,2026-10-06 00:45:11.221,336
2650,event-ingest,webhook,success,2026-10-06 00:45:10.920,2026-10-06 00:45:11.313,393
2651,event-ingest,webhook,success,2026-10-06 00:45:13.059,2026-10-06 00:45:13.391,332
2652,event-ingest,webhook,success,2026-10-06 00:45:13.085,2026-10-06 00:45:13.465,380
2653,event-ingest,webhook,success,2026-10-06 00:45:13.109,2026-10-06 00:45:13.444,335
2654,event-ingest,webhook,success,2026-10-06 00:45:13.135,2026-10-06 00:45:13.511,376
2655,event-ingest,webhook,success,2026-10-06 00:45:14.965,2026-10-06 00:45:15.302,337
2656,event-ingest,webhook,success,2026-10-06 00:45:14.989,2026-10-06 00:45:15.358,369
2657,event-ingest,webhook,success,2026-10-06 00:45:15.012,2026-10-06 00:45:15.367,355
2658,event-ingest,webhook,success,2026-10-06 00:45:15.037,2026-10-06 00:45:15.396,359
2659,event-ingest,webhook,success,2026-10-06 00:45:17.177,2026-10-06 00:45:17.508,331
2660,event-ingest,webhook,success,2026-10-06 00:45:17.207,2026-10-06 00:45:17.586,379
2661,event-ingest,webhook,success,2026-10-06 00:45:17.231,2026-10-06 00:45:17.584,353
2662,event-ingest,webhook,success,2026-10-06 00:45:17.257,2026-10-06 00:45:17.616,359
2663,event-ingest,webhook,success,2026-10-06 00:45:19.084,2026-10-06 00:45:19.425,341
2664,event-ingest,webhook,success,2026-10-06 00:45:19.108,2026-10-06 00:45:19.473,365
2665,event-ingest,webhook,success,2026-10-06 00:45:19.130,2026-10-06 00:45:19.475,345
2666,event-ingest,webhook,success,2026-10-06 00:45:19.156,2026-10-06 00:45:21.224,2068
2667,event-ingest,webhook,success,2026-10-06 00:45:21.285,2026-10-06 00:45:23.311,2026
2668,event-ingest,webhook,success,2026-10-06 00:45:21.308,2026-10-06 00:45:23.370,2062
2669,event-ingest,webhook,success,2026-10-06 00:45:21.331,2026-10-06 00:45:23.356,2025
2670,event-ingest,webhook,success,2026-10-06 00:45:21.358,2026-10-06 00:45:23.418,2060
2671,event-ingest,webhook,success,2026-10-06 00:45:23.195,2026-10-06 00:45:25.224,2029
2672,event-ingest,webhook,success,2026-10-06 00:45:23.221,2026-10-06 00:45:25.285,2064
2673,event-ingest,webhook,success,2026-10-06 00:45:23.244,2026-10-06 00:45:25.268,2024
2674,event-ingest,webhook,success,2026-10-06 00:45:23.274,2026-10-06 00:45:25.335,2061
2675,event-ingest,webhook,success,2026-10-06 00:45:25.399,2026-10-06 00:45:27.435,2036
2676,event-ingest,webhook,success,2026-10-06 00:45:25.427,2026-10-06 00:45:27.491,2064
2677,event-ingest,webhook,success,2026-10-06 00:45:25.449,2026-10-06 00:45:27.475,2026
2678,event-ingest,webhook,success,2026-10-06 00:45:25.473,2026-10-06 00:45:27.536,2063
2679,event-ingest,webhook,success,2026-10-06 00:45:25.498,2026-10-06 00:45:27.521,2023
2680,event-ingest,webhook,success,2026-10-06 00:45:25.522,2026-10-06 00:45:27.580,2058
2681,event-ingest,webhook,success,2026-10-06 00:45:26.460,2026-10-06 00:45:28.496,2036
2682,event-ingest,webhook,success,2026-10-06 00:45:27.092,2026-10-06 00:45:29.120,2028
2683,event-ingest,webhook,success,2026-10-06 00:45:28.019,2026-10-06 00:45:30.055,2036
2684,event-ingest,webhook,success,2026-10-06 00:45:28.963,2026-10-06 00:45:30.995,2032
2685,event-ingest,webhook,success,2026-10-06 00:45:29.594,2026-10-06 00:45:31.624,2030
2686,event-ingest,webhook,success,2026-10-06 00:45:29.618,2026-10-06 00:45:31.673,2055
2687,event-ingest,webhook,success,2026-10-06 00:45:30.543,2026-10-06 00:45:32.571,2028
2688,event-ingest,webhook,success,2026-10-06 00:45:30.569,2026-10-06 00:45:32.627,2058
2689,event-ingest,webhook,success,2026-10-06 00:45:30.590,2026-10-06 00:45:32.616,2026
2690,event-ingest,webhook,success,2026-10-06 00:45:30.620,2026-10-06 00:45:32.677,2057
2691,event-ingest,webhook,success,2026-10-06 00:45:32.745,2026-10-06 00:45:34.784,2039
2692,event-ingest,webhook,success,2026-10-06 00:45:32.770,2026-10-06 00:45:34.842,2072
2693,event-ingest,webhook,success,2026-10-06 00:45:32.795,2026-10-06 00:45:34.833,2038
2694,event-ingest,webhook,success,2026-10-06 00:45:32.821,2026-10-06 00:45:34.883,2062
2695,event-ingest,webhook,success,2026-10-06 00:45:34.651,2026-10-06 00:45:36.675,2024
2696,event-ingest,webhook,success,2026-10-06 00:45:34.677,2026-10-06 00:45:36.755,2078
2697,event-ingest,webhook,success,2026-10-06 00:45:34.700,2026-10-06 00:45:36.731,2031
2698,event-ingest,webhook,success,2026-10-06 00:45:34.738,2026-10-06 00:45:36.860,2122
2699,event-ingest,webhook,success,2026-10-06 00:45:36.885,2026-10-06 00:45:38.922,2037
2700,event-ingest,webhook,success,2026-10-06 00:45:36.925,2026-10-06 00:45:39.017,2092
2701,event-ingest,webhook,success,2026-10-06 00:45:36.969,2026-10-06 00:45:39.001,2032
2702,event-ingest,webhook,success,2026-10-06 00:45:37.005,2026-10-06 00:45:39.091,2086
2703,event-ingest,webhook,success,2026-10-06 00:45:37.037,2026-10-06 00:45:39.071,2034
2704,event-ingest,webhook,success,2026-10-06 00:45:37.075,2026-10-06 00:45:39.154,2079
2705,event-ingest,webhook,success,2026-10-06 00:45:37.105,2026-10-06 00:45:39.134,2029
2706,event-ingest,webhook,success,2026-10-06 00:45:37.136,2026-10-06 00:45:39.231,2095
2707,event-ingest,webhook,success,2026-10-06 00:45:37.169,2026-10-06 00:45:39.213,2044
2708,event-ingest,webhook,success,2026-10-06 00:45:37.214,2026-10-06 00:45:40.938,3724
2709,event-ingest,webhook,success,2026-10-06 00:45:37.249,2026-10-06 00:45:39.287,2038
2710,event-ingest,webhook,success,2026-10-06 00:45:37.281,2026-10-06 00:45:41.028,3747
2711,event-ingest,webhook,success,2026-10-06 00:45:37.312,2026-10-06 00:45:41.017,3705
2712,event-ingest,webhook,success,2026-10-06 00:45:37.338,2026-10-06 00:45:41.083,3745
2713,health-monitor,trigger,success,2026-10-06 00:50:00.028,2026-10-06 00:50:00.119,91
2714,health-monitor,trigger,success,2026-10-06 00:55:00.024,2026-10-06 00:55:00.110,86
2715,ioc-extractor,trigger,success,2026-10-06 01:00:00.033,2026-10-06 01:00:00.372,339
2716,health-monitor,trigger,success,2026-10-06 01:00:00.041,2026-10-06 01:00:00.239,198
2717,event-ingest,webhook,success,2026-10-06 01:00:02.603,2026-10-06 01:00:02.997,394
2718,event-ingest,webhook,success,2026-10-06 01:00:02.630,2026-10-06 01:00:03.004,374
2719,event-ingest,webhook,success,2026-10-06 01:00:02.659,2026-10-06 01:00:03.002,343
2720,event-ingest,webhook,success,2026-10-06 01:00:02.691,2026-10-06 01:00:03.052,361
2721,event-ingest,webhook,success,2026-10-06 01:00:04.829,2026-10-06 01:00:05.164,335
2722,event-ingest,webhook,success,2026-10-06 01:00:04.855,2026-10-06 01:00:05.216,361
2723,event-ingest,webhook,success,2026-10-06 01:00:04.878,2026-10-06 01:00:05.207,329
2724,event-ingest,webhook,success,2026-10-06 01:00:04.906,2026-10-06 01:00:05.287,381
2725,event-ingest,webhook,success,2026-10-06 01:00:06.736,2026-10-06 01:00:07.068,332
2726,event-ingest,webhook,success,2026-10-06 01:00:06.763,2026-10-06 01:00:07.139,376
2727,event-ingest,webhook,success,2026-10-06 01:00:06.787,2026-10-06 01:00:07.114,327
2728,event-ingest,webhook,success,2026-10-06 01:00:06.813,2026-10-06 01:00:07.179,366
2729,event-ingest,webhook,success,2026-10-06 01:00:08.643,2026-10-06 01:00:09.033,390
2730,event-ingest,webhook,success,2026-10-06 01:00:08.682,2026-10-06 01:00:09.031,349
2731,event-ingest,webhook,success,2026-10-06 01:00:08.711,2026-10-06 01:00:09.089,378
2732,event-ingest,webhook,success,2026-10-06 01:00:08.735,2026-10-06 01:00:09.062,327
2733,event-ingest,webhook,success,2026-10-06 01:00:10.873,2026-10-06 01:00:11.220,347
2734,event-ingest,webhook,success,2026-10-06 01:00:10.900,2026-10-06 01:00:11.268,368
2735,event-ingest,webhook,success,2026-10-06 01:00:10.926,2026-10-06 01:00:11.271,345
2736,event-ingest,webhook,success,2026-10-06 01:00:10.953,2026-10-06 01:00:11.307,354
2737,event-ingest,webhook,success,2026-10-06 01:00:12.789,2026-10-06 01:00:13.118,329
2738,event-ingest,webhook,success,2026-10-06 01:00:12.815,2026-10-06 01:00:13.188,373
2739,event-ingest,webhook,success,2026-10-06 01:00:12.842,2026-10-06 01:00:13.173,331
2740,event-ingest,webhook,success,2026-10-06 01:00:12.868,2026-10-06 01:00:13.250,382
2741,event-ingest,webhook,success,2026-10-06 01:00:12.893,2026-10-06 01:00:13.231,338
2742,event-ingest,webhook,success,2026-10-06 01:00:12.921,2026-10-06 01:00:13.288,367
2743,event-ingest,webhook,success,2026-10-06 01:00:14.162,2026-10-06 01:00:14.513,351
2744,event-ingest,webhook,success,2026-10-06 01:00:14.796,2026-10-06 01:00:15.129,333
2745,event-ingest,webhook,success,2026-10-06 01:00:15.732,2026-10-06 01:00:16.064,332
2746,event-ingest,webhook,success,2026-10-06 01:00:16.364,2026-10-06 01:00:16.695,331
2747,event-ingest,webhook,success,2026-10-06 01:00:17.299,2026-10-06 01:00:17.636,337
2748,event-ingest,webhook,success,2026-10-06 01:00:17.335,2026-10-06 01:00:17.729,394
2749,event-ingest,webhook,success,2026-10-06 01:00:18.270,2026-10-06 01:00:18.606,336
2750,event-ingest,webhook,success,2026-10-06 01:00:18.299,2026-10-06 01:00:18.663,364
2751,event-ingest,webhook,success,2026-10-06 01:00:18.325,2026-10-06 01:00:18.654,329
2752,event-ingest,webhook,success,2026-10-06 01:00:18.351,2026-10-06 01:00:18.707,356
2753,event-ingest,webhook,success,2026-10-06 01:00:20.182,2026-10-06 01:00:20.523,341
2754,event-ingest,webhook,success,2026-10-06 01:00:20.207,2026-10-06 01:00:20.585,378
2755,event-ingest,webhook,success,2026-10-06 01:00:20.230,2026-10-06 01:00:20.563,333
2756,event-ingest,webhook,success,2026-10-06 01:00:20.258,2026-10-06 01:00:20.618,360
2757,event-ingest,webhook,success,2026-10-06 01:00:22.394,2026-10-06 01:00:22.729,335
2758,event-ingest,webhook,success,2026-10-06 01:00:22.422,2026-10-06 01:00:22.792,370
2759,event-ingest,webhook,success,2026-10-06 01:00:22.445,2026-10-06 01:00:22.801,356
2760,event-ingest,webhook,success,2026-10-06 01:00:22.472,2026-10-06 01:00:22.831,359
2761,event-ingest,webhook,success,2026-10-06 01:00:24.301,2026-10-06 01:00:24.638,337
2762,event-ingest,webhook,success,2026-10-06 01:00:24.328,2026-10-06 01:00:24.697,369
2763,event-ingest,webhook,success,2026-10-06 01:00:24.352,2026-10-06 01:00:24.695,343
2764,event-ingest,webhook,success,2026-10-06 01:00:24.378,2026-10-06 01:00:24.758,380
2765,event-ingest,webhook,success,2026-10-06 01:00:26.516,2026-10-06 01:00:26.858,342
2766,event-ingest,webhook,success,2026-10-06 01:00:26.542,2026-10-06 01:00:26.981,439
2767,event-ingest,webhook,success,2026-10-06 01:00:26.566,2026-10-06 01:00:26.951,385
2768,event-ingest,webhook,success,2026-10-06 01:00:26.592,2026-10-06 01:00:26.992,400
2769,event-ingest,webhook,success,2026-10-06 01:00:28.424,2026-10-06 01:00:30.458,2034
2770,event-ingest,webhook,success,2026-10-06 01:00:28.446,2026-10-06 01:00:30.507,2061
2771,event-ingest,webhook,success,2026-10-06 01:00:28.473,2026-10-06 01:00:30.498,2025
2772,event-ingest,webhook,success,2026-10-06 01:00:28.496,2026-10-06 01:00:30.556,2060
2773,event-ingest,webhook,success,2026-10-06 01:00:30.624,2026-10-06 01:00:32.653,2029
2774,event-ingest,webhook,success,2026-10-06 01:00:30.653,2026-10-06 01:00:32.715,2062
2775,event-ingest,webhook,success,2026-10-06 01:00:30.677,2026-10-06 01:00:32.700,2023
2776,event-ingest,webhook,success,2026-10-06 01:00:30.702,2026-10-06 01:00:32.762,2060
2777,event-ingest,webhook,success,2026-10-06 01:00:32.534,2026-10-06 01:00:34.563,2029
2778,event-ingest,webhook,success,2026-10-06 01:00:32.561,2026-10-06 01:00:34.627,2066
2779,event-ingest,webhook,success,2026-10-06 01:00:32.584,2026-10-06 01:00:34.610,2026
2780,event-ingest,webhook,success,2026-10-06 01:00:32.611,2026-10-06 01:00:34.672,2061
2781,event-ingest,webhook,success,2026-10-06 01:00:34.751,2026-10-06 01:00:36.791,2040
2782,event-ingest,webhook,success,2026-10-06 01:00:34.789,2026-10-06 01:00:36.870,2081
2783,event-ingest,webhook,success,2026-10-06 01:00:34.826,2026-10-06 01:00:36.861,2035
2784,event-ingest,webhook,success,2026-10-06 01:00:34.856,2026-10-06 01:00:36.925,2069
2785,event-ingest,webhook,success,2026-10-06 01:00:34.883,2026-10-06 01:00:36.909,2026
2786,event-ingest,webhook,success,2026-10-06 01:00:34.911,2026-10-06 01:00:36.981,2070
2787,event-ingest,webhook,success,2026-10-06 01:00:34.939,2026-10-06 01:00:36.965,2026
2788,event-ingest,webhook,success,2026-10-06 01:00:34.966,2026-10-06 01:00:37.044,2078
2789,event-ingest,webhook,success,2026-10-06 01:00:35.003,2026-10-06 01:00:37.036,2033
2790,event-ingest,webhook,success,2026-10-06 01:00:35.038,2026-10-06 01:00:38.804,3766
2791,event-ingest,webhook,success,2026-10-06 01:00:35.061,2026-10-06 01:00:37.088,2027
2792,event-ingest,webhook,success,2026-10-06 01:00:35.089,2026-10-06 01:00:38.892,3803
2793,event-ingest,webhook,success,2026-10-06 01:00:35.125,2026-10-06 01:00:38.883,3758
2794,health-monitor,trigger,success,2026-10-06 01:05:00.028,2026-10-06 01:05:00.124,96
2795,health-monitor,trigger,success,2026-10-06 01:10:00.022,2026-10-06 01:10:00.129,107
2796,ioc-extractor,trigger,success,2026-10-06 01:15:00.028,2026-10-06 01:15:00.312,284
2797,health-monitor,trigger,success,2026-10-06 01:15:00.037,2026-10-06 01:15:00.184,147
2798,event-ingest,webhook,success,2026-10-06 01:15:02.776,2026-10-06 01:15:03.185,409
2799,event-ingest,webhook,success,2026-10-06 01:15:02.804,2026-10-06 01:15:03.187,383
2800,event-ingest,webhook,success,2026-10-06 01:15:02.829,2026-10-06 01:15:03.179,350
2801,event-ingest,webhook,success,2026-10-06 01:15:02.857,2026-10-06 01:15:03.235,378
2802,event-ingest,webhook,success,2026-10-06 01:15:04.695,2026-10-06 01:15:05.044,349
2803,event-ingest,webhook,success,2026-10-06 01:15:04.720,2026-10-06 01:15:05.091,371
2804,event-ingest,webhook,success,2026-10-06 01:15:04.744,2026-10-06 01:15:05.079,335
2805,event-ingest,webhook,success,2026-10-06 01:15:04.779,2026-10-06 01:15:05.141,362
2806,event-ingest,webhook,success,2026-10-06 01:15:06.912,2026-10-06 01:15:07.247,335
2807,event-ingest,webhook,success,2026-10-06 01:15:06.939,2026-10-06 01:15:07.305,366
2808,event-ingest,webhook,success,2026-10-06 01:15:06.963,2026-10-06 01:15:07.294,331
2809,event-ingest,webhook,success,2026-10-06 01:15:06.990,2026-10-06 01:15:07.352,362
2810,event-ingest,webhook,success,2026-10-06 01:15:08.816,2026-10-06 01:15:09.143,327
2811,event-ingest,webhook,success,2026-10-06 01:15:08.840,2026-10-06 01:15:09.202,362
2812,event-ingest,webhook,success,2026-10-06 01:15:08.864,2026-10-06 01:15:09.195,331
2813,event-ingest,webhook,success,2026-10-06 01:15:08.890,2026-10-06 01:15:09.306,416
2814,event-ingest,webhook,success,2026-10-06 01:15:08.929,2026-10-06 01:15:09.286,357
2815,event-ingest,webhook,success,2026-10-06 01:15:08.984,2026-10-06 01:15:09.345,361
2816,event-ingest,webhook,success,2026-10-06 01:15:09.924,2026-10-06 01:15:10.273,349
2817,event-ingest,webhook,success,2026-10-06 01:15:10.854,2026-10-06 01:15:11.207,353
2818,event-ingest,webhook,success,2026-10-06 01:15:11.482,2026-10-06 01:15:11.825,343
2819,event-ingest,webhook,success,2026-10-06 01:15:12.413,2026-10-06 01:15:12.761,348
2820,event-ingest,webhook,success,2026-10-06 01:15:13.043,2026-10-06 01:15:13.376,333
2821,event-ingest,webhook,success,2026-10-06 01:15:13.978,2026-10-06 01:15:14.336,358
2822,event-ingest,webhook,success,2026-10-06 01:15:14.918,2026-10-06 01:15:15.266,348
2823,event-ingest,webhook,success,2026-10-06 01:15:14.951,2026-10-06 01:15:15.313,362
2824,event-ingest,webhook,success,2026-10-06 01:15:15.881,2026-10-06 01:15:16.233,352
2825,event-ingest,webhook,success,2026-10-06 01:15:15.911,2026-10-06 01:15:16.290,379
2826,event-ingest,webhook,success,2026-10-06 01:15:15.938,2026-10-06 01:15:16.265,327
2827,event-ingest,webhook,success,2026-10-06 01:15:15.964,2026-10-06 01:15:16.322,358
2828,event-ingest,webhook,success,2026-10-06 01:15:17.797,2026-10-06 01:15:18.131,334
2829,event-ingest,webhook,success,2026-10-06 01:15:17.825,2026-10-06 01:15:19.894,2069
2830,event-ingest,webhook,success,2026-10-06 01:15:17.850,2026-10-06 01:15:18.176,326
2831,event-ingest,webhook,success,2026-10-06 01:15:17.875,2026-10-06 01:15:19.931,2056
2832,event-ingest,webhook,success,2026-10-06 01:15:20.011,2026-10-06 01:15:22.041,2030
2833,event-ingest,webhook,success,2026-10-06 01:15:20.039,2026-10-06 01:15:22.109,2070
2834,event-ingest,webhook,success,2026-10-06 01:15:20.063,2026-10-06 01:15:22.091,2028
2835,event-ingest,webhook,success,2026-10-06 01:15:20.098,2026-10-06 01:15:22.161,2063
2836,event-ingest,webhook,success,2026-10-06 01:15:20.124,2026-10-06 01:15:22.151,2027
2837,event-ingest,webhook,success,2026-10-06 01:15:20.150,2026-10-06 01:15:22.212,2062
2838,event-ingest,webhook,success,2026-10-06 01:15:21.086,2026-10-06 01:15:23.112,2026
2839,event-ingest,webhook,success,2026-10-06 01:15:21.717,2026-10-06 01:15:23.746,2029
2840,event-ingest,webhook,success,2026-10-06 01:15:22.645,2026-10-06 01:15:24.677,2032
2841,event-ingest,webhook,success,2026-10-06 01:15:23.575,2026-10-06 01:15:25.603,2028
2842,event-ingest,webhook,success,2026-10-06 01:15:24.205,2026-10-06 01:15:26.237,2032
2843,event-ingest,webhook,success,2026-10-06 01:15:24.232,2026-10-06 01:15:26.285,2053
2844,event-ingest,webhook,success,2026-10-06 01:15:25.155,2026-10-06 01:15:27.184,2029
2845,event-ingest,webhook,success,2026-10-06 01:15:25.180,2026-10-06 01:15:27.242,2062
2846,event-ingest,webhook,success,2026-10-06 01:15:25.202,2026-10-06 01:15:27.227,2025
2847,event-ingest,webhook,success,2026-10-06 01:15:25.227,2026-10-06 01:15:27.286,2059
2848,event-ingest,webhook,success,2026-10-06 01:15:25.250,2026-10-06 01:15:27.272,2022
2849,health-monitor,trigger,success,2026-10-06 01:20:00.025,2026-10-06 01:20:00.121,96
2850,health-monitor,trigger,success,2026-10-06 01:25:00.025,2026-10-06 01:25:00.130,105
2851,ioc-extractor,trigger,success,2026-10-06 01:30:00.031,2026-10-06 01:30:00.256,225
2852,health-monitor,trigger,success,2026-10-06 01:30:00.039,2026-10-06 01:30:00.184,145
2853,event-ingest,webhook,success,2026-10-06 01:30:02.510,2026-10-06 01:30:02.915,405
2854,event-ingest,webhook,success,2026-10-06 01:30:02.541,2026-10-06 01:30:02.947,406
2855,event-ingest,webhook,success,2026-10-06 01:30:02.586,2026-10-06 01:30:02.931,345
2856,event-ingest,webhook,success,2026-10-06 01:30:02.633,2026-10-06 01:30:03.025,392
2857,event-ingest,webhook,success,2026-10-06 01:30:04.774,2026-10-06 01:30:05.123,349
2858,event-ingest,webhook,success,2026-10-06 01:30:04.799,2026-10-06 01:30:05.189,390
2859,event-ingest,webhook,success,2026-10-06 01:30:04.827,2026-10-06 01:30:05.179,352
2860,event-ingest,webhook,success,2026-10-06 01:30:04.860,2026-10-06 01:30:05.232,372
2861,event-ingest,webhook,success,2026-10-06 01:30:06.687,2026-10-06 01:30:07.039,352
2862,event-ingest,webhook,success,2026-10-06 01:30:06.718,2026-10-06 01:30:07.100,382
2863,event-ingest,webhook,success,2026-10-06 01:30:06.746,2026-10-06 01:30:07.098,352
2864,event-ingest,webhook,success,2026-10-06 01:30:06.781,2026-10-06 01:30:07.147,366
2865,event-ingest,webhook,success,2026-10-06 01:30:07.116,2026-10-06 01:30:07.487,371
2866,event-ingest,webhook,success,2026-10-06 01:30:07.172,2026-10-06 01:30:07.528,356
2867,event-ingest,webhook,success,2026-10-06 01:30:08.112,2026-10-06 01:30:08.446,334
2868,event-ingest,webhook,success,2026-10-06 01:30:08.750,2026-10-06 01:30:09.096,346
2869,event-ingest,webhook,success,2026-10-06 01:30:09.683,2026-10-06 01:30:10.016,333
2870,event-ingest,webhook,success,2026-10-06 01:30:10.318,2026-10-06 01:30:10.675,357
2871,event-ingest,webhook,success,2026-10-06 01:30:11.259,2026-10-06 01:30:11.592,333
2872,event-ingest,webhook,success,2026-10-06 01:30:11.286,2026-10-06 01:30:11.664,378
2873,event-ingest,webhook,success,2026-10-06 01:30:12.219,2026-10-06 01:30:12.554,335
2874,event-ingest,webhook,success,2026-10-06 01:30:12.244,2026-10-06 01:30:12.632,388
2875,event-ingest,webhook,success,2026-10-06 01:30:12.267,2026-10-06 01:30:12.619,352
2876,event-ingest,webhook,success,2026-10-06 01:30:12.296,2026-10-06 01:30:12.662,366
2877,event-ingest,webhook,success,2026-10-06 01:30:14.435,2026-10-06 01:30:14.764,329
2878,event-ingest,webhook,success,2026-10-06 01:30:14.462,2026-10-06 01:30:14.848,386
2879,event-ingest,webhook,success,2026-10-06 01:30:14.487,2026-10-06 01:30:14.867,380
2880,event-ingest,webhook,success,2026-10-06 01:30:14.513,2026-10-06 01:30:14.891,378
2881,event-ingest,webhook,success,2026-10-06 01:30:16.351,2026-10-06 01:30:16.688,337
2882,event-ingest,webhook,success,2026-10-06 01:30:16.376,2026-10-06 01:30:18.448,2072
2883,event-ingest,webhook,success,2026-10-06 01:30:16.401,2026-10-06 01:30:16.731,330
2884,event-ingest,webhook,success,2026-10-06 01:30:16.426,2026-10-06 01:30:18.484,2058
2885,event-ingest,webhook,success,2026-10-06 01:30:18.552,2026-10-06 01:30:20.579,2027
2886,event-ingest,webhook,success,2026-10-06 01:30:18.577,2026-10-06 01:30:20.638,2061
2887,event-ingest,webhook,success,2026-10-06 01:30:18.600,2026-10-06 01:30:20.625,2025
2888,event-ingest,webhook,success,2026-10-06 01:30:18.628,2026-10-06 01:30:20.686,2058
2889,event-ingest,webhook,success,2026-10-06 01:30:20.465,2026-10-06 01:30:22.495,2030
2890,event-ingest,webhook,success,2026-10-06 01:30:20.496,2026-10-06 01:30:22.569,2073
2891,event-ingest,webhook,success,2026-10-06 01:30:20.521,2026-10-06 01:30:22.555,2034
2892,event-ingest,webhook,success,2026-10-06 01:30:20.552,2026-10-06 01:30:22.628,2076
2893,event-ingest,webhook,success,2026-10-06 01:30:22.388,2026-10-06 01:30:24.426,2038
2894,event-ingest,webhook,success,2026-10-06 01:30:22.420,2026-10-06 01:30:24.496,2076
2895,event-ingest,webhook,success,2026-10-06 01:30:22.449,2026-10-06 01:30:24.479,2030
2896,event-ingest,webhook,success,2026-10-06 01:30:22.480,2026-10-06 01:30:24.530,2050
2897,event-ingest,webhook,success,2026-10-06 01:30:24.633,2026-10-06 01:30:26.655,2022
2898,event-ingest,webhook,success,2026-10-06 01:30:24.656,2026-10-06 01:30:26.734,2078
2899,event-ingest,webhook,success,2026-10-06 01:30:24.679,2026-10-06 01:30:26.756,2077
2900,event-ingest,webhook,success,2026-10-06 01:30:24.713,2026-10-06 01:30:26.744,2031
2901,event-ingest,webhook,success,2026-10-06 01:30:26.548,2026-10-06 01:30:28.574,2026
2902,event-ingest,webhook,success,2026-10-06 01:30:26.572,2026-10-06 01:30:28.634,2062
2903,event-ingest,webhook,success,2026-10-06 01:30:26.594,2026-10-06 01:30:28.619,2025
2904,event-ingest,webhook,success,2026-10-06 01:30:26.619,2026-10-06 01:30:28.687,2068
2905,event-ingest,webhook,success,2026-10-06 01:30:28.746,2026-10-06 01:30:30.787,2041
2906,event-ingest,webhook,success,2026-10-06 01:30:28.778,2026-10-06 01:30:30.852,2074
2907,event-ingest,webhook,success,2026-10-06 01:30:28.809,2026-10-06 01:30:30.840,2031
2908,event-ingest,webhook,success,2026-10-06 01:30:28.846,2026-10-06 01:30:30.934,2088
2909,event-ingest,webhook,success,2026-10-06 01:30:28.878,2026-10-06 01:30:30.912,2034
2910,event-ingest,webhook,success,2026-10-06 01:30:28.915,2026-10-06 01:30:31.028,2113
2911,event-ingest,webhook,success,2026-10-06 01:30:28.973,2026-10-06 01:30:31.019,2046
2912,event-ingest,webhook,success,2026-10-06 01:30:29.007,2026-10-06 01:30:31.072,2065
2913,event-ingest,webhook,success,2026-10-06 01:30:29.032,2026-10-06 01:30:31.056,2024
2914,event-ingest,webhook,success,2026-10-06 01:30:29.061,2026-10-06 01:30:31.130,2069
2915,health-monitor,trigger,success,2026-10-06 01:35:00.027,2026-10-06 01:35:00.132,105
2916,health-monitor,trigger,success,2026-10-06 01:40:00.028,2026-10-06 01:40:00.119,91
2917,ioc-extractor,trigger,success,2026-10-06 01:45:00.032,2026-10-06 01:45:00.332,300
2918,health-monitor,trigger,success,2026-10-06 01:45:00.040,2026-10-06 01:45:00.219,179
2919,event-ingest,webhook,success,2026-10-06 01:45:02.719,2026-10-06 01:45:03.132,413
2920,event-ingest,webhook,success,2026-10-06 01:45:02.746,2026-10-06 01:45:03.112,366
2921,event-ingest,webhook,success,2026-10-06 01:45:02.769,2026-10-06 01:45:03.111,342
2922,event-ingest,webhook,success,2026-10-06 01:45:02.799,2026-10-06 01:45:03.157,358
2923,event-ingest,webhook,success,2026-10-06 01:45:04.637,2026-10-06 01:45:04.969,332
2924,event-ingest,webhook,success,2026-10-06 01:45:04.662,2026-10-06 01:45:05.043,381
2925,event-ingest,webhook,success,2026-10-06 01:45:04.689,2026-10-06 01:45:05.021,332
2926,event-ingest,webhook,success,2026-10-06 01:45:04.715,2026-10-06 01:45:05.079,364
2927,event-ingest,webhook,success,2026-10-06 01:45:06.849,2026-10-06 01:45:07.186,337
2928,event-ingest,webhook,success,2026-10-06 01:45:06.874,2026-10-06 01:45:07.247,373
2929,event-ingest,webhook,success,2026-10-06 01:45:06.900,2026-10-06 01:45:07.231,331
2930,event-ingest,webhook,success,2026-10-06 01:45:06.925,2026-10-06 01:45:07.283,358
2931,event-ingest,webhook,success,2026-10-06 01:45:08.762,2026-10-06 01:45:09.107,345
2932,event-ingest,webhook,success,2026-10-06 01:45:08.791,2026-10-06 01:45:09.166,375
2933,event-ingest,webhook,success,2026-10-06 01:45:08.816,2026-10-06 01:45:09.145,329
2934,event-ingest,webhook,success,2026-10-06 01:45:08.844,2026-10-06 01:45:09.216,372
2935,event-ingest,webhook,success,2026-10-06 01:45:10.978,2026-10-06 01:45:11.336,358
2936,event-ingest,webhook,success,2026-10-06 01:45:11.003,2026-10-06 01:45:11.369,366
2937,event-ingest,webhook,success,2026-10-06 01:45:11.033,2026-10-06 01:45:11.358,325
2938,event-ingest,webhook,success,2026-10-06 01:45:11.058,2026-10-06 01:45:11.418,360
2939,event-ingest,webhook,success,2026-10-06 01:45:12.891,2026-10-06 01:45:13.225,334
2940,event-ingest,webhook,success,2026-10-06 01:45:12.916,2026-10-06 01:45:13.292,376
2941,event-ingest,webhook,success,2026-10-06 01:45:12.941,2026-10-06 01:45:13.280,339
2942,event-ingest,webhook,success,2026-10-06 01:45:12.969,2026-10-06 01:45:13.343,374
2943,event-ingest,webhook,success,2026-10-06 01:45:15.106,2026-10-06 01:45:15.438,332
2944,event-ingest,webhook,success,2026-10-06 01:45:15.132,2026-10-06 01:45:15.503,371
2945,event-ingest,webhook,success,2026-10-06 01:45:15.155,2026-10-06 01:45:15.492,337
2946,event-ingest,webhook,success,2026-10-06 01:45:15.180,2026-10-06 01:45:15.556,376
2947,event-ingest,webhook,success,2026-10-06 01:45:17.010,2026-10-06 01:45:17.360,350
2948,event-ingest,webhook,success,2026-10-06 01:45:17.033,2026-10-06 01:45:17.397,364
2949,event-ingest,webhook,success,2026-10-06 01:45:17.058,2026-10-06 01:45:17.399,341
2950,event-ingest,webhook,success,2026-10-06 01:45:17.085,2026-10-06 01:45:17.443,358
2951,event-ingest,webhook,success,2026-10-06 01:45:19.213,2026-10-06 01:45:19.561,348
2952,event-ingest,webhook,success,2026-10-06 01:45:19.241,2026-10-06 01:45:21.310,2069
2953,event-ingest,webhook,success,2026-10-06 01:45:19.265,2026-10-06 01:45:21.292,2027
2954,event-ingest,webhook,success,2026-10-06 01:45:19.301,2026-10-06 01:45:21.364,2063
2955,event-ingest,webhook,success,2026-10-06 01:45:19.326,2026-10-06 01:45:21.355,2029
2956,event-ingest,webhook,success,2026-10-06 01:45:19.352,2026-10-06 01:45:21.414,2062
2957,event-ingest,webhook,success,2026-10-06 01:45:20.284,2026-10-06 01:45:22.321,2037
2958,event-ingest,webhook,success,2026-10-06 01:45:21.215,2026-10-06 01:45:23.251,2036
2959,event-ingest,webhook,success,2026-10-06 01:45:21.853,2026-10-06 01:45:23.883,2030
2960,event-ingest,webhook,success,2026-10-06 01:45:22.785,2026-10-06 01:45:24.817,2032
2961,event-ingest,webhook,success,2026-10-06 01:45:23.409,2026-10-06 01:45:25.431,2022
2962,event-ingest,webhook,success,2026-10-06 01:45:24.342,2026-10-06 01:45:26.375,2033
2963,event-ingest,webhook,success,2026-10-06 01:45:25.272,2026-10-06 01:45:27.308,2036
2964,event-ingest,webhook,success,2026-10-06 01:45:25.905,2026-10-06 01:45:27.934,2029
2965,event-ingest,webhook,success,2026-10-06 01:45:25.936,2026-10-06 01:45:27.995,2059
2966,event-ingest,webhook,success,2026-10-06 01:45:26.870,2026-10-06 01:45:28.904,2034
2967,event-ingest,webhook,success,2026-10-06 01:45:26.894,2026-10-06 01:45:28.961,2067
2968,event-ingest,webhook,success,2026-10-06 01:45:26.921,2026-10-06 01:45:28.947,2026
2969,event-ingest,webhook,success,2026-10-06 01:45:26.947,2026-10-06 01:45:29.010,2063
2970,event-ingest,webhook,success,2026-10-06 01:45:29.074,2026-10-06 01:45:31.100,2026
2971,event-ingest,webhook,success,2026-10-06 01:45:29.107,2026-10-06 01:45:31.168,2061
2972,event-ingest,webhook,success,2026-10-06 01:45:29.131,2026-10-06 01:45:31.156,2025
2973,event-ingest,webhook,success,2026-10-06 01:45:29.156,2026-10-06 01:45:31.212,2056
2974,event-ingest,webhook,success,2026-10-06 01:45:30.985,2026-10-06 01:45:33.010,2025
2975,event-ingest,webhook,success,2026-10-06 01:45:31.014,2026-10-06 01:45:33.079,2065
2976,event-ingest,webhook,success,2026-10-06 01:45:31.036,2026-10-06 01:45:33.061,2025
2977,event-ingest,webhook,success,2026-10-06 01:45:31.063,2026-10-06 01:45:33.124,2061
2978,event-ingest,webhook,success,2026-10-06 01:45:33.192,2026-10-06 01:45:35.243,2051
2979,event-ingest,webhook,success,2026-10-06 01:45:33.239,2026-10-06 01:45:35.328,2089
2980,event-ingest,webhook,success,2026-10-06 01:45:33.267,2026-10-06 01:45:35.307,2040
2981,event-ingest,webhook,success,2026-10-06 01:45:33.316,2026-10-06 01:45:35.424,2108
2982,event-ingest,webhook,success,2026-10-06 01:45:33.363,2026-10-06 01:45:35.404,2041
2983,event-ingest,webhook,success,2026-10-06 01:45:33.402,2026-10-06 01:45:35.506,2104
2984,event-ingest,webhook,success,2026-10-06 01:45:33.451,2026-10-06 01:45:35.482,2031
2985,event-ingest,webhook,success,2026-10-06 01:45:33.481,2026-10-06 01:45:35.563,2082
2986,event-ingest,webhook,success,2026-10-06 01:45:33.518,2026-10-06 01:45:35.546,2028
2987,event-ingest,webhook,success,2026-10-06 01:45:33.551,2026-10-06 01:45:37.260,3709
2988,event-ingest,webhook,success,2026-10-06 01:45:33.574,2026-10-06 01:45:35.600,2026
2989,health-monitor,trigger,success,2026-10-06 01:50:00.030,2026-10-06 01:50:00.128,98
2990,health-monitor,trigger,success,2026-10-06 01:55:00.030,2026-10-06 01:55:00.161,131
2991,health-monitor,trigger,success,2026-10-06 02:00:00.034,2026-10-06 02:00:00.188,154
2992,ioc-extractor,trigger,success,2026-10-06 02:00:00.043,2026-10-06 02:00:00.340,297
2993,event-ingest,webhook,success,2026-10-06 02:00:02.742,2026-10-06 02:00:03.139,397
2994,event-ingest,webhook,success,2026-10-06 02:00:02.768,2026-10-06 02:00:03.154,386
2995,event-ingest,webhook,success,2026-10-06 02:00:02.794,2026-10-06 02:00:03.148,354
2996,event-ingest,webhook,success,2026-10-06 02:00:02.824,2026-10-06 02:00:03.203,379
2997,event-ingest,webhook,success,2026-10-06 02:00:02.851,2026-10-06 02:00:03.187,336
2998,event-ingest,webhook,success,2026-10-06 02:00:02.889,2026-10-06 02:00:03.290,401
2999,event-ingest,webhook,success,2026-10-06 02:00:03.833,2026-10-06 02:00:04.177,344
3000,event-ingest,webhook,success,2026-10-06 02:00:04.460,2026-10-06 02:00:04.846,386
3001,event-ingest,webhook,success,2026-10-06 02:00:05.390,2026-10-06 02:00:05.737,347
3002,event-ingest,webhook,success,2026-10-06 02:00:06.322,2026-10-06 02:00:06.660,338
3003,event-ingest,webhook,success,2026-10-06 02:00:06.957,2026-10-06 02:00:07.291,334
3004,event-ingest,webhook,success,2026-10-06 02:00:07.889,2026-10-06 02:00:08.229,340
3005,event-ingest,webhook,success,2026-10-06 02:00:08.522,2026-10-06 02:00:08.876,354
3006,event-ingest,webhook,success,2026-10-06 02:00:09.458,2026-10-06 02:00:09.798,340
3007,event-ingest,webhook,success,2026-10-06 02:00:09.484,2026-10-06 02:00:09.846,362
3008,event-ingest,webhook,success,2026-10-06 02:00:10.415,2026-10-06 02:00:10.821,406
3009,event-ingest,webhook,success,2026-10-06 02:00:10.440,2026-10-06 02:00:10.823,383
3010,event-ingest,webhook,success,2026-10-06 02:00:10.465,2026-10-06 02:00:10.855,390
3011,event-ingest,webhook,success,2026-10-06 02:00:10.493,2026-10-06 02:00:10.848,355
3012,event-ingest,webhook,success,2026-10-06 02:00:12.324,2026-10-06 02:00:12.656,332
3013,event-ingest,webhook,success,2026-10-06 02:00:12.351,2026-10-06 02:00:12.739,388
3014,event-ingest,webhook,success,2026-10-06 02:00:12.380,2026-10-06 02:00:12.771,391
3015,event-ingest,webhook,success,2026-10-06 02:00:12.405,2026-10-06 02:00:12.781,376
3016,event-ingest,webhook,success,2026-10-06 02:00:14.534,2026-10-06 02:00:14.893,359
3017,event-ingest,webhook,success,2026-10-06 02:00:14.564,2026-10-06 02:00:14.924,360
3018,event-ingest,webhook,success,2026-10-06 02:00:14.587,2026-10-06 02:00:14.913,326
3019,event-ingest,webhook,success,2026-10-06 02:00:14.614,2026-10-06 02:00:14.973,359
3020,event-ingest,webhook,success,2026-10-06 02:00:16.445,2026-10-06 02:00:16.827,382
3021,event-ingest,webhook,success,2026-10-06 02:00:16.470,2026-10-06 02:00:16.851,381
3022,event-ingest,webhook,success,2026-10-06 02:00:16.493,2026-10-06 02:00:16.837,344
3023,event-ingest,webhook,success,2026-10-06 02:00:16.520,2026-10-06 02:00:16.886,366
3024,event-ingest,webhook,success,2026-10-06 02:00:18.671,2026-10-06 02:00:19.026,355
3025,event-ingest,webhook,success,2026-10-06 02:00:18.698,2026-10-06 02:00:19.079,381
3026,event-ingest,webhook,success,2026-10-06 02:00:18.723,2026-10-06 02:00:19.052,329
3027,event-ingest,webhook,success,2026-10-06 02:00:18.750,2026-10-06 02:00:19.112,362
3028,event-ingest,webhook,success,2026-10-06 02:00:20.581,2026-10-06 02:00:20.912,331
3029,event-ingest,webhook,success,2026-10-06 02:00:20.606,2026-10-06 02:00:22.677,2071
3030,event-ingest,webhook,success,2026-10-06 02:00:20.633,2026-10-06 02:00:22.672,2039
3031,event-ingest,webhook,success,2026-10-06 02:00:20.660,2026-10-06 02:00:22.729,2069
3032,event-ingest,webhook,success,2026-10-06 02:00:20.684,2026-10-06 02:00:22.710,2026
3033,health-monitor,trigger,success,2026-10-06 02:05:00.026,2026-10-06 02:05:00.132,106
3034,health-monitor,trigger,success,2026-10-06 02:10:00.025,2026-10-06 02:10:00.149,124
3035,ioc-extractor,trigger,success,2026-10-06 02:15:00.030,2026-10-06 02:15:00.222,192
3036,health-monitor,trigger,success,2026-10-06 02:15:00.039,2026-10-06 02:15:00.176,137
3037,event-ingest,webhook,success,2026-10-06 02:15:02.737,2026-10-06 02:15:03.142,405
3038,event-ingest,webhook,success,2026-10-06 02:15:02.764,2026-10-06 02:15:03.144,380
3039,event-ingest,webhook,success,2026-10-06 02:15:02.790,2026-10-06 02:15:03.137,347
3040,event-ingest,webhook,success,2026-10-06 02:15:02.819,2026-10-06 02:15:03.197,378
3041,event-ingest,webhook,success,2026-10-06 02:15:04.647,2026-10-06 02:15:04.987,340
3042,event-ingest,webhook,success,2026-10-06 02:15:04.674,2026-10-06 02:15:05.050,376
3043,event-ingest,webhook,success,2026-10-06 02:15:04.697,2026-10-06 02:15:05.027,330
3044,event-ingest,webhook,success,2026-10-06 02:15:04.725,2026-10-06 02:15:05.093,368
3045,event-ingest,webhook,success,2026-10-06 02:15:04.751,2026-10-06 02:15:05.078,327
3046,event-ingest,webhook,success,2026-10-06 02:15:04.779,2026-10-06 02:15:05.186,407
3047,event-ingest,webhook,success,2026-10-06 02:15:06.027,2026-10-06 02:15:06.369,342
3048,event-ingest,webhook,success,2026-10-06 02:15:06.659,2026-10-06 02:15:06.990,331
3049,event-ingest,webhook,success,2026-10-06 02:15:07.586,2026-10-06 02:15:07.918,332
3050,event-ingest,webhook,success,2026-10-06 02:15:08.218,2026-10-06 02:15:08.548,330
3051,event-ingest,webhook,success,2026-10-06 02:15:08.246,2026-10-06 02:15:08.601,355
3052,event-ingest,webhook,success,2026-10-06 02:15:09.175,2026-10-06 02:15:09.503,328
3053,event-ingest,webhook,success,2026-10-06 02:15:09.200,2026-10-06 02:15:09.581,381
3054,event-ingest,webhook,success,2026-10-06 02:15:09.231,2026-10-06 02:15:09.578,347
3055,event-ingest,webhook,success,2026-10-06 02:15:09.258,2026-10-06 02:15:09.614,356
3056,event-ingest,webhook,success,2026-10-06 02:15:11.396,2026-10-06 02:15:11.775,379
3057,event-ingest,webhook,success,2026-10-06 02:15:11.424,2026-10-06 02:15:11.797,373
3058,event-ingest,webhook,success,2026-10-06 02:15:11.449,2026-10-06 02:15:11.795,346
3059,event-ingest,webhook,success,2026-10-06 02:15:11.482,2026-10-06 02:15:11.843,361
3060,event-ingest,webhook,success,2026-10-06 02:15:13.310,2026-10-06 02:15:13.646,336
3061,event-ingest,webhook,success,2026-10-06 02:15:13.338,2026-10-06 02:15:13.783,445
3062,event-ingest,webhook,success,2026-10-06 02:15:13.363,2026-10-06 02:15:13.781,418
3063,event-ingest,webhook,success,2026-10-06 02:15:13.394,2026-10-06 02:15:13.801,407
3064,event-ingest,webhook,success,2026-10-06 02:15:15.531,2026-10-06 02:15:15.877,346
3065,event-ingest,webhook,success,2026-10-06 02:15:15.554,2026-10-06 02:15:15.935,381
3066,event-ingest,webhook,success,2026-10-06 02:15:15.580,2026-10-06 02:15:15.909,329
3067,event-ingest,webhook,success,2026-10-06 02:15:15.607,2026-10-06 02:15:15.965,358
3068,event-ingest,webhook,success,2026-10-06 02:15:17.444,2026-10-06 02:15:17.797,353
3069,event-ingest,webhook,success,2026-10-06 02:15:17.470,2026-10-06 02:15:17.832,362
3070,event-ingest,webhook,success,2026-10-06 02:15:17.492,2026-10-06 02:15:17.821,329
3071,event-ingest,webhook,success,2026-10-06 02:15:17.518,2026-10-06 02:15:17.872,354
3072,event-ingest,webhook,success,2026-10-06 02:15:19.648,2026-10-06 02:15:19.987,339
3073,event-ingest,webhook,success,2026-10-06 02:15:19.674,2026-10-06 02:15:20.043,369
3074,event-ingest,webhook,success,2026-10-06 02:15:19.702,2026-10-06 02:15:20.040,338
3075,event-ingest,webhook,success,2026-10-06 02:15:19.732,2026-10-06 02:15:21.792,2060
3076,event-ingest,webhook,success,2026-10-06 02:15:21.563,2026-10-06 02:15:23.590,2027
3077,event-ingest,webhook,success,2026-10-06 02:15:21.588,2026-10-06 02:15:23.655,2067
3078,event-ingest,webhook,success,2026-10-06 02:15:21.618,2026-10-06 02:15:23.653,2035
3079,event-ingest,webhook,success,2026-10-06 02:15:21.652,2026-10-06 02:15:23.708,2056
3080,event-ingest,webhook,success,2026-10-06 02:15:23.775,2026-10-06 02:15:25.816,2041
3081,event-ingest,webhook,success,2026-10-06 02:15:23.804,2026-10-06 02:15:25.882,2078
3082,event-ingest,webhook,success,2026-10-06 02:15:23.841,2026-10-06 02:15:25.879,2038
3083,event-ingest,webhook,success,2026-10-06 02:15:23.872,2026-10-06 02:15:25.939,2067
3084,event-ingest,webhook,success,2026-10-06 02:15:23.897,2026-10-06 02:15:25.919,2022
3085,event-ingest,webhook,success,2026-10-06 02:15:23.924,2026-10-06 02:15:26.010,2086
3086,event-ingest,webhook,success,2026-10-06 02:15:23.952,2026-10-06 02:15:25.981,2029
3087,event-ingest,webhook,success,2026-10-06 02:15:23.982,2026-10-06 02:15:26.061,2079
3088,health-monitor,trigger,success,2026-10-06 02:20:00.023,2026-10-06 02:20:00.130,107
3089,health-monitor,trigger,success,2026-10-06 02:25:00.027,2026-10-06 02:25:00.140,113
3090,ioc-extractor,trigger,success,2026-10-06 02:30:00.030,2026-10-06 02:30:00.258,228
3091,health-monitor,trigger,success,2026-10-06 02:30:00.040,2026-10-06 02:30:00.194,154
3092,event-ingest,webhook,success,2026-10-06 02:30:02.744,2026-10-06 02:30:03.139,395
3093,event-ingest,webhook,success,2026-10-06 02:30:02.772,2026-10-06 02:30:03.156,384
3094,event-ingest,webhook,success,2026-10-06 02:30:02.800,2026-10-06 02:30:03.137,337
3095,event-ingest,webhook,success,2026-10-06 02:30:02.827,2026-10-06 02:30:03.192,365
3096,event-ingest,webhook,success,2026-10-06 02:30:04.662,2026-10-06 02:30:05.005,343
3097,event-ingest,webhook,success,2026-10-06 02:30:04.686,2026-10-06 02:30:05.045,359
3098,event-ingest,webhook,success,2026-10-06 02:30:04.710,2026-10-06 02:30:05.035,325
3099,event-ingest,webhook,success,2026-10-06 02:30:04.740,2026-10-06 02:30:05.097,357
3100,event-ingest,webhook,success,2026-10-06 02:30:06.875,2026-10-06 02:30:07.200,325
3101,event-ingest,webhook,success,2026-10-06 02:30:06.900,2026-10-06 02:30:07.273,373
3102,event-ingest,webhook,success,2026-10-06 02:30:06.925,2026-10-06 02:30:07.263,338
3103,event-ingest,webhook,success,2026-10-06 02:30:06.959,2026-10-06 02:30:07.344,385
3104,event-ingest,webhook,success,2026-10-06 02:30:08.795,2026-10-06 02:30:09.141,346
3105,event-ingest,webhook,success,2026-10-06 02:30:08.820,2026-10-06 02:30:09.186,366
3106,event-ingest,webhook,success,2026-10-06 02:30:08.844,2026-10-06 02:30:09.184,340
3107,event-ingest,webhook,success,2026-10-06 02:30:08.876,2026-10-06 02:30:09.236,360
3108,event-ingest,webhook,success,2026-10-06 02:30:11.017,2026-10-06 02:30:11.364,347
3109,event-ingest,webhook,success,2026-10-06 02:30:11.043,2026-10-06 02:30:11.420,377
3110,event-ingest,webhook,success,2026-10-06 02:30:11.069,2026-10-06 02:30:11.418,349
3111,event-ingest,webhook,success,2026-10-06 02:30:11.096,2026-10-06 02:30:11.454,358
3112,event-ingest,webhook,success,2026-10-06 02:30:12.934,2026-10-06 02:30:13.274,340
3113,event-ingest,webhook,success,2026-10-06 02:30:12.962,2026-10-06 02:30:13.323,361
3114,event-ingest,webhook,success,2026-10-06 02:30:12.987,2026-10-06 02:30:13.321,334
3115,event-ingest,webhook,success,2026-10-06 02:30:13.015,2026-10-06 02:30:13.375,360
3116,event-ingest,webhook,success,2026-10-06 02:30:15.153,2026-10-06 02:30:15.500,347
3117,event-ingest,webhook,success,2026-10-06 02:30:15.184,2026-10-06 02:30:15.557,373
3118,event-ingest,webhook,success,2026-10-06 02:30:15.212,2026-10-06 02:30:15.540,328
3119,event-ingest,webhook,success,2026-10-06 02:30:15.238,2026-10-06 02:30:15.599,361
3120,event-ingest,webhook,success,2026-10-06 02:30:17.064,2026-10-06 02:30:17.392,328
3121,event-ingest,webhook,success,2026-10-06 02:30:17.091,2026-10-06 02:30:17.467,376
3122,event-ingest,webhook,success,2026-10-06 02:30:17.118,2026-10-06 02:30:17.453,335
3123,event-ingest,webhook,success,2026-10-06 02:30:17.150,2026-10-06 02:30:17.521,371
3124,event-ingest,webhook,success,2026-10-06 02:30:17.485,2026-10-06 02:30:17.820,335
3125,event-ingest,webhook,success,2026-10-06 02:30:17.519,2026-10-06 02:30:17.898,379
3126,event-ingest,webhook,success,2026-10-06 02:30:18.470,2026-10-06 02:30:18.805,335
3127,event-ingest,webhook,success,2026-10-06 02:30:19.106,2026-10-06 02:30:19.453,347
3128,event-ingest,webhook,success,2026-10-06 02:30:20.032,2026-10-06 02:30:20.368,336
3129,event-ingest,webhook,success,2026-10-06 02:30:20.661,2026-10-06 02:30:21.013,352
3130,event-ingest,webhook,success,2026-10-06 02:30:21.594,2026-10-06 02:30:23.620,2026
3131,event-ingest,webhook,success,2026-10-06 02:30:22.533,2026-10-06 02:30:24.568,2035
3132,event-ingest,webhook,success,2026-10-06 02:30:22.558,2026-10-06 02:30:24.616,2058
3133,event-ingest,webhook,success,2026-10-06 02:30:23.489,2026-10-06 02:30:25.515,2026
3134,event-ingest,webhook,success,2026-10-06 02:30:23.513,2026-10-06 02:30:25.589,2076
3135,event-ingest,webhook,success,2026-10-06 02:30:23.541,2026-10-06 02:30:25.567,2026
3136,event-ingest,webhook,success,2026-10-06 02:30:23.568,2026-10-06 02:30:25.644,2076
3137,event-ingest,webhook,success,2026-10-06 02:30:25.391,2026-10-06 02:30:27.431,2040
3138,event-ingest,webhook,success,2026-10-06 02:30:25.418,2026-10-06 02:30:27.478,2060
3139,event-ingest,webhook,success,2026-10-06 02:30:25.441,2026-10-06 02:30:27.468,2027
3140,event-ingest,webhook,success,2026-10-06 02:30:25.470,2026-10-06 02:30:27.541,2071
3141,event-ingest,webhook,success,2026-10-06 02:30:25.503,2026-10-06 02:30:27.550,2047
3142,event-ingest,webhook,success,2026-10-06 02:30:25.554,2026-10-06 02:30:27.671,2117
3143,event-ingest,webhook,success,2026-10-06 02:30:25.610,2026-10-06 02:30:27.697,2087
3144,event-ingest,webhook,success,2026-10-06 02:30:25.702,2026-10-06 02:30:27.783,2081
3145,health-monitor,trigger,success,2026-10-06 02:35:00.025,2026-10-06 02:35:00.158,133
3146,health-monitor,trigger,success,2026-10-06 02:40:00.029,2026-10-06 02:40:00.112,83
3147,ioc-extractor,trigger,success,2026-10-06 02:45:00.029,2026-10-06 02:45:00.283,254
3148,health-monitor,trigger,success,2026-10-06 02:45:00.037,2026-10-06 02:45:00.197,160
3149,event-ingest,webhook,success,2026-10-06 02:45:02.682,2026-10-06 02:45:03.039,357
3150,event-ingest,webhook,success,2026-10-06 02:45:02.712,2026-10-06 02:45:03.090,378
3151,event-ingest,webhook,success,2026-10-06 02:45:02.738,2026-10-06 02:45:03.067,329
3152,event-ingest,webhook,success,2026-10-06 02:45:02.767,2026-10-06 02:45:03.131,364
3153,event-ingest,webhook,success,2026-10-06 02:45:04.593,2026-10-06 02:45:04.940,347
3154,event-ingest,webhook,success,2026-10-06 02:45:04.617,2026-10-06 02:45:04.986,369
3155,event-ingest,webhook,success,2026-10-06 02:45:04.642,2026-10-06 02:45:04.973,331
3156,event-ingest,webhook,success,2026-10-06 02:45:04.670,2026-10-06 02:45:05.032,362
3157,event-ingest,webhook,success,2026-10-06 02:45:06.801,2026-10-06 02:45:07.134,333
3158,event-ingest,webhook,success,2026-10-06 02:45:06.825,2026-10-06 02:45:07.199,374
3159,event-ingest,webhook,success,2026-10-06 02:45:06.848,2026-10-06 02:45:07.197,349
3160,event-ingest,webhook,success,2026-10-06 02:45:06.874,2026-10-06 02:45:07.248,374
3161,event-ingest,webhook,success,2026-10-06 02:45:09.016,2026-10-06 02:45:09.354,338
3162,event-ingest,webhook,success,2026-10-06 02:45:09.042,2026-10-06 02:45:09.411,369
3163,event-ingest,webhook,success,2026-10-06 02:45:09.065,2026-10-06 02:45:09.402,337
3164,event-ingest,webhook,success,2026-10-06 02:45:09.101,2026-10-06 02:45:09.455,354
3165,event-ingest,webhook,success,2026-10-06 02:45:10.928,2026-10-06 02:45:11.262,334
3166,event-ingest,webhook,success,2026-10-06 02:45:10.960,2026-10-06 02:45:11.332,372
3167,event-ingest,webhook,success,2026-10-06 02:45:10.983,2026-10-06 02:45:11.313,330
3168,event-ingest,webhook,success,2026-10-06 02:45:11.011,2026-10-06 02:45:11.386,375
3169,event-ingest,webhook,success,2026-10-06 02:45:11.039,2026-10-06 02:45:11.369,330
3170,event-ingest,webhook,success,2026-10-06 02:45:11.065,2026-10-06 02:45:11.486,421
3171,event-ingest,webhook,success,2026-10-06 02:45:12.002,2026-10-06 02:45:12.351,349
3172,event-ingest,webhook,success,2026-10-06 02:45:12.934,2026-10-06 02:45:13.267,333
3173,event-ingest,webhook,success,2026-10-06 02:45:13.561,2026-10-06 02:45:13.896,335
3174,event-ingest,webhook,success,2026-10-06 02:45:14.497,2026-10-06 02:45:14.833,336
3175,event-ingest,webhook,success,2026-10-06 02:45:15.133,2026-10-06 02:45:15.472,339
3176,event-ingest,webhook,success,2026-10-06 02:45:16.066,2026-10-06 02:45:16.401,335
3177,event-ingest,webhook,success,2026-10-06 02:45:16.999,2026-10-06 02:45:17.344,345
3178,event-ingest,webhook,success,2026-10-06 02:45:17.027,2026-10-06 02:45:17.380,353
3179,event-ingest,webhook,success,2026-10-06 02:45:17.964,2026-10-06 02:45:18.311,347
3180,event-ingest,webhook,success,2026-10-06 02:45:17.989,2026-10-06 02:45:18.367,378
3181,event-ingest,webhook,success,2026-10-06 02:45:18.013,2026-10-06 02:45:18.342,329
3182,event-ingest,webhook,success,2026-10-06 02:45:18.047,2026-10-06 02:45:18.425,378
3183,event-ingest,webhook,success,2026-10-06 02:45:19.881,2026-10-06 02:45:20.220,339
3184,event-ingest,webhook,success,2026-10-06 02:45:19.907,2026-10-06 02:45:21.978,2071
3185,event-ingest,webhook,success,2026-10-06 02:45:19.930,2026-10-06 02:45:21.969,2039
3186,event-ingest,webhook,success,2026-10-06 02:45:19.957,2026-10-06 02:45:22.014,2057
3187,event-ingest,webhook,success,2026-10-06 02:45:22.087,2026-10-06 02:45:24.113,2026
3188,event-ingest,webhook,success,2026-10-06 02:45:22.111,2026-10-06 02:45:24.177,2066
3189,event-ingest,webhook,success,2026-10-06 02:45:22.135,2026-10-06 02:45:24.166,2031
3190,event-ingest,webhook,success,2026-10-06 02:45:22.162,2026-10-06 02:45:24.218,2056
3191,event-ingest,webhook,success,2026-10-06 02:45:23.991,2026-10-06 02:45:26.016,2025
3192,event-ingest,webhook,success,2026-10-06 02:45:24.019,2026-10-06 02:45:26.094,2075
3193,event-ingest,webhook,success,2026-10-06 02:45:24.044,2026-10-06 02:45:26.069,2025
3194,event-ingest,webhook,success,2026-10-06 02:45:24.075,2026-10-06 02:45:26.145,2070
3195,event-ingest,webhook,success,2026-10-06 02:45:24.104,2026-10-06 02:45:26.143,2039
3196,event-ingest,webhook,success,2026-10-06 02:45:24.146,2026-10-06 02:45:26.227,2081
3197,event-ingest,webhook,success,2026-10-06 02:45:25.093,2026-10-06 02:45:27.125,2032
3198,event-ingest,webhook,success,2026-10-06 02:45:26.021,2026-10-06 02:45:28.063,2042
3199,event-ingest,webhook,success,2026-10-06 02:45:26.661,2026-10-06 02:45:28.692,2031
3200,event-ingest,webhook,success,2026-10-06 02:45:27.589,2026-10-06 02:45:29.612,2023
3201,event-ingest,webhook,success,2026-10-06 02:45:28.520,2026-10-06 02:45:30.555,2035
3202,event-ingest,webhook,success,2026-10-06 02:45:29.144,2026-10-06 02:45:31.167,2023
3203,event-ingest,webhook,success,2026-10-06 02:45:30.073,2026-10-06 02:45:32.105,2032
3204,event-ingest,webhook,success,2026-10-06 02:45:30.096,2026-10-06 02:45:32.156,2060
3205,event-ingest,webhook,success,2026-10-06 02:45:31.032,2026-10-06 02:45:33.059,2027
3206,event-ingest,webhook,success,2026-10-06 02:45:31.059,2026-10-06 02:45:33.120,2061
3207,event-ingest,webhook,success,2026-10-06 02:45:31.082,2026-10-06 02:45:33.110,2028
3208,event-ingest,webhook,success,2026-10-06 02:45:31.106,2026-10-06 02:45:33.171,2065
3209,event-ingest,webhook,success,2026-10-06 02:45:32.940,2026-10-06 02:45:34.974,2034
3210,event-ingest,webhook,success,2026-10-06 02:45:32.965,2026-10-06 02:45:35.026,2061
3211,event-ingest,webhook,success,2026-10-06 02:45:32.988,2026-10-06 02:45:35.013,2025
3212,event-ingest,webhook,success,2026-10-06 02:45:33.012,2026-10-06 02:45:35.079,2067
3213,event-ingest,webhook,success,2026-10-06 02:45:35.141,2026-10-06 02:45:37.167,2026
3214,event-ingest,webhook,success,2026-10-06 02:45:35.167,2026-10-06 02:45:37.229,2062
3215,event-ingest,webhook,success,2026-10-06 02:45:35.189,2026-10-06 02:45:37.218,2029
3216,event-ingest,webhook,success,2026-10-06 02:45:35.215,2026-10-06 02:45:37.271,2056
3217,event-ingest,webhook,success,2026-10-06 02:45:37.053,2026-10-06 02:45:39.081,2028
3218,event-ingest,webhook,success,2026-10-06 02:45:37.079,2026-10-06 02:45:39.141,2062
3219,event-ingest,webhook,success,2026-10-06 02:45:37.102,2026-10-06 02:45:39.129,2027
3220,event-ingest,webhook,success,2026-10-06 02:45:37.125,2026-10-06 02:45:39.186,2061
3221,event-ingest,webhook,success,2026-10-06 02:45:39.256,2026-10-06 02:45:41.284,2028
3222,event-ingest,webhook,success,2026-10-06 02:45:39.282,2026-10-06 02:45:41.349,2067
3223,event-ingest,webhook,success,2026-10-06 02:45:39.307,2026-10-06 02:45:41.333,2026
3224,event-ingest,webhook,success,2026-10-06 02:45:39.335,2026-10-06 02:45:41.399,2064
3225,event-ingest,webhook,success,2026-10-06 02:45:41.171,2026-10-06 02:45:43.199,2028
3226,event-ingest,webhook,success,2026-10-06 02:45:41.195,2026-10-06 02:45:43.269,2074
3227,event-ingest,webhook,success,2026-10-06 02:45:41.223,2026-10-06 02:45:43.262,2039
3228,event-ingest,webhook,success,2026-10-06 02:45:41.253,2026-10-06 02:45:43.310,2057
3229,event-ingest,webhook,success,2026-10-06 02:45:43.380,2026-10-06 02:45:45.409,2029
3230,event-ingest,webhook,success,2026-10-06 02:45:43.404,2026-10-06 02:45:45.474,2070
3231,event-ingest,webhook,success,2026-10-06 02:45:43.425,2026-10-06 02:45:45.451,2026
3232,event-ingest,webhook,success,2026-10-06 02:45:43.449,2026-10-06 02:45:45.509,2060
3233,event-ingest,webhook,success,2026-10-06 02:45:45.276,2026-10-06 02:45:47.316,2040
3234,event-ingest,webhook,success,2026-10-06 02:45:45.300,2026-10-06 02:45:47.363,2063
3235,event-ingest,webhook,success,2026-10-06 02:45:45.322,2026-10-06 02:45:47.351,2029
3236,event-ingest,webhook,success,2026-10-06 02:45:45.351,2026-10-06 02:45:47.424,2073
3237,event-ingest,webhook,success,2026-10-06 02:45:45.377,2026-10-06 02:45:47.403,2026
3238,event-ingest,webhook,success,2026-10-06 02:45:45.419,2026-10-06 02:45:47.472,2053
3239,event-ingest,webhook,success,2026-10-06 02:45:45.484,2026-10-06 02:45:47.555,2071
3240,event-ingest,webhook,success,2026-10-06 02:45:45.550,2026-10-06 02:45:47.633,2083
3241,event-ingest,webhook,success,2026-10-06 02:45:45.573,2026-10-06 02:45:47.610,2037
3242,event-ingest,webhook,success,2026-10-06 02:45:45.614,2026-10-06 02:45:49.321,3707
3243,event-ingest,webhook,success,2026-10-06 02:45:45.667,2026-10-06 02:45:47.700,2033
3244,event-ingest,webhook,success,2026-10-06 02:45:45.696,2026-10-06 02:45:49.371,3675
3245,event-ingest,webhook,success,2026-10-06 02:45:45.719,2026-10-06 02:45:49.413,3694
3246,event-ingest,webhook,success,2026-10-06 02:45:45.744,2026-10-06 02:45:49.361,3617
3247,health-monitor,trigger,success,2026-10-06 02:50:00.023,2026-10-06 02:50:00.131,108
3248,health-monitor,trigger,success,2026-10-06 02:55:00.029,2026-10-06 02:55:00.158,129
3249,health-monitor,trigger,success,2026-10-06 03:00:00.029,2026-10-06 03:00:00.203,174
3250,ioc-extractor,trigger,success,2026-10-06 03:00:00.039,2026-10-06 03:00:00.414,375
3251,event-ingest,webhook,success,2026-10-06 03:00:02.891,2026-10-06 03:00:03.288,397
3252,event-ingest,webhook,success,2026-10-06 03:00:02.920,2026-10-06 03:00:03.312,392
3253,event-ingest,webhook,success,2026-10-06 03:00:02.948,2026-10-06 03:00:03.286,338
3254,event-ingest,webhook,success,2026-10-06 03:00:02.988,2026-10-06 03:00:03.368,380
3255,event-ingest,webhook,success,2026-10-06 03:00:04.832,2026-10-06 03:00:05.167,335
3256,event-ingest,webhook,success,2026-10-06 03:00:04.859,2026-10-06 03:00:05.228,369
3257,event-ingest,webhook,success,2026-10-06 03:00:04.885,2026-10-06 03:00:05.227,342
3258,event-ingest,webhook,success,2026-10-06 03:00:04.912,2026-10-06 03:00:05.294,382
3259,event-ingest,webhook,success,2026-10-06 03:00:06.749,2026-10-06 03:00:07.079,330
3260,event-ingest,webhook,success,2026-10-06 03:00:06.776,2026-10-06 03:00:07.141,365
3261,event-ingest,webhook,success,2026-10-06 03:00:06.802,2026-10-06 03:00:07.139,337
3262,event-ingest,webhook,success,2026-10-06 03:00:06.830,2026-10-06 03:00:07.211,381
3263,event-ingest,webhook,success,2026-10-06 03:00:08.967,2026-10-06 03:00:09.315,348
3264,event-ingest,webhook,success,2026-10-06 03:00:08.994,2026-10-06 03:00:09.382,388
3265,event-ingest,webhook,success,2026-10-06 03:00:09.019,2026-10-06 03:00:09.373,354
3266,event-ingest,webhook,success,2026-10-06 03:00:09.048,2026-10-06 03:00:09.411,363
3267,event-ingest,webhook,success,2026-10-06 03:00:09.071,2026-10-06 03:00:09.398,327
3268,event-ingest,webhook,success,2026-10-06 03:00:09.097,2026-10-06 03:00:09.464,367
3269,event-ingest,webhook,success,2026-10-06 03:00:10.033,2026-10-06 03:00:10.381,348
3270,event-ingest,webhook,success,2026-10-06 03:00:10.967,2026-10-06 03:00:11.303,336
3271,event-ingest,webhook,success,2026-10-06 03:00:11.604,2026-10-06 03:00:11.942,338
3272,event-ingest,webhook,success,2026-10-06 03:00:12.533,2026-10-06 03:00:12.869,336
3273,event-ingest,webhook,success,2026-10-06 03:00:13.163,2026-10-06 03:00:13.507,344
3274,event-ingest,webhook,success,2026-10-06 03:00:13.202,2026-10-06 03:00:13.601,399
3275,event-ingest,webhook,success,2026-10-06 03:00:14.140,2026-10-06 03:00:14.478,338
3276,event-ingest,webhook,success,2026-10-06 03:00:14.168,2026-10-06 03:00:14.545,377
3277,event-ingest,webhook,success,2026-10-06 03:00:14.196,2026-10-06 03:00:14.532,336
3278,event-ingest,webhook,success,2026-10-06 03:00:14.224,2026-10-06 03:00:14.649,425
3279,event-ingest,webhook,success,2026-10-06 03:00:16.364,2026-10-06 03:00:16.702,338
3280,event-ingest,webhook,success,2026-10-06 03:00:16.390,2026-10-06 03:00:16.775,385
3281,event-ingest,webhook,success,2026-10-06 03:00:16.419,2026-10-06 03:00:16.773,354
3282,event-ingest,webhook,success,2026-10-06 03:00:16.447,2026-10-06 03:00:16.804,357
3283,event-ingest,webhook,success,2026-10-06 03:00:18.284,2026-10-06 03:00:18.629,345
3284,event-ingest,webhook,success,2026-10-06 03:00:18.315,2026-10-06 03:00:20.391,2076
3285,event-ingest,webhook,success,2026-10-06 03:00:18.344,2026-10-06 03:00:20.390,2046
3286,event-ingest,webhook,success,2026-10-06 03:00:18.375,2026-10-06 03:00:20.436,2061
3287,event-ingest,webhook,success,2026-10-06 03:00:20.507,2026-10-06 03:00:22.535,2028
3288,event-ingest,webhook,success,2026-10-06 03:00:20.534,2026-10-06 03:00:22.595,2061
3289,event-ingest,webhook,success,2026-10-06 03:00:20.559,2026-10-06 03:00:22.584,2025
3290,event-ingest,webhook,success,2026-10-06 03:00:20.585,2026-10-06 03:00:22.644,2059
3291,event-ingest,webhook,success,2026-10-06 03:00:22.420,2026-10-06 03:00:24.455,2035
3292,event-ingest,webhook,success,2026-10-06 03:00:22.448,2026-10-06 03:00:24.518,2070
3293,event-ingest,webhook,success,2026-10-06 03:00:22.472,2026-10-06 03:00:24.497,2025
3294,event-ingest,webhook,success,2026-10-06 03:00:22.496,2026-10-06 03:00:24.563,2067
3295,event-ingest,webhook,success,2026-10-06 03:00:24.624,2026-10-06 03:00:26.646,2022
3296,event-ingest,webhook,success,2026-10-06 03:00:24.650,2026-10-06 03:00:26.708,2058
3297,event-ingest,webhook,success,2026-10-06 03:00:24.671,2026-10-06 03:00:26.697,2026
3298,event-ingest,webhook,success,2026-10-06 03:00:24.697,2026-10-06 03:00:26.756,2059
3299,event-ingest,webhook,success,2026-10-06 03:00:24.721,2026-10-06 03:00:26.742,2021
3300,event-ingest,webhook,success,2026-10-06 03:00:24.745,2026-10-06 03:00:26.798,2053
3301,event-ingest,webhook,success,2026-10-06 03:00:25.671,2026-10-06 03:00:27.707,2036
3302,event-ingest,webhook,success,2026-10-06 03:00:26.604,2026-10-06 03:00:28.637,2033
3303,event-ingest,webhook,success,2026-10-06 03:00:27.239,2026-10-06 03:00:29.274,2035
3304,event-ingest,webhook,success,2026-10-06 03:00:28.175,2026-10-06 03:00:30.210,2035
3305,event-ingest,webhook,success,2026-10-06 03:00:28.199,2026-10-06 03:00:30.257,2058
3306,event-ingest,webhook,success,2026-10-06 03:00:29.127,2026-10-06 03:00:31.155,2028
3307,event-ingest,webhook,success,2026-10-06 03:00:29.156,2026-10-06 03:00:31.219,2063
3308,event-ingest,webhook,success,2026-10-06 03:00:29.177,2026-10-06 03:00:31.204,2027
3309,event-ingest,webhook,success,2026-10-06 03:00:29.201,2026-10-06 03:00:31.262,2061
3310,event-ingest,webhook,success,2026-10-06 03:00:31.029,2026-10-06 03:00:33.072,2043
3311,event-ingest,webhook,success,2026-10-06 03:00:31.059,2026-10-06 03:00:33.123,2064
3312,event-ingest,webhook,success,2026-10-06 03:00:31.081,2026-10-06 03:00:33.104,2023
3313,event-ingest,webhook,success,2026-10-06 03:00:31.105,2026-10-06 03:00:33.185,2080
3314,event-ingest,webhook,success,2026-10-06 03:00:31.138,2026-10-06 03:00:33.176,2038
3315,event-ingest,webhook,success,2026-10-06 03:00:31.177,2026-10-06 03:00:33.258,2081
3316,event-ingest,webhook,success,2026-10-06 03:00:31.216,2026-10-06 03:00:33.277,2061
3317,event-ingest,webhook,success,2026-10-06 03:00:31.290,2026-10-06 03:00:33.372,2082
3318,event-ingest,webhook,success,2026-10-06 03:00:31.328,2026-10-06 03:00:33.359,2031
3319,health-monitor,trigger,success,2026-10-06 03:05:00.028,2026-10-06 03:05:00.137,109
3320,health-monitor,trigger,success,2026-10-06 03:10:00.023,2026-10-06 03:10:00.128,105
3321,ioc-extractor,trigger,success,2026-10-06 03:15:00.035,2026-10-06 03:15:00.331,296
3322,health-monitor,trigger,success,2026-10-06 03:15:00.044,2026-10-06 03:15:00.225,181
3323,event-ingest,webhook,success,2026-10-06 03:15:02.583,2026-10-06 03:15:02.974,391
3324,event-ingest,webhook,success,2026-10-06 03:15:02.608,2026-10-06 03:15:02.984,376
3325,event-ingest,webhook,success,2026-10-06 03:15:02.634,2026-10-06 03:15:02.976,342
3326,event-ingest,webhook,success,2026-10-06 03:15:02.670,2026-10-06 03:15:03.052,382
3327,event-ingest,webhook,success,2026-10-06 03:15:04.804,2026-10-06 03:15:05.131,327
3328,event-ingest,webhook,success,2026-10-06 03:15:04.833,2026-10-06 03:15:05.202,369
3329,event-ingest,webhook,success,2026-10-06 03:15:04.858,2026-10-06 03:15:05.205,347
3330,event-ingest,webhook,success,2026-10-06 03:15:04.887,2026-10-06 03:15:05.273,386
3331,event-ingest,webhook,success,2026-10-06 03:15:04.912,2026-10-06 03:15:05.239,327
3332,event-ingest,webhook,success,2026-10-06 03:15:04.938,2026-10-06 03:15:05.303,365
3333,event-ingest,webhook,success,2026-10-06 03:15:05.872,2026-10-06 03:15:06.203,331
3334,event-ingest,webhook,success,2026-10-06 03:15:06.802,2026-10-06 03:15:07.131,329
3335,event-ingest,webhook,success,2026-10-06 03:15:07.730,2026-10-06 03:15:08.081,351
3336,event-ingest,webhook,success,2026-10-06 03:15:08.365,2026-10-06 03:15:08.703,338
3337,event-ingest,webhook,success,2026-10-06 03:15:09.299,2026-10-06 03:15:09.643,344
3338,event-ingest,webhook,success,2026-10-06 03:15:09.939,2026-10-06 03:15:10.283,344
3339,event-ingest,webhook,success,2026-10-06 03:15:09.964,2026-10-06 03:15:10.328,364
3340,event-ingest,webhook,success,2026-10-06 03:15:10.892,2026-10-06 03:15:11.225,333
3341,event-ingest,webhook,success,2026-10-06 03:15:10.916,2026-10-06 03:15:11.295,379
3342,event-ingest,webhook,success,2026-10-06 03:15:10.945,2026-10-06 03:15:11.297,352
3343,event-ingest,webhook,success,2026-10-06 03:15:10.976,2026-10-06 03:15:11.356,380
3344,event-ingest,webhook,success,2026-10-06 03:15:13.110,2026-10-06 03:15:13.445,335
3345,event-ingest,webhook,success,2026-10-06 03:15:13.136,2026-10-06 03:15:13.508,372
3346,event-ingest,webhook,success,2026-10-06 03:15:13.165,2026-10-06 03:15:13.554,389
3347,event-ingest,webhook,success,2026-10-06 03:15:13.192,2026-10-06 03:15:13.609,417
3348,event-ingest,webhook,success,2026-10-06 03:15:15.031,2026-10-06 03:15:15.380,349
3349,event-ingest,webhook,success,2026-10-06 03:15:15.058,2026-10-06 03:15:15.422,364
3350,event-ingest,webhook,success,2026-10-06 03:15:15.079,2026-10-06 03:15:15.407,328
3351,event-ingest,webhook,success,2026-10-06 03:15:15.107,2026-10-06 03:15:15.466,359
3352,event-ingest,webhook,success,2026-10-06 03:15:17.240,2026-10-06 03:15:17.609,369
3353,event-ingest,webhook,success,2026-10-06 03:15:17.269,2026-10-06 03:15:19.336,2067
3354,event-ingest,webhook,success,2026-10-06 03:15:17.294,2026-10-06 03:15:17.620,326
3355,event-ingest,webhook,success,2026-10-06 03:15:17.320,2026-10-06 03:15:19.386,2066
3356,event-ingest,webhook,success,2026-10-06 03:15:19.158,2026-10-06 03:15:21.189,2031
3357,event-ingest,webhook,success,2026-10-06 03:15:19.185,2026-10-06 03:15:21.246,2061
3358,event-ingest,webhook,success,2026-10-06 03:15:19.207,2026-10-06 03:15:21.235,2028
3359,event-ingest,webhook,success,2026-10-06 03:15:19.233,2026-10-06 03:15:21.295,2062
3360,event-ingest,webhook,success,2026-10-06 03:15:21.362,2026-10-06 03:15:23.387,2025
3361,event-ingest,webhook,success,2026-10-06 03:15:21.389,2026-10-06 03:15:23.452,2063
3362,event-ingest,webhook,success,2026-10-06 03:15:21.413,2026-10-06 03:15:23.444,2031
3363,event-ingest,webhook,success,2026-10-06 03:15:21.440,2026-10-06 03:15:23.497,2057
3364,event-ingest,webhook,success,2026-10-06 03:15:23.266,2026-10-06 03:15:25.302,2036
3365,event-ingest,webhook,success,2026-10-06 03:15:23.290,2026-10-06 03:15:25.355,2065
3366,event-ingest,webhook,success,2026-10-06 03:15:23.314,2026-10-06 03:15:25.343,2029
3367,event-ingest,webhook,success,2026-10-06 03:15:23.342,2026-10-06 03:15:25.416,2074
3368,event-ingest,webhook,success,2026-10-06 03:15:23.367,2026-10-06 03:15:25.402,2035
3369,event-ingest,webhook,success,2026-10-06 03:15:23.418,2026-10-06 03:15:25.522,2104
3370,event-ingest,webhook,success,2026-10-06 03:15:23.495,2026-10-06 03:15:25.535,2040
3371,health-monitor,trigger,success,2026-10-06 03:20:00.027,2026-10-06 03:20:00.139,112
3372,health-monitor,trigger,success,2026-10-06 03:25:00.031,2026-10-06 03:25:00.147,116
3373,ioc-extractor,trigger,success,2026-10-06 03:30:00.033,2026-10-06 03:30:00.247,214
3374,health-monitor,trigger,success,2026-10-06 03:30:00.041,2026-10-06 03:30:00.189,148
3375,event-ingest,webhook,success,2026-10-06 03:30:02.569,2026-10-06 03:30:02.970,401
3376,event-ingest,webhook,success,2026-10-06 03:30:02.601,2026-10-06 03:30:02.999,398
3377,event-ingest,webhook,success,2026-10-06 03:30:02.631,2026-10-06 03:30:02.972,341
3378,event-ingest,webhook,success,2026-10-06 03:30:02.682,2026-10-06 03:30:03.050,368
3379,event-ingest,webhook,success,2026-10-06 03:30:04.820,2026-10-06 03:30:05.174,354
3380,event-ingest,webhook,success,2026-10-06 03:30:04.852,2026-10-06 03:30:05.218,366
3381,event-ingest,webhook,success,2026-10-06 03:30:04.874,2026-10-06 03:30:05.200,326
3382,event-ingest,webhook,success,2026-10-06 03:30:04.900,2026-10-06 03:30:05.270,370
3383,event-ingest,webhook,success,2026-10-06 03:30:04.925,2026-10-06 03:30:05.255,330
3384,event-ingest,webhook,success,2026-10-06 03:30:04.952,2026-10-06 03:30:05.334,382
3385,event-ingest,webhook,success,2026-10-06 03:30:05.886,2026-10-06 03:30:06.225,339
3386,event-ingest,webhook,success,2026-10-06 03:30:06.817,2026-10-06 03:30:07.164,347
3387,event-ingest,webhook,success,2026-10-06 03:30:07.451,2026-10-06 03:30:07.789,338
3388,event-ingest,webhook,success,2026-10-06 03:30:08.386,2026-10-06 03:30:08.721,335
3389,event-ingest,webhook,success,2026-10-06 03:30:09.023,2026-10-06 03:30:09.380,357
3390,event-ingest,webhook,success,2026-10-06 03:30:09.949,2026-10-06 03:30:10.283,334
3391,event-ingest,webhook,success,2026-10-06 03:30:10.577,2026-10-06 03:30:10.917,340
3392,event-ingest,webhook,success,2026-10-06 03:30:10.604,2026-10-06 03:30:10.964,360
3393,event-ingest,webhook,success,2026-10-06 03:30:11.843,2026-10-06 03:30:12.183,340
3394,event-ingest,webhook,success,2026-10-06 03:30:11.874,2026-10-06 03:30:12.246,372
3395,event-ingest,webhook,success,2026-10-06 03:30:11.898,2026-10-06 03:30:12.231,333
3396,event-ingest,webhook,success,2026-10-06 03:30:11.923,2026-10-06 03:30:12.284,361
3397,event-ingest,webhook,success,2026-10-06 03:30:13.760,2026-10-06 03:30:14.095,335
3398,event-ingest,webhook,success,2026-10-06 03:30:13.788,2026-10-06 03:30:14.160,372
3399,event-ingest,webhook,success,2026-10-06 03:30:13.814,2026-10-06 03:30:14.168,354
3400,event-ingest,webhook,success,2026-10-06 03:30:13.849,2026-10-06 03:30:14.202,353
3401,event-ingest,webhook,success,2026-10-06 03:30:15.689,2026-10-06 03:30:16.020,331
3402,event-ingest,webhook,success,2026-10-06 03:30:15.715,2026-10-06 03:30:16.087,372
3403,event-ingest,webhook,success,2026-10-06 03:30:15.740,2026-10-06 03:30:16.072,332
3404,event-ingest,webhook,success,2026-10-06 03:30:15.767,2026-10-06 03:30:16.129,362
3405,event-ingest,webhook,success,2026-10-06 03:30:17.907,2026-10-06 03:30:18.257,350
3406,event-ingest,webhook,success,2026-10-06 03:30:17.935,2026-10-06 03:30:18.298,363
3407,event-ingest,webhook,success,2026-10-06 03:30:17.957,2026-10-06 03:30:18.284,327
3408,event-ingest,webhook,success,2026-10-06 03:30:17.982,2026-10-06 03:30:18.339,357
3409,event-ingest,webhook,success,2026-10-06 03:30:19.818,2026-10-06 03:30:20.162,344
3410,event-ingest,webhook,success,2026-10-06 03:30:19.844,2026-10-06 03:30:20.217,373
3411,event-ingest,webhook,success,2026-10-06 03:30:19.868,2026-10-06 03:30:20.204,336
3412,event-ingest,webhook,success,2026-10-06 03:30:19.900,2026-10-06 03:30:20.276,376
3413,event-ingest,webhook,success,2026-10-06 03:30:22.031,2026-10-06 03:30:24.075,2044
3414,event-ingest,webhook,success,2026-10-06 03:30:22.065,2026-10-06 03:30:24.145,2080
3415,event-ingest,webhook,success,2026-10-06 03:30:22.103,2026-10-06 03:30:24.143,2040
3416,event-ingest,webhook,success,2026-10-06 03:30:22.140,2026-10-06 03:30:24.210,2070
3417,event-ingest,webhook,success,2026-10-06 03:30:22.165,2026-10-06 03:30:24.192,2027
3418,event-ingest,webhook,success,2026-10-06 03:30:22.194,2026-10-06 03:30:24.262,2068
3419,health-monitor,trigger,success,2026-10-06 03:35:00.029,2026-10-06 03:35:00.164,135
3420,health-monitor,trigger,success,2026-10-06 03:40:00.027,2026-10-06 03:40:00.123,96
3421,ioc-extractor,trigger,success,2026-10-06 03:45:00.032,2026-10-06 03:45:00.270,238
3422,health-monitor,trigger,success,2026-10-06 03:45:00.039,2026-10-06 03:45:00.211,172
3423,event-ingest,webhook,success,2026-10-06 03:45:02.770,2026-10-06 03:45:03.163,393
3424,event-ingest,webhook,success,2026-10-06 03:45:02.795,2026-10-06 03:45:03.172,377
3425,event-ingest,webhook,success,2026-10-06 03:45:02.818,2026-10-06 03:45:03.164,346
3426,event-ingest,webhook,success,2026-10-06 03:45:02.845,2026-10-06 03:45:03.203,358
3427,event-ingest,webhook,success,2026-10-06 03:45:04.685,2026-10-06 03:45:05.036,351
3428,event-ingest,webhook,success,2026-10-06 03:45:04.714,2026-10-06 03:45:05.082,368
3429,event-ingest,webhook,success,2026-10-06 03:45:04.740,2026-10-06 03:45:05.085,345
3430,event-ingest,webhook,success,2026-10-06 03:45:04.767,2026-10-06 03:45:05.146,379
3431,event-ingest,webhook,success,2026-10-06 03:45:06.895,2026-10-06 03:45:07.230,335
3432,event-ingest,webhook,success,2026-10-06 03:45:06.922,2026-10-06 03:45:07.295,373
3433,event-ingest,webhook,success,2026-10-06 03:45:06.944,2026-10-06 03:45:07.281,337
3434,event-ingest,webhook,success,2026-10-06 03:45:06.971,2026-10-06 03:45:07.334,363
3435,event-ingest,webhook,success,2026-10-06 03:45:08.814,2026-10-06 03:45:09.149,335
3436,event-ingest,webhook,success,2026-10-06 03:45:08.840,2026-10-06 03:45:09.214,374
3437,event-ingest,webhook,success,2026-10-06 03:45:08.864,2026-10-06 03:45:09.190,326
3438,event-ingest,webhook,success,2026-10-06 03:45:08.891,2026-10-06 03:45:09.260,369
3439,event-ingest,webhook,success,2026-10-06 03:45:11.022,2026-10-06 03:45:11.355,333
3440,event-ingest,webhook,success,2026-10-06 03:45:11.047,2026-10-06 03:45:11.429,382
3441,event-ingest,webhook,success,2026-10-06 03:45:11.072,2026-10-06 03:45:11.464,392
3442,event-ingest,webhook,success,2026-10-06 03:45:11.100,2026-10-06 03:45:11.483,383
3443,event-ingest,webhook,success,2026-10-06 03:45:11.124,2026-10-06 03:45:11.501,377
3444,event-ingest,webhook,success,2026-10-06 03:45:11.151,2026-10-06 03:45:11.507,356
3445,event-ingest,webhook,success,2026-10-06 03:45:12.081,2026-10-06 03:45:12.482,401
3446,event-ingest,webhook,success,2026-10-06 03:45:13.014,2026-10-06 03:45:13.350,336
3447,event-ingest,webhook,success,2026-10-06 03:45:13.648,2026-10-06 03:45:13.985,337
3448,event-ingest,webhook,success,2026-10-06 03:45:14.582,2026-10-06 03:45:14.917,335
3449,event-ingest,webhook,success,2026-10-06 03:45:15.213,2026-10-06 03:45:15.545,332
3450,event-ingest,webhook,success,2026-10-06 03:45:16.139,2026-10-06 03:45:16.472,333
3451,event-ingest,webhook,success,2026-10-06 03:45:16.775,2026-10-06 03:45:17.117,342
3452,event-ingest,webhook,success,2026-10-06 03:45:16.800,2026-10-06 03:45:17.157,357
3453,event-ingest,webhook,success,2026-10-06 03:45:18.030,2026-10-06 03:45:20.054,2024
3454,event-ingest,webhook,success,2026-10-06 03:45:18.055,2026-10-06 03:45:20.112,2057
3455,event-ingest,webhook,success,2026-10-06 03:45:18.076,2026-10-06 03:45:20.099,2023
3456,event-ingest,webhook,success,2026-10-06 03:45:18.102,2026-10-06 03:45:20.158,2056
3457,event-ingest,webhook,success,2026-10-06 03:45:19.937,2026-10-06 03:45:21.972,2035
3458,event-ingest,webhook,success,2026-10-06 03:45:19.965,2026-10-06 03:45:22.032,2067
3459,event-ingest,webhook,success,2026-10-06 03:45:19.989,2026-10-06 03:45:22.016,2027
3460,event-ingest,webhook,success,2026-10-06 03:45:20.016,2026-10-06 03:45:22.081,2065
3461,event-ingest,webhook,success,2026-10-06 03:45:22.148,2026-10-06 03:45:24.172,2024
3462,event-ingest,webhook,success,2026-10-06 03:45:22.172,2026-10-06 03:45:24.240,2068
3463,event-ingest,webhook,success,2026-10-06 03:45:22.199,2026-10-06 03:45:24.223,2024
3464,event-ingest,webhook,success,2026-10-06 03:45:22.226,2026-10-06 03:45:24.283,2057
3465,event-ingest,webhook,success,2026-10-06 03:45:24.057,2026-10-06 03:45:26.089,2032
3466,event-ingest,webhook,success,2026-10-06 03:45:24.086,2026-10-06 03:45:26.148,2062
3467,event-ingest,webhook,success,2026-10-06 03:45:24.110,2026-10-06 03:45:26.136,2026
3468,event-ingest,webhook,success,2026-10-06 03:45:24.138,2026-10-06 03:45:26.197,2059
3469,event-ingest,webhook,success,2026-10-06 03:45:26.264,2026-10-06 03:45:28.299,2035
3470,event-ingest,webhook,success,2026-10-06 03:45:26.287,2026-10-06 03:45:28.352,2065
3471,event-ingest,webhook,success,2026-10-06 03:45:26.308,2026-10-06 03:45:28.333,2025
3472,event-ingest,webhook,success,2026-10-06 03:45:26.334,2026-10-06 03:45:28.389,2055
3473,event-ingest,webhook,success,2026-10-06 03:45:28.179,2026-10-06 03:45:30.211,2032
3474,event-ingest,webhook,success,2026-10-06 03:45:28.211,2026-10-06 03:45:30.318,2107
3475,event-ingest,webhook,success,2026-10-06 03:45:28.243,2026-10-06 03:45:30.282,2039
3476,event-ingest,webhook,success,2026-10-06 03:45:28.310,2026-10-06 03:45:30.353,2043
3477,event-ingest,webhook,success,2026-10-06 03:45:30.157,2026-10-06 03:45:32.190,2033
3478,event-ingest,webhook,success,2026-10-06 03:45:30.181,2026-10-06 03:45:32.254,2073
3479,event-ingest,webhook,success,2026-10-06 03:45:30.209,2026-10-06 03:45:32.245,2036
3480,event-ingest,webhook,success,2026-10-06 03:45:30.241,2026-10-06 03:45:32.300,2059
3481,event-ingest,webhook,success,2026-10-06 03:45:32.370,2026-10-06 03:45:34.394,2024
3482,event-ingest,webhook,success,2026-10-06 03:45:32.394,2026-10-06 03:45:34.455,2061
3483,event-ingest,webhook,success,2026-10-06 03:45:32.417,2026-10-06 03:45:34.442,2025
3484,event-ingest,webhook,success,2026-10-06 03:45:32.447,2026-10-06 03:45:34.501,2054
3485,event-ingest,webhook,success,2026-10-06 03:45:34.279,2026-10-06 03:45:36.305,2026
3486,event-ingest,webhook,success,2026-10-06 03:45:34.304,2026-10-06 03:45:36.364,2060
3487,event-ingest,webhook,success,2026-10-06 03:45:34.325,2026-10-06 03:45:36.349,2024
3488,event-ingest,webhook,success,2026-10-06 03:45:34.351,2026-10-06 03:45:36.416,2065
3489,event-ingest,webhook,success,2026-10-06 03:45:34.375,2026-10-06 03:45:36.409,2034
3490,event-ingest,webhook,success,2026-10-06 03:45:34.418,2026-10-06 03:45:36.483,2065
3491,event-ingest,webhook,success,2026-10-06 03:45:35.349,2026-10-06 03:45:37.381,2032
3492,event-ingest,webhook,success,2026-10-06 03:45:36.284,2026-10-06 03:45:38.319,2035
3493,event-ingest,webhook,success,2026-10-06 03:45:36.907,2026-10-06 03:45:38.938,2031
3494,event-ingest,webhook,success,2026-10-06 03:45:37.834,2026-10-06 03:45:39.868,2034
3495,event-ingest,webhook,success,2026-10-06 03:45:37.859,2026-10-06 03:45:39.918,2059
3496,event-ingest,webhook,success,2026-10-06 03:45:38.780,2026-10-06 03:45:40.812,2032
3497,event-ingest,webhook,success,2026-10-06 03:45:38.804,2026-10-06 03:45:40.869,2065
3498,event-ingest,webhook,success,2026-10-06 03:45:38.829,2026-10-06 03:45:40.864,2035
3499,event-ingest,webhook,success,2026-10-06 03:45:38.857,2026-10-06 03:45:40.929,2072
3500,event-ingest,webhook,success,2026-10-06 03:45:38.879,2026-10-06 03:45:40.905,2026
3501,event-ingest,webhook,success,2026-10-06 03:45:38.903,2026-10-06 03:45:40.972,2069
3502,event-ingest,webhook,success,2026-10-06 03:45:38.945,2026-10-06 03:45:40.984,2039
3503,event-ingest,webhook,success,2026-10-06 03:45:38.990,2026-10-06 03:45:41.880,2890
3504,event-ingest,webhook,success,2026-10-06 03:45:39.036,2026-10-06 03:45:41.072,2036
3505,event-ingest,webhook,success,2026-10-06 03:45:39.068,2026-10-06 03:45:42.823,3755
3506,event-ingest,webhook,success,2026-10-06 03:45:39.093,2026-10-06 03:45:41.934,2841
3507,event-ingest,webhook,success,2026-10-06 03:45:39.119,2026-10-06 03:45:42.880,3761
3508,health-monitor,trigger,success,2026-10-06 03:50:00.020,2026-10-06 03:50:00.141,121
3509,health-monitor,trigger,success,2026-10-06 03:55:00.025,2026-10-06 03:55:00.154,129
3510,ioc-extractor,trigger,success,2026-10-06 04:00:00.035,2026-10-06 04:00:00.354,319
3511,health-monitor,trigger,success,2026-10-06 04:00:00.042,2026-10-06 04:00:00.218,176
3512,event-ingest,webhook,success,2026-10-06 04:00:02.563,2026-10-06 04:00:02.985,422
3513,event-ingest,webhook,success,2026-10-06 04:00:02.607,2026-10-06 04:00:02.995,388
3514,event-ingest,webhook,success,2026-10-06 04:00:02.660,2026-10-06 04:00:02.987,327
3515,event-ingest,webhook,success,2026-10-06 04:00:02.689,2026-10-06 04:00:03.054,365
3516,event-ingest,webhook,success,2026-10-06 04:00:04.824,2026-10-06 04:00:05.173,349
3517,event-ingest,webhook,success,2026-10-06 04:00:04.854,2026-10-06 04:00:05.231,377
3518,event-ingest,webhook,success,2026-10-06 04:00:04.879,2026-10-06 04:00:05.219,340
3519,event-ingest,webhook,success,2026-10-06 04:00:04.908,2026-10-06 04:00:05.284,376
3520,event-ingest,webhook,success,2026-10-06 04:00:06.738,2026-10-06 04:00:07.076,338
3521,event-ingest,webhook,success,2026-10-06 04:00:06.762,2026-10-06 04:00:07.136,374
3522,event-ingest,webhook,success,2026-10-06 04:00:06.784,2026-10-06 04:00:07.117,333
3523,event-ingest,webhook,success,2026-10-06 04:00:06.809,2026-10-06 04:00:07.170,361
3524,event-ingest,webhook,success,2026-10-06 04:00:08.941,2026-10-06 04:00:09.289,348
3525,event-ingest,webhook,success,2026-10-06 04:00:08.966,2026-10-06 04:00:09.330,364
3526,event-ingest,webhook,success,2026-10-06 04:00:08.990,2026-10-06 04:00:09.316,326
3527,event-ingest,webhook,success,2026-10-06 04:00:09.016,2026-10-06 04:00:09.378,362
3528,event-ingest,webhook,success,2026-10-06 04:00:10.850,2026-10-06 04:00:11.184,334
3529,event-ingest,webhook,success,2026-10-06 04:00:10.875,2026-10-06 04:00:11.253,378
3530,event-ingest,webhook,success,2026-10-06 04:00:10.900,2026-10-06 04:00:11.234,334
3531,event-ingest,webhook,success,2026-10-06 04:00:10.929,2026-10-06 04:00:11.289,360
3532,event-ingest,webhook,success,2026-10-06 04:00:13.065,2026-10-06 04:00:13.449,384
3533,event-ingest,webhook,success,2026-10-06 04:00:13.090,2026-10-06 04:00:13.485,395
3534,event-ingest,webhook,success,2026-10-06 04:00:13.114,2026-10-06 04:00:13.459,345
3535,event-ingest,webhook,success,2026-10-06 04:00:13.144,2026-10-06 04:00:13.512,368
3536,event-ingest,webhook,success,2026-10-06 04:00:14.983,2026-10-06 04:00:15.333,350
3537,event-ingest,webhook,success,2026-10-06 04:00:15.009,2026-10-06 04:00:15.447,438
3538,event-ingest,webhook,success,2026-10-06 04:00:15.032,2026-10-06 04:00:15.360,328
3539,event-ingest,webhook,success,2026-10-06 04:00:15.057,2026-10-06 04:00:15.444,387
3540,event-ingest,webhook,success,2026-10-06 04:00:17.198,2026-10-06 04:00:17.531,333
3541,event-ingest,webhook,success,2026-10-06 04:00:17.225,2026-10-06 04:00:17.594,369
3542,event-ingest,webhook,success,2026-10-06 04:00:17.247,2026-10-06 04:00:17.576,329
3543,event-ingest,webhook,success,2026-10-06 04:00:17.272,2026-10-06 04:00:19.337,2065
3544,event-ingest,webhook,success,2026-10-06 04:00:19.108,2026-10-06 04:00:21.138,2030
3545,event-ingest,webhook,success,2026-10-06 04:00:19.136,2026-10-06 04:00:21.196,2060
3546,event-ingest,webhook,success,2026-10-06 04:00:19.158,2026-10-06 04:00:21.185,2027
3547,event-ingest,webhook,success,2026-10-06 04:00:19.185,2026-10-06 04:00:21.248,2063
3548,event-ingest,webhook,success,2026-10-06 04:00:21.316,2026-10-06 04:00:23.347,2031
3549,event-ingest,webhook,success,2026-10-06 04:00:21.346,2026-10-06 04:00:23.421,2075
3550,event-ingest,webhook,success,2026-10-06 04:00:21.377,2026-10-06 04:00:23.405,2028
3551,event-ingest,webhook,success,2026-10-06 04:00:21.408,2026-10-06 04:00:23.475,2067
3552,event-ingest,webhook,success,2026-10-06 04:00:23.241,2026-10-06 04:00:25.275,2034
3553,event-ingest,webhook,success,2026-10-06 04:00:23.268,2026-10-06 04:00:25.333,2065
3554,event-ingest,webhook,success,2026-10-06 04:00:23.291,2026-10-06 04:00:25.320,2029
3555,event-ingest,webhook,success,2026-10-06 04:00:23.323,2026-10-06 04:00:25.387,2064
3556,event-ingest,webhook,success,2026-10-06 04:00:25.453,2026-10-06 04:00:27.475,2022
3557,event-ingest,webhook,success,2026-10-06 04:00:25.484,2026-10-06 04:00:27.544,2060
3558,event-ingest,webhook,success,2026-10-06 04:00:25.507,2026-10-06 04:00:27.529,2022
3559,event-ingest,webhook,success,2026-10-06 04:00:25.533,2026-10-06 04:00:27.587,2054
3560,event-ingest,webhook,success,2026-10-06 04:00:27.357,2026-10-06 04:00:29.380,2023
3561,event-ingest,webhook,success,2026-10-06 04:00:27.382,2026-10-06 04:00:29.451,2069
3562,event-ingest,webhook,success,2026-10-06 04:00:27.406,2026-10-06 04:00:29.431,2025
3563,event-ingest,webhook,success,2026-10-06 04:00:27.435,2026-10-06 04:00:29.501,2066
3564,event-ingest,webhook,success,2026-10-06 04:00:27.460,2026-10-06 04:00:29.491,2031
3565,event-ingest,webhook,success,2026-10-06 04:00:27.498,2026-10-06 04:00:29.565,2067
3566,event-ingest,webhook,success,2026-10-06 04:00:28.737,2026-10-06 04:00:30.773,2036
3567,event-ingest,webhook,success,2026-10-06 04:00:29.369,2026-10-06 04:00:31.410,2041
3568,event-ingest,webhook,success,2026-10-06 04:00:30.307,2026-10-06 04:00:32.335,2028
3569,event-ingest,webhook,success,2026-10-06 04:00:30.935,2026-10-06 04:00:32.970,2035
3570,event-ingest,webhook,success,2026-10-06 04:00:31.868,2026-10-06 04:00:33.895,2027
3571,event-ingest,webhook,success,2026-10-06 04:00:32.503,2026-10-06 04:00:34.533,2030
3572,event-ingest,webhook,success,2026-10-06 04:00:32.528,2026-10-06 04:00:34.603,2075
3573,event-ingest,webhook,success,2026-10-06 04:00:33.457,2026-10-06 04:00:35.494,2037
3574,event-ingest,webhook,success,2026-10-06 04:00:33.481,2026-10-06 04:00:35.559,2078
3575,event-ingest,webhook,success,2026-10-06 04:00:33.503,2026-10-06 04:00:35.533,2030
3576,event-ingest,webhook,success,2026-10-06 04:00:33.547,2026-10-06 04:00:35.625,2078
3577,event-ingest,webhook,success,2026-10-06 04:00:35.686,2026-10-06 04:00:37.726,2040
3578,event-ingest,webhook,success,2026-10-06 04:00:35.711,2026-10-06 04:00:37.787,2076
3579,event-ingest,webhook,success,2026-10-06 04:00:35.742,2026-10-06 04:00:37.775,2033
3580,event-ingest,webhook,success,2026-10-06 04:00:35.774,2026-10-06 04:00:37.857,2083
3581,event-ingest,webhook,success,2026-10-06 04:00:35.803,2026-10-06 04:00:37.840,2037
3582,event-ingest,webhook,success,2026-10-06 04:00:35.838,2026-10-06 04:00:37.909,2071
3583,event-ingest,webhook,success,2026-10-06 04:00:35.870,2026-10-06 04:00:37.897,2027
3584,event-ingest,webhook,success,2026-10-06 04:00:35.897,2026-10-06 04:00:37.970,2073
3585,event-ingest,webhook,success,2026-10-06 04:00:35.922,2026-10-06 04:00:37.948,2026
3586,event-ingest,webhook,success,2026-10-06 04:00:35.951,2026-10-06 04:00:39.737,3786
3587,event-ingest,webhook,success,2026-10-06 04:00:35.979,2026-10-06 04:00:38.006,2027
3588,event-ingest,webhook,success,2026-10-06 04:00:36.015,2026-10-06 04:00:39.796,3781
3589,event-ingest,webhook,success,2026-10-06 04:00:36.043,2026-10-06 04:00:39.786,3743
3590,health-monitor,trigger,success,2026-10-06 04:05:00.030,2026-10-06 04:05:00.146,116
3591,health-monitor,trigger,success,2026-10-06 04:10:00.024,2026-10-06 04:10:00.142,118
3592,health-monitor,trigger,success,2026-10-06 04:15:00.036,2026-10-06 04:15:00.199,163
3593,ioc-extractor,trigger,success,2026-10-06 04:15:00.044,2026-10-06 04:15:00.374,330
3594,event-ingest,webhook,success,2026-10-06 04:15:02.790,2026-10-06 04:15:03.212,422
3595,event-ingest,webhook,success,2026-10-06 04:15:02.825,2026-10-06 04:15:03.219,394
3596,event-ingest,webhook,success,2026-10-06 04:15:02.862,2026-10-06 04:15:03.221,359
3597,event-ingest,webhook,success,2026-10-06 04:15:02.910,2026-10-06 04:15:03.281,371
3598,event-ingest,webhook,success,2026-10-06 04:15:04.751,2026-10-06 04:15:05.087,336
3599,event-ingest,webhook,success,2026-10-06 04:15:04.776,2026-10-06 04:15:05.139,363
3600,event-ingest,webhook,success,2026-10-06 04:15:04.799,2026-10-06 04:15:05.125,326
3601,event-ingest,webhook,success,2026-10-06 04:15:04.826,2026-10-06 04:15:05.183,357
3602,event-ingest,webhook,success,2026-10-06 04:15:06.965,2026-10-06 04:15:07.302,337
3603,event-ingest,webhook,success,2026-10-06 04:15:06.992,2026-10-06 04:15:07.357,365
3604,event-ingest,webhook,success,2026-10-06 04:15:07.015,2026-10-06 04:15:07.393,378
3605,event-ingest,webhook,success,2026-10-06 04:15:07.045,2026-10-06 04:15:07.441,396
3606,event-ingest,webhook,success,2026-10-06 04:15:08.886,2026-10-06 04:15:09.246,360
3607,event-ingest,webhook,success,2026-10-06 04:15:08.915,2026-10-06 04:15:09.277,362
3608,event-ingest,webhook,success,2026-10-06 04:15:08.941,2026-10-06 04:15:09.274,333
3609,event-ingest,webhook,success,2026-10-06 04:15:08.967,2026-10-06 04:15:09.393,426
3610,event-ingest,webhook,success,2026-10-06 04:15:11.101,2026-10-06 04:15:11.428,327
3611,event-ingest,webhook,success,2026-10-06 04:15:11.128,2026-10-06 04:15:11.494,366
3612,event-ingest,webhook,success,2026-10-06 04:15:11.149,2026-10-06 04:15:11.496,347
3613,event-ingest,webhook,success,2026-10-06 04:15:11.177,2026-10-06 04:15:11.552,375
3614,event-ingest,webhook,success,2026-10-06 04:15:13.011,2026-10-06 04:15:13.399,388
3615,event-ingest,webhook,success,2026-10-06 04:15:13.036,2026-10-06 04:15:13.448,412
3616,event-ingest,webhook,success,2026-10-06 04:15:13.061,2026-10-06 04:15:13.397,336
3617,event-ingest,webhook,success,2026-10-06 04:15:13.088,2026-10-06 04:15:13.450,362
3618,event-ingest,webhook,success,2026-10-06 04:15:15.228,2026-10-06 04:15:15.568,340
3619,event-ingest,webhook,success,2026-10-06 04:15:15.253,2026-10-06 04:15:15.630,377
3620,event-ingest,webhook,success,2026-10-06 04:15:15.281,2026-10-06 04:15:15.612,331
3621,event-ingest,webhook,success,2026-10-06 04:15:15.307,2026-10-06 04:15:15.663,356
3622,event-ingest,webhook,success,2026-10-06 04:15:17.143,2026-10-06 04:15:17.475,332
3623,event-ingest,webhook,success,2026-10-06 04:15:17.169,2026-10-06 04:15:19.236,2067
3624,event-ingest,webhook,success,2026-10-06 04:15:17.193,2026-10-06 04:15:17.534,341
3625,event-ingest,webhook,success,2026-10-06 04:15:17.218,2026-10-06 04:15:19.280,2062
3626,event-ingest,webhook,success,2026-10-06 04:15:19.347,2026-10-06 04:15:21.373,2026
3627,event-ingest,webhook,success,2026-10-06 04:15:19.374,2026-10-06 04:15:21.437,2063
3628,event-ingest,webhook,success,2026-10-06 04:15:19.397,2026-10-06 04:15:21.422,2025
3629,event-ingest,webhook,success,2026-10-06 04:15:19.423,2026-10-06 04:15:21.486,2063
3630,event-ingest,webhook,success,2026-10-06 04:15:19.447,2026-10-06 04:15:21.471,2024
3631,event-ingest,webhook,success,2026-10-06 04:15:19.477,2026-10-06 04:15:21.536,2059
3632,event-ingest,webhook,success,2026-10-06 04:15:20.408,2026-10-06 04:15:22.441,2033
3633,event-ingest,webhook,success,2026-10-06 04:15:21.331,2026-10-06 04:15:23.364,2033
3634,event-ingest,webhook,success,2026-10-06 04:15:21.966,2026-10-06 04:15:23.994,2028
3635,event-ingest,webhook,success,2026-10-06 04:15:22.902,2026-10-06 04:15:24.935,2033
3636,event-ingest,webhook,success,2026-10-06 04:15:23.529,2026-10-06 04:15:25.560,2031
3637,event-ingest,webhook,success,2026-10-06 04:15:24.456,2026-10-06 04:15:26.488,2032
3638,event-ingest,webhook,success,2026-10-06 04:15:24.480,2026-10-06 04:15:26.531,2051
3639,event-ingest,webhook,success,2026-10-06 04:15:25.402,2026-10-06 04:15:27.432,2030
3640,event-ingest,webhook,success,2026-10-06 04:15:25.428,2026-10-06 04:15:27.485,2057
3641,event-ingest,webhook,success,2026-10-06 04:15:25.453,2026-10-06 04:15:27.476,2023
3642,event-ingest,webhook,success,2026-10-06 04:15:25.480,2026-10-06 04:15:27.566,2086
3643,event-ingest,webhook,success,2026-10-06 04:15:25.514,2026-10-06 04:15:27.542,2028
3644,event-ingest,webhook,success,2026-10-06 04:15:25.558,2026-10-06 04:15:27.646,2088
3645,event-ingest,webhook,success,2026-10-06 04:15:25.602,2026-10-06 04:15:27.630,2028
3646,event-ingest,webhook,success,2026-10-06 04:15:25.632,2026-10-06 04:15:27.698,2066
3647,health-monitor,trigger,success,2026-10-06 04:20:00.030,2026-10-06 04:20:00.173,143
3648,health-monitor,trigger,success,2026-10-06 04:25:00.024,2026-10-06 04:25:00.117,93
3649,ioc-extractor,trigger,success,2026-10-06 04:30:00.031,2026-10-06 04:30:00.285,254
3650,health-monitor,trigger,success,2026-10-06 04:30:00.038,2026-10-06 04:30:00.208,170
3651,event-ingest,webhook,success,2026-10-06 04:30:02.886,2026-10-06 04:30:03.276,390
3652,event-ingest,webhook,success,2026-10-06 04:30:02.914,2026-10-06 04:30:03.301,387
3653,event-ingest,webhook,success,2026-10-06 04:30:02.944,2026-10-06 04:30:03.279,335
3654,event-ingest,webhook,success,2026-10-06 04:30:02.982,2026-10-06 04:30:03.399,417
3655,event-ingest,webhook,success,2026-10-06 04:30:04.823,2026-10-06 04:30:05.172,349
3656,event-ingest,webhook,success,2026-10-06 04:30:04.848,2026-10-06 04:30:05.216,368
3657,event-ingest,webhook,success,2026-10-06 04:30:04.880,2026-10-06 04:30:05.214,334
3658,event-ingest,webhook,success,2026-10-06 04:30:04.908,2026-10-06 04:30:05.285,377
3659,event-ingest,webhook,success,2026-10-06 04:30:06.734,2026-10-06 04:30:07.071,337
3660,event-ingest,webhook,success,2026-10-06 04:30:06.759,2026-10-06 04:30:07.134,375
3661,event-ingest,webhook,success,2026-10-06 04:30:06.784,2026-10-06 04:30:07.114,330
3662,event-ingest,webhook,success,2026-10-06 04:30:06.810,2026-10-06 04:30:07.176,366
3663,event-ingest,webhook,success,2026-10-06 04:30:08.953,2026-10-06 04:30:09.297,344
3664,event-ingest,webhook,success,2026-10-06 04:30:08.979,2026-10-06 04:30:09.375,396
3665,event-ingest,webhook,success,2026-10-06 04:30:09.005,2026-10-06 04:30:09.402,397
3666,event-ingest,webhook,success,2026-10-06 04:30:09.032,2026-10-06 04:30:09.400,368
3667,event-ingest,webhook,success,2026-10-06 04:30:10.863,2026-10-06 04:30:11.211,348
3668,event-ingest,webhook,success,2026-10-06 04:30:10.888,2026-10-06 04:30:11.262,374
3669,event-ingest,webhook,success,2026-10-06 04:30:10.912,2026-10-06 04:30:11.244,332
3670,event-ingest,webhook,success,2026-10-06 04:30:10.940,2026-10-06 04:30:11.294,354
3671,event-ingest,webhook,success,2026-10-06 04:30:13.083,2026-10-06 04:30:13.421,338
3672,event-ingest,webhook,success,2026-10-06 04:30:13.112,2026-10-06 04:30:13.480,368
3673,event-ingest,webhook,success,2026-10-06 04:30:13.136,2026-10-06 04:30:13.470,334
3674,event-ingest,webhook,success,2026-10-06 04:30:13.162,2026-10-06 04:30:13.528,366
3675,event-ingest,webhook,success,2026-10-06 04:30:15.004,2026-10-06 04:30:15.403,399
3676,event-ingest,webhook,success,2026-10-06 04:30:15.030,2026-10-06 04:30:15.405,375
3677,event-ingest,webhook,success,2026-10-06 04:30:15.053,2026-10-06 04:30:15.414,361
3678,event-ingest,webhook,success,2026-10-06 04:30:15.079,2026-10-06 04:30:15.453,374
3679,event-ingest,webhook,success,2026-10-06 04:30:17.215,2026-10-06 04:30:17.548,333
3680,event-ingest,webhook,success,2026-10-06 04:30:17.242,2026-10-06 04:30:17.602,360
3681,event-ingest,webhook,success,2026-10-06 04:30:17.266,2026-10-06 04:30:17.600,334
3682,event-ingest,webhook,success,2026-10-06 04:30:17.294,2026-10-06 04:30:19.368,2074
3683,event-ingest,webhook,success,2026-10-06 04:30:17.323,2026-10-06 04:30:19.361,2038
3684,event-ingest,webhook,success,2026-10-06 04:30:17.357,2026-10-06 04:30:19.417,2060
3685,event-ingest,webhook,success,2026-10-06 04:30:18.283,2026-10-06 04:30:20.316,2033
3686,event-ingest,webhook,success,2026-10-06 04:30:19.218,2026-10-06 04:30:21.252,2034
3687,event-ingest,webhook,success,2026-10-06 04:30:19.852,2026-10-06 04:30:21.891,2039
3688,event-ingest,webhook,success,2026-10-06 04:30:20.792,2026-10-06 04:30:22.824,2032
3689,event-ingest,webhook,success,2026-10-06 04:30:21.417,2026-10-06 04:30:23.452,2035
3690,event-ingest,webhook,success,2026-10-06 04:30:22.347,2026-10-06 04:30:24.376,2029
3691,event-ingest,webhook,success,2026-10-06 04:30:22.972,2026-10-06 04:30:25.004,2032
3692,event-ingest,webhook,success,2026-10-06 04:30:22.997,2026-10-06 04:30:25.054,2057
3693,event-ingest,webhook,success,2026-10-06 04:30:24.234,2026-10-06 04:30:26.260,2026
3694,event-ingest,webhook,success,2026-10-06 04:30:24.262,2026-10-06 04:30:26.324,2062
3695,event-ingest,webhook,success,2026-10-06 04:30:24.286,2026-10-06 04:30:26.308,2022
3696,event-ingest,webhook,success,2026-10-06 04:30:24.314,2026-10-06 04:30:26.384,2070
3697,event-ingest,webhook,success,2026-10-06 04:30:26.147,2026-10-06 04:30:28.175,2028
3698,event-ingest,webhook,success,2026-10-06 04:30:26.176,2026-10-06 04:30:28.237,2061
3699,event-ingest,webhook,success,2026-10-06 04:30:26.199,2026-10-06 04:30:28.224,2025
3700,event-ingest,webhook,success,2026-10-06 04:30:26.224,2026-10-06 04:30:28.284,2060
3701,event-ingest,webhook,success,2026-10-06 04:30:28.351,2026-10-06 04:30:30.378,2027
3702,event-ingest,webhook,success,2026-10-06 04:30:28.376,2026-10-06 04:30:30.440,2064
3703,event-ingest,webhook,success,2026-10-06 04:30:28.397,2026-10-06 04:30:30.425,2028
3704,event-ingest,webhook,success,2026-10-06 04:30:28.422,2026-10-06 04:30:30.479,2057
3705,event-ingest,webhook,success,2026-10-06 04:30:30.248,2026-10-06 04:30:32.283,2035
3706,event-ingest,webhook,success,2026-10-06 04:30:30.275,2026-10-06 04:30:32.346,2071
3707,event-ingest,webhook,success,2026-10-06 04:30:30.299,2026-10-06 04:30:32.325,2026
3708,event-ingest,webhook,success,2026-10-06 04:30:30.327,2026-10-06 04:30:32.411,2084
3709,event-ingest,webhook,success,2026-10-06 04:30:30.363,2026-10-06 04:30:32.402,2039
3710,event-ingest,webhook,success,2026-10-06 04:30:30.406,2026-10-06 04:30:32.467,2061
3711,event-ingest,webhook,success,2026-10-06 04:30:30.470,2026-10-06 04:30:32.516,2046
3712,event-ingest,webhook,success,2026-10-06 04:30:30.512,2026-10-06 04:30:32.584,2072
3713,event-ingest,webhook,success,2026-10-06 04:30:30.536,2026-10-06 04:30:32.574,2038
3714,event-ingest,webhook,success,2026-10-06 04:30:30.570,2026-10-06 04:30:32.638,2068
3715,health-monitor,trigger,success,2026-10-06 04:35:00.031,2026-10-06 04:35:00.152,121
3716,health-monitor,trigger,success,2026-10-06 04:40:00.028,2026-10-06 04:40:00.157,129
3717,health-monitor,trigger,success,2026-10-06 04:45:00.031,2026-10-06 04:45:00.186,155
3718,ioc-extractor,trigger,success,2026-10-06 04:45:00.038,2026-10-06 04:45:00.329,291
3719,event-ingest,webhook,success,2026-10-06 04:45:02.722,2026-10-06 04:45:03.124,402
3720,event-ingest,webhook,success,2026-10-06 04:45:02.758,2026-10-06 04:45:03.154,396
3721,event-ingest,webhook,success,2026-10-06 04:45:02.799,2026-10-06 04:45:03.151,352
3722,event-ingest,webhook,success,2026-10-06 04:45:02.834,2026-10-06 04:45:03.192,358
3723,event-ingest,webhook,success,2026-10-06 04:45:04.970,2026-10-06 04:45:05.352,382
3724,event-ingest,webhook,success,2026-10-06 04:45:05.003,2026-10-06 04:45:05.387,384
3725,event-ingest,webhook,success,2026-10-06 04:45:05.028,2026-10-06 04:45:05.361,333
3726,event-ingest,webhook,success,2026-10-06 04:45:05.058,2026-10-06 04:45:05.419,361
3727,event-ingest,webhook,success,2026-10-06 04:45:06.889,2026-10-06 04:45:07.233,344
3728,event-ingest,webhook,success,2026-10-06 04:45:06.916,2026-10-06 04:45:07.313,397
3729,event-ingest,webhook,success,2026-10-06 04:45:06.938,2026-10-06 04:45:07.311,373
3730,event-ingest,webhook,success,2026-10-06 04:45:06.967,2026-10-06 04:45:07.325,358
3731,event-ingest,webhook,success,2026-10-06 04:45:09.106,2026-10-06 04:45:09.440,334
3732,event-ingest,webhook,success,2026-10-06 04:45:09.132,2026-10-06 04:45:09.501,369
3733,event-ingest,webhook,success,2026-10-06 04:45:09.161,2026-10-06 04:45:09.499,338
3734,event-ingest,webhook,success,2026-10-06 04:45:09.189,2026-10-06 04:45:09.550,361
3735,event-ingest,webhook,success,2026-10-06 04:45:11.025,2026-10-06 04:45:11.362,337
3736,event-ingest,webhook,success,2026-10-06 04:45:11.054,2026-10-06 04:45:11.416,362
3737,event-ingest,webhook,success,2026-10-06 04:45:11.078,2026-10-06 04:45:11.405,327
3738,event-ingest,webhook,success,2026-10-06 04:45:11.106,2026-10-06 04:45:11.480,374
3739,event-ingest,webhook,success,2026-10-06 04:45:12.938,2026-10-06 04:45:13.279,341
3740,event-ingest,webhook,success,2026-10-06 04:45:12.964,2026-10-06 04:45:13.350,386
3741,event-ingest,webhook,success,2026-10-06 04:45:12.989,2026-10-06 04:45:13.410,421
3742,event-ingest,webhook,success,2026-10-06 04:45:13.015,2026-10-06 04:45:13.441,426
3743,event-ingest,webhook,success,2026-10-06 04:45:15.148,2026-10-06 04:45:15.503,355
3744,event-ingest,webhook,success,2026-10-06 04:45:15.174,2026-10-06 04:45:15.538,364
3745,event-ingest,webhook,success,2026-10-06 04:45:15.196,2026-10-06 04:45:15.524,328
3746,event-ingest,webhook,success,2026-10-06 04:45:15.223,2026-10-06 04:45:15.585,362
3747,event-ingest,webhook,success,2026-10-06 04:45:17.364,2026-10-06 04:45:17.694,330
3748,event-ingest,webhook,success,2026-10-06 04:45:17.391,2026-10-06 04:45:17.753,362
3749,event-ingest,webhook,success,2026-10-06 04:45:17.415,2026-10-06 04:45:17.740,325
3750,event-ingest,webhook,success,2026-10-06 04:45:17.444,2026-10-06 04:45:17.804,360
3751,event-ingest,webhook,success,2026-10-06 04:45:19.278,2026-10-06 04:45:21.313,2035
3752,event-ingest,webhook,success,2026-10-06 04:45:19.306,2026-10-06 04:45:21.366,2060
3753,event-ingest,webhook,success,2026-10-06 04:45:19.328,2026-10-06 04:45:21.351,2023
3754,event-ingest,webhook,success,2026-10-06 04:45:19.353,2026-10-06 04:45:21.414,2061
3755,event-ingest,webhook,success,2026-10-06 04:45:21.479,2026-10-06 04:45:23.502,2023
3756,event-ingest,webhook,success,2026-10-06 04:45:21.504,2026-10-06 04:45:23.564,2060
3757,event-ingest,webhook,success,2026-10-06 04:45:21.527,2026-10-06 04:45:23.552,2025
3758,event-ingest,webhook,success,2026-10-06 04:45:21.552,2026-10-06 04:45:23.613,2061
3759,event-ingest,webhook,success,2026-10-06 04:45:23.388,2026-10-06 04:45:25.419,2031
3760,event-ingest,webhook,success,2026-10-06 04:45:23.415,2026-10-06 04:45:25.483,2068
3761,event-ingest,webhook,success,2026-10-06 04:45:23.440,2026-10-06 04:45:25.466,2026
3762,event-ingest,webhook,success,2026-10-06 04:45:23.466,2026-10-06 04:45:25.531,2065
3763,event-ingest,webhook,success,2026-10-06 04:45:25.594,2026-10-06 04:45:27.630,2036
3764,event-ingest,webhook,success,2026-10-06 04:45:25.625,2026-10-06 04:45:27.699,2074
3765,event-ingest,webhook,success,2026-10-06 04:45:25.653,2026-10-06 04:45:27.685,2032
3766,event-ingest,webhook,success,2026-10-06 04:45:25.687,2026-10-06 04:45:27.761,2074
3767,event-ingest,webhook,success,2026-10-06 04:45:25.715,2026-10-06 04:45:27.741,2026
3768,event-ingest,webhook,success,2026-10-06 04:45:25.750,2026-10-06 04:45:27.806,2056
3769,event-ingest,webhook,success,2026-10-06 04:45:26.686,2026-10-06 04:45:28.729,2043
3770,event-ingest,webhook,success,2026-10-06 04:45:27.323,2026-10-06 04:45:29.361,2038
3771,event-ingest,webhook,success,2026-10-06 04:45:28.261,2026-10-06 04:45:30.291,2030
3772,event-ingest,webhook,success,2026-10-06 04:45:28.891,2026-10-06 04:45:30.920,2029
3773,event-ingest,webhook,success,2026-10-06 04:45:29.821,2026-10-06 04:45:31.858,2037
3774,event-ingest,webhook,success,2026-10-06 04:45:29.852,2026-10-06 04:45:31.910,2058
3775,event-ingest,webhook,success,2026-10-06 04:45:30.780,2026-10-06 04:45:32.809,2029
3776,event-ingest,webhook,success,2026-10-06 04:45:30.810,2026-10-06 04:45:32.878,2068
3777,event-ingest,webhook,success,2026-10-06 04:45:30.832,2026-10-06 04:45:32.860,2028
3778,event-ingest,webhook,success,2026-10-06 04:45:30.858,2026-10-06 04:45:32.949,2091
3779,event-ingest,webhook,success,2026-10-06 04:45:30.891,2026-10-06 04:45:32.925,2034
3780,event-ingest,webhook,success,2026-10-06 04:45:30.936,2026-10-06 04:45:33.066,2130
3781,event-ingest,webhook,success,2026-10-06 04:45:31.020,2026-10-06 04:45:33.058,2038
3782,event-ingest,webhook,success,2026-10-06 04:45:31.051,2026-10-06 04:45:33.873,2822
3783,event-ingest,webhook,success,2026-10-06 04:45:31.077,2026-10-06 04:45:33.106,2029
3784,event-ingest,webhook,success,2026-10-06 04:45:31.107,2026-10-06 04:45:34.825,3718
3785,event-ingest,webhook,success,2026-10-06 04:45:31.133,2026-10-06 04:45:33.925,2792
3786,health-monitor,trigger,success,2026-10-06 04:50:00.032,2026-10-06 04:50:00.157,125
3787,health-monitor,trigger,success,2026-10-06 04:55:00.025,2026-10-06 04:55:00.174,149
3788,ioc-extractor,trigger,success,2026-10-06 05:00:00.025,2026-10-06 05:00:00.295,270
3789,health-monitor,trigger,success,2026-10-06 05:00:00.035,2026-10-06 05:00:00.204,169
3790,event-ingest,webhook,success,2026-10-06 05:00:02.703,2026-10-06 05:00:03.113,410
3791,event-ingest,webhook,success,2026-10-06 05:00:02.743,2026-10-06 05:00:03.131,388
3792,event-ingest,webhook,success,2026-10-06 05:00:02.797,2026-10-06 05:00:03.141,344
3793,event-ingest,webhook,success,2026-10-06 05:00:02.826,2026-10-06 05:00:03.263,437
3794,event-ingest,webhook,success,2026-10-06 05:00:04.959,2026-10-06 05:00:05.320,361
3795,event-ingest,webhook,success,2026-10-06 05:00:04.985,2026-10-06 05:00:05.346,361
3796,event-ingest,webhook,success,2026-10-06 05:00:05.009,2026-10-06 05:00:05.344,335
3797,event-ingest,webhook,success,2026-10-06 05:00:05.037,2026-10-06 05:00:05.397,360
3798,event-ingest,webhook,success,2026-10-06 05:00:06.869,2026-10-06 05:00:07.269,400
3799,event-ingest,webhook,success,2026-10-06 05:00:06.895,2026-10-06 05:00:07.311,416
3800,event-ingest,webhook,success,2026-10-06 05:00:06.917,2026-10-06 05:00:07.298,381
3801,event-ingest,webhook,success,2026-10-06 05:00:06.943,2026-10-06 05:00:07.309,366
3802,event-ingest,webhook,success,2026-10-06 05:00:09.078,2026-10-06 05:00:09.409,331
3803,event-ingest,webhook,success,2026-10-06 05:00:09.107,2026-10-06 05:00:09.479,372
3804,event-ingest,webhook,success,2026-10-06 05:00:09.130,2026-10-06 05:00:09.477,347
3805,event-ingest,webhook,success,2026-10-06 05:00:09.155,2026-10-06 05:00:09.518,363
3806,event-ingest,webhook,success,2026-10-06 05:00:10.991,2026-10-06 05:00:11.324,333
3807,event-ingest,webhook,success,2026-10-06 05:00:11.017,2026-10-06 05:00:11.395,378
3808,event-ingest,webhook,success,2026-10-06 05:00:11.045,2026-10-06 05:00:11.378,333
3809,event-ingest,webhook,success,2026-10-06 05:00:11.074,2026-10-06 05:00:11.430,356
3810,event-ingest,webhook,success,2026-10-06 05:00:13.205,2026-10-06 05:00:13.534,329
3811,event-ingest,webhook,success,2026-10-06 05:00:13.230,2026-10-06 05:00:13.597,367
3812,event-ingest,webhook,success,2026-10-06 05:00:13.255,2026-10-06 05:00:13.580,325
3813,event-ingest,webhook,success,2026-10-06 05:00:13.286,2026-10-06 05:00:13.642,356
3814,event-ingest,webhook,success,2026-10-06 05:00:15.123,2026-10-06 05:00:15.477,354
3815,event-ingest,webhook,success,2026-10-06 05:00:15.148,2026-10-06 05:00:15.527,379
3816,event-ingest,webhook,success,2026-10-06 05:00:15.173,2026-10-06 05:00:15.533,360
3817,event-ingest,webhook,success,2026-10-06 05:00:15.200,2026-10-06 05:00:15.559,359
3818,event-ingest,webhook,success,2026-10-06 05:00:17.337,2026-10-06 05:00:17.669,332
3819,event-ingest,webhook,success,2026-10-06 05:00:17.361,2026-10-06 05:00:17.726,365
3820,event-ingest,webhook,success,2026-10-06 05:00:17.383,2026-10-06 05:00:17.719,336
3821,event-ingest,webhook,success,2026-10-06 05:00:17.409,2026-10-06 05:00:17.766,357
3822,event-ingest,webhook,success,2026-10-06 05:00:19.238,2026-10-06 05:00:21.269,2031
3823,event-ingest,webhook,success,2026-10-06 05:00:19.266,2026-10-06 05:00:21.329,2063
3824,event-ingest,webhook,success,2026-10-06 05:00:19.293,2026-10-06 05:00:21.317,2024
3825,event-ingest,webhook,success,2026-10-06 05:00:19.321,2026-10-06 05:00:21.389,2068
3826,event-ingest,webhook,success,2026-10-06 05:00:19.345,2026-10-06 05:00:21.371,2026
3827,event-ingest,webhook,success,2026-10-06 05:00:19.375,2026-10-06 05:00:21.436,2061
3828,event-ingest,webhook,success,2026-10-06 05:00:20.307,2026-10-06 05:00:22.335,2028
3829,event-ingest,webhook,success,2026-10-06 05:00:21.240,2026-10-06 05:00:23.270,2030
3830,event-ingest,webhook,success,2026-10-06 05:00:22.168,2026-10-06 05:00:24.202,2034
3831,event-ingest,webhook,success,2026-10-06 05:00:22.802,2026-10-06 05:00:24.831,2029
3832,event-ingest,webhook,success,2026-10-06 05:00:23.736,2026-10-06 05:00:25.779,2043
3833,event-ingest,webhook,success,2026-10-06 05:00:24.366,2026-10-06 05:00:26.400,2034
3834,event-ingest,webhook,success,2026-10-06 05:00:24.389,2026-10-06 05:00:26.443,2054
3835,event-ingest,webhook,success,2026-10-06 05:00:25.324,2026-10-06 05:00:27.353,2029
3836,event-ingest,webhook,success,2026-10-06 05:00:25.353,2026-10-06 05:00:27.413,2060
3837,event-ingest,webhook,success,2026-10-06 05:00:25.374,2026-10-06 05:00:27.397,2023
3838,event-ingest,webhook,success,2026-10-06 05:00:25.399,2026-10-06 05:00:27.458,2059
3839,event-ingest,webhook,success,2026-10-06 05:00:27.525,2026-10-06 05:00:29.549,2024
3840,event-ingest,webhook,success,2026-10-06 05:00:27.548,2026-10-06 05:00:29.609,2061
3841,event-ingest,webhook,success,2026-10-06 05:00:27.569,2026-10-06 05:00:29.595,2026
3842,event-ingest,webhook,success,2026-10-06 05:00:27.595,2026-10-06 05:00:29.650,2055
3843,event-ingest,webhook,success,2026-10-06 05:00:29.424,2026-10-06 05:00:31.453,2029
3844,event-ingest,webhook,success,2026-10-06 05:00:29.449,2026-10-06 05:00:31.513,2064
3845,event-ingest,webhook,success,2026-10-06 05:00:29.474,2026-10-06 05:00:31.499,2025
3846,event-ingest,webhook,success,2026-10-06 05:00:29.498,2026-10-06 05:00:31.563,2065
3847,event-ingest,webhook,success,2026-10-06 05:00:31.627,2026-10-06 05:00:33.677,2050
3848,event-ingest,webhook,success,2026-10-06 05:00:31.669,2026-10-06 05:00:33.752,2083
3849,event-ingest,webhook,success,2026-10-06 05:00:31.702,2026-10-06 05:00:33.741,2039
3850,event-ingest,webhook,success,2026-10-06 05:00:31.738,2026-10-06 05:00:33.817,2079
3851,event-ingest,webhook,success,2026-10-06 05:00:31.774,2026-10-06 05:00:33.804,2030
3852,event-ingest,webhook,success,2026-10-06 05:00:31.806,2026-10-06 05:00:33.926,2120
3853,event-ingest,webhook,success,2026-10-06 05:00:31.839,2026-10-06 05:00:33.884,2045
3854,event-ingest,webhook,success,2026-10-06 05:00:31.880,2026-10-06 05:00:33.992,2112
3855,event-ingest,webhook,success,2026-10-06 05:00:31.937,2026-10-06 05:00:33.971,2034
3856,event-ingest,webhook,success,2026-10-06 05:00:31.975,2026-10-06 05:00:35.690,3715
3857,event-ingest,webhook,success,2026-10-06 05:00:32.002,2026-10-06 05:00:34.026,2024
3858,health-monitor,trigger,success,2026-10-06 05:05:00.031,2026-10-06 05:05:00.160,129
3859,health-monitor,trigger,success,2026-10-06 05:10:00.029,2026-10-06 05:10:00.162,133
3860,ioc-extractor,trigger,success,2026-10-06 05:15:00.038,2026-10-06 05:15:00.340,302
3861,health-monitor,trigger,success,2026-10-06 05:15:00.045,2026-10-06 05:15:00.235,190
3862,event-ingest,webhook,success,2026-10-06 05:15:02.642,2026-10-06 05:15:03.037,395
3863,event-ingest,webhook,success,2026-10-06 05:15:02.670,2026-10-06 05:15:03.048,378
3864,event-ingest,webhook,success,2026-10-06 05:15:02.695,2026-10-06 05:15:03.038,343
3865,event-ingest,webhook,success,2026-10-06 05:15:02.721,2026-10-06 05:15:03.096,375
3866,event-ingest,webhook,success,2026-10-06 05:15:04.855,2026-10-06 05:15:05.208,353
3867,event-ingest,webhook,success,2026-10-06 05:15:04.878,2026-10-06 05:15:05.269,391
3868,event-ingest,webhook,success,2026-10-06 05:15:04.902,2026-10-06 05:15:05.268,366
3869,event-ingest,webhook,success,2026-10-06 05:15:04.930,2026-10-06 05:15:05.289,359
3870,event-ingest,webhook,success,2026-10-06 05:15:06.762,2026-10-06 05:15:07.104,342
3871,event-ingest,webhook,success,2026-10-06 05:15:06.786,2026-10-06 05:15:07.206,420
3872,event-ingest,webhook,success,2026-10-06 05:15:06.807,2026-10-06 05:15:07.153,346
3873,event-ingest,webhook,success,2026-10-06 05:15:06.834,2026-10-06 05:15:07.220,386
3874,event-ingest,webhook,success,2026-10-06 05:15:08.972,2026-10-06 05:15:09.325,353
3875,event-ingest,webhook,success,2026-10-06 05:15:08.998,2026-10-06 05:15:09.360,362
3876,event-ingest,webhook,success,2026-10-06 05:15:09.021,2026-10-06 05:15:09.346,325
3877,event-ingest,webhook,success,2026-10-06 05:15:09.047,2026-10-06 05:15:09.422,375
3878,event-ingest,webhook,success,2026-10-06 05:15:10.880,2026-10-06 05:15:11.223,343
3879,event-ingest,webhook,success,2026-10-06 05:15:10.907,2026-10-06 05:15:11.272,365
3880,event-ingest,webhook,success,2026-10-06 05:15:10.934,2026-10-06 05:15:11.270,336
3881,event-ingest,webhook,success,2026-10-06 05:15:10.962,2026-10-06 05:15:11.344,382
3882,event-ingest,webhook,success,2026-10-06 05:15:10.993,2026-10-06 05:15:11.326,333
3883,event-ingest,webhook,success,2026-10-06 05:15:11.022,2026-10-06 05:15:11.380,358
3884,event-ingest,webhook,success,2026-10-06 05:15:12.258,2026-10-06 05:15:12.597,339
3885,event-ingest,webhook,success,2026-10-06 05:15:12.898,2026-10-06 05:15:13.234,336
3886,event-ingest,webhook,success,2026-10-06 05:15:13.821,2026-10-06 05:15:14.155,334
3887,event-ingest,webhook,success,2026-10-06 05:15:14.453,2026-10-06 05:15:14.788,335
3888,event-ingest,webhook,success,2026-10-06 05:15:14.478,2026-10-06 05:15:14.846,368
3889,event-ingest,webhook,success,2026-10-06 05:15:15.405,2026-10-06 05:15:15.740,335
3890,event-ingest,webhook,success,2026-10-06 05:15:15.429,2026-10-06 05:15:15.796,367
3891,event-ingest,webhook,success,2026-10-06 05:15:15.453,2026-10-06 05:15:15.799,346
3892,event-ingest,webhook,success,2026-10-06 05:15:15.481,2026-10-06 05:15:15.839,358
3893,event-ingest,webhook,success,2026-10-06 05:15:17.615,2026-10-06 05:15:17.974,359
3894,event-ingest,webhook,success,2026-10-06 05:15:17.645,2026-10-06 05:15:19.713,2068
3895,event-ingest,webhook,success,2026-10-06 05:15:17.669,2026-10-06 05:15:18.012,343
3896,event-ingest,webhook,success,2026-10-06 05:15:17.694,2026-10-06 05:15:19.752,2058
3897,event-ingest,webhook,success,2026-10-06 05:15:19.525,2026-10-06 05:15:21.558,2033
3898,event-ingest,webhook,success,2026-10-06 05:15:19.549,2026-10-06 05:15:21.615,2066
3899,event-ingest,webhook,success,2026-10-06 05:15:19.572,2026-10-06 05:15:21.598,2026
3900,event-ingest,webhook,success,2026-10-06 05:15:19.600,2026-10-06 05:15:21.659,2059
3901,event-ingest,webhook,success,2026-10-06 05:15:21.731,2026-10-06 05:15:23.765,2034
3902,event-ingest,webhook,success,2026-10-06 05:15:21.756,2026-10-06 05:15:23.819,2063
3903,event-ingest,webhook,success,2026-10-06 05:15:21.779,2026-10-06 05:15:23.808,2029
3904,event-ingest,webhook,success,2026-10-06 05:15:21.813,2026-10-06 05:15:23.868,2055
3905,event-ingest,webhook,success,2026-10-06 05:15:23.645,2026-10-06 05:15:25.674,2029
3906,event-ingest,webhook,success,2026-10-06 05:15:23.671,2026-10-06 05:15:25.747,2076
3907,event-ingest,webhook,success,2026-10-06 05:15:23.706,2026-10-06 05:15:25.735,2029
3908,event-ingest,webhook,success,2026-10-06 05:15:23.738,2026-10-06 05:15:25.830,2092
3909,event-ingest,webhook,success,2026-10-06 05:15:24.087,2026-10-06 05:15:26.121,2034
3910,event-ingest,webhook,success,2026-10-06 05:15:24.113,2026-10-06 05:15:26.196,2083
3911,event-ingest,webhook,success,2026-10-06 05:15:25.047,2026-10-06 05:15:27.079,2032
3912,event-ingest,webhook,success,2026-10-06 05:15:25.677,2026-10-06 05:15:27.716,2039
3913,event-ingest,webhook,success,2026-10-06 05:15:26.624,2026-10-06 05:15:28.657,2033
3914,event-ingest,webhook,success,2026-10-06 05:15:27.555,2026-10-06 05:15:29.584,2029
3915,event-ingest,webhook,success,2026-10-06 05:15:28.182,2026-10-06 05:15:30.214,2032
3916,event-ingest,webhook,success,2026-10-06 05:15:28.207,2026-10-06 05:15:30.267,2060
3917,event-ingest,webhook,success,2026-10-06 05:15:29.127,2026-10-06 05:15:31.157,2030
3918,event-ingest,webhook,success,2026-10-06 05:15:29.150,2026-10-06 05:15:31.218,2068
3919,event-ingest,webhook,success,2026-10-06 05:15:29.172,2026-10-06 05:15:31.202,2030
3920,event-ingest,webhook,success,2026-10-06 05:15:29.205,2026-10-06 05:15:31.283,2078
3921,event-ingest,webhook,success,2026-10-06 05:15:29.229,2026-10-06 05:15:31.252,2023
3922,event-ingest,webhook,success,2026-10-06 05:15:29.262,2026-10-06 05:15:31.393,2131
3923,event-ingest,webhook,success,2026-10-06 05:15:29.309,2026-10-06 05:15:31.384,2075
3924,event-ingest,webhook,success,2026-10-06 05:15:29.381,2026-10-06 05:15:31.599,2218
3925,health-monitor,trigger,success,2026-10-06 05:20:00.026,2026-10-06 05:20:00.153,127
3926,health-monitor,trigger,success,2026-10-06 05:25:00.027,2026-10-06 05:25:00.171,144
3927,ioc-extractor,trigger,success,2026-10-06 05:30:00.034,2026-10-06 05:30:00.367,333
3928,health-monitor,trigger,success,2026-10-06 05:30:00.041,2026-10-06 05:30:00.220,179
3929,event-ingest,webhook,success,2026-10-06 05:30:02.741,2026-10-06 05:30:03.178,437
3930,event-ingest,webhook,success,2026-10-06 05:30:02.770,2026-10-06 05:30:03.204,434
3931,event-ingest,webhook,success,2026-10-06 05:30:02.797,2026-10-06 05:30:03.180,383
3932,event-ingest,webhook,success,2026-10-06 05:30:02.836,2026-10-06 05:30:03.201,365
3933,event-ingest,webhook,success,2026-10-06 05:30:04.973,2026-10-06 05:30:05.314,341
3934,event-ingest,webhook,success,2026-10-06 05:30:04.998,2026-10-06 05:30:05.372,374
3935,event-ingest,webhook,success,2026-10-06 05:30:05.021,2026-10-06 05:30:05.362,341
3936,event-ingest,webhook,success,2026-10-06 05:30:05.046,2026-10-06 05:30:05.407,361
3937,event-ingest,webhook,success,2026-10-06 05:30:06.877,2026-10-06 05:30:07.217,340
3938,event-ingest,webhook,success,2026-10-06 05:30:06.908,2026-10-06 05:30:07.271,363
3939,event-ingest,webhook,success,2026-10-06 05:30:06.934,2026-10-06 05:30:07.269,335
3940,event-ingest,webhook,success,2026-10-06 05:30:06.961,2026-10-06 05:30:07.324,363
3941,event-ingest,webhook,success,2026-10-06 05:30:09.098,2026-10-06 05:30:09.435,337
3942,event-ingest,webhook,success,2026-10-06 05:30:09.122,2026-10-06 05:30:09.500,378
3943,event-ingest,webhook,success,2026-10-06 05:30:09.147,2026-10-06 05:30:09.480,333
3944,event-ingest,webhook,success,2026-10-06 05:30:09.173,2026-10-06 05:30:09.533,360
3945,event-ingest,webhook,success,2026-10-06 05:30:11.008,2026-10-06 05:30:11.351,343
3946,event-ingest,webhook,success,2026-10-06 05:30:11.034,2026-10-06 05:30:11.401,367
3947,event-ingest,webhook,success,2026-10-06 05:30:11.064,2026-10-06 05:30:11.392,328
3948,event-ingest,webhook,success,2026-10-06 05:30:11.092,2026-10-06 05:30:11.451,359
3949,event-ingest,webhook,success,2026-10-06 05:30:13.231,2026-10-06 05:30:13.592,361
3950,event-ingest,webhook,success,2026-10-06 05:30:13.260,2026-10-06 05:30:13.625,365
3951,event-ingest,webhook,success,2026-10-06 05:30:13.284,2026-10-06 05:30:13.611,327
3952,event-ingest,webhook,success,2026-10-06 05:30:13.312,2026-10-06 05:30:13.676,364
3953,event-ingest,webhook,success,2026-10-06 05:30:15.141,2026-10-06 05:30:15.490,349
3954,event-ingest,webhook,success,2026-10-06 05:30:15.167,2026-10-06 05:30:15.542,375
3955,event-ingest,webhook,success,2026-10-06 05:30:15.192,2026-10-06 05:30:15.520,328
3956,event-ingest,webhook,success,2026-10-06 05:30:15.219,2026-10-06 05:30:15.593,374
3957,event-ingest,webhook,success,2026-10-06 05:30:15.244,2026-10-06 05:30:15.591,347
3958,event-ingest,webhook,success,2026-10-06 05:30:15.272,2026-10-06 05:30:15.638,366
3959,event-ingest,webhook,success,2026-10-06 05:30:16.207,2026-10-06 05:30:16.540,333
3960,event-ingest,webhook,success,2026-10-06 05:30:17.138,2026-10-06 05:30:19.174,2036
3961,event-ingest,webhook,success,2026-10-06 05:30:17.769,2026-10-06 05:30:19.797,2028
3962,event-ingest,webhook,success,2026-10-06 05:30:18.703,2026-10-06 05:30:20.731,2028
3963,event-ingest,webhook,success,2026-10-06 05:30:19.328,2026-10-06 05:30:21.356,2028
3964,event-ingest,webhook,success,2026-10-06 05:30:20.260,2026-10-06 05:30:22.296,2036
3965,event-ingest,webhook,success,2026-10-06 05:30:21.190,2026-10-06 05:30:23.229,2039
3966,event-ingest,webhook,success,2026-10-06 05:30:21.827,2026-10-06 05:30:23.859,2032
3967,event-ingest,webhook,success,2026-10-06 05:30:21.855,2026-10-06 05:30:23.910,2055
3968,event-ingest,webhook,success,2026-10-06 05:30:22.790,2026-10-06 05:30:24.824,2034
3969,event-ingest,webhook,success,2026-10-06 05:30:22.817,2026-10-06 05:30:24.885,2068
3970,event-ingest,webhook,success,2026-10-06 05:30:22.841,2026-10-06 05:30:24.869,2028
3971,event-ingest,webhook,success,2026-10-06 05:30:22.870,2026-10-06 05:30:24.930,2060
3972,event-ingest,webhook,success,2026-10-06 05:30:24.999,2026-10-06 05:30:27.023,2024
3973,event-ingest,webhook,success,2026-10-06 05:30:25.021,2026-10-06 05:30:27.132,2111
3974,event-ingest,webhook,success,2026-10-06 05:30:25.045,2026-10-06 05:30:27.111,2066
3975,event-ingest,webhook,success,2026-10-06 05:30:25.078,2026-10-06 05:30:27.166,2088
3976,event-ingest,webhook,success,2026-10-06 05:30:26.901,2026-10-06 05:30:28.936,2035
3977,event-ingest,webhook,success,2026-10-06 05:30:26.925,2026-10-06 05:30:28.985,2060
3978,event-ingest,webhook,success,2026-10-06 05:30:26.946,2026-10-06 05:30:28.973,2027
3979,event-ingest,webhook,success,2026-10-06 05:30:26.970,2026-10-06 05:30:29.043,2073
3980,event-ingest,webhook,success,2026-10-06 05:30:26.996,2026-10-06 05:30:29.020,2024
3981,event-ingest,webhook,success,2026-10-06 05:30:27.035,2026-10-06 05:30:29.215,2180
3982,event-ingest,webhook,success,2026-10-06 05:30:27.184,2026-10-06 05:30:29.235,2051
3983,event-ingest,webhook,success,2026-10-06 05:30:27.236,2026-10-06 05:30:29.307,2071
3984,health-monitor,trigger,success,2026-10-06 05:35:00.024,2026-10-06 05:35:00.154,130
3985,health-monitor,trigger,success,2026-10-06 05:40:00.023,2026-10-06 05:40:00.158,135
3986,ioc-extractor,trigger,success,2026-10-06 05:45:00.037,2026-10-06 05:45:00.304,267
3987,health-monitor,trigger,success,2026-10-06 05:45:00.045,2026-10-06 05:45:00.228,183
3988,event-ingest,webhook,success,2026-10-06 05:45:02.706,2026-10-06 05:45:03.068,362
3989,event-ingest,webhook,success,2026-10-06 05:45:02.733,2026-10-06 05:45:03.139,406
3990,event-ingest,webhook,success,2026-10-06 05:45:02.763,2026-10-06 05:45:03.096,333
3991,event-ingest,webhook,success,2026-10-06 05:45:02.792,2026-10-06 05:45:03.156,364
3992,event-ingest,webhook,success,2026-10-06 05:45:04.930,2026-10-06 05:45:05.262,332
3993,event-ingest,webhook,success,2026-10-06 05:45:04.955,2026-10-06 05:45:05.323,368
3994,event-ingest,webhook,success,2026-10-06 05:45:04.981,2026-10-06 05:45:05.321,340
3995,event-ingest,webhook,success,2026-10-06 05:45:05.009,2026-10-06 05:45:05.368,359
3996,event-ingest,webhook,success,2026-10-06 05:45:06.840,2026-10-06 05:45:07.171,331
3997,event-ingest,webhook,success,2026-10-06 05:45:06.864,2026-10-06 05:45:07.251,387
3998,event-ingest,webhook,success,2026-10-06 05:45:06.888,2026-10-06 05:45:07.237,349
3999,event-ingest,webhook,success,2026-10-06 05:45:06.916,2026-10-06 05:45:07.278,362
4000,event-ingest,webhook,success,2026-10-06 05:45:09.057,2026-10-06 05:45:09.400,343
4001,event-ingest,webhook,success,2026-10-06 05:45:09.084,2026-10-06 05:45:09.455,371
4002,event-ingest,webhook,success,2026-10-06 05:45:09.107,2026-10-06 05:45:09.458,351
4003,event-ingest,webhook,success,2026-10-06 05:45:09.133,2026-10-06 05:45:09.490,357
4004,event-ingest,webhook,success,2026-10-06 05:45:10.970,2026-10-06 05:45:11.308,338
4005,event-ingest,webhook,success,2026-10-06 05:45:10.998,2026-10-06 05:45:11.363,365
4006,event-ingest,webhook,success,2026-10-06 05:45:11.023,2026-10-06 05:45:11.357,334
4007,event-ingest,webhook,success,2026-10-06 05:45:11.050,2026-10-06 05:45:11.408,358
4008,event-ingest,webhook,success,2026-10-06 05:45:13.188,2026-10-06 05:45:13.532,344
4009,event-ingest,webhook,success,2026-10-06 05:45:13.225,2026-10-06 05:45:13.605,380
4010,event-ingest,webhook,success,2026-10-06 05:45:13.250,2026-10-06 05:45:13.602,352
4011,event-ingest,webhook,success,2026-10-06 05:45:13.278,2026-10-06 05:45:13.636,358
4012,event-ingest,webhook,success,2026-10-06 05:45:15.104,2026-10-06 05:45:15.442,338
4013,event-ingest,webhook,success,2026-10-06 05:45:15.132,2026-10-06 05:45:15.499,367
4014,event-ingest,webhook,success,2026-10-06 05:45:15.158,2026-10-06 05:45:15.496,338
4015,event-ingest,webhook,success,2026-10-06 05:45:15.187,2026-10-06 05:45:15.548,361
4016,event-ingest,webhook,success,2026-10-06 05:45:15.213,2026-10-06 05:45:15.541,328
4017,event-ingest,webhook,success,2026-10-06 05:45:15.241,2026-10-06 05:45:15.608,367
4018,event-ingest,webhook,success,2026-10-06 05:45:16.177,2026-10-06 05:45:18.215,2038
4019,event-ingest,webhook,success,2026-10-06 05:45:17.110,2026-10-06 05:45:19.139,2029
4020,event-ingest,webhook,success,2026-10-06 05:45:17.740,2026-10-06 05:45:19.774,2034
4021,event-ingest,webhook,success,2026-10-06 05:45:18.680,2026-10-06 05:45:20.709,2029
4022,event-ingest,webhook,success,2026-10-06 05:45:19.610,2026-10-06 05:45:21.639,2029
4023,event-ingest,webhook,success,2026-10-06 05:45:20.245,2026-10-06 05:45:22.269,2024
4024,event-ingest,webhook,success,2026-10-06 05:45:21.182,2026-10-06 05:45:23.219,2037
4025,event-ingest,webhook,success,2026-10-06 05:45:21.209,2026-10-06 05:45:23.273,2064
4026,event-ingest,webhook,success,2026-10-06 05:45:22.139,2026-10-06 05:45:24.169,2030
4027,event-ingest,webhook,success,2026-10-06 05:45:22.166,2026-10-06 05:45:24.239,2073
4028,event-ingest,webhook,success,2026-10-06 05:45:22.196,2026-10-06 05:45:24.225,2029
4029,event-ingest,webhook,success,2026-10-06 05:45:22.231,2026-10-06 05:45:24.293,2062
4030,event-ingest,webhook,success,2026-10-06 05:45:24.072,2026-10-06 05:45:26.108,2036
4031,event-ingest,webhook,success,2026-10-06 05:45:24.100,2026-10-06 05:45:26.162,2062
4032,event-ingest,webhook,success,2026-10-06 05:45:24.123,2026-10-06 05:45:26.150,2027
4033,event-ingest,webhook,success,2026-10-06 05:45:24.150,2026-10-06 05:45:26.219,2069
4034,event-ingest,webhook,success,2026-10-06 05:45:26.285,2026-10-06 05:45:28.321,2036
4035,event-ingest,webhook,success,2026-10-06 05:45:26.312,2026-10-06 05:45:28.375,2063
4036,event-ingest,webhook,success,2026-10-06 05:45:26.336,2026-10-06 05:45:28.365,2029
4037,event-ingest,webhook,success,2026-10-06 05:45:26.362,2026-10-06 05:45:28.421,2059
4038,event-ingest,webhook,success,2026-10-06 05:45:28.192,2026-10-06 05:45:30.225,2033
4039,event-ingest,webhook,success,2026-10-06 05:45:28.219,2026-10-06 05:45:30.299,2080
4040,event-ingest,webhook,success,2026-10-06 05:45:28.242,2026-10-06 05:45:30.285,2043
4041,event-ingest,webhook,success,2026-10-06 05:45:28.289,2026-10-06 05:45:30.406,2117
4042,event-ingest,webhook,success,2026-10-06 05:45:28.346,2026-10-06 05:45:30.397,2051
4043,event-ingest,webhook,success,2026-10-06 05:45:28.409,2026-10-06 05:45:30.449,2040
4044,event-ingest,webhook,success,2026-10-06 05:45:29.358,2026-10-06 05:45:31.392,2034
4045,event-ingest,webhook,success,2026-10-06 05:45:30.291,2026-10-06 05:45:32.339,2048
4046,event-ingest,webhook,success,2026-10-06 05:45:30.945,2026-10-06 05:45:32.976,2031
4047,event-ingest,webhook,success,2026-10-06 05:45:31.877,2026-10-06 05:45:33.914,2037
4048,event-ingest,webhook,success,2026-10-06 05:45:32.506,2026-10-06 05:45:34.529,2023
4049,event-ingest,webhook,success,2026-10-06 05:45:33.446,2026-10-06 05:45:35.479,2033
4050,event-ingest,webhook,success,2026-10-06 05:45:33.470,2026-10-06 05:45:35.529,2059
4051,event-ingest,webhook,success,2026-10-06 05:45:34.395,2026-10-06 05:45:36.424,2029
4052,event-ingest,webhook,success,2026-10-06 05:45:34.420,2026-10-06 05:45:36.487,2067
4053,event-ingest,webhook,success,2026-10-06 05:45:34.443,2026-10-06 05:45:36.470,2027
4054,event-ingest,webhook,success,2026-10-06 05:45:34.469,2026-10-06 05:45:36.532,2063
4055,event-ingest,webhook,success,2026-10-06 05:45:36.608,2026-10-06 05:45:38.650,2042
4056,event-ingest,webhook,success,2026-10-06 05:45:36.642,2026-10-06 05:45:38.721,2079
4057,event-ingest,webhook,success,2026-10-06 05:45:36.673,2026-10-06 05:45:38.702,2029
4058,event-ingest,webhook,success,2026-10-06 05:45:36.701,2026-10-06 05:45:38.775,2074
4059,event-ingest,webhook,success,2026-10-06 05:45:36.733,2026-10-06 05:45:38.765,2032
4060,event-ingest,webhook,success,2026-10-06 05:45:36.762,2026-10-06 05:45:38.848,2086
4061,event-ingest,webhook,success,2026-10-06 05:45:36.808,2026-10-06 05:45:38.846,2038
4062,event-ingest,webhook,success,2026-10-06 05:45:36.839,2026-10-06 05:45:38.902,2063
4063,event-ingest,webhook,success,2026-10-06 05:45:36.864,2026-10-06 05:45:38.891,2027
4064,event-ingest,webhook,success,2026-10-06 05:45:36.894,2026-10-06 05:45:38.955,2061
4065,health-monitor,trigger,success,2026-10-06 05:50:00.026,2026-10-06 05:50:00.159,133
4066,health-monitor,trigger,success,2026-10-06 05:55:00.030,2026-10-06 05:55:00.182,152
4067,ioc-extractor,trigger,success,2026-10-06 06:00:00.030,2026-10-06 06:00:00.367,337
4068,health-monitor,trigger,success,2026-10-06 06:00:00.038,2026-10-06 06:00:00.260,222
4069,event-ingest,webhook,success,2026-10-06 06:00:02.734,2026-10-06 06:00:03.130,396
4070,event-ingest,webhook,success,2026-10-06 06:00:02.762,2026-10-06 06:00:03.148,386
4071,event-ingest,webhook,success,2026-10-06 06:00:02.790,2026-10-06 06:00:03.132,342
4072,event-ingest,webhook,success,2026-10-06 06:00:02.821,2026-10-06 06:00:03.182,361
4073,event-ingest,webhook,success,2026-10-06 06:00:04.964,2026-10-06 06:00:05.299,335
4074,event-ingest,webhook,success,2026-10-06 06:00:04.990,2026-10-06 06:00:05.364,374
4075,event-ingest,webhook,success,2026-10-06 06:00:05.015,2026-10-06 06:00:05.351,336
4076,event-ingest,webhook,success,2026-10-06 06:00:05.042,2026-10-06 06:00:05.401,359
4077,event-ingest,webhook,success,2026-10-06 06:00:06.876,2026-10-06 06:00:07.216,340
4078,event-ingest,webhook,success,2026-10-06 06:00:06.902,2026-10-06 06:00:07.270,368
4079,event-ingest,webhook,success,2026-10-06 06:00:06.925,2026-10-06 06:00:07.260,335
4080,event-ingest,webhook,success,2026-10-06 06:00:06.957,2026-10-06 06:00:07.316,359
4081,event-ingest,webhook,success,2026-10-06 06:00:09.096,2026-10-06 06:00:09.441,345
4082,event-ingest,webhook,success,2026-10-06 06:00:09.123,2026-10-06 06:00:09.488,365
4083,event-ingest,webhook,success,2026-10-06 06:00:09.147,2026-10-06 06:00:09.481,334
4084,event-ingest,webhook,success,2026-10-06 06:00:09.174,2026-10-06 06:00:09.534,360
4085,event-ingest,webhook,success,2026-10-06 06:00:11.009,2026-10-06 06:00:11.353,344
4086,event-ingest,webhook,success,2026-10-06 06:00:11.034,2026-10-06 06:00:11.398,364
4087,event-ingest,webhook,success,2026-10-06 06:00:11.060,2026-10-06 06:00:11.395,335
4088,event-ingest,webhook,success,2026-10-06 06:00:11.088,2026-10-06 06:00:11.462,374
4089,event-ingest,webhook,success,2026-10-06 06:00:13.224,2026-10-06 06:00:13.566,342
4090,event-ingest,webhook,success,2026-10-06 06:00:13.251,2026-10-06 06:00:13.616,365
4091,event-ingest,webhook,success,2026-10-06 06:00:13.276,2026-10-06 06:00:13.606,330
4092,event-ingest,webhook,success,2026-10-06 06:00:13.304,2026-10-06 06:00:13.680,376
4093,event-ingest,webhook,success,2026-10-06 06:00:15.144,2026-10-06 06:00:15.502,358
4094,event-ingest,webhook,success,2026-10-06 06:00:15.172,2026-10-06 06:00:15.538,366
4095,event-ingest,webhook,success,2026-10-06 06:00:15.196,2026-10-06 06:00:15.524,328
4096,event-ingest,webhook,success,2026-10-06 06:00:15.223,2026-10-06 06:00:15.582,359
4097,event-ingest,webhook,success,2026-10-06 06:00:17.362,2026-10-06 06:00:17.715,353
4098,event-ingest,webhook,success,2026-10-06 06:00:17.389,2026-10-06 06:00:17.753,364
4099,event-ingest,webhook,success,2026-10-06 06:00:17.416,2026-10-06 06:00:17.760,344
4100,event-ingest,webhook,success,2026-10-06 06:00:17.443,2026-10-06 06:00:17.802,359
4101,event-ingest,webhook,success,2026-10-06 06:00:19.282,2026-10-06 06:00:19.618,336
4102,event-ingest,webhook,success,2026-10-06 06:00:19.309,2026-10-06 06:00:19.684,375
4103,event-ingest,webhook,success,2026-10-06 06:00:19.335,2026-10-06 06:00:19.671,336
4104,event-ingest,webhook,success,2026-10-06 06:00:19.368,2026-10-06 06:00:19.728,360
4105,event-ingest,webhook,success,2026-10-06 06:00:21.206,2026-10-06 06:00:21.538,332
4106,event-ingest,webhook,success,2026-10-06 06:00:21.232,2026-10-06 06:00:23.307,2075
4107,event-ingest,webhook,success,2026-10-06 06:00:21.259,2026-10-06 06:00:23.298,2039
4108,event-ingest,webhook,success,2026-10-06 06:00:21.288,2026-10-06 06:00:23.365,2077
4109,event-ingest,webhook,success,2026-10-06 06:00:21.625,2026-10-06 06:00:23.660,2035
4110,event-ingest,webhook,success,2026-10-06 06:00:21.651,2026-10-06 06:00:23.711,2060
4111,event-ingest,webhook,success,2026-10-06 06:00:22.575,2026-10-06 06:00:24.609,2034
4112,event-ingest,webhook,success,2026-10-06 06:00:23.503,2026-10-06 06:00:25.539,2036
4113,event-ingest,webhook,success,2026-10-06 06:00:24.134,2026-10-06 06:00:26.161,2027
4114,event-ingest,webhook,success,2026-10-06 06:00:25.068,2026-10-06 06:00:27.105,2037
4115,event-ingest,webhook,success,2026-10-06 06:00:25.092,2026-10-06 06:00:27.149,2057
4116,event-ingest,webhook,success,2026-10-06 06:00:26.028,2026-10-06 06:00:28.051,2023
4117,event-ingest,webhook,success,2026-10-06 06:00:26.051,2026-10-06 06:00:28.119,2068
4118,event-ingest,webhook,success,2026-10-06 06:00:26.074,2026-10-06 06:00:28.097,2023
4119,event-ingest,webhook,success,2026-10-06 06:00:26.103,2026-10-06 06:00:28.174,2071
4120,event-ingest,webhook,success,2026-10-06 06:00:27.938,2026-10-06 06:00:29.968,2030
4121,event-ingest,webhook,success,2026-10-06 06:00:27.962,2026-10-06 06:00:30.026,2064
4122,event-ingest,webhook,success,2026-10-06 06:00:27.986,2026-10-06 06:00:30.013,2027
4123,event-ingest,webhook,success,2026-10-06 06:00:28.010,2026-10-06 06:00:30.074,2064
4124,event-ingest,webhook,success,2026-10-06 06:00:30.140,2026-10-06 06:00:32.171,2031
4125,event-ingest,webhook,success,2026-10-06 06:00:30.168,2026-10-06 06:00:32.249,2081
4126,event-ingest,webhook,success,2026-10-06 06:00:30.191,2026-10-06 06:00:32.246,2055
4127,event-ingest,webhook,success,2026-10-06 06:00:30.223,2026-10-06 06:00:32.287,2064
4128,event-ingest,webhook,success,2026-10-06 06:00:32.048,2026-10-06 06:00:34.084,2036
4129,event-ingest,webhook,success,2026-10-06 06:00:32.072,2026-10-06 06:00:34.137,2065
4130,event-ingest,webhook,success,2026-10-06 06:00:32.094,2026-10-06 06:00:34.123,2029
4131,event-ingest,webhook,success,2026-10-06 06:00:32.122,2026-10-06 06:00:34.242,2120
4132,event-ingest,webhook,success,2026-10-06 06:00:32.152,2026-10-06 06:00:34.200,2048
4133,event-ingest,webhook,success,2026-10-06 06:00:32.254,2026-10-06 06:00:34.343,2089
4134,event-ingest,webhook,success,2026-10-06 06:00:32.337,2026-10-06 06:00:34.418,2081
4135,event-ingest,webhook,success,2026-10-06 06:00:32.366,2026-10-06 06:00:34.405,2039
4136,event-ingest,webhook,success,2026-10-06 06:00:32.404,2026-10-06 06:00:34.472,2068
4137,event-ingest,webhook,success,2026-10-06 06:00:32.435,2026-10-06 06:00:34.465,2030
4138,event-ingest,webhook,success,2026-10-06 06:00:32.463,2026-10-06 06:00:36.132,3669
4139,event-ingest,webhook,success,2026-10-06 06:00:32.491,2026-10-06 06:00:36.103,3612
4140,health-monitor,trigger,success,2026-10-06 06:05:00.025,2026-10-06 06:05:00.166,141
4141,health-monitor,trigger,success,2026-10-06 06:10:00.024,2026-10-06 06:10:00.159,135
4142,ioc-extractor,trigger,success,2026-10-06 06:15:00.033,2026-10-06 06:15:00.320,287
4143,health-monitor,trigger,success,2026-10-06 06:15:00.042,2026-10-06 06:15:00.234,192
4144,event-ingest,webhook,success,2026-10-06 06:15:02.837,2026-10-06 06:15:03.252,415
4145,event-ingest,webhook,success,2026-10-06 06:15:02.878,2026-10-06 06:15:03.261,383
4146,event-ingest,webhook,success,2026-10-06 06:15:02.922,2026-10-06 06:15:03.255,333
4147,event-ingest,webhook,success,2026-10-06 06:15:02.953,2026-10-06 06:15:03.310,357
4148,event-ingest,webhook,success,2026-10-06 06:15:04.787,2026-10-06 06:15:05.135,348
4149,event-ingest,webhook,success,2026-10-06 06:15:04.814,2026-10-06 06:15:05.192,378
4150,event-ingest,webhook,success,2026-10-06 06:15:04.840,2026-10-06 06:15:05.172,332
4151,event-ingest,webhook,success,2026-10-06 06:15:04.873,2026-10-06 06:15:05.234,361
4152,event-ingest,webhook,success,2026-10-06 06:15:07.007,2026-10-06 06:15:07.359,352
4153,event-ingest,webhook,success,2026-10-06 06:15:07.052,2026-10-06 06:15:07.397,345
4154,event-ingest,webhook,success,2026-10-06 06:15:07.082,2026-10-06 06:15:07.474,392
4155,event-ingest,webhook,success,2026-10-06 06:15:07.107,2026-10-06 06:15:07.439,332
4156,event-ingest,webhook,success,2026-10-06 06:15:08.949,2026-10-06 06:15:09.289,340
4157,event-ingest,webhook,success,2026-10-06 06:15:08.977,2026-10-06 06:15:09.359,382
4158,event-ingest,webhook,success,2026-10-06 06:15:09.001,2026-10-06 06:15:09.335,334
4159,event-ingest,webhook,success,2026-10-06 06:15:09.028,2026-10-06 06:15:09.386,358
4160,event-ingest,webhook,success,2026-10-06 06:15:10.862,2026-10-06 06:15:11.196,334
4161,event-ingest,webhook,success,2026-10-06 06:15:10.887,2026-10-06 06:15:11.256,369
4162,event-ingest,webhook,success,2026-10-06 06:15:10.920,2026-10-06 06:15:11.254,334
4163,event-ingest,webhook,success,2026-10-06 06:15:10.948,2026-10-06 06:15:11.313,365
4164,event-ingest,webhook,success,2026-10-06 06:15:13.083,2026-10-06 06:15:13.435,352
4165,event-ingest,webhook,success,2026-10-06 06:15:13.109,2026-10-06 06:15:13.475,366
4166,event-ingest,webhook,success,2026-10-06 06:15:13.130,2026-10-06 06:15:13.458,328
4167,event-ingest,webhook,success,2026-10-06 06:15:13.160,2026-10-06 06:15:13.546,386
4168,event-ingest,webhook,success,2026-10-06 06:15:14.994,2026-10-06 06:15:15.345,351
4169,event-ingest,webhook,success,2026-10-06 06:15:15.019,2026-10-06 06:15:15.382,363
4170,event-ingest,webhook,success,2026-10-06 06:15:15.042,2026-10-06 06:15:15.380,338
4171,event-ingest,webhook,success,2026-10-06 06:15:15.068,2026-10-06 06:15:15.430,362
4172,event-ingest,webhook,success,2026-10-06 06:15:17.202,2026-10-06 06:15:17.542,340
4173,event-ingest,webhook,success,2026-10-06 06:15:17.241,2026-10-06 06:15:17.615,374
4174,event-ingest,webhook,success,2026-10-06 06:15:17.271,2026-10-06 06:15:17.612,341
4175,event-ingest,webhook,success,2026-10-06 06:15:17.303,2026-10-06 06:15:17.658,355
4176,event-ingest,webhook,success,2026-10-06 06:15:19.138,2026-10-06 06:15:19.472,334
4177,event-ingest,webhook,success,2026-10-06 06:15:19.163,2026-10-06 06:15:19.529,366
4178,event-ingest,webhook,success,2026-10-06 06:15:19.187,2026-10-06 06:15:19.517,330
4179,event-ingest,webhook,success,2026-10-06 06:15:19.217,2026-10-06 06:15:19.602,385
4180,event-ingest,webhook,success,2026-10-06 06:15:19.243,2026-10-06 06:15:19.604,361
4181,event-ingest,webhook,success,2026-10-06 06:15:19.286,2026-10-06 06:15:19.651,365
4182,event-ingest,webhook,success,2026-10-06 06:15:20.526,2026-10-06 06:15:20.859,333
4183,event-ingest,webhook,success,2026-10-06 06:15:21.154,2026-10-06 06:15:21.490,336
4184,event-ingest,webhook,success,2026-10-06 06:15:22.091,2026-10-06 06:15:24.124,2033
4185,event-ingest,webhook,success,2026-10-06 06:15:22.724,2026-10-06 06:15:24.760,2036
4186,event-ingest,webhook,success,2026-10-06 06:15:23.658,2026-10-06 06:15:25.683,2025
4187,event-ingest,webhook,success,2026-10-06 06:15:24.289,2026-10-06 06:15:26.314,2025
4188,event-ingest,webhook,success,2026-10-06 06:15:24.317,2026-10-06 06:15:26.383,2066
4189,event-ingest,webhook,success,2026-10-06 06:15:25.547,2026-10-06 06:15:27.571,2024
4190,event-ingest,webhook,success,2026-10-06 06:15:25.573,2026-10-06 06:15:27.632,2059
4191,event-ingest,webhook,success,2026-10-06 06:15:25.596,2026-10-06 06:15:27.618,2022
4192,event-ingest,webhook,success,2026-10-06 06:15:25.621,2026-10-06 06:15:27.684,2063
4193,event-ingest,webhook,success,2026-10-06 06:15:27.455,2026-10-06 06:15:29.486,2031
4194,event-ingest,webhook,success,2026-10-06 06:15:27.483,2026-10-06 06:15:29.545,2062
4195,event-ingest,webhook,success,2026-10-06 06:15:27.507,2026-10-06 06:15:29.543,2036
4196,event-ingest,webhook,success,2026-10-06 06:15:27.533,2026-10-06 06:15:29.594,2061
4197,event-ingest,webhook,success,2026-10-06 06:15:29.663,2026-10-06 06:15:31.702,2039
4198,event-ingest,webhook,success,2026-10-06 06:15:29.690,2026-10-06 06:15:31.753,2063
4199,event-ingest,webhook,success,2026-10-06 06:15:29.712,2026-10-06 06:15:31.739,2027
4200,event-ingest,webhook,success,2026-10-06 06:15:29.737,2026-10-06 06:15:31.794,2057
4201,event-ingest,webhook,success,2026-10-06 06:15:31.568,2026-10-06 06:15:33.596,2028
4202,event-ingest,webhook,success,2026-10-06 06:15:31.592,2026-10-06 06:15:33.667,2075
4203,event-ingest,webhook,success,2026-10-06 06:15:31.615,2026-10-06 06:15:33.641,2026
4204,event-ingest,webhook,success,2026-10-06 06:15:31.648,2026-10-06 06:15:33.751,2103
4205,event-ingest,webhook,success,2026-10-06 06:15:33.781,2026-10-06 06:15:35.824,2043
4206,event-ingest,webhook,success,2026-10-06 06:15:33.812,2026-10-06 06:15:35.891,2079
4207,event-ingest,webhook,success,2026-10-06 06:15:33.841,2026-10-06 06:15:35.875,2034
4208,event-ingest,webhook,success,2026-10-06 06:15:33.871,2026-10-06 06:15:35.954,2083
4209,event-ingest,webhook,success,2026-10-06 06:15:33.897,2026-10-06 06:15:35.926,2029
4210,event-ingest,webhook,success,2026-10-06 06:15:33.930,2026-10-06 06:15:36.004,2074
4211,event-ingest,webhook,success,2026-10-06 06:15:33.962,2026-10-06 06:15:35.993,2031
4212,event-ingest,webhook,success,2026-10-06 06:15:33.990,2026-10-06 06:15:36.054,2064
4213,event-ingest,webhook,success,2026-10-06 06:15:34.015,2026-10-06 06:15:36.052,2037
4214,event-ingest,webhook,success,2026-10-06 06:15:34.044,2026-10-06 06:15:37.838,3794
4215,event-ingest,webhook,success,2026-10-06 06:15:34.066,2026-10-06 06:15:36.093,2027
4216,event-ingest,webhook,success,2026-10-06 06:15:34.092,2026-10-06 06:15:37.893,3801
4217,health-monitor,trigger,success,2026-10-06 06:20:00.032,2026-10-06 06:20:00.169,137
4218,health-monitor,trigger,success,2026-10-06 06:25:00.029,2026-10-06 06:25:00.150,121
4219,health-monitor,trigger,success,2026-10-06 06:30:00.056,2026-10-06 06:30:00.248,192
4220,ioc-extractor,trigger,success,2026-10-06 06:30:00.065,2026-10-06 06:30:00.423,358
4221,event-ingest,webhook,success,2026-10-06 06:30:02.654,2026-10-06 06:30:03.058,404
4222,event-ingest,webhook,success,2026-10-06 06:30:02.681,2026-10-06 06:30:03.051,370
4223,event-ingest,webhook,success,2026-10-06 06:30:02.707,2026-10-06 06:30:03.048,341
4224,event-ingest,webhook,success,2026-10-06 06:30:02.738,2026-10-06 06:30:03.111,373
4225,event-ingest,webhook,success,2026-10-06 06:30:04.872,2026-10-06 06:30:05.221,349
4226,event-ingest,webhook,success,2026-10-06 06:30:04.902,2026-10-06 06:30:05.268,366
4227,event-ingest,webhook,success,2026-10-06 06:30:04.928,2026-10-06 06:30:05.259,331
4228,event-ingest,webhook,success,2026-10-06 06:30:04.955,2026-10-06 06:30:05.339,384
4229,event-ingest,webhook,success,2026-10-06 06:30:04.980,2026-10-06 06:30:05.312,332
4230,event-ingest,webhook,success,2026-10-06 06:30:05.011,2026-10-06 06:30:05.403,392
4231,event-ingest,webhook,success,2026-10-06 06:30:05.950,2026-10-06 06:30:06.304,354
4232,event-ingest,webhook,success,2026-10-06 06:30:06.885,2026-10-06 06:30:07.220,335
4233,event-ingest,webhook,success,2026-10-06 06:30:07.517,2026-10-06 06:30:07.852,335
4234,event-ingest,webhook,success,2026-10-06 06:30:08.454,2026-10-06 06:30:08.802,348
4235,event-ingest,webhook,success,2026-10-06 06:30:09.090,2026-10-06 06:30:09.426,336
4236,event-ingest,webhook,success,2026-10-06 06:30:10.025,2026-10-06 06:30:10.375,350
4237,event-ingest,webhook,success,2026-10-06 06:30:10.663,2026-10-06 06:30:11.057,394
4238,event-ingest,webhook,success,2026-10-06 06:30:11.595,2026-10-06 06:30:11.928,333
4239,event-ingest,webhook,success,2026-10-06 06:30:11.620,2026-10-06 06:30:12.011,391
4240,event-ingest,webhook,success,2026-10-06 06:30:12.546,2026-10-06 06:30:12.887,341
4241,event-ingest,webhook,success,2026-10-06 06:30:12.579,2026-10-06 06:30:13.005,426
4242,event-ingest,webhook,success,2026-10-06 06:30:12.605,2026-10-06 06:30:12.938,333
4243,event-ingest,webhook,success,2026-10-06 06:30:12.632,2026-10-06 06:30:13.040,408
4244,event-ingest,webhook,success,2026-10-06 06:30:12.658,2026-10-06 06:30:13.018,360
4245,event-ingest,webhook,success,2026-10-06 06:30:12.687,2026-10-06 06:30:13.050,363
4246,event-ingest,webhook,success,2026-10-06 06:30:13.626,2026-10-06 06:30:14.021,395
4247,event-ingest,webhook,success,2026-10-06 06:30:14.551,2026-10-06 06:30:14.886,335
4248,event-ingest,webhook,success,2026-10-06 06:30:15.176,2026-10-06 06:30:15.514,338
4249,event-ingest,webhook,success,2026-10-06 06:30:16.108,2026-10-06 06:30:16.441,333
4250,event-ingest,webhook,success,2026-10-06 06:30:17.040,2026-10-06 06:30:17.380,340
4251,event-ingest,webhook,success,2026-10-06 06:30:17.669,2026-10-06 06:30:18.056,387
4252,event-ingest,webhook,success,2026-10-06 06:30:18.602,2026-10-06 06:30:18.948,346
4253,event-ingest,webhook,success,2026-10-06 06:30:19.245,2026-10-06 06:30:19.585,340
4254,event-ingest,webhook,success,2026-10-06 06:30:19.277,2026-10-06 06:30:19.638,361
4255,event-ingest,webhook,success,2026-10-06 06:30:20.205,2026-10-06 06:30:22.240,2035
4256,event-ingest,webhook,success,2026-10-06 06:30:20.229,2026-10-06 06:30:22.293,2064
4257,event-ingest,webhook,success,2026-10-06 06:30:20.253,2026-10-06 06:30:22.280,2027
4258,event-ingest,webhook,success,2026-10-06 06:30:20.283,2026-10-06 06:30:22.353,2070
4259,event-ingest,webhook,success,2026-10-06 06:30:22.421,2026-10-06 06:30:24.448,2027
4260,event-ingest,webhook,success,2026-10-06 06:30:22.447,2026-10-06 06:30:24.509,2062
4261,event-ingest,webhook,success,2026-10-06 06:30:22.473,2026-10-06 06:30:24.501,2028
4262,event-ingest,webhook,success,2026-10-06 06:30:22.500,2026-10-06 06:30:24.563,2063
4263,event-ingest,webhook,success,2026-10-06 06:30:24.342,2026-10-06 06:30:26.383,2041
4264,event-ingest,webhook,success,2026-10-06 06:30:24.372,2026-10-06 06:30:26.441,2069
4265,event-ingest,webhook,success,2026-10-06 06:30:24.399,2026-10-06 06:30:26.430,2031
4266,event-ingest,webhook,success,2026-10-06 06:30:24.429,2026-10-06 06:30:26.499,2070
4267,event-ingest,webhook,success,2026-10-06 06:30:26.566,2026-10-06 06:30:28.605,2039
4268,event-ingest,webhook,success,2026-10-06 06:30:26.590,2026-10-06 06:30:28.651,2061
4269,event-ingest,webhook,success,2026-10-06 06:30:26.612,2026-10-06 06:30:28.640,2028
4270,event-ingest,webhook,success,2026-10-06 06:30:26.638,2026-10-06 06:30:28.693,2055
4271,event-ingest,webhook,success,2026-10-06 06:30:28.472,2026-10-06 06:30:30.505,2033
4272,event-ingest,webhook,success,2026-10-06 06:30:28.497,2026-10-06 06:30:30.573,2076
4273,event-ingest,webhook,success,2026-10-06 06:30:28.520,2026-10-06 06:30:30.557,2037
4274,event-ingest,webhook,success,2026-10-06 06:30:28.562,2026-10-06 06:30:30.652,2090
4275,event-ingest,webhook,success,2026-10-06 06:30:30.694,2026-10-06 06:30:32.723,2029
4276,event-ingest,webhook,success,2026-10-06 06:30:30.719,2026-10-06 06:30:32.795,2076
4277,event-ingest,webhook,success,2026-10-06 06:30:30.746,2026-10-06 06:30:32.781,2035
4278,event-ingest,webhook,success,2026-10-06 06:30:30.785,2026-10-06 06:30:32.844,2059
4279,event-ingest,webhook,success,2026-10-06 06:30:32.617,2026-10-06 06:30:34.656,2039
4280,event-ingest,webhook,success,2026-10-06 06:30:32.642,2026-10-06 06:30:34.710,2068
4281,event-ingest,webhook,success,2026-10-06 06:30:32.665,2026-10-06 06:30:34.694,2029
4282,event-ingest,webhook,success,2026-10-06 06:30:32.693,2026-10-06 06:30:34.754,2061
4283,event-ingest,webhook,success,2026-10-06 06:30:34.824,2026-10-06 06:30:36.850,2026
4284,event-ingest,webhook,success,2026-10-06 06:30:34.849,2026-10-06 06:30:36.911,2062
4285,event-ingest,webhook,success,2026-10-06 06:30:34.873,2026-10-06 06:30:36.901,2028
4286,event-ingest,webhook,success,2026-10-06 06:30:34.901,2026-10-06 06:30:36.958,2057
4287,event-ingest,webhook,success,2026-10-06 06:30:36.738,2026-10-06 06:30:38.775,2037
4288,event-ingest,webhook,success,2026-10-06 06:30:36.764,2026-10-06 06:30:38.826,2062
4289,event-ingest,webhook,success,2026-10-06 06:30:36.786,2026-10-06 06:30:38.815,2029
4290,event-ingest,webhook,success,2026-10-06 06:30:36.811,2026-10-06 06:30:38.877,2066
4291,event-ingest,webhook,success,2026-10-06 06:30:38.942,2026-10-06 06:30:40.971,2029
4292,event-ingest,webhook,success,2026-10-06 06:30:38.965,2026-10-06 06:30:41.037,2072
4293,event-ingest,webhook,success,2026-10-06 06:30:38.987,2026-10-06 06:30:41.026,2039
4294,event-ingest,webhook,success,2026-10-06 06:30:39.013,2026-10-06 06:30:41.075,2062
4295,event-ingest,webhook,success,2026-10-06 06:30:40.850,2026-10-06 06:30:42.897,2047
4296,event-ingest,webhook,success,2026-10-06 06:30:40.901,2026-10-06 06:30:42.969,2068
4297,event-ingest,webhook,success,2026-10-06 06:30:40.928,2026-10-06 06:30:42.960,2032
4298,event-ingest,webhook,success,2026-10-06 06:30:40.960,2026-10-06 06:30:43.060,2100
4299,event-ingest,webhook,success,2026-10-06 06:30:40.996,2026-10-06 06:30:43.052,2056
4300,event-ingest,webhook,success,2026-10-06 06:30:41.079,2026-10-06 06:30:43.133,2054
4301,event-ingest,webhook,success,2026-10-06 06:30:41.130,2026-10-06 06:30:43.206,2076
4302,event-ingest,webhook,success,2026-10-06 06:30:41.161,2026-10-06 06:30:43.198,2037
4303,event-ingest,webhook,success,2026-10-06 06:30:41.189,2026-10-06 06:30:43.265,2076
4304,event-ingest,webhook,success,2026-10-06 06:30:41.216,2026-10-06 06:30:43.248,2032
4305,event-ingest,webhook,success,2026-10-06 06:30:41.247,2026-10-06 06:30:44.914,3667
4306,health-monitor,trigger,success,2026-10-06 06:35:00.029,2026-10-06 06:35:00.170,141
4307,health-monitor,trigger,success,2026-10-06 06:40:00.023,2026-10-06 06:40:00.139,116
4308,ioc-extractor,trigger,success,2026-10-06 06:45:00.030,2026-10-06 06:45:00.384,354
4309,health-monitor,trigger,success,2026-10-06 06:45:00.039,2026-10-06 06:45:00.260,221
4310,event-ingest,webhook,success,2026-10-06 06:45:02.900,2026-10-06 06:45:03.300,400
4311,event-ingest,webhook,success,2026-10-06 06:45:02.931,2026-10-06 06:45:03.307,376
4312,event-ingest,webhook,success,2026-10-06 06:45:02.955,2026-10-06 06:45:03.305,350
4313,event-ingest,webhook,success,2026-10-06 06:45:02.984,2026-10-06 06:45:03.371,387
4314,event-ingest,webhook,success,2026-10-06 06:45:03.015,2026-10-06 06:45:03.368,353
4315,event-ingest,webhook,success,2026-10-06 06:45:03.046,2026-10-06 06:45:03.408,362
4316,event-ingest,webhook,success,2026-10-06 06:45:03.978,2026-10-06 06:45:04.319,341
4317,event-ingest,webhook,success,2026-10-06 06:45:04.621,2026-10-06 06:45:04.976,355
4318,event-ingest,webhook,success,2026-10-06 06:45:05.554,2026-10-06 06:45:05.902,348
4319,event-ingest,webhook,success,2026-10-06 06:45:06.188,2026-10-06 06:45:06.528,340
4320,event-ingest,webhook,success,2026-10-06 06:45:07.120,2026-10-06 06:45:07.453,333
4321,event-ingest,webhook,success,2026-10-06 06:45:08.056,2026-10-06 06:45:08.390,334
4322,event-ingest,webhook,success,2026-10-06 06:45:08.082,2026-10-06 06:45:08.439,357
4323,event-ingest,webhook,success,2026-10-06 06:45:09.017,2026-10-06 06:45:09.365,348
4324,event-ingest,webhook,success,2026-10-06 06:45:09.042,2026-10-06 06:45:09.403,361
4325,event-ingest,webhook,success,2026-10-06 06:45:09.066,2026-10-06 06:45:09.392,326
4326,event-ingest,webhook,success,2026-10-06 06:45:09.093,2026-10-06 06:45:09.453,360
4327,event-ingest,webhook,success,2026-10-06 06:45:10.923,2026-10-06 06:45:11.273,350
4328,event-ingest,webhook,success,2026-10-06 06:45:10.948,2026-10-06 06:45:11.314,366
4329,event-ingest,webhook,success,2026-10-06 06:45:10.970,2026-10-06 06:45:11.303,333
4330,event-ingest,webhook,success,2026-10-06 06:45:11.002,2026-10-06 06:45:11.361,359
4331,event-ingest,webhook,success,2026-10-06 06:45:13.139,2026-10-06 06:45:13.475,336
4332,event-ingest,webhook,success,2026-10-06 06:45:13.166,2026-10-06 06:45:13.539,373
4333,event-ingest,webhook,success,2026-10-06 06:45:13.189,2026-10-06 06:45:13.529,340
4334,event-ingest,webhook,success,2026-10-06 06:45:13.218,2026-10-06 06:45:13.590,372
4335,event-ingest,webhook,success,2026-10-06 06:45:13.241,2026-10-06 06:45:13.583,342
4336,event-ingest,webhook,success,2026-10-06 06:45:13.270,2026-10-06 06:45:13.632,362
4337,event-ingest,webhook,success,2026-10-06 06:45:14.208,2026-10-06 06:45:14.564,356
4338,event-ingest,webhook,success,2026-10-06 06:45:14.836,2026-10-06 06:45:15.189,353
4339,event-ingest,webhook,success,2026-10-06 06:45:15.774,2026-10-06 06:45:16.112,338
4340,event-ingest,webhook,success,2026-10-06 06:45:16.407,2026-10-06 06:45:16.742,335
4341,event-ingest,webhook,success,2026-10-06 06:45:16.436,2026-10-06 06:45:18.499,2063
4342,event-ingest,webhook,success,2026-10-06 06:45:17.364,2026-10-06 06:45:19.394,2030
4343,event-ingest,webhook,success,2026-10-06 06:45:17.388,2026-10-06 06:45:19.450,2062
4344,event-ingest,webhook,success,2026-10-06 06:45:17.414,2026-10-06 06:45:19.448,2034
4345,event-ingest,webhook,success,2026-10-06 06:45:17.442,2026-10-06 06:45:19.500,2058
4346,event-ingest,webhook,success,2026-10-06 06:45:19.572,2026-10-06 06:45:21.601,2029
4347,event-ingest,webhook,success,2026-10-06 06:45:19.607,2026-10-06 06:45:21.670,2063
4348,event-ingest,webhook,success,2026-10-06 06:45:19.633,2026-10-06 06:45:21.661,2028
4349,event-ingest,webhook,success,2026-10-06 06:45:19.659,2026-10-06 06:45:21.723,2064
4350,event-ingest,webhook,success,2026-10-06 06:45:21.499,2026-10-06 06:45:23.528,2029
4351,event-ingest,webhook,success,2026-10-06 06:45:21.528,2026-10-06 06:45:23.593,2065
4352,event-ingest,webhook,success,2026-10-06 06:45:21.552,2026-10-06 06:45:23.583,2031
4353,event-ingest,webhook,success,2026-10-06 06:45:21.581,2026-10-06 06:45:23.654,2073
4354,event-ingest,webhook,success,2026-10-06 06:45:23.720,2026-10-06 06:45:25.746,2026
4355,event-ingest,webhook,success,2026-10-06 06:45:23.748,2026-10-06 06:45:25.815,2067
4356,event-ingest,webhook,success,2026-10-06 06:45:23.771,2026-10-06 06:45:25.799,2028
4357,event-ingest,webhook,success,2026-10-06 06:45:23.798,2026-10-06 06:45:25.855,2057
4358,event-ingest,webhook,success,2026-10-06 06:45:25.635,2026-10-06 06:45:27.665,2030
4359,event-ingest,webhook,success,2026-10-06 06:45:25.660,2026-10-06 06:45:27.722,2062
4360,event-ingest,webhook,success,2026-10-06 06:45:25.683,2026-10-06 06:45:27.707,2024
4361,event-ingest,webhook,success,2026-10-06 06:45:25.708,2026-10-06 06:45:27.770,2062
4362,event-ingest,webhook,success,2026-10-06 06:45:27.832,2026-10-06 06:45:29.861,2029
4363,event-ingest,webhook,success,2026-10-06 06:45:27.858,2026-10-06 06:45:29.920,2062
4364,event-ingest,webhook,success,2026-10-06 06:45:27.881,2026-10-06 06:45:29.906,2025
4365,event-ingest,webhook,success,2026-10-06 06:45:27.913,2026-10-06 06:45:29.973,2060
4366,event-ingest,webhook,success,2026-10-06 06:45:29.741,2026-10-06 06:45:31.768,2027
4367,event-ingest,webhook,success,2026-10-06 06:45:29.771,2026-10-06 06:45:31.857,2086
4368,event-ingest,webhook,success,2026-10-06 06:45:29.808,2026-10-06 06:45:31.850,2042
4369,event-ingest,webhook,success,2026-10-06 06:45:29.848,2026-10-06 06:45:31.930,2082
4370,event-ingest,webhook,success,2026-10-06 06:45:31.993,2026-10-06 06:45:34.038,2045
4371,event-ingest,webhook,success,2026-10-06 06:45:32.027,2026-10-06 06:45:34.092,2065
4372,event-ingest,webhook,success,2026-10-06 06:45:32.050,2026-10-06 06:45:34.081,2031
4373,event-ingest,webhook,success,2026-10-06 06:45:32.079,2026-10-06 06:45:34.145,2066
4374,event-ingest,webhook,success,2026-10-06 06:45:32.104,2026-10-06 06:45:34.135,2031
4375,event-ingest,webhook,success,2026-10-06 06:45:32.132,2026-10-06 06:45:34.208,2076
4376,event-ingest,webhook,success,2026-10-06 06:45:32.157,2026-10-06 06:45:34.188,2031
4377,event-ingest,webhook,success,2026-10-06 06:45:32.193,2026-10-06 06:45:34.262,2069
4378,event-ingest,webhook,success,2026-10-06 06:45:32.225,2026-10-06 06:45:34.251,2026
4379,health-monitor,trigger,success,2026-10-06 06:50:00.026,2026-10-06 06:50:00.168,142
4380,health-monitor,trigger,success,2026-10-06 06:55:00.031,2026-10-06 06:55:00.203,172
4381,ioc-extractor,trigger,success,2026-10-06 07:00:00.031,2026-10-06 07:00:00.336,305
4382,health-monitor,trigger,success,2026-10-06 07:00:00.038,2026-10-06 07:00:00.241,203
4383,event-ingest,webhook,success,2026-10-06 07:00:02.882,2026-10-06 07:00:03.270,388
4384,event-ingest,webhook,success,2026-10-06 07:00:02.915,2026-10-06 07:00:03.283,368
4385,event-ingest,webhook,success,2026-10-06 07:00:02.943,2026-10-06 07:00:03.272,329
4386,event-ingest,webhook,success,2026-10-06 07:00:02.973,2026-10-06 07:00:03.354,381
4387,event-ingest,webhook,success,2026-10-06 07:00:04.810,2026-10-06 07:00:05.148,338
4388,event-ingest,webhook,success,2026-10-06 07:00:04.836,2026-10-06 07:00:05.203,367
4389,event-ingest,webhook,success,2026-10-06 07:00:04.863,2026-10-06 07:00:05.200,337
4390,event-ingest,webhook,success,2026-10-06 07:00:04.891,2026-10-06 07:00:05.247,356
4391,event-ingest,webhook,success,2026-10-06 07:00:07.032,2026-10-06 07:00:07.384,352
4392,event-ingest,webhook,success,2026-10-06 07:00:07.060,2026-10-06 07:00:07.439,379
4393,event-ingest,webhook,success,2026-10-06 07:00:07.083,2026-10-06 07:00:07.415,332
4394,event-ingest,webhook,success,2026-10-06 07:00:07.110,2026-10-06 07:00:07.468,358
4395,event-ingest,webhook,success,2026-10-06 07:00:08.950,2026-10-06 07:00:09.285,335
4396,event-ingest,webhook,success,2026-10-06 07:00:08.975,2026-10-06 07:00:09.342,367
4397,event-ingest,webhook,success,2026-10-06 07:00:09.007,2026-10-06 07:00:09.340,333
4398,event-ingest,webhook,success,2026-10-06 07:00:09.033,2026-10-06 07:00:09.398,365
4399,event-ingest,webhook,success,2026-10-06 07:00:11.171,2026-10-06 07:00:11.518,347
4400,event-ingest,webhook,success,2026-10-06 07:00:11.211,2026-10-06 07:00:11.543,332
4401,event-ingest,webhook,success,2026-10-06 07:00:11.242,2026-10-06 07:00:11.608,366
4402,event-ingest,webhook,success,2026-10-06 07:00:11.266,2026-10-06 07:00:11.594,328
4403,event-ingest,webhook,success,2026-10-06 07:00:13.099,2026-10-06 07:00:13.434,335
4404,event-ingest,webhook,success,2026-10-06 07:00:13.127,2026-10-06 07:00:13.508,381
4405,event-ingest,webhook,success,2026-10-06 07:00:13.150,2026-10-06 07:00:13.506,356
4406,event-ingest,webhook,success,2026-10-06 07:00:13.179,2026-10-06 07:00:13.536,357
4407,event-ingest,webhook,success,2026-10-06 07:00:15.318,2026-10-06 07:00:15.659,341
4408,event-ingest,webhook,success,2026-10-06 07:00:15.345,2026-10-06 07:00:15.731,386
4409,event-ingest,webhook,success,2026-10-06 07:00:15.371,2026-10-06 07:00:15.712,341
4410,event-ingest,webhook,success,2026-10-06 07:00:15.403,2026-10-06 07:00:15.769,366
4411,event-ingest,webhook,success,2026-10-06 07:00:17.241,2026-10-06 07:00:17.594,353
4412,event-ingest,webhook,success,2026-10-06 07:00:17.269,2026-10-06 07:00:17.631,362
4413,event-ingest,webhook,success,2026-10-06 07:00:17.293,2026-10-06 07:00:17.618,325
4414,event-ingest,webhook,success,2026-10-06 07:00:17.321,2026-10-06 07:00:19.385,2064
4415,event-ingest,webhook,success,2026-10-06 07:00:19.451,2026-10-06 07:00:21.490,2039
4416,event-ingest,webhook,success,2026-10-06 07:00:19.487,2026-10-06 07:00:21.560,2073
4417,event-ingest,webhook,success,2026-10-06 07:00:19.512,2026-10-06 07:00:21.545,2033
4418,event-ingest,webhook,success,2026-10-06 07:00:19.544,2026-10-06 07:00:21.610,2066
4419,event-ingest,webhook,success,2026-10-06 07:00:21.387,2026-10-06 07:00:23.421,2034
4420,event-ingest,webhook,success,2026-10-06 07:00:21.418,2026-10-06 07:00:23.489,2071
4421,event-ingest,webhook,success,2026-10-06 07:00:21.445,2026-10-06 07:00:23.471,2026
4422,event-ingest,webhook,success,2026-10-06 07:00:21.472,2026-10-06 07:00:23.559,2087
4423,event-ingest,webhook,success,2026-10-06 07:00:23.309,2026-10-06 07:00:25.343,2034
4424,event-ingest,webhook,success,2026-10-06 07:00:23.339,2026-10-06 07:00:25.429,2090
4425,event-ingest,webhook,success,2026-10-06 07:00:23.378,2026-10-06 07:00:25.410,2032
4426,event-ingest,webhook,success,2026-10-06 07:00:23.418,2026-10-06 07:00:25.505,2087
4427,event-ingest,webhook,success,2026-10-06 07:00:23.765,2026-10-06 07:00:25.796,2031
4428,event-ingest,webhook,success,2026-10-06 07:00:23.791,2026-10-06 07:00:25.851,2060
4429,event-ingest,webhook,success,2026-10-06 07:00:24.722,2026-10-06 07:00:26.756,2034
4430,event-ingest,webhook,success,2026-10-06 07:00:25.346,2026-10-06 07:00:27.379,2033
4431,event-ingest,webhook,success,2026-10-06 07:00:26.282,2026-10-06 07:00:28.316,2034
4432,event-ingest,webhook,success,2026-10-06 07:00:27.212,2026-10-06 07:00:29.239,2027
4433,event-ingest,webhook,success,2026-10-06 07:00:27.836,2026-10-06 07:00:29.874,2038
4434,event-ingest,webhook,success,2026-10-06 07:00:27.864,2026-10-06 07:00:29.928,2064
4435,event-ingest,webhook,success,2026-10-06 07:00:28.791,2026-10-06 07:00:30.820,2029
4436,event-ingest,webhook,success,2026-10-06 07:00:28.814,2026-10-06 07:00:30.888,2074
4437,event-ingest,webhook,success,2026-10-06 07:00:28.836,2026-10-06 07:00:30.872,2036
4438,event-ingest,webhook,success,2026-10-06 07:00:28.878,2026-10-06 07:00:30.952,2074
4439,event-ingest,webhook,success,2026-10-06 07:00:31.013,2026-10-06 07:00:33.058,2045
4440,event-ingest,webhook,success,2026-10-06 07:00:31.050,2026-10-06 07:00:33.134,2084
4441,event-ingest,webhook,success,2026-10-06 07:00:31.086,2026-10-06 07:00:33.118,2032
4442,event-ingest,webhook,success,2026-10-06 07:00:31.121,2026-10-06 07:00:33.190,2069
4443,event-ingest,webhook,success,2026-10-06 07:00:31.148,2026-10-06 07:00:33.182,2034
4444,event-ingest,webhook,success,2026-10-06 07:00:31.178,2026-10-06 07:00:33.259,2081
4445,event-ingest,webhook,success,2026-10-06 07:00:31.209,2026-10-06 07:00:33.239,2030
4446,event-ingest,webhook,success,2026-10-06 07:00:31.243,2026-10-06 07:00:33.325,2082
4447,event-ingest,webhook,success,2026-10-06 07:00:31.279,2026-10-06 07:00:33.309,2030
4448,event-ingest,webhook,success,2026-10-06 07:00:31.306,2026-10-06 07:00:35.072,3766
4449,event-ingest,webhook,success,2026-10-06 07:00:31.337,2026-10-06 07:00:33.362,2025
4450,health-monitor,trigger,success,2026-10-06 07:05:00.028,2026-10-06 07:05:00.180,152
4451,health-monitor,trigger,success,2026-10-06 07:10:00.029,2026-10-06 07:10:00.166,137
4452,ioc-extractor,trigger,success,2026-10-06 07:15:00.030,2026-10-06 07:15:00.383,353
4453,health-monitor,trigger,success,2026-10-06 07:15:00.037,2026-10-06 07:15:00.306,269
4454,event-ingest,webhook,success,2026-10-06 07:15:02.861,2026-10-06 07:15:03.262,401
4455,event-ingest,webhook,success,2026-10-06 07:15:02.889,2026-10-06 07:15:03.271,382
4456,event-ingest,webhook,success,2026-10-06 07:15:02.915,2026-10-06 07:15:03.261,346
4457,event-ingest,webhook,success,2026-10-06 07:15:02.945,2026-10-06 07:15:03.303,358
4458,event-ingest,webhook,success,2026-10-06 07:15:04.780,2026-10-06 07:15:05.110,330
4459,event-ingest,webhook,success,2026-10-06 07:15:04.810,2026-10-06 07:15:05.177,367
4460,event-ingest,webhook,success,2026-10-06 07:15:04.838,2026-10-06 07:15:05.168,330
4461,event-ingest,webhook,success,2026-10-06 07:15:04.867,2026-10-06 07:15:05.226,359
4462,event-ingest,webhook,success,2026-10-06 07:15:07.008,2026-10-06 07:15:07.345,337
4463,event-ingest,webhook,success,2026-10-06 07:15:07.034,2026-10-06 07:15:07.413,379
4464,event-ingest,webhook,success,2026-10-06 07:15:07.057,2026-10-06 07:15:07.386,329
4465,event-ingest,webhook,success,2026-10-06 07:15:07.084,2026-10-06 07:15:07.450,366
4466,event-ingest,webhook,success,2026-10-06 07:15:08.920,2026-10-06 07:15:09.256,336
4467,event-ingest,webhook,success,2026-10-06 07:15:08.946,2026-10-06 07:15:09.321,375
4468,event-ingest,webhook,success,2026-10-06 07:15:08.972,2026-10-06 07:15:09.305,333
4469,event-ingest,webhook,success,2026-10-06 07:15:09.000,2026-10-06 07:15:09.359,359
4470,event-ingest,webhook,success,2026-10-06 07:15:11.138,2026-10-06 07:15:11.478,340
4471,event-ingest,webhook,success,2026-10-06 07:15:11.164,2026-10-06 07:15:11.532,368
4472,event-ingest,webhook,success,2026-10-06 07:15:11.194,2026-10-06 07:15:11.530,336
4473,event-ingest,webhook,success,2026-10-06 07:15:11.221,2026-10-06 07:15:11.577,356
4474,event-ingest,webhook,success,2026-10-06 07:15:13.047,2026-10-06 07:15:13.376,329
4475,event-ingest,webhook,success,2026-10-06 07:15:13.075,2026-10-06 07:15:13.441,366
4476,event-ingest,webhook,success,2026-10-06 07:15:13.101,2026-10-06 07:15:13.432,331
4477,event-ingest,webhook,success,2026-10-06 07:15:13.131,2026-10-06 07:15:13.509,378
4478,event-ingest,webhook,success,2026-10-06 07:15:13.154,2026-10-06 07:15:13.499,345
4479,event-ingest,webhook,success,2026-10-06 07:15:13.180,2026-10-06 07:15:13.541,361
4480,event-ingest,webhook,success,2026-10-06 07:15:14.111,2026-10-06 07:15:14.452,341
4481,event-ingest,webhook,success,2026-10-06 07:15:15.042,2026-10-06 07:15:15.378,336
4482,event-ingest,webhook,success,2026-10-06 07:15:15.973,2026-10-06 07:15:16.312,339
4483,event-ingest,webhook,success,2026-10-06 07:15:16.601,2026-10-06 07:15:16.950,349
4484,event-ingest,webhook,success,2026-10-06 07:15:17.530,2026-10-06 07:15:17.884,354
4485,event-ingest,webhook,success,2026-10-06 07:15:17.557,2026-10-06 07:15:17.933,376
4486,event-ingest,webhook,success,2026-10-06 07:15:18.493,2026-10-06 07:15:18.822,329
4487,event-ingest,webhook,success,2026-10-06 07:15:18.518,2026-10-06 07:15:20.582,2064
4488,event-ingest,webhook,success,2026-10-06 07:15:18.545,2026-10-06 07:15:20.572,2027
4489,event-ingest,webhook,success,2026-10-06 07:15:18.576,2026-10-06 07:15:20.640,2064
4490,event-ingest,webhook,success,2026-10-06 07:15:20.413,2026-10-06 07:15:22.451,2038
4491,event-ingest,webhook,success,2026-10-06 07:15:20.439,2026-10-06 07:15:22.504,2065
4492,event-ingest,webhook,success,2026-10-06 07:15:20.464,2026-10-06 07:15:22.493,2029
4493,event-ingest,webhook,success,2026-10-06 07:15:20.491,2026-10-06 07:15:22.553,2062
4494,event-ingest,webhook,success,2026-10-06 07:15:22.624,2026-10-06 07:15:24.650,2026
4495,event-ingest,webhook,success,2026-10-06 07:15:22.650,2026-10-06 07:15:24.713,2063
4496,event-ingest,webhook,success,2026-10-06 07:15:22.675,2026-10-06 07:15:24.704,2029
4497,event-ingest,webhook,success,2026-10-06 07:15:22.702,2026-10-06 07:15:24.762,2060
4498,event-ingest,webhook,success,2026-10-06 07:15:24.533,2026-10-06 07:15:26.566,2033
4499,event-ingest,webhook,success,2026-10-06 07:15:24.557,2026-10-06 07:15:26.622,2065
4500,event-ingest,webhook,success,2026-10-06 07:15:24.580,2026-10-06 07:15:26.607,2027
4501,event-ingest,webhook,success,2026-10-06 07:15:24.607,2026-10-06 07:15:26.677,2070
4502,event-ingest,webhook,success,2026-10-06 07:15:26.737,2026-10-06 07:15:28.759,2022
4503,event-ingest,webhook,success,2026-10-06 07:15:26.762,2026-10-06 07:15:28.820,2058
4504,event-ingest,webhook,success,2026-10-06 07:15:26.785,2026-10-06 07:15:28.812,2027
4505,event-ingest,webhook,success,2026-10-06 07:15:26.812,2026-10-06 07:15:28.868,2056
4506,event-ingest,webhook,success,2026-10-06 07:15:28.647,2026-10-06 07:15:30.676,2029
4507,event-ingest,webhook,success,2026-10-06 07:15:28.672,2026-10-06 07:15:30.736,2064
4508,event-ingest,webhook,success,2026-10-06 07:15:28.694,2026-10-06 07:15:30.718,2024
4509,event-ingest,webhook,success,2026-10-06 07:15:28.719,2026-10-06 07:15:30.784,2065
4510,event-ingest,webhook,success,2026-10-06 07:15:30.849,2026-10-06 07:15:32.887,2038
4511,event-ingest,webhook,success,2026-10-06 07:15:30.878,2026-10-06 07:15:32.957,2079
4512,event-ingest,webhook,success,2026-10-06 07:15:30.909,2026-10-06 07:15:32.949,2040
4513,event-ingest,webhook,success,2026-10-06 07:15:30.948,2026-10-06 07:15:33.019,2071
4514,event-ingest,webhook,success,2026-10-06 07:15:30.977,2026-10-06 07:15:33.008,2031
4515,event-ingest,webhook,success,2026-10-06 07:15:31.006,2026-10-06 07:15:33.118,2112
4516,event-ingest,webhook,success,2026-10-06 07:15:31.045,2026-10-06 07:15:33.084,2039
4517,event-ingest,webhook,success,2026-10-06 07:15:31.106,2026-10-06 07:15:33.197,2091
4518,event-ingest,webhook,success,2026-10-06 07:15:31.136,2026-10-06 07:15:33.177,2041
4519,event-ingest,webhook,success,2026-10-06 07:15:31.178,2026-10-06 07:15:34.903,3725
4520,event-ingest,webhook,success,2026-10-06 07:15:31.209,2026-10-06 07:15:33.235,2026
4521,health-monitor,trigger,success,2026-10-06 07:20:00.030,2026-10-06 07:20:00.156,126
4522,health-monitor,trigger,success,2026-10-06 07:25:00.026,2026-10-06 07:25:00.170,144
4523,ioc-extractor,trigger,success,2026-10-06 07:30:00.028,2026-10-06 07:30:00.341,313
4524,health-monitor,trigger,success,2026-10-06 07:30:00.036,2026-10-06 07:30:00.252,216
4525,event-ingest,webhook,success,2026-10-06 07:30:02.758,2026-10-06 07:30:03.169,411
4526,event-ingest,webhook,success,2026-10-06 07:30:02.788,2026-10-06 07:30:03.160,372
4527,event-ingest,webhook,success,2026-10-06 07:30:02.815,2026-10-06 07:30:03.159,344
4528,event-ingest,webhook,success,2026-10-06 07:30:02.845,2026-10-06 07:30:03.202,357
4529,event-ingest,webhook,success,2026-10-06 07:30:04.979,2026-10-06 07:30:05.332,353
4530,event-ingest,webhook,success,2026-10-06 07:30:05.008,2026-10-06 07:30:05.376,368
4531,event-ingest,webhook,success,2026-10-06 07:30:05.032,2026-10-06 07:30:05.379,347
4532,event-ingest,webhook,success,2026-10-06 07:30:05.061,2026-10-06 07:30:05.439,378
4533,event-ingest,webhook,success,2026-10-06 07:30:05.084,2026-10-06 07:30:05.427,343
4534,event-ingest,webhook,success,2026-10-06 07:30:05.111,2026-10-06 07:30:05.478,367
4535,event-ingest,webhook,success,2026-10-06 07:30:06.044,2026-10-06 07:30:06.377,333
4536,event-ingest,webhook,success,2026-10-06 07:30:06.678,2026-10-06 07:30:07.017,339
4537,event-ingest,webhook,success,2026-10-06 07:30:07.605,2026-10-06 07:30:07.953,348
4538,event-ingest,webhook,success,2026-10-06 07:30:08.232,2026-10-06 07:30:08.584,352
4539,event-ingest,webhook,success,2026-10-06 07:30:09.168,2026-10-06 07:30:09.516,348
4540,event-ingest,webhook,success,2026-10-06 07:30:09.198,2026-10-06 07:30:09.577,379
4541,event-ingest,webhook,success,2026-10-06 07:30:10.125,2026-10-06 07:30:10.458,333
4542,event-ingest,webhook,success,2026-10-06 07:30:10.149,2026-10-06 07:30:10.523,374
4543,event-ingest,webhook,success,2026-10-06 07:30:10.172,2026-10-06 07:30:10.501,329
4544,event-ingest,webhook,success,2026-10-06 07:30:10.199,2026-10-06 07:30:10.570,371
4545,event-ingest,webhook,success,2026-10-06 07:30:10.227,2026-10-06 07:30:10.557,330
4546,event-ingest,webhook,success,2026-10-06 07:30:10.261,2026-10-06 07:30:10.625,364
4547,event-ingest,webhook,success,2026-10-06 07:30:11.204,2026-10-06 07:30:11.561,357
4548,event-ingest,webhook,success,2026-10-06 07:30:12.156,2026-10-06 07:30:12.506,350
4549,event-ingest,webhook,success,2026-10-06 07:30:12.793,2026-10-06 07:30:13.135,342
4550,event-ingest,webhook,success,2026-10-06 07:30:13.725,2026-10-06 07:30:14.057,332
4551,event-ingest,webhook,success,2026-10-06 07:30:14.347,2026-10-06 07:30:14.678,331
4552,event-ingest,webhook,success,2026-10-06 07:30:14.372,2026-10-06 07:30:14.747,375
4553,event-ingest,webhook,success,2026-10-06 07:30:15.604,2026-10-06 07:30:15.954,350
4554,event-ingest,webhook,success,2026-10-06 07:30:15.629,2026-10-06 07:30:15.994,365
4555,event-ingest,webhook,success,2026-10-06 07:30:15.656,2026-10-06 07:30:16.004,348
4556,event-ingest,webhook,success,2026-10-06 07:30:15.684,2026-10-06 07:30:16.054,370
4557,event-ingest,webhook,success,2026-10-06 07:30:17.523,2026-10-06 07:30:17.868,345
4558,event-ingest,webhook,success,2026-10-06 07:30:17.548,2026-10-06 07:30:19.612,2064
4559,event-ingest,webhook,success,2026-10-06 07:30:17.572,2026-10-06 07:30:19.610,2038
4560,event-ingest,webhook,success,2026-10-06 07:30:17.599,2026-10-06 07:30:19.669,2070
4561,event-ingest,webhook,success,2026-10-06 07:30:19.739,2026-10-06 07:30:21.766,2027
4562,event-ingest,webhook,success,2026-10-06 07:30:19.765,2026-10-06 07:30:21.829,2064
4563,event-ingest,webhook,success,2026-10-06 07:30:19.789,2026-10-06 07:30:21.813,2024
4564,event-ingest,webhook,success,2026-10-06 07:30:19.816,2026-10-06 07:30:21.878,2062
4565,event-ingest,webhook,success,2026-10-06 07:30:21.654,2026-10-06 07:30:23.690,2036
4566,event-ingest,webhook,success,2026-10-06 07:30:21.679,2026-10-06 07:30:23.745,2066
4567,event-ingest,webhook,success,2026-10-06 07:30:21.703,2026-10-06 07:30:23.733,2030
4568,event-ingest,webhook,success,2026-10-06 07:30:21.731,2026-10-06 07:30:23.796,2065
4569,event-ingest,webhook,success,2026-10-06 07:30:23.862,2026-10-06 07:30:25.889,2027
4570,event-ingest,webhook,success,2026-10-06 07:30:23.886,2026-10-06 07:30:25.960,2074
4571,event-ingest,webhook,success,2026-10-06 07:30:23.912,2026-10-06 07:30:25.948,2036
4572,event-ingest,webhook,success,2026-10-06 07:30:23.940,2026-10-06 07:30:26.000,2060
4573,event-ingest,webhook,success,2026-10-06 07:30:25.771,2026-10-06 07:30:27.802,2031
4574,event-ingest,webhook,success,2026-10-06 07:30:25.796,2026-10-06 07:30:27.862,2066
4575,event-ingest,webhook,success,2026-10-06 07:30:25.820,2026-10-06 07:30:27.855,2035
4576,event-ingest,webhook,success,2026-10-06 07:30:25.853,2026-10-06 07:30:27.933,2080
4577,event-ingest,webhook,success,2026-10-06 07:30:25.886,2026-10-06 07:30:27.931,2045
4578,event-ingest,webhook,success,2026-10-06 07:30:25.930,2026-10-06 07:30:28.000,2070
4579,health-monitor,trigger,success,2026-10-06 07:35:00.031,2026-10-06 07:35:00.210,179
4580,health-monitor,trigger,success,2026-10-06 07:40:00.025,2026-10-06 07:40:00.138,113
4581,ioc-extractor,trigger,success,2026-10-06 07:45:00.035,2026-10-06 07:45:00.312,277
4582,health-monitor,trigger,success,2026-10-06 07:45:00.043,2026-10-06 07:45:00.268,225
4583,event-ingest,webhook,success,2026-10-06 07:45:02.924,2026-10-06 07:45:03.347,423
4584,event-ingest,webhook,success,2026-10-06 07:45:02.955,2026-10-06 07:45:03.338,383
4585,event-ingest,webhook,success,2026-10-06 07:45:02.986,2026-10-06 07:45:03.337,351
4586,event-ingest,webhook,success,2026-10-06 07:45:03.015,2026-10-06 07:45:03.377,362
4587,event-ingest,webhook,success,2026-10-06 07:45:04.841,2026-10-06 07:45:05.168,327
4588,event-ingest,webhook,success,2026-10-06 07:45:04.874,2026-10-06 07:45:05.253,379
4589,event-ingest,webhook,success,2026-10-06 07:45:04.907,2026-10-06 07:45:05.250,343
4590,event-ingest,webhook,success,2026-10-06 07:45:04.946,2026-10-06 07:45:05.314,368
4591,event-ingest,webhook,success,2026-10-06 07:45:05.279,2026-10-06 07:45:05.611,332
4592,event-ingest,webhook,success,2026-10-06 07:45:05.311,2026-10-06 07:45:05.651,340
4593,event-ingest,webhook,success,2026-10-06 07:45:06.256,2026-10-06 07:45:06.594,338
4594,event-ingest,webhook,success,2026-10-06 07:45:06.889,2026-10-06 07:45:07.214,325
4595,event-ingest,webhook,success,2026-10-06 07:45:07.822,2026-10-06 07:45:08.154,332
4596,event-ingest,webhook,success,2026-10-06 07:45:08.452,2026-10-06 07:45:08.841,389
4597,event-ingest,webhook,success,2026-10-06 07:45:09.385,2026-10-06 07:45:09.724,339
4598,event-ingest,webhook,success,2026-10-06 07:45:10.328,2026-10-06 07:45:10.680,352
4599,event-ingest,webhook,success,2026-10-06 07:45:10.359,2026-10-06 07:45:10.723,364
4600,event-ingest,webhook,success,2026-10-06 07:45:11.288,2026-10-06 07:45:11.637,349
4601,event-ingest,webhook,success,2026-10-06 07:45:11.317,2026-10-06 07:45:11.696,379
4602,event-ingest,webhook,success,2026-10-06 07:45:11.345,2026-10-06 07:45:11.700,355
4603,event-ingest,webhook,success,2026-10-06 07:45:11.373,2026-10-06 07:45:11.789,416
4604,event-ingest,webhook,success,2026-10-06 07:45:13.215,2026-10-06 07:45:13.548,333
4605,event-ingest,webhook,success,2026-10-06 07:45:13.246,2026-10-06 07:45:13.618,372
4606,event-ingest,webhook,success,2026-10-06 07:45:13.272,2026-10-06 07:45:13.620,348
4607,event-ingest,webhook,success,2026-10-06 07:45:13.299,2026-10-06 07:45:13.664,365
4608,event-ingest,webhook,success,2026-10-06 07:45:15.437,2026-10-06 07:45:15.771,334
4609,event-ingest,webhook,success,2026-10-06 07:45:15.463,2026-10-06 07:45:15.888,425
4610,event-ingest,webhook,success,2026-10-06 07:45:15.487,2026-10-06 07:45:15.818,331
4611,event-ingest,webhook,success,2026-10-06 07:45:15.514,2026-10-06 07:45:15.890,376
4612,event-ingest,webhook,success,2026-10-06 07:45:17.354,2026-10-06 07:45:17.699,345
4613,event-ingest,webhook,success,2026-10-06 07:45:17.382,2026-10-06 07:45:17.810,428
4614,event-ingest,webhook,success,2026-10-06 07:45:17.410,2026-10-06 07:45:17.793,383
4615,event-ingest,webhook,success,2026-10-06 07:45:17.441,2026-10-06 07:45:17.802,361
4616,event-ingest,webhook,success,2026-10-06 07:45:19.573,2026-10-06 07:45:19.922,349
4617,event-ingest,webhook,success,2026-10-06 07:45:19.600,2026-10-06 07:45:21.677,2077
4618,event-ingest,webhook,success,2026-10-06 07:45:19.625,2026-10-06 07:45:19.971,346
4619,event-ingest,webhook,success,2026-10-06 07:45:19.653,2026-10-06 07:45:21.718,2065
4620,event-ingest,webhook,success,2026-10-06 07:45:21.491,2026-10-06 07:45:23.531,2040
4621,event-ingest,webhook,success,2026-10-06 07:45:21.519,2026-10-06 07:45:23.582,2063
4622,event-ingest,webhook,success,2026-10-06 07:45:21.543,2026-10-06 07:45:23.571,2028
4623,event-ingest,webhook,success,2026-10-06 07:45:21.571,2026-10-06 07:45:23.633,2062
4624,event-ingest,webhook,success,2026-10-06 07:45:23.704,2026-10-06 07:45:25.738,2034
4625,event-ingest,webhook,success,2026-10-06 07:45:23.732,2026-10-06 07:45:25.810,2078
4626,event-ingest,webhook,success,2026-10-06 07:45:23.769,2026-10-06 07:45:25.799,2030
4627,event-ingest,webhook,success,2026-10-06 07:45:23.798,2026-10-06 07:45:25.858,2060
4628,event-ingest,webhook,success,2026-10-06 07:45:25.632,2026-10-06 07:45:27.657,2025
4629,event-ingest,webhook,success,2026-10-06 07:45:25.656,2026-10-06 07:45:27.727,2071
4630,event-ingest,webhook,success,2026-10-06 07:45:25.680,2026-10-06 07:45:27.710,2030
4631,event-ingest,webhook,success,2026-10-06 07:45:25.708,2026-10-06 07:45:27.809,2101
4632,event-ingest,webhook,success,2026-10-06 07:45:27.558,2026-10-06 07:45:29.592,2034
4633,event-ingest,webhook,success,2026-10-06 07:45:27.585,2026-10-06 07:45:29.654,2069
4634,event-ingest,webhook,success,2026-10-06 07:45:27.609,2026-10-06 07:45:29.638,2029
4635,event-ingest,webhook,success,2026-10-06 07:45:27.638,2026-10-06 07:45:29.721,2083
4636,event-ingest,webhook,success,2026-10-06 07:45:27.676,2026-10-06 07:45:29.709,2033
4637,event-ingest,webhook,success,2026-10-06 07:45:27.716,2026-10-06 07:45:29.765,2049
4638,event-ingest,webhook,success,2026-10-06 07:45:28.972,2026-10-06 07:45:31.007,2035
4639,event-ingest,webhook,success,2026-10-06 07:45:29.598,2026-10-06 07:45:31.642,2044
4640,event-ingest,webhook,success,2026-10-06 07:45:30.538,2026-10-06 07:45:32.566,2028
4641,event-ingest,webhook,success,2026-10-06 07:45:31.164,2026-10-06 07:45:33.194,2030
4642,event-ingest,webhook,success,2026-10-06 07:45:32.094,2026-10-06 07:45:34.127,2033
4643,event-ingest,webhook,success,2026-10-06 07:45:32.724,2026-10-06 07:45:34.763,2039
4644,event-ingest,webhook,success,2026-10-06 07:45:32.751,2026-10-06 07:45:34.807,2056
4645,event-ingest,webhook,success,2026-10-06 07:45:33.673,2026-10-06 07:45:35.704,2031
4646,event-ingest,webhook,success,2026-10-06 07:45:33.697,2026-10-06 07:45:35.769,2072
4647,event-ingest,webhook,success,2026-10-06 07:45:33.720,2026-10-06 07:45:35.756,2036
4648,event-ingest,webhook,success,2026-10-06 07:45:33.756,2026-10-06 07:45:35.824,2068
4649,event-ingest,webhook,success,2026-10-06 07:45:35.883,2026-10-06 07:45:37.912,2029
4650,event-ingest,webhook,success,2026-10-06 07:45:35.906,2026-10-06 07:45:37.991,2085
4651,event-ingest,webhook,success,2026-10-06 07:45:35.940,2026-10-06 07:45:37.983,2043
4652,event-ingest,webhook,success,2026-10-06 07:45:35.974,2026-10-06 07:45:38.069,2095
4653,event-ingest,webhook,success,2026-10-06 07:45:36.007,2026-10-06 07:45:38.043,2036
4654,event-ingest,webhook,success,2026-10-06 07:45:36.045,2026-10-06 07:45:38.126,2081
4655,event-ingest,webhook,success,2026-10-06 07:45:36.079,2026-10-06 07:45:38.109,2030
4656,event-ingest,webhook,success,2026-10-06 07:45:36.106,2026-10-06 07:45:38.183,2077
4657,event-ingest,webhook,success,2026-10-06 07:45:36.140,2026-10-06 07:45:38.170,2030
4658,event-ingest,webhook,success,2026-10-06 07:45:36.170,2026-10-06 07:45:38.237,2067
4659,health-monitor,trigger,success,2026-10-06 07:50:00.020,2026-10-06 07:50:00.183,163
4660,health-monitor,trigger,success,2026-10-06 07:55:00.022,2026-10-06 07:55:00.169,147
4661,ioc-extractor,trigger,success,2026-10-06 08:00:00.031,2026-10-06 08:00:00.356,325
4662,health-monitor,trigger,success,2026-10-06 08:00:00.039,2026-10-06 08:00:00.245,206
4663,event-ingest,webhook,success,2026-10-06 08:00:02.921,2026-10-06 08:00:03.309,388
4664,event-ingest,webhook,success,2026-10-06 08:00:02.949,2026-10-06 08:00:03.322,373
4665,event-ingest,webhook,success,2026-10-06 08:00:02.977,2026-10-06 08:00:03.312,335
4666,event-ingest,webhook,success,2026-10-06 08:00:03.006,2026-10-06 08:00:03.383,377
4667,event-ingest,webhook,success,2026-10-06 08:00:04.844,2026-10-06 08:00:05.174,330
4668,event-ingest,webhook,success,2026-10-06 08:00:04.876,2026-10-06 08:00:05.240,364
4669,event-ingest,webhook,success,2026-10-06 08:00:04.899,2026-10-06 08:00:05.238,339
4670,event-ingest,webhook,success,2026-10-06 08:00:04.929,2026-10-06 08:00:05.284,355
4671,event-ingest,webhook,success,2026-10-06 08:00:07.060,2026-10-06 08:00:07.396,336
4672,event-ingest,webhook,success,2026-10-06 08:00:07.086,2026-10-06 08:00:07.461,375
4673,event-ingest,webhook,success,2026-10-06 08:00:07.112,2026-10-06 08:00:07.459,347
4674,event-ingest,webhook,success,2026-10-06 08:00:07.138,2026-10-06 08:00:07.514,376
4675,event-ingest,webhook,success,2026-10-06 08:00:08.974,2026-10-06 08:00:09.313,339
4676,event-ingest,webhook,success,2026-10-06 08:00:09.000,2026-10-06 08:00:09.363,363
4677,event-ingest,webhook,success,2026-10-06 08:00:09.023,2026-10-06 08:00:09.352,329
4678,event-ingest,webhook,success,2026-10-06 08:00:09.049,2026-10-06 08:00:09.405,356
4679,event-ingest,webhook,success,2026-10-06 08:00:11.186,2026-10-06 08:00:11.520,334
4680,event-ingest,webhook,success,2026-10-06 08:00:11.215,2026-10-06 08:00:11.585,370
4681,event-ingest,webhook,success,2026-10-06 08:00:11.240,2026-10-06 08:00:11.573,333
4682,event-ingest,webhook,success,2026-10-06 08:00:11.273,2026-10-06 08:00:11.636,363
4683,event-ingest,webhook,success,2026-10-06 08:00:11.299,2026-10-06 08:00:11.627,328
4684,event-ingest,webhook,success,2026-10-06 08:00:11.325,2026-10-06 08:00:11.703,378
4685,event-ingest,webhook,success,2026-10-06 08:00:12.262,2026-10-06 08:00:12.591,329
4686,event-ingest,webhook,success,2026-10-06 08:00:12.887,2026-10-06 08:00:13.228,341
4687,event-ingest,webhook,success,2026-10-06 08:00:13.817,2026-10-06 08:00:14.153,336
4688,event-ingest,webhook,success,2026-10-06 08:00:14.749,2026-10-06 08:00:15.093,344
4689,event-ingest,webhook,success,2026-10-06 08:00:15.382,2026-10-06 08:00:15.778,396
4690,event-ingest,webhook,success,2026-10-06 08:00:16.315,2026-10-06 08:00:16.647,332
4691,event-ingest,webhook,success,2026-10-06 08:00:16.955,2026-10-06 08:00:17.297,342
4692,event-ingest,webhook,success,2026-10-06 08:00:16.982,2026-10-06 08:00:17.344,362
4693,event-ingest,webhook,success,2026-10-06 08:00:17.911,2026-10-06 08:00:18.253,342
4694,event-ingest,webhook,success,2026-10-06 08:00:17.937,2026-10-06 08:00:18.309,372
4695,event-ingest,webhook,success,2026-10-06 08:00:17.964,2026-10-06 08:00:18.300,336
4696,event-ingest,webhook,success,2026-10-06 08:00:17.992,2026-10-06 08:00:18.356,364
4697,event-ingest,webhook,success,2026-10-06 08:00:20.126,2026-10-06 08:00:20.463,337
4698,event-ingest,webhook,success,2026-10-06 08:00:20.153,2026-10-06 08:00:22.214,2061
4699,event-ingest,webhook,success,2026-10-06 08:00:20.176,2026-10-06 08:00:22.203,2027
4700,event-ingest,webhook,success,2026-10-06 08:00:20.204,2026-10-06 08:00:22.261,2057
4701,event-ingest,webhook,success,2026-10-06 08:00:22.034,2026-10-06 08:00:24.064,2030
4702,event-ingest,webhook,success,2026-10-06 08:00:22.061,2026-10-06 08:00:24.124,2063
4703,event-ingest,webhook,success,2026-10-06 08:00:22.086,2026-10-06 08:00:24.117,2031
4704,event-ingest,webhook,success,2026-10-06 08:00:22.113,2026-10-06 08:00:24.177,2064
4705,event-ingest,webhook,success,2026-10-06 08:00:24.244,2026-10-06 08:00:26.269,2025
4706,event-ingest,webhook,success,2026-10-06 08:00:24.274,2026-10-06 08:00:26.336,2062
4707,event-ingest,webhook,success,2026-10-06 08:00:24.298,2026-10-06 08:00:26.324,2026
4708,event-ingest,webhook,success,2026-10-06 08:00:24.323,2026-10-06 08:00:26.381,2058
4709,event-ingest,webhook,success,2026-10-06 08:00:26.155,2026-10-06 08:00:28.176,2021
4710,event-ingest,webhook,success,2026-10-06 08:00:26.179,2026-10-06 08:00:28.241,2062
4711,event-ingest,webhook,success,2026-10-06 08:00:26.201,2026-10-06 08:00:28.224,2023
4712,event-ingest,webhook,success,2026-10-06 08:00:26.227,2026-10-06 08:00:28.292,2065
4713,event-ingest,webhook,success,2026-10-06 08:00:28.356,2026-10-06 08:00:30.384,2028
4714,event-ingest,webhook,success,2026-10-06 08:00:28.379,2026-10-06 08:00:30.459,2080
4715,event-ingest,webhook,success,2026-10-06 08:00:28.404,2026-10-06 08:00:30.442,2038
4716,event-ingest,webhook,success,2026-10-06 08:00:28.435,2026-10-06 08:00:30.500,2065
4717,event-ingest,webhook,success,2026-10-06 08:00:30.277,2026-10-06 08:00:32.310,2033
4718,event-ingest,webhook,success,2026-10-06 08:00:30.305,2026-10-06 08:00:32.379,2074
4719,event-ingest,webhook,success,2026-10-06 08:00:30.329,2026-10-06 08:00:32.362,2033
4720,event-ingest,webhook,success,2026-10-06 08:00:30.355,2026-10-06 08:00:32.424,2069
4721,event-ingest,webhook,success,2026-10-06 08:00:32.481,2026-10-06 08:00:34.524,2043
4722,event-ingest,webhook,success,2026-10-06 08:00:32.522,2026-10-06 08:00:34.611,2089
4723,event-ingest,webhook,success,2026-10-06 08:00:32.553,2026-10-06 08:00:34.587,2034
4724,event-ingest,webhook,success,2026-10-06 08:00:32.590,2026-10-06 08:00:34.663,2073
4725,event-ingest,webhook,success,2026-10-06 08:00:32.621,2026-10-06 08:00:34.653,2032
4726,event-ingest,webhook,success,2026-10-06 08:00:32.653,2026-10-06 08:00:34.725,2072
4727,event-ingest,webhook,success,2026-10-06 08:00:32.685,2026-10-06 08:00:34.716,2031
4728,event-ingest,webhook,success,2026-10-06 08:00:32.714,2026-10-06 08:00:34.802,2088
4729,event-ingest,webhook,success,2026-10-06 08:00:32.742,2026-10-06 08:00:34.788,2046
4730,event-ingest,webhook,success,2026-10-06 08:00:32.787,2026-10-06 08:00:36.534,3747
4731,event-ingest,webhook,success,2026-10-06 08:00:32.814,2026-10-06 08:00:34.843,2029
4732,health-monitor,trigger,success,2026-10-06 08:05:00.020,2026-10-06 08:05:00.169,149
4733,health-monitor,trigger,success,2026-10-06 08:10:00.029,2026-10-06 08:10:00.178,149
4734,ioc-extractor,trigger,success,2026-10-06 08:15:00.030,2026-10-06 08:15:00.368,338
4735,health-monitor,trigger,success,2026-10-06 08:15:00.038,2026-10-06 08:15:00.286,248
4736,event-ingest,webhook,success,2026-10-06 08:15:02.860,2026-10-06 08:15:03.256,396
4737,event-ingest,webhook,success,2026-10-06 08:15:02.892,2026-10-06 08:15:03.271,379
4738,event-ingest,webhook,success,2026-10-06 08:15:02.926,2026-10-06 08:15:03.258,332
4739,event-ingest,webhook,success,2026-10-06 08:15:02.961,2026-10-06 08:15:03.349,388
4740,event-ingest,webhook,success,2026-10-06 08:15:02.996,2026-10-06 08:15:03.351,355
4741,event-ingest,webhook,success,2026-10-06 08:15:03.030,2026-10-06 08:15:03.423,393
4742,event-ingest,webhook,success,2026-10-06 08:15:03.964,2026-10-06 08:15:04.302,338
4743,event-ingest,webhook,success,2026-10-06 08:15:04.898,2026-10-06 08:15:05.226,328
4744,event-ingest,webhook,success,2026-10-06 08:15:05.535,2026-10-06 08:15:05.875,340
4745,event-ingest,webhook,success,2026-10-06 08:15:06.484,2026-10-06 08:15:06.845,361
4746,event-ingest,webhook,success,2026-10-06 08:15:07.113,2026-10-06 08:15:07.440,327
4747,event-ingest,webhook,success,2026-10-06 08:15:08.044,2026-10-06 08:15:08.382,338
4748,event-ingest,webhook,success,2026-10-06 08:15:08.679,2026-10-06 08:15:09.031,352
4749,event-ingest,webhook,success,2026-10-06 08:15:09.616,2026-10-06 08:15:09.960,344
4750,event-ingest,webhook,success,2026-10-06 08:15:09.641,2026-10-06 08:15:10.001,360
4751,event-ingest,webhook,success,2026-10-06 08:15:10.576,2026-10-06 08:15:10.918,342
4752,event-ingest,webhook,success,2026-10-06 08:15:10.602,2026-10-06 08:15:10.978,376
4753,event-ingest,webhook,success,2026-10-06 08:15:10.631,2026-10-06 08:15:10.969,338
4754,event-ingest,webhook,success,2026-10-06 08:15:10.666,2026-10-06 08:15:11.029,363
4755,event-ingest,webhook,success,2026-10-06 08:15:12.798,2026-10-06 08:15:13.135,337
4756,event-ingest,webhook,success,2026-10-06 08:15:12.825,2026-10-06 08:15:13.194,369
4757,event-ingest,webhook,success,2026-10-06 08:15:12.850,2026-10-06 08:15:13.193,343
4758,event-ingest,webhook,success,2026-10-06 08:15:12.878,2026-10-06 08:15:13.240,362
4759,event-ingest,webhook,success,2026-10-06 08:15:14.716,2026-10-06 08:15:15.052,336
4760,event-ingest,webhook,success,2026-10-06 08:15:14.743,2026-10-06 08:15:15.125,382
4761,event-ingest,webhook,success,2026-10-06 08:15:14.768,2026-10-06 08:15:15.098,330
4762,event-ingest,webhook,success,2026-10-06 08:15:14.793,2026-10-06 08:15:15.168,375
4763,event-ingest,webhook,success,2026-10-06 08:15:16.926,2026-10-06 08:15:17.262,336
4764,event-ingest,webhook,success,2026-10-06 08:15:16.952,2026-10-06 08:15:17.325,373
4765,event-ingest,webhook,success,2026-10-06 08:15:16.975,2026-10-06 08:15:17.302,327
4766,event-ingest,webhook,success,2026-10-06 08:15:17.004,2026-10-06 08:15:17.380,376
4767,event-ingest,webhook,success,2026-10-06 08:15:18.842,2026-10-06 08:15:20.878,2036
4768,event-ingest,webhook,success,2026-10-06 08:15:18.867,2026-10-06 08:15:20.929,2062
4769,event-ingest,webhook,success,2026-10-06 08:15:18.891,2026-10-06 08:15:20.927,2036
4770,event-ingest,webhook,success,2026-10-06 08:15:18.921,2026-10-06 08:15:20.981,2060
4771,event-ingest,webhook,success,2026-10-06 08:15:21.052,2026-10-06 08:15:23.099,2047
4772,event-ingest,webhook,success,2026-10-06 08:15:21.078,2026-10-06 08:15:23.159,2081
4773,event-ingest,webhook,success,2026-10-06 08:15:21.100,2026-10-06 08:15:23.146,2046
4774,event-ingest,webhook,success,2026-10-06 08:15:21.126,2026-10-06 08:15:23.197,2071
4775,event-ingest,webhook,success,2026-10-06 08:15:22.953,2026-10-06 08:15:24.997,2044
4776,event-ingest,webhook,success,2026-10-06 08:15:22.983,2026-10-06 08:15:25.059,2076
4777,event-ingest,webhook,success,2026-10-06 08:15:23.014,2026-10-06 08:15:25.057,2043
4778,event-ingest,webhook,success,2026-10-06 08:15:23.054,2026-10-06 08:15:25.199,2145
4779,event-ingest,webhook,success,2026-10-06 08:15:23.164,2026-10-06 08:15:25.269,2105
4780,event-ingest,webhook,success,2026-10-06 08:15:23.270,2026-10-06 08:15:25.338,2068
4781,health-monitor,trigger,success,2026-10-06 08:20:00.025,2026-10-06 08:20:00.183,158
4782,health-monitor,trigger,success,2026-10-06 08:25:00.024,2026-10-06 08:25:00.153,129
4783,ioc-extractor,trigger,success,2026-10-06 08:30:00.029,2026-10-06 08:30:00.296,267
4784,health-monitor,trigger,success,2026-10-06 08:30:00.039,2026-10-06 08:30:00.268,229
4785,event-ingest,webhook,success,2026-10-06 08:30:02.928,2026-10-06 08:30:03.337,409
4786,event-ingest,webhook,success,2026-10-06 08:30:02.957,2026-10-06 08:30:03.335,378
4787,event-ingest,webhook,success,2026-10-06 08:30:02.986,2026-10-06 08:30:03.330,344
4788,event-ingest,webhook,success,2026-10-06 08:30:03.019,2026-10-06 08:30:03.396,377
4789,event-ingest,webhook,success,2026-10-06 08:30:04.858,2026-10-06 08:30:05.190,332
4790,event-ingest,webhook,success,2026-10-06 08:30:04.883,2026-10-06 08:30:05.248,365
4791,event-ingest,webhook,success,2026-10-06 08:30:04.914,2026-10-06 08:30:05.246,332
4792,event-ingest,webhook,success,2026-10-06 08:30:04.942,2026-10-06 08:30:05.315,373
4793,event-ingest,webhook,success,2026-10-06 08:30:07.073,2026-10-06 08:30:07.415,342
4794,event-ingest,webhook,success,2026-10-06 08:30:07.099,2026-10-06 08:30:07.481,382
4795,event-ingest,webhook,success,2026-10-06 08:30:07.134,2026-10-06 08:30:07.461,327
4796,event-ingest,webhook,success,2026-10-06 08:30:07.183,2026-10-06 08:30:07.517,334
4797,event-ingest,webhook,success,2026-10-06 08:30:09.022,2026-10-06 08:30:09.357,335
4798,event-ingest,webhook,success,2026-10-06 08:30:09.048,2026-10-06 08:30:09.425,377
4799,event-ingest,webhook,success,2026-10-06 08:30:09.071,2026-10-06 08:30:09.427,356
4800,event-ingest,webhook,success,2026-10-06 08:30:09.099,2026-10-06 08:30:09.472,373
4801,event-ingest,webhook,success,2026-10-06 08:30:11.231,2026-10-06 08:30:11.579,348
4802,event-ingest,webhook,success,2026-10-06 08:30:11.257,2026-10-06 08:30:11.684,427
4803,event-ingest,webhook,success,2026-10-06 08:30:11.282,2026-10-06 08:30:11.673,391
4804,event-ingest,webhook,success,2026-10-06 08:30:11.309,2026-10-06 08:30:11.714,405
4805,event-ingest,webhook,success,2026-10-06 08:30:13.136,2026-10-06 08:30:13.483,347
4806,event-ingest,webhook,success,2026-10-06 08:30:13.165,2026-10-06 08:30:13.529,364
4807,event-ingest,webhook,success,2026-10-06 08:30:13.190,2026-10-06 08:30:13.527,337
4808,event-ingest,webhook,success,2026-10-06 08:30:13.218,2026-10-06 08:30:13.601,383
4809,event-ingest,webhook,success,2026-10-06 08:30:13.249,2026-10-06 08:30:13.599,350
4810,event-ingest,webhook,success,2026-10-06 08:30:13.277,2026-10-06 08:30:13.706,429
4811,event-ingest,webhook,success,2026-10-06 08:30:14.209,2026-10-06 08:30:14.556,347
4812,event-ingest,webhook,success,2026-10-06 08:30:15.140,2026-10-06 08:30:15.473,333
4813,event-ingest,webhook,success,2026-10-06 08:30:16.071,2026-10-06 08:30:16.413,342
4814,event-ingest,webhook,success,2026-10-06 08:30:16.703,2026-10-06 08:30:17.036,333
4815,event-ingest,webhook,success,2026-10-06 08:30:17.641,2026-10-06 08:30:17.983,342
4816,event-ingest,webhook,success,2026-10-06 08:30:18.272,2026-10-06 08:30:18.676,404
4817,event-ingest,webhook,success,2026-10-06 08:30:18.297,2026-10-06 08:30:18.700,403
4818,event-ingest,webhook,success,2026-10-06 08:30:19.230,2026-10-06 08:30:19.566,336
4819,event-ingest,webhook,success,2026-10-06 08:30:19.255,2026-10-06 08:30:19.617,362
4820,event-ingest,webhook,success,2026-10-06 08:30:19.278,2026-10-06 08:30:19.615,337
4821,event-ingest,webhook,success,2026-10-06 08:30:19.306,2026-10-06 08:30:19.677,371
4822,event-ingest,webhook,success,2026-10-06 08:30:21.443,2026-10-06 08:30:21.785,342
4823,event-ingest,webhook,success,2026-10-06 08:30:21.477,2026-10-06 08:30:21.890,413
4824,event-ingest,webhook,success,2026-10-06 08:30:21.513,2026-10-06 08:30:21.869,356
4825,event-ingest,webhook,success,2026-10-06 08:30:21.573,2026-10-06 08:30:23.650,2077
4826,event-ingest,webhook,success,2026-10-06 08:30:21.602,2026-10-06 08:30:23.649,2047
4827,event-ingest,webhook,success,2026-10-06 08:30:21.635,2026-10-06 08:30:23.704,2069
4828,health-monitor,trigger,success,2026-10-06 08:35:00.029,2026-10-06 08:35:00.203,174
4829,health-monitor,trigger,success,2026-10-06 08:40:00.030,2026-10-06 08:40:00.152,122
4830,health-monitor,trigger,success,2026-10-06 08:45:00.036,2026-10-06 08:45:00.238,202
4831,ioc-extractor,trigger,success,2026-10-06 08:45:00.044,2026-10-06 08:45:00.324,280
4832,event-ingest,webhook,success,2026-10-06 08:45:02.799,2026-10-06 08:45:03.198,399
4833,event-ingest,webhook,success,2026-10-06 08:45:02.830,2026-10-06 08:45:03.208,378
4834,event-ingest,webhook,success,2026-10-06 08:45:02.857,2026-10-06 08:45:03.196,339
4835,event-ingest,webhook,success,2026-10-06 08:45:02.894,2026-10-06 08:45:03.273,379
4836,event-ingest,webhook,success,2026-10-06 08:45:05.029,2026-10-06 08:45:05.362,333
4837,event-ingest,webhook,success,2026-10-06 08:45:05.054,2026-10-06 08:45:05.431,377
4838,event-ingest,webhook,success,2026-10-06 08:45:05.079,2026-10-06 08:45:05.433,354
4839,event-ingest,webhook,success,2026-10-06 08:45:05.107,2026-10-06 08:45:05.471,364
4840,event-ingest,webhook,success,2026-10-06 08:45:06.937,2026-10-06 08:45:07.264,327
4841,event-ingest,webhook,success,2026-10-06 08:45:06.960,2026-10-06 08:45:07.339,379
4842,event-ingest,webhook,success,2026-10-06 08:45:06.993,2026-10-06 08:45:07.337,344
4843,event-ingest,webhook,success,2026-10-06 08:45:07.021,2026-10-06 08:45:07.390,369
4844,event-ingest,webhook,success,2026-10-06 08:45:09.155,2026-10-06 08:45:09.504,349
4845,event-ingest,webhook,success,2026-10-06 08:45:09.181,2026-10-06 08:45:09.564,383
4846,event-ingest,webhook,success,2026-10-06 08:45:09.205,2026-10-06 08:45:09.552,347
4847,event-ingest,webhook,success,2026-10-06 08:45:09.230,2026-10-06 08:45:09.629,399
4848,event-ingest,webhook,success,2026-10-06 08:45:11.059,2026-10-06 08:45:11.388,329
4849,event-ingest,webhook,success,2026-10-06 08:45:11.089,2026-10-06 08:45:11.484,395
4850,event-ingest,webhook,success,2026-10-06 08:45:11.113,2026-10-06 08:45:11.463,350
4851,event-ingest,webhook,success,2026-10-06 08:45:11.151,2026-10-06 08:45:11.521,370
4852,event-ingest,webhook,success,2026-10-06 08:45:11.179,2026-10-06 08:45:11.505,326
4853,event-ingest,webhook,success,2026-10-06 08:45:11.206,2026-10-06 08:45:11.638,432
4854,event-ingest,webhook,success,2026-10-06 08:45:12.441,2026-10-06 08:45:12.779,338
4855,event-ingest,webhook,success,2026-10-06 08:45:13.073,2026-10-06 08:45:13.406,333
4856,event-ingest,webhook,success,2026-10-06 08:45:14.008,2026-10-06 08:45:14.351,343
4857,event-ingest,webhook,success,2026-10-06 08:45:14.643,2026-10-06 08:45:14.988,345
4858,event-ingest,webhook,success,2026-10-06 08:45:15.576,2026-10-06 08:45:15.915,339
4859,event-ingest,webhook,success,2026-10-06 08:45:16.210,2026-10-06 08:45:16.560,350
4860,event-ingest,webhook,success,2026-10-06 08:45:17.143,2026-10-06 08:45:17.493,350
4861,event-ingest,webhook,success,2026-10-06 08:45:17.167,2026-10-06 08:45:17.525,358
4862,event-ingest,webhook,success,2026-10-06 08:45:18.100,2026-10-06 08:45:18.431,331
4863,event-ingest,webhook,success,2026-10-06 08:45:18.128,2026-10-06 08:45:20.205,2077
4864,event-ingest,webhook,success,2026-10-06 08:45:18.155,2026-10-06 08:45:18.489,334
4865,event-ingest,webhook,success,2026-10-06 08:45:18.184,2026-10-06 08:45:20.247,2063
4866,event-ingest,webhook,success,2026-10-06 08:45:20.313,2026-10-06 08:45:22.340,2027
4867,event-ingest,webhook,success,2026-10-06 08:45:20.339,2026-10-06 08:45:22.401,2062
4868,event-ingest,webhook,success,2026-10-06 08:45:20.364,2026-10-06 08:45:22.389,2025
4869,event-ingest,webhook,success,2026-10-06 08:45:20.393,2026-10-06 08:45:22.451,2058
4870,event-ingest,webhook,success,2026-10-06 08:45:22.224,2026-10-06 08:45:24.262,2038
4871,event-ingest,webhook,success,2026-10-06 08:45:22.253,2026-10-06 08:45:24.318,2065
4872,event-ingest,webhook,success,2026-10-06 08:45:22.277,2026-10-06 08:45:24.307,2030
4873,event-ingest,webhook,success,2026-10-06 08:45:22.306,2026-10-06 08:45:24.368,2062
4874,event-ingest,webhook,success,2026-10-06 08:45:24.436,2026-10-06 08:45:26.463,2027
4875,event-ingest,webhook,success,2026-10-06 08:45:24.462,2026-10-06 08:45:26.523,2061
4876,event-ingest,webhook,success,2026-10-06 08:45:24.485,2026-10-06 08:45:26.511,2026
4877,event-ingest,webhook,success,2026-10-06 08:45:24.511,2026-10-06 08:45:26.567,2056
4878,event-ingest,webhook,success,2026-10-06 08:45:26.361,2026-10-06 08:45:28.416,2055
4879,event-ingest,webhook,success,2026-10-06 08:45:26.409,2026-10-06 08:45:28.475,2066
4880,event-ingest,webhook,success,2026-10-06 08:45:26.432,2026-10-06 08:45:28.463,2031
4881,event-ingest,webhook,success,2026-10-06 08:45:26.467,2026-10-06 08:45:28.502,2035
4882,event-ingest,webhook,success,2026-10-06 08:45:28.303,2026-10-06 08:45:30.340,2037
4883,event-ingest,webhook,success,2026-10-06 08:45:28.327,2026-10-06 08:45:30.391,2064
4884,event-ingest,webhook,success,2026-10-06 08:45:28.350,2026-10-06 08:45:30.380,2030
4885,event-ingest,webhook,success,2026-10-06 08:45:28.378,2026-10-06 08:45:30.471,2093
4886,event-ingest,webhook,success,2026-10-06 08:45:28.419,2026-10-06 08:45:30.462,2043
4887,event-ingest,webhook,success,2026-10-06 08:45:28.473,2026-10-06 08:45:30.533,2060
4888,event-ingest,webhook,success,2026-10-06 08:45:28.547,2026-10-06 08:45:30.627,2080
4889,event-ingest,webhook,success,2026-10-06 08:45:28.586,2026-10-06 08:45:30.620,2034
4890,event-ingest,webhook,success,2026-10-06 08:45:28.614,2026-10-06 08:45:30.678,2064
4891,health-monitor,trigger,success,2026-10-06 08:50:00.021,2026-10-06 08:50:00.167,146
4892,health-monitor,trigger,success,2026-10-06 08:55:00.023,2026-10-06 08:55:00.198,175
4893,ioc-extractor,trigger,success,2026-10-06 09:00:00.016,2026-10-06 09:00:00.331,315
4894,health-monitor,trigger,success,2026-10-06 09:00:00.028,2026-10-06 09:00:00.266,238
4895,event-ingest,webhook,success,2026-10-06 09:00:02.884,2026-10-06 09:00:03.297,413
4896,event-ingest,webhook,success,2026-10-06 09:00:02.912,2026-10-06 09:00:03.307,395
4897,event-ingest,webhook,success,2026-10-06 09:00:02.940,2026-10-06 09:00:03.298,358
4898,event-ingest,webhook,success,2026-10-06 09:00:02.971,2026-10-06 09:00:03.338,367
4899,event-ingest,webhook,success,2026-10-06 09:00:05.103,2026-10-06 09:00:05.443,340
4900,event-ingest,webhook,success,2026-10-06 09:00:05.132,2026-10-06 09:00:05.582,450
4901,event-ingest,webhook,success,2026-10-06 09:00:05.160,2026-10-06 09:00:05.501,341
4902,event-ingest,webhook,success,2026-10-06 09:00:05.192,2026-10-06 09:00:05.556,364
4903,event-ingest,webhook,success,2026-10-06 09:00:07.028,2026-10-06 09:00:07.383,355
4904,event-ingest,webhook,success,2026-10-06 09:00:07.059,2026-10-06 09:00:07.445,386
4905,event-ingest,webhook,success,2026-10-06 09:00:07.085,2026-10-06 09:00:07.432,347
4906,event-ingest,webhook,success,2026-10-06 09:00:07.115,2026-10-06 09:00:07.478,363
4907,event-ingest,webhook,success,2026-10-06 09:00:08.957,2026-10-06 09:00:09.292,335
4908,event-ingest,webhook,success,2026-10-06 09:00:08.982,2026-10-06 09:00:09.350,368
4909,event-ingest,webhook,success,2026-10-06 09:00:09.008,2026-10-06 09:00:09.338,330
4910,event-ingest,webhook,success,2026-10-06 09:00:09.034,2026-10-06 09:00:09.420,386
4911,event-ingest,webhook,success,2026-10-06 09:00:11.165,2026-10-06 09:00:11.498,333
4912,event-ingest,webhook,success,2026-10-06 09:00:11.192,2026-10-06 09:00:11.620,428
4913,event-ingest,webhook,success,2026-10-06 09:00:11.220,2026-10-06 09:00:11.593,373
4914,event-ingest,webhook,success,2026-10-06 09:00:11.260,2026-10-06 09:00:11.622,362
4915,event-ingest,webhook,success,2026-10-06 09:00:13.092,2026-10-06 09:00:13.442,350
4916,event-ingest,webhook,success,2026-10-06 09:00:13.125,2026-10-06 09:00:13.496,371
4917,event-ingest,webhook,success,2026-10-06 09:00:13.155,2026-10-06 09:00:13.494,339
4918,event-ingest,webhook,success,2026-10-06 09:00:13.192,2026-10-06 09:00:13.598,406
4919,event-ingest,webhook,success,2026-10-06 09:00:15.319,2026-10-06 09:00:15.663,344
4920,event-ingest,webhook,success,2026-10-06 09:00:15.345,2026-10-06 09:00:15.718,373
4921,event-ingest,webhook,success,2026-10-06 09:00:15.367,2026-10-06 09:00:15.698,331
4922,event-ingest,webhook,success,2026-10-06 09:00:15.396,2026-10-06 09:00:15.803,407
4923,event-ingest,webhook,success,2026-10-06 09:00:15.436,2026-10-06 09:00:15.802,366
4924,event-ingest,webhook,success,2026-10-06 09:00:15.478,2026-10-06 09:00:15.863,385
4925,event-ingest,webhook,success,2026-10-06 09:00:16.418,2026-10-06 09:00:16.766,348
4926,event-ingest,webhook,success,2026-10-06 09:00:17.049,2026-10-06 09:00:17.399,350
4927,event-ingest,webhook,success,2026-10-06 09:00:17.982,2026-10-06 09:00:20.011,2029
4928,event-ingest,webhook,success,2026-10-06 09:00:18.916,2026-10-06 09:00:20.950,2034
4929,event-ingest,webhook,success,2026-10-06 09:00:19.549,2026-10-06 09:00:21.582,2033
4930,event-ingest,webhook,success,2026-10-06 09:00:20.483,2026-10-06 09:00:22.520,2037
4931,event-ingest,webhook,success,2026-10-06 09:00:21.116,2026-10-06 09:00:23.153,2037
4932,event-ingest,webhook,success,2026-10-06 09:00:21.148,2026-10-06 09:00:23.210,2062
4933,event-ingest,webhook,success,2026-10-06 09:00:22.076,2026-10-06 09:00:24.101,2025
4934,event-ingest,webhook,success,2026-10-06 09:00:22.102,2026-10-06 09:00:24.167,2065
4935,event-ingest,webhook,success,2026-10-06 09:00:22.125,2026-10-06 09:00:24.151,2026
4936,event-ingest,webhook,success,2026-10-06 09:00:22.154,2026-10-06 09:00:24.220,2066
4937,event-ingest,webhook,success,2026-10-06 09:00:24.284,2026-10-06 09:00:26.325,2041
4938,event-ingest,webhook,success,2026-10-06 09:00:24.314,2026-10-06 09:00:26.396,2082
4939,event-ingest,webhook,success,2026-10-06 09:00:24.348,2026-10-06 09:00:26.382,2034
4940,event-ingest,webhook,success,2026-10-06 09:00:24.381,2026-10-06 09:00:26.453,2072
4941,event-ingest,webhook,success,2026-10-06 09:00:24.410,2026-10-06 09:00:26.440,2030
4942,event-ingest,webhook,success,2026-10-06 09:00:24.436,2026-10-06 09:00:26.519,2083
4943,event-ingest,webhook,success,2026-10-06 09:00:24.469,2026-10-06 09:00:26.495,2026
4944,health-monitor,trigger,success,2026-10-06 09:05:00.022,2026-10-06 09:05:00.214,192
4945,health-monitor,trigger,success,2026-10-06 09:10:00.026,2026-10-06 09:10:00.161,135
4946,health-monitor,trigger,success,2026-10-06 09:15:00.035,2026-10-06 09:15:00.237,202
4947,ioc-extractor,trigger,success,2026-10-06 09:15:00.043,2026-10-06 09:15:00.337,294
4948,event-ingest,webhook,success,2026-10-06 09:15:02.893,2026-10-06 09:15:03.282,389
4949,event-ingest,webhook,success,2026-10-06 09:15:02.923,2026-10-06 09:15:03.302,379
4950,event-ingest,webhook,success,2026-10-06 09:15:02.953,2026-10-06 09:15:03.294,341
4951,event-ingest,webhook,success,2026-10-06 09:15:02.989,2026-10-06 09:15:03.360,371
4952,event-ingest,webhook,success,2026-10-06 09:15:04.821,2026-10-06 09:15:05.158,337
4953,event-ingest,webhook,success,2026-10-06 09:15:04.851,2026-10-06 09:15:05.230,379
4954,event-ingest,webhook,success,2026-10-06 09:15:04.881,2026-10-06 09:15:05.232,351
4955,event-ingest,webhook,success,2026-10-06 09:15:04.916,2026-10-06 09:15:05.285,369
4956,event-ingest,webhook,success,2026-10-06 09:15:07.048,2026-10-06 09:15:07.374,326
4957,event-ingest,webhook,success,2026-10-06 09:15:07.073,2026-10-06 09:15:07.440,367
4958,event-ingest,webhook,success,2026-10-06 09:15:07.098,2026-10-06 09:15:07.433,335
4959,event-ingest,webhook,success,2026-10-06 09:15:07.126,2026-10-06 09:15:07.548,422
4960,event-ingest,webhook,success,2026-10-06 09:15:08.958,2026-10-06 09:15:09.295,337
4961,event-ingest,webhook,success,2026-10-06 09:15:08.987,2026-10-06 09:15:09.357,370
4962,event-ingest,webhook,success,2026-10-06 09:15:09.016,2026-10-06 09:15:09.355,339
4963,event-ingest,webhook,success,2026-10-06 09:15:09.046,2026-10-06 09:15:09.408,362
4964,event-ingest,webhook,success,2026-10-06 09:15:11.181,2026-10-06 09:15:11.518,337
4965,event-ingest,webhook,success,2026-10-06 09:15:11.207,2026-10-06 09:15:11.590,383
4966,event-ingest,webhook,success,2026-10-06 09:15:11.234,2026-10-06 09:15:11.571,337
4967,event-ingest,webhook,success,2026-10-06 09:15:11.279,2026-10-06 09:15:11.661,382
4968,event-ingest,webhook,success,2026-10-06 09:15:11.305,2026-10-06 09:15:11.637,332
4969,event-ingest,webhook,success,2026-10-06 09:15:11.336,2026-10-06 09:15:11.712,376
4970,event-ingest,webhook,success,2026-10-06 09:15:12.274,2026-10-06 09:15:12.603,329
4971,event-ingest,webhook,success,2026-10-06 09:15:13.201,2026-10-06 09:15:13.583,382
4972,event-ingest,webhook,success,2026-10-06 09:15:13.829,2026-10-06 09:15:14.168,339
4973,event-ingest,webhook,success,2026-10-06 09:15:14.763,2026-10-06 09:15:15.113,350
4974,event-ingest,webhook,success,2026-10-06 09:15:15.396,2026-10-06 09:15:15.731,335
4975,event-ingest,webhook,success,2026-10-06 09:15:16.326,2026-10-06 09:15:16.655,329
4976,event-ingest,webhook,success,2026-10-06 09:15:16.352,2026-10-06 09:15:16.724,372
4977,event-ingest,webhook,success,2026-10-06 09:15:17.282,2026-10-06 09:15:17.631,349
4978,event-ingest,webhook,success,2026-10-06 09:15:17.308,2026-10-06 09:15:17.669,361
4979,event-ingest,webhook,success,2026-10-06 09:15:17.332,2026-10-06 09:15:17.662,330
4980,event-ingest,webhook,success,2026-10-06 09:15:17.364,2026-10-06 09:15:17.726,362
4981,event-ingest,webhook,success,2026-10-06 09:15:19.194,2026-10-06 09:15:19.597,403
4982,event-ingest,webhook,success,2026-10-06 09:15:19.220,2026-10-06 09:15:19.599,379
4983,event-ingest,webhook,success,2026-10-06 09:15:19.245,2026-10-06 09:15:19.585,340
4984,event-ingest,webhook,success,2026-10-06 09:15:19.277,2026-10-06 09:15:19.641,364
4985,event-ingest,webhook,success,2026-10-06 09:15:21.417,2026-10-06 09:15:21.752,335
4986,event-ingest,webhook,success,2026-10-06 09:15:21.443,2026-10-06 09:15:21.816,373
4987,event-ingest,webhook,success,2026-10-06 09:15:21.468,2026-10-06 09:15:21.817,349
4988,event-ingest,webhook,success,2026-10-06 09:15:21.498,2026-10-06 09:15:21.871,373
4989,event-ingest,webhook,success,2026-10-06 09:15:23.335,2026-10-06 09:15:23.675,340
4990,event-ingest,webhook,success,2026-10-06 09:15:23.359,2026-10-06 09:15:25.429,2070
4991,event-ingest,webhook,success,2026-10-06 09:15:23.383,2026-10-06 09:15:23.715,332
4992,event-ingest,webhook,success,2026-10-06 09:15:23.413,2026-10-06 09:15:25.472,2059
4993,event-ingest,webhook,success,2026-10-06 09:15:25.544,2026-10-06 09:15:27.566,2022
4994,event-ingest,webhook,success,2026-10-06 09:15:25.567,2026-10-06 09:15:27.627,2060
4995,event-ingest,webhook,success,2026-10-06 09:15:25.589,2026-10-06 09:15:27.612,2023
4996,event-ingest,webhook,success,2026-10-06 09:15:25.615,2026-10-06 09:15:27.674,2059
4997,event-ingest,webhook,success,2026-10-06 09:15:27.452,2026-10-06 09:15:29.476,2024
4998,event-ingest,webhook,success,2026-10-06 09:15:27.474,2026-10-06 09:15:29.540,2066
4999,event-ingest,webhook,success,2026-10-06 09:15:27.497,2026-10-06 09:15:29.525,2028
5000,event-ingest,webhook,success,2026-10-06 09:15:27.523,2026-10-06 09:15:29.592,2069
5001,event-ingest,webhook,success,2026-10-06 09:15:29.655,2026-10-06 09:15:31.685,2030
5002,event-ingest,webhook,success,2026-10-06 09:15:29.683,2026-10-06 09:15:31.745,2062
5003,event-ingest,webhook,success,2026-10-06 09:15:29.704,2026-10-06 09:15:31.733,2029
5004,event-ingest,webhook,success,2026-10-06 09:15:29.731,2026-10-06 09:15:31.788,2057
5005,event-ingest,webhook,success,2026-10-06 09:15:31.566,2026-10-06 09:15:33.595,2029
5006,event-ingest,webhook,success,2026-10-06 09:15:31.589,2026-10-06 09:15:33.652,2063
5007,event-ingest,webhook,success,2026-10-06 09:15:31.610,2026-10-06 09:15:33.640,2030
5008,event-ingest,webhook,success,2026-10-06 09:15:31.637,2026-10-06 09:15:33.704,2067
5009,event-ingest,webhook,success,2026-10-06 09:15:33.764,2026-10-06 09:15:35.812,2048
5010,event-ingest,webhook,success,2026-10-06 09:15:33.799,2026-10-06 09:15:35.888,2089
5011,event-ingest,webhook,success,2026-10-06 09:15:33.836,2026-10-06 09:15:35.879,2043
5012,event-ingest,webhook,success,2026-10-06 09:15:33.871,2026-10-06 09:15:35.942,2071
5013,event-ingest,webhook,success,2026-10-06 09:15:33.896,2026-10-06 09:15:35.932,2036
5014,event-ingest,webhook,success,2026-10-06 09:15:33.932,2026-10-06 09:15:36.000,2068
5015,event-ingest,webhook,success,2026-10-06 09:15:33.959,2026-10-06 09:15:35.989,2030
5016,event-ingest,webhook,success,2026-10-06 09:15:33.987,2026-10-06 09:15:36.070,2083
5017,event-ingest,webhook,success,2026-10-06 09:15:34.028,2026-10-06 09:15:36.062,2034
5018,event-ingest,webhook,success,2026-10-06 09:15:34.058,2026-10-06 09:15:37.834,3776
5019,event-ingest,webhook,success,2026-10-06 09:15:34.085,2026-10-06 09:15:36.120,2035
5020,event-ingest,webhook,success,2026-10-06 09:15:34.112,2026-10-06 09:15:37.895,3783
5021,health-monitor,trigger,success,2026-10-06 09:20:00.026,2026-10-06 09:20:00.185,159
5022,health-monitor,trigger,success,2026-10-06 09:25:00.032,2026-10-06 09:25:00.173,141
5023,ioc-extractor,trigger,success,2026-10-06 09:30:00.035,2026-10-06 09:30:00.395,360
5024,health-monitor,trigger,success,2026-10-06 09:30:00.044,2026-10-06 09:30:00.300,256
5025,event-ingest,webhook,success,2026-10-06 09:30:02.974,2026-10-06 09:30:03.337,363
5026,event-ingest,webhook,success,2026-10-06 09:30:03.004,2026-10-06 09:30:03.392,388
5027,event-ingest,webhook,success,2026-10-06 09:30:03.041,2026-10-06 09:30:03.390,349
5028,event-ingest,webhook,success,2026-10-06 09:30:03.073,2026-10-06 09:30:03.462,389
5029,event-ingest,webhook,success,2026-10-06 09:30:03.104,2026-10-06 09:30:03.465,361
5030,event-ingest,webhook,success,2026-10-06 09:30:03.141,2026-10-06 09:30:03.516,375
5031,event-ingest,webhook,success,2026-10-06 09:30:04.071,2026-10-06 09:30:04.395,324
5032,event-ingest,webhook,success,2026-10-06 09:30:04.996,2026-10-06 09:30:05.348,352
5033,event-ingest,webhook,success,2026-10-06 09:30:05.625,2026-10-06 09:30:05.974,349
5034,event-ingest,webhook,success,2026-10-06 09:30:06.560,2026-10-06 09:30:06.917,357
5035,event-ingest,webhook,success,2026-10-06 09:30:07.191,2026-10-06 09:30:07.571,380
5036,event-ingest,webhook,success,2026-10-06 09:30:08.120,2026-10-06 09:30:08.474,354
5037,event-ingest,webhook,success,2026-10-06 09:30:08.751,2026-10-06 09:30:09.087,336
5038,event-ingest,webhook,success,2026-10-06 09:30:08.782,2026-10-06 09:30:09.155,373
5039,event-ingest,webhook,success,2026-10-06 09:30:10.024,2026-10-06 09:30:10.379,355
5040,event-ingest,webhook,success,2026-10-06 09:30:10.053,2026-10-06 09:30:10.424,371
5041,event-ingest,webhook,success,2026-10-06 09:30:10.076,2026-10-06 09:30:10.427,351
5042,event-ingest,webhook,success,2026-10-06 09:30:10.103,2026-10-06 09:30:10.465,362
5043,event-ingest,webhook,success,2026-10-06 09:30:11.935,2026-10-06 09:30:12.270,335
5044,event-ingest,webhook,success,2026-10-06 09:30:11.961,2026-10-06 09:30:12.339,378
5045,event-ingest,webhook,success,2026-10-06 09:30:11.987,2026-10-06 09:30:12.316,329
5046,event-ingest,webhook,success,2026-10-06 09:30:12.013,2026-10-06 09:30:12.394,381
5047,event-ingest,webhook,success,2026-10-06 09:30:13.849,2026-10-06 09:30:14.200,351
5048,event-ingest,webhook,success,2026-10-06 09:30:13.881,2026-10-06 09:30:14.246,365
5049,event-ingest,webhook,success,2026-10-06 09:30:13.906,2026-10-06 09:30:14.256,350
5050,event-ingest,webhook,success,2026-10-06 09:30:13.935,2026-10-06 09:30:14.312,377
5051,event-ingest,webhook,success,2026-10-06 09:30:16.077,2026-10-06 09:30:16.415,338
5052,event-ingest,webhook,success,2026-10-06 09:30:16.101,2026-10-06 09:30:16.482,381
5053,event-ingest,webhook,success,2026-10-06 09:30:16.126,2026-10-06 09:30:16.480,354
5054,event-ingest,webhook,success,2026-10-06 09:30:16.154,2026-10-06 09:30:16.555,401
5055,event-ingest,webhook,success,2026-10-06 09:30:17.988,2026-10-06 09:30:18.350,362
5056,event-ingest,webhook,success,2026-10-06 09:30:18.017,2026-10-06 09:30:18.391,374
5057,event-ingest,webhook,success,2026-10-06 09:30:18.043,2026-10-06 09:30:18.394,351
5058,event-ingest,webhook,success,2026-10-06 09:30:18.068,2026-10-06 09:30:20.133,2065
5059,event-ingest,webhook,success,2026-10-06 09:30:20.199,2026-10-06 09:30:22.229,2030
5060,event-ingest,webhook,success,2026-10-06 09:30:20.226,2026-10-06 09:30:22.293,2067
5061,event-ingest,webhook,success,2026-10-06 09:30:20.249,2026-10-06 09:30:22.280,2031
5062,event-ingest,webhook,success,2026-10-06 09:30:20.281,2026-10-06 09:30:22.346,2065
5063,event-ingest,webhook,success,2026-10-06 09:30:20.306,2026-10-06 09:30:22.333,2027
5064,event-ingest,webhook,success,2026-10-06 09:30:20.334,2026-10-06 09:30:22.401,2067
5065,event-ingest,webhook,success,2026-10-06 09:30:21.274,2026-10-06 09:30:23.317,2043
5066,event-ingest,webhook,success,2026-10-06 09:30:22.211,2026-10-06 09:30:24.258,2047
5067,event-ingest,webhook,success,2026-10-06 09:30:22.843,2026-10-06 09:30:24.881,2038
5068,event-ingest,webhook,success,2026-10-06 09:30:23.778,2026-10-06 09:30:25.813,2035
5069,event-ingest,webhook,success,2026-10-06 09:30:24.404,2026-10-06 09:30:26.432,2028
5070,event-ingest,webhook,success,2026-10-06 09:30:25.336,2026-10-06 09:30:27.361,2025
5071,event-ingest,webhook,success,2026-10-06 09:30:26.268,2026-10-06 09:30:28.297,2029
5072,event-ingest,webhook,success,2026-10-06 09:30:26.292,2026-10-06 09:30:28.346,2054
5073,event-ingest,webhook,success,2026-10-06 09:30:27.228,2026-10-06 09:30:29.250,2022
5074,event-ingest,webhook,success,2026-10-06 09:30:27.251,2026-10-06 09:30:29.312,2061
5075,event-ingest,webhook,success,2026-10-06 09:30:27.273,2026-10-06 09:30:29.297,2024
5076,event-ingest,webhook,success,2026-10-06 09:30:27.299,2026-10-06 09:30:29.360,2061
5077,event-ingest,webhook,success,2026-10-06 09:30:29.129,2026-10-06 09:30:31.164,2035
5078,event-ingest,webhook,success,2026-10-06 09:30:29.152,2026-10-06 09:30:31.215,2063
5079,event-ingest,webhook,success,2026-10-06 09:30:29.172,2026-10-06 09:30:31.199,2027
5080,event-ingest,webhook,success,2026-10-06 09:30:29.198,2026-10-06 09:30:31.264,2066
5081,event-ingest,webhook,success,2026-10-06 09:30:31.328,2026-10-06 09:30:33.354,2026
5082,event-ingest,webhook,success,2026-10-06 09:30:31.352,2026-10-06 09:30:33.423,2071
5083,event-ingest,webhook,success,2026-10-06 09:30:31.374,2026-10-06 09:30:33.406,2032
5084,event-ingest,webhook,success,2026-10-06 09:30:31.402,2026-10-06 09:30:33.456,2054
5085,event-ingest,webhook,success,2026-10-06 09:30:33.237,2026-10-06 09:30:35.264,2027
5086,event-ingest,webhook,success,2026-10-06 09:30:33.264,2026-10-06 09:30:35.328,2064
5087,event-ingest,webhook,success,2026-10-06 09:30:33.287,2026-10-06 09:30:35.315,2028
5088,event-ingest,webhook,success,2026-10-06 09:30:33.313,2026-10-06 09:30:35.378,2065
5089,event-ingest,webhook,success,2026-10-06 09:30:35.443,2026-10-06 09:30:37.471,2028
5090,event-ingest,webhook,success,2026-10-06 09:30:35.469,2026-10-06 09:30:37.538,2069
5091,event-ingest,webhook,success,2026-10-06 09:30:35.494,2026-10-06 09:30:37.527,2033
5092,event-ingest,webhook,success,2026-10-06 09:30:35.521,2026-10-06 09:30:37.598,2077
5093,event-ingest,webhook,success,2026-10-06 09:30:37.355,2026-10-06 09:30:39.391,2036
5094,event-ingest,webhook,success,2026-10-06 09:30:37.382,2026-10-06 09:30:39.446,2064
5095,event-ingest,webhook,success,2026-10-06 09:30:37.405,2026-10-06 09:30:39.429,2024
5096,event-ingest,webhook,success,2026-10-06 09:30:37.435,2026-10-06 09:30:39.510,2075
5097,event-ingest,webhook,success,2026-10-06 09:30:37.467,2026-10-06 09:30:39.519,2052
5098,event-ingest,webhook,success,2026-10-06 09:30:37.535,2026-10-06 09:30:39.603,2068
5099,event-ingest,webhook,success,2026-10-06 09:30:37.607,2026-10-06 09:30:39.687,2080
5100,event-ingest,webhook,success,2026-10-06 09:30:37.642,2026-10-06 09:30:39.680,2038
5101,event-ingest,webhook,success,2026-10-06 09:30:37.677,2026-10-06 09:30:39.754,2077
5102,event-ingest,webhook,success,2026-10-06 09:30:37.704,2026-10-06 09:30:39.741,2037
5103,health-monitor,trigger,success,2026-10-06 09:35:00.026,2026-10-06 09:35:00.195,169
5104,health-monitor,trigger,success,2026-10-06 09:40:00.030,2026-10-06 09:40:00.170,140
5105,ioc-extractor,trigger,success,2026-10-06 09:45:00.032,2026-10-06 09:45:00.389,357
5106,health-monitor,trigger,success,2026-10-06 09:45:00.041,2026-10-06 09:45:00.290,249
5107,event-ingest,webhook,success,2026-10-06 09:45:02.945,2026-10-06 09:45:03.348,403
5108,event-ingest,webhook,success,2026-10-06 09:45:02.972,2026-10-06 09:45:03.349,377
5109,event-ingest,webhook,success,2026-10-06 09:45:02.998,2026-10-06 09:45:03.360,362
5110,event-ingest,webhook,success,2026-10-06 09:45:03.025,2026-10-06 09:45:03.460,435
5111,event-ingest,webhook,success,2026-10-06 09:45:04.851,2026-10-06 09:45:05.184,333
5112,event-ingest,webhook,success,2026-10-06 09:45:04.882,2026-10-06 09:45:05.267,385
5113,event-ingest,webhook,success,2026-10-06 09:45:04.909,2026-10-06 09:45:05.265,356
5114,event-ingest,webhook,success,2026-10-06 09:45:04.943,2026-10-06 09:45:05.322,379
5115,event-ingest,webhook,success,2026-10-06 09:45:07.077,2026-10-06 09:45:07.415,338
5116,event-ingest,webhook,success,2026-10-06 09:45:07.108,2026-10-06 09:45:07.505,397
5117,event-ingest,webhook,success,2026-10-06 09:45:07.140,2026-10-06 09:45:07.471,331
5118,event-ingest,webhook,success,2026-10-06 09:45:07.179,2026-10-06 09:45:07.597,418
5119,event-ingest,webhook,success,2026-10-06 09:45:07.229,2026-10-06 09:45:07.600,371
5120,event-ingest,webhook,success,2026-10-06 09:45:07.267,2026-10-06 09:45:07.655,388
5121,event-ingest,webhook,success,2026-10-06 09:45:08.202,2026-10-06 09:45:08.549,347
5122,event-ingest,webhook,success,2026-10-06 09:45:08.831,2026-10-06 09:45:09.185,354
5123,event-ingest,webhook,success,2026-10-06 09:45:09.759,2026-10-06 09:45:10.101,342
5124,event-ingest,webhook,success,2026-10-06 09:45:10.383,2026-10-06 09:45:10.737,354
5125,event-ingest,webhook,success,2026-10-06 09:45:11.317,2026-10-06 09:45:11.664,347
5126,event-ingest,webhook,success,2026-10-06 09:45:12.248,2026-10-06 09:45:12.602,354
5127,event-ingest,webhook,success,2026-10-06 09:45:12.876,2026-10-06 09:45:13.226,350
5128,event-ingest,webhook,success,2026-10-06 09:45:12.904,2026-10-06 09:45:13.282,378
5129,event-ingest,webhook,success,2026-10-06 09:45:13.835,2026-10-06 09:45:14.188,353
5130,event-ingest,webhook,success,2026-10-06 09:45:13.864,2026-10-06 09:45:14.243,379
5131,event-ingest,webhook,success,2026-10-06 09:45:13.887,2026-10-06 09:45:14.232,345
5132,event-ingest,webhook,success,2026-10-06 09:45:13.915,2026-10-06 09:45:14.298,383
5133,event-ingest,webhook,success,2026-10-06 09:45:16.058,2026-10-06 09:45:16.404,346
5134,event-ingest,webhook,success,2026-10-06 09:45:16.087,2026-10-06 09:45:16.452,365
5135,event-ingest,webhook,success,2026-10-06 09:45:16.112,2026-10-06 09:45:16.491,379
5136,event-ingest,webhook,success,2026-10-06 09:45:16.139,2026-10-06 09:45:16.503,364
5137,event-ingest,webhook,success,2026-10-06 09:45:16.166,2026-10-06 09:45:16.513,347
5138,event-ingest,webhook,success,2026-10-06 09:45:16.193,2026-10-06 09:45:16.569,376
5139,event-ingest,webhook,success,2026-10-06 09:45:17.124,2026-10-06 09:45:17.468,344
5140,event-ingest,webhook,success,2026-10-06 09:45:17.754,2026-10-06 09:45:19.782,2028
5141,event-ingest,webhook,success,2026-10-06 09:45:18.688,2026-10-06 09:45:20.723,2035
5142,event-ingest,webhook,success,2026-10-06 09:45:19.318,2026-10-06 09:45:21.344,2026
5143,event-ingest,webhook,success,2026-10-06 09:45:20.242,2026-10-06 09:45:22.273,2031
5144,event-ingest,webhook,success,2026-10-06 09:45:20.268,2026-10-06 09:45:22.329,2061
5145,event-ingest,webhook,success,2026-10-06 09:45:21.203,2026-10-06 09:45:23.231,2028
5146,event-ingest,webhook,success,2026-10-06 09:45:21.236,2026-10-06 09:45:23.309,2073
5147,event-ingest,webhook,success,2026-10-06 09:45:21.261,2026-10-06 09:45:23.298,2037
5148,event-ingest,webhook,success,2026-10-06 09:45:21.291,2026-10-06 09:45:23.359,2068
5149,event-ingest,webhook,success,2026-10-06 09:45:23.437,2026-10-06 09:45:25.483,2046
5150,event-ingest,webhook,success,2026-10-06 09:45:23.469,2026-10-06 09:45:25.533,2064
5151,event-ingest,webhook,success,2026-10-06 09:45:23.496,2026-10-06 09:45:25.522,2026
5152,event-ingest,webhook,success,2026-10-06 09:45:23.525,2026-10-06 09:45:25.587,2062
5153,health-monitor,trigger,success,2026-10-06 09:50:00.035,2026-10-06 09:50:00.210,175
5154,health-monitor,trigger,success,2026-10-06 09:55:00.025,2026-10-06 09:55:00.222,197
5155,health-monitor,trigger,success,2026-10-06 10:00:00.036,2026-10-06 10:00:00.237,201
5156,ioc-extractor,trigger,success,2026-10-06 10:00:00.043,2026-10-06 10:00:00.332,289
5157,event-ingest,webhook,success,2026-10-06 10:00:02.894,2026-10-06 10:00:03.291,397
5158,event-ingest,webhook,success,2026-10-06 10:00:02.924,2026-10-06 10:00:03.294,370
5159,event-ingest,webhook,success,2026-10-06 10:00:02.949,2026-10-06 10:00:03.301,352
5160,event-ingest,webhook,success,2026-10-06 10:00:02.977,2026-10-06 10:00:03.339,362
5161,event-ingest,webhook,success,2026-10-06 10:00:05.112,2026-10-06 10:00:05.454,342
5162,event-ingest,webhook,success,2026-10-06 10:00:05.139,2026-10-06 10:00:05.524,385
5163,event-ingest,webhook,success,2026-10-06 10:00:05.164,2026-10-06 10:00:05.522,358
5164,event-ingest,webhook,success,2026-10-06 10:00:05.192,2026-10-06 10:00:05.553,361
5165,event-ingest,webhook,success,2026-10-06 10:00:07.025,2026-10-06 10:00:07.382,357
5166,event-ingest,webhook,success,2026-10-06 10:00:07.052,2026-10-06 10:00:07.456,404
5167,event-ingest,webhook,success,2026-10-06 10:00:07.076,2026-10-06 10:00:07.430,354
5168,event-ingest,webhook,success,2026-10-06 10:00:07.105,2026-10-06 10:00:07.464,359
5169,event-ingest,webhook,success,2026-10-06 10:00:09.241,2026-10-06 10:00:09.594,353
5170,event-ingest,webhook,success,2026-10-06 10:00:09.269,2026-10-06 10:00:09.643,374
5171,event-ingest,webhook,success,2026-10-06 10:00:09.293,2026-10-06 10:00:09.622,329
5172,event-ingest,webhook,success,2026-10-06 10:00:09.319,2026-10-06 10:00:09.685,366
5173,event-ingest,webhook,success,2026-10-06 10:00:11.148,2026-10-06 10:00:11.500,352
5174,event-ingest,webhook,success,2026-10-06 10:00:11.184,2026-10-06 10:00:11.570,386
5175,event-ingest,webhook,success,2026-10-06 10:00:11.212,2026-10-06 10:00:11.561,349
5176,event-ingest,webhook,success,2026-10-06 10:00:11.242,2026-10-06 10:00:11.624,382
5177,event-ingest,webhook,success,2026-10-06 10:00:11.267,2026-10-06 10:00:11.616,349
5178,event-ingest,webhook,success,2026-10-06 10:00:11.296,2026-10-06 10:00:11.662,366
5179,event-ingest,webhook,success,2026-10-06 10:00:12.232,2026-10-06 10:00:12.581,349
5180,event-ingest,webhook,success,2026-10-06 10:00:13.168,2026-10-06 10:00:13.514,346
5181,event-ingest,webhook,success,2026-10-06 10:00:13.800,2026-10-06 10:00:14.128,328
5182,event-ingest,webhook,success,2026-10-06 10:00:14.731,2026-10-06 10:00:15.065,334
5183,event-ingest,webhook,success,2026-10-06 10:00:15.355,2026-10-06 10:00:15.697,342
5184,event-ingest,webhook,success,2026-10-06 10:00:16.283,2026-10-06 10:00:16.629,346
5185,event-ingest,webhook,success,2026-10-06 10:00:16.309,2026-10-06 10:00:16.685,376
5186,event-ingest,webhook,success,2026-10-06 10:00:17.239,2026-10-06 10:00:17.593,354
5187,event-ingest,webhook,success,2026-10-06 10:00:17.270,2026-10-06 10:00:19.346,2076
5188,event-ingest,webhook,success,2026-10-06 10:00:17.301,2026-10-06 10:00:19.337,2036
5189,event-ingest,webhook,success,2026-10-06 10:00:17.329,2026-10-06 10:00:19.388,2059
5190,event-ingest,webhook,success,2026-10-06 10:00:19.464,2026-10-06 10:00:21.493,2029
5191,event-ingest,webhook,success,2026-10-06 10:00:19.489,2026-10-06 10:00:21.550,2061
5192,event-ingest,webhook,success,2026-10-06 10:00:19.513,2026-10-06 10:00:21.537,2024
5193,event-ingest,webhook,success,2026-10-06 10:00:19.540,2026-10-06 10:00:21.601,2061
5194,event-ingest,webhook,success,2026-10-06 10:00:21.373,2026-10-06 10:00:23.405,2032
5195,event-ingest,webhook,success,2026-10-06 10:00:21.399,2026-10-06 10:00:23.476,2077
5196,event-ingest,webhook,success,2026-10-06 10:00:21.427,2026-10-06 10:00:23.466,2039
5197,event-ingest,webhook,success,2026-10-06 10:00:21.461,2026-10-06 10:00:23.531,2070
5198,event-ingest,webhook,success,2026-10-06 10:00:23.593,2026-10-06 10:00:25.633,2040
5199,event-ingest,webhook,success,2026-10-06 10:00:23.625,2026-10-06 10:00:25.708,2083
5200,event-ingest,webhook,success,2026-10-06 10:00:23.656,2026-10-06 10:00:25.698,2042
5201,event-ingest,webhook,success,2026-10-06 10:00:23.702,2026-10-06 10:00:25.780,2078
5202,event-ingest,webhook,success,2026-10-06 10:00:23.732,2026-10-06 10:00:25.762,2030
5203,event-ingest,webhook,success,2026-10-06 10:00:23.767,2026-10-06 10:00:25.833,2066
5204,event-ingest,webhook,success,2026-10-06 10:00:23.794,2026-10-06 10:00:25.819,2025
5205,health-monitor,trigger,success,2026-10-06 10:05:00.019,2026-10-06 10:05:00.220,201
5206,health-monitor,trigger,success,2026-10-06 10:10:00.022,2026-10-06 10:10:00.163,141
5207,ioc-extractor,trigger,success,2026-10-06 10:15:00.031,2026-10-06 10:15:00.302,271
5208,health-monitor,trigger,success,2026-10-06 10:15:00.038,2026-10-06 10:15:00.270,232
5209,event-ingest,webhook,success,2026-10-06 10:15:02.864,2026-10-06 10:15:04.277,1413
5210,event-ingest,webhook,success,2026-10-06 10:15:02.891,2026-10-06 10:15:04.286,1395
5211,event-ingest,webhook,success,2026-10-06 10:15:02.916,2026-10-06 10:15:04.284,1368
5212,event-ingest,webhook,success,2026-10-06 10:15:02.948,2026-10-06 10:15:04.377,1429
5213,event-ingest,webhook,success,2026-10-06 10:15:05.082,2026-10-06 10:15:05.415,333
5214,event-ingest,webhook,success,2026-10-06 10:15:05.106,2026-10-06 10:15:05.492,386
5215,event-ingest,webhook,success,2026-10-06 10:15:05.131,2026-10-06 10:15:05.483,352
5216,event-ingest,webhook,success,2026-10-06 10:15:05.159,2026-10-06 10:15:05.537,378
5217,event-ingest,webhook,success,2026-10-06 10:15:06.991,2026-10-06 10:15:07.341,350
5218,event-ingest,webhook,success,2026-10-06 10:15:07.018,2026-10-06 10:15:07.398,380
5219,event-ingest,webhook,success,2026-10-06 10:15:07.041,2026-10-06 10:15:07.382,341
5220,event-ingest,webhook,success,2026-10-06 10:15:07.067,2026-10-06 10:15:07.429,362
5221,event-ingest,webhook,success,2026-10-06 10:15:09.199,2026-10-06 10:15:09.548,349
5222,event-ingest,webhook,success,2026-10-06 10:15:09.228,2026-10-06 10:15:09.610,382
5223,event-ingest,webhook,success,2026-10-06 10:15:09.255,2026-10-06 10:15:09.608,353
5224,event-ingest,webhook,success,2026-10-06 10:15:09.287,2026-10-06 10:15:09.649,362
5225,event-ingest,webhook,success,2026-10-06 10:15:11.126,2026-10-06 10:15:11.463,337
5226,event-ingest,webhook,success,2026-10-06 10:15:11.159,2026-10-06 10:15:11.547,388
5227,event-ingest,webhook,success,2026-10-06 10:15:11.193,2026-10-06 10:15:11.532,339
5228,event-ingest,webhook,success,2026-10-06 10:15:11.222,2026-10-06 10:15:11.579,357
5229,event-ingest,webhook,success,2026-10-06 10:15:13.351,2026-10-06 10:15:13.693,342
5230,event-ingest,webhook,success,2026-10-06 10:15:13.377,2026-10-06 10:15:13.759,382
5231,event-ingest,webhook,success,2026-10-06 10:15:13.400,2026-10-06 10:15:13.757,357
5232,event-ingest,webhook,success,2026-10-06 10:15:13.429,2026-10-06 10:15:13.821,392
5233,event-ingest,webhook,success,2026-10-06 10:15:13.457,2026-10-06 10:15:13.791,334
5234,event-ingest,webhook,success,2026-10-06 10:15:13.491,2026-10-06 10:15:13.854,363
5235,event-ingest,webhook,success,2026-10-06 10:15:14.427,2026-10-06 10:15:14.756,329
5236,event-ingest,webhook,success,2026-10-06 10:15:15.049,2026-10-06 10:15:15.393,344
5237,event-ingest,webhook,success,2026-10-06 10:15:15.982,2026-10-06 10:15:16.331,349
5238,event-ingest,webhook,success,2026-10-06 10:15:16.919,2026-10-06 10:15:17.259,340
5239,event-ingest,webhook,success,2026-10-06 10:15:17.549,2026-10-06 10:15:19.574,2025
5240,event-ingest,webhook,success,2026-10-06 10:15:18.481,2026-10-06 10:15:20.514,2033
5241,event-ingest,webhook,success,2026-10-06 10:15:18.510,2026-10-06 10:15:20.578,2068
5242,event-ingest,webhook,success,2026-10-06 10:15:19.451,2026-10-06 10:15:21.478,2027
5243,event-ingest,webhook,success,2026-10-06 10:15:19.476,2026-10-06 10:15:21.553,2077
5244,event-ingest,webhook,success,2026-10-06 10:15:19.499,2026-10-06 10:15:21.527,2028
5245,event-ingest,webhook,success,2026-10-06 10:15:19.531,2026-10-06 10:15:21.601,2070
5246,event-ingest,webhook,success,2026-10-06 10:15:21.367,2026-10-06 10:15:23.402,2035
5247,event-ingest,webhook,success,2026-10-06 10:15:21.395,2026-10-06 10:15:23.460,2065
5248,event-ingest,webhook,success,2026-10-06 10:15:21.420,2026-10-06 10:15:23.452,2032
5249,event-ingest,webhook,success,2026-10-06 10:15:21.449,2026-10-06 10:15:23.513,2064
5250,event-ingest,webhook,success,2026-10-06 10:15:23.575,2026-10-06 10:15:25.602,2027
5251,event-ingest,webhook,success,2026-10-06 10:15:23.603,2026-10-06 10:15:25.665,2062
5252,event-ingest,webhook,success,2026-10-06 10:15:23.628,2026-10-06 10:15:25.655,2027
5253,event-ingest,webhook,success,2026-10-06 10:15:23.657,2026-10-06 10:15:25.714,2057
5254,event-ingest,webhook,success,2026-10-06 10:15:25.494,2026-10-06 10:15:27.533,2039
5255,event-ingest,webhook,success,2026-10-06 10:15:25.522,2026-10-06 10:15:27.587,2065
5256,event-ingest,webhook,success,2026-10-06 10:15:25.546,2026-10-06 10:15:27.577,2031
5257,event-ingest,webhook,success,2026-10-06 10:15:25.580,2026-10-06 10:15:27.649,2069
5258,event-ingest,webhook,success,2026-10-06 10:15:27.702,2026-10-06 10:15:29.728,2026
5259,event-ingest,webhook,success,2026-10-06 10:15:27.726,2026-10-06 10:15:29.793,2067
5260,event-ingest,webhook,success,2026-10-06 10:15:27.748,2026-10-06 10:15:29.775,2027
5261,event-ingest,webhook,success,2026-10-06 10:15:27.774,2026-10-06 10:15:29.838,2064
5262,event-ingest,webhook,success,2026-10-06 10:15:29.601,2026-10-06 10:15:31.632,2031
5263,event-ingest,webhook,success,2026-10-06 10:15:29.626,2026-10-06 10:15:31.693,2067
5264,event-ingest,webhook,success,2026-10-06 10:15:29.648,2026-10-06 10:15:31.677,2029
5265,event-ingest,webhook,success,2026-10-06 10:15:29.676,2026-10-06 10:15:31.743,2067
5266,event-ingest,webhook,success,2026-10-06 10:15:31.806,2026-10-06 10:15:33.831,2025
5267,event-ingest,webhook,success,2026-10-06 10:15:31.830,2026-10-06 10:15:33.895,2065
5268,event-ingest,webhook,success,2026-10-06 10:15:31.853,2026-10-06 10:15:33.882,2029
5269,event-ingest,webhook,success,2026-10-06 10:15:31.879,2026-10-06 10:15:33.939,2060
5270,event-ingest,webhook,success,2026-10-06 10:15:33.706,2026-10-06 10:15:35.731,2025
5271,event-ingest,webhook,success,2026-10-06 10:15:33.730,2026-10-06 10:15:35.798,2068
5272,event-ingest,webhook,success,2026-10-06 10:15:33.755,2026-10-06 10:15:35.789,2034
5273,event-ingest,webhook,success,2026-10-06 10:15:33.782,2026-10-06 10:15:35.847,2065
5274,event-ingest,webhook,success,2026-10-06 10:15:35.907,2026-10-06 10:15:37.935,2028
5275,event-ingest,webhook,success,2026-10-06 10:15:35.935,2026-10-06 10:15:38.002,2067
5276,event-ingest,webhook,success,2026-10-06 10:15:35.958,2026-10-06 10:15:37.991,2033
5277,event-ingest,webhook,success,2026-10-06 10:15:35.987,2026-10-06 10:15:38.068,2081
5278,event-ingest,webhook,success,2026-10-06 10:15:36.026,2026-10-06 10:15:38.058,2032
5279,event-ingest,webhook,success,2026-10-06 10:15:36.057,2026-10-06 10:15:38.121,2064
5280,event-ingest,webhook,success,2026-10-06 10:15:36.995,2026-10-06 10:15:39.030,2035
5281,event-ingest,webhook,success,2026-10-06 10:15:37.932,2026-10-06 10:15:39.977,2045
5282,event-ingest,webhook,success,2026-10-06 10:15:38.570,2026-10-06 10:15:40.605,2035
5283,event-ingest,webhook,success,2026-10-06 10:15:39.498,2026-10-06 10:15:41.527,2029
5284,event-ingest,webhook,success,2026-10-06 10:15:40.122,2026-10-06 10:15:42.152,2030
5285,event-ingest,webhook,success,2026-10-06 10:15:41.059,2026-10-06 10:15:43.092,2033
5286,event-ingest,webhook,success,2026-10-06 10:15:41.087,2026-10-06 10:15:43.146,2059
5287,event-ingest,webhook,success,2026-10-06 10:15:42.013,2026-10-06 10:15:44.051,2038
5288,event-ingest,webhook,success,2026-10-06 10:15:42.048,2026-10-06 10:15:44.117,2069
5289,event-ingest,webhook,success,2026-10-06 10:15:42.072,2026-10-06 10:15:44.100,2028
5290,event-ingest,webhook,success,2026-10-06 10:15:42.099,2026-10-06 10:15:44.178,2079
5291,event-ingest,webhook,success,2026-10-06 10:15:42.136,2026-10-06 10:15:44.230,2094
5292,event-ingest,webhook,success,2026-10-06 10:15:42.229,2026-10-06 10:15:44.340,2111
5293,event-ingest,webhook,success,2026-10-06 10:15:42.284,2026-10-06 10:15:44.331,2047
5294,event-ingest,webhook,success,2026-10-06 10:15:42.318,2026-10-06 10:15:45.110,2792
5295,event-ingest,webhook,success,2026-10-06 10:15:42.344,2026-10-06 10:15:44.376,2032
5296,event-ingest,webhook,success,2026-10-06 10:15:42.374,2026-10-06 10:15:46.066,3692
5297,event-ingest,webhook,success,2026-10-06 10:15:42.399,2026-10-06 10:15:45.159,2760
5298,event-ingest,webhook,success,2026-10-06 10:15:42.425,2026-10-06 10:15:46.113,3688
5299,event-ingest,webhook,success,2026-10-06 10:15:42.453,2026-10-06 10:15:46.125,3672
5300,health-monitor,trigger,success,2026-10-06 10:20:00.029,2026-10-06 10:20:00.186,157
5301,health-monitor,trigger,success,2026-10-06 10:25:00.023,2026-10-06 10:25:00.152,129
5302,ioc-extractor,trigger,success,2026-10-06 10:30:00.030,2026-10-06 10:30:00.420,390
5303,health-monitor,trigger,success,2026-10-06 10:30:00.037,2026-10-06 10:30:00.275,238
5304,event-ingest,webhook,success,2026-10-06 10:30:02.896,2026-10-06 10:30:03.265,369
5305,event-ingest,webhook,success,2026-10-06 10:30:02.923,2026-10-06 10:30:03.306,383
5306,event-ingest,webhook,success,2026-10-06 10:30:02.949,2026-10-06 10:30:03.296,347
5307,event-ingest,webhook,success,2026-10-06 10:30:02.979,2026-10-06 10:30:03.352,373
5308,event-ingest,webhook,success,2026-10-06 10:30:05.111,2026-10-06 10:30:05.459,348
5309,event-ingest,webhook,success,2026-10-06 10:30:05.139,2026-10-06 10:30:05.517,378
5310,event-ingest,webhook,success,2026-10-06 10:30:05.163,2026-10-06 10:30:05.515,352
5311,event-ingest,webhook,success,2026-10-06 10:30:05.191,2026-10-06 10:30:05.549,358
5312,event-ingest,webhook,success,2026-10-06 10:30:07.027,2026-10-06 10:30:07.398,371
5313,event-ingest,webhook,success,2026-10-06 10:30:07.058,2026-10-06 10:30:07.443,385
5314,event-ingest,webhook,success,2026-10-06 10:30:07.086,2026-10-06 10:30:07.422,336
5315,event-ingest,webhook,success,2026-10-06 10:30:07.118,2026-10-06 10:30:07.497,379
5316,event-ingest,webhook,success,2026-10-06 10:30:09.246,2026-10-06 10:30:09.602,356
5317,event-ingest,webhook,success,2026-10-06 10:30:09.270,2026-10-06 10:30:09.651,381
5318,event-ingest,webhook,success,2026-10-06 10:30:09.295,2026-10-06 10:30:09.640,345
5319,event-ingest,webhook,success,2026-10-06 10:30:09.324,2026-10-06 10:30:09.683,359
5320,event-ingest,webhook,success,2026-10-06 10:30:11.163,2026-10-06 10:30:11.523,360
5321,event-ingest,webhook,success,2026-10-06 10:30:11.195,2026-10-06 10:30:11.573,378
5322,event-ingest,webhook,success,2026-10-06 10:30:11.219,2026-10-06 10:30:11.549,330
5323,event-ingest,webhook,success,2026-10-06 10:30:11.246,2026-10-06 10:30:11.609,363
5324,event-ingest,webhook,success,2026-10-06 10:30:13.382,2026-10-06 10:30:13.715,333
5325,event-ingest,webhook,success,2026-10-06 10:30:13.407,2026-10-06 10:30:13.794,387
5326,event-ingest,webhook,success,2026-10-06 10:30:13.432,2026-10-06 10:30:13.782,350
5327,event-ingest,webhook,success,2026-10-06 10:30:13.462,2026-10-06 10:30:13.839,377
5328,event-ingest,webhook,success,2026-10-06 10:30:15.303,2026-10-06 10:30:15.640,337
5329,event-ingest,webhook,success,2026-10-06 10:30:15.327,2026-10-06 10:30:15.721,394
5330,event-ingest,webhook,success,2026-10-06 10:30:15.353,2026-10-06 10:30:15.710,357
5331,event-ingest,webhook,success,2026-10-06 10:30:15.381,2026-10-06 10:30:15.739,358
5332,event-ingest,webhook,success,2026-10-06 10:30:17.514,2026-10-06 10:30:17.865,351
5333,event-ingest,webhook,success,2026-10-06 10:30:17.541,2026-10-06 10:30:19.617,2076
5334,event-ingest,webhook,success,2026-10-06 10:30:17.571,2026-10-06 10:30:17.910,339
5335,event-ingest,webhook,success,2026-10-06 10:30:17.606,2026-10-06 10:30:19.671,2065
5336,event-ingest,webhook,success,2026-10-06 10:30:19.440,2026-10-06 10:30:21.473,2033
5337,event-ingest,webhook,success,2026-10-06 10:30:19.469,2026-10-06 10:30:21.539,2070
5338,event-ingest,webhook,success,2026-10-06 10:30:19.493,2026-10-06 10:30:21.524,2031
5339,event-ingest,webhook,success,2026-10-06 10:30:19.526,2026-10-06 10:30:21.600,2074
5340,event-ingest,webhook,success,2026-10-06 10:30:21.361,2026-10-06 10:30:23.391,2030
5341,event-ingest,webhook,success,2026-10-06 10:30:21.387,2026-10-06 10:30:23.456,2069
5342,event-ingest,webhook,success,2026-10-06 10:30:21.414,2026-10-06 10:30:23.444,2030
5343,event-ingest,webhook,success,2026-10-06 10:30:21.444,2026-10-06 10:30:23.516,2072
5344,event-ingest,webhook,success,2026-10-06 10:30:21.779,2026-10-06 10:30:23.811,2032
5345,event-ingest,webhook,success,2026-10-06 10:30:21.803,2026-10-06 10:30:23.860,2057
5346,event-ingest,webhook,success,2026-10-06 10:30:22.729,2026-10-06 10:30:24.757,2028
5347,event-ingest,webhook,success,2026-10-06 10:30:23.364,2026-10-06 10:30:25.404,2040
5348,event-ingest,webhook,success,2026-10-06 10:30:24.287,2026-10-06 10:30:26.316,2029
5349,event-ingest,webhook,success,2026-10-06 10:30:24.911,2026-10-06 10:30:26.960,2049
5350,event-ingest,webhook,success,2026-10-06 10:30:25.834,2026-10-06 10:30:27.867,2033
5351,event-ingest,webhook,success,2026-10-06 10:30:25.861,2026-10-06 10:30:27.919,2058
5352,event-ingest,webhook,success,2026-10-06 10:30:26.786,2026-10-06 10:30:28.820,2034
5353,event-ingest,webhook,success,2026-10-06 10:30:26.811,2026-10-06 10:30:28.889,2078
5354,event-ingest,webhook,success,2026-10-06 10:30:26.832,2026-10-06 10:30:28.867,2035
5355,event-ingest,webhook,success,2026-10-06 10:30:26.871,2026-10-06 10:30:28.996,2125
5356,event-ingest,webhook,success,2026-10-06 10:30:26.917,2026-10-06 10:30:28.985,2068
5357,event-ingest,webhook,success,2026-10-06 10:30:26.994,2026-10-06 10:30:29.041,2047
5358,event-ingest,webhook,success,2026-10-06 10:30:27.048,2026-10-06 10:30:29.128,2080
5359,event-ingest,webhook,success,2026-10-06 10:30:27.084,2026-10-06 10:30:29.116,2032
5360,event-ingest,webhook,success,2026-10-06 10:30:27.120,2026-10-06 10:30:29.878,2758
5361,health-monitor,trigger,success,2026-10-06 10:35:00.029,2026-10-06 10:35:00.241,212
5362,health-monitor,trigger,success,2026-10-06 10:40:00.028,2026-10-06 10:40:00.177,149
5363,health-monitor,trigger,success,2026-10-06 10:45:00.037,2026-10-06 10:45:00.261,224
5364,ioc-extractor,trigger,success,2026-10-06 10:45:00.045,2026-10-06 10:45:00.367,322
5365,event-ingest,webhook,success,2026-10-06 10:45:02.895,2026-10-06 10:45:03.326,431
5366,event-ingest,webhook,success,2026-10-06 10:45:02.923,2026-10-06 10:45:03.320,397
5367,event-ingest,webhook,success,2026-10-06 10:45:02.949,2026-10-06 10:45:03.329,380
5368,event-ingest,webhook,success,2026-10-06 10:45:02.975,2026-10-06 10:45:03.344,369
5369,event-ingest,webhook,success,2026-10-06 10:45:05.113,2026-10-06 10:45:05.466,353
5370,event-ingest,webhook,success,2026-10-06 10:45:05.138,2026-10-06 10:45:05.510,372
5371,event-ingest,webhook,success,2026-10-06 10:45:05.163,2026-10-06 10:45:05.513,350
5372,event-ingest,webhook,success,2026-10-06 10:45:05.189,2026-10-06 10:45:05.575,386
5373,event-ingest,webhook,success,2026-10-06 10:45:07.024,2026-10-06 10:45:07.360,336
5374,event-ingest,webhook,success,2026-10-06 10:45:07.048,2026-10-06 10:45:07.424,376
5375,event-ingest,webhook,success,2026-10-06 10:45:07.073,2026-10-06 10:45:07.427,354
5376,event-ingest,webhook,success,2026-10-06 10:45:07.099,2026-10-06 10:45:07.458,359
5377,event-ingest,webhook,success,2026-10-06 10:45:09.237,2026-10-06 10:45:09.580,343
5378,event-ingest,webhook,success,2026-10-06 10:45:09.263,2026-10-06 10:45:09.631,368
5379,event-ingest,webhook,success,2026-10-06 10:45:09.286,2026-10-06 10:45:09.633,347
5380,event-ingest,webhook,success,2026-10-06 10:45:09.313,2026-10-06 10:45:09.677,364
5381,event-ingest,webhook,success,2026-10-06 10:45:11.152,2026-10-06 10:45:11.499,347
5382,event-ingest,webhook,success,2026-10-06 10:45:11.180,2026-10-06 10:45:11.558,378
5383,event-ingest,webhook,success,2026-10-06 10:45:11.202,2026-10-06 10:45:11.548,346
5384,event-ingest,webhook,success,2026-10-06 10:45:11.230,2026-10-06 10:45:11.601,371
5385,event-ingest,webhook,success,2026-10-06 10:45:13.367,2026-10-06 10:45:13.720,353
5386,event-ingest,webhook,success,2026-10-06 10:45:13.404,2026-10-06 10:45:13.754,350
5387,event-ingest,webhook,success,2026-10-06 10:45:13.434,2026-10-06 10:45:13.803,369
5388,event-ingest,webhook,success,2026-10-06 10:45:13.459,2026-10-06 10:45:13.805,346
5389,event-ingest,webhook,success,2026-10-06 10:45:15.288,2026-10-06 10:45:15.638,350
5390,event-ingest,webhook,success,2026-10-06 10:45:15.314,2026-10-06 10:45:15.689,375
5391,event-ingest,webhook,success,2026-10-06 10:45:15.340,2026-10-06 10:45:15.691,351
5392,event-ingest,webhook,success,2026-10-06 10:45:15.365,2026-10-06 10:45:15.738,373
5393,event-ingest,webhook,success,2026-10-06 10:45:17.497,2026-10-06 10:45:17.845,348
5394,event-ingest,webhook,success,2026-10-06 10:45:17.523,2026-10-06 10:45:17.899,376
5395,event-ingest,webhook,success,2026-10-06 10:45:17.548,2026-10-06 10:45:17.897,349
5396,event-ingest,webhook,success,2026-10-06 10:45:17.577,2026-10-06 10:45:19.642,2065
5397,event-ingest,webhook,success,2026-10-06 10:45:19.417,2026-10-06 10:45:21.456,2039
5398,event-ingest,webhook,success,2026-10-06 10:45:19.444,2026-10-06 10:45:21.513,2069
5399,event-ingest,webhook,success,2026-10-06 10:45:19.468,2026-10-06 10:45:21.498,2030
5400,event-ingest,webhook,success,2026-10-06 10:45:19.493,2026-10-06 10:45:21.557,2064
5401,event-ingest,webhook,success,2026-10-06 10:45:21.626,2026-10-06 10:45:23.669,2043
5402,event-ingest,webhook,success,2026-10-06 10:45:21.661,2026-10-06 10:45:23.759,2098
5403,event-ingest,webhook,success,2026-10-06 10:45:21.692,2026-10-06 10:45:23.739,2047
5404,event-ingest,webhook,success,2026-10-06 10:45:21.740,2026-10-06 10:45:23.820,2080
5405,event-ingest,webhook,success,2026-10-06 10:45:23.573,2026-10-06 10:45:25.615,2042
5406,event-ingest,webhook,success,2026-10-06 10:45:23.607,2026-10-06 10:45:25.687,2080
5407,event-ingest,webhook,success,2026-10-06 10:45:23.634,2026-10-06 10:45:25.667,2033
5408,event-ingest,webhook,success,2026-10-06 10:45:23.681,2026-10-06 10:45:25.779,2098
5409,event-ingest,webhook,success,2026-10-06 10:45:23.716,2026-10-06 10:45:25.760,2044
5410,event-ingest,webhook,success,2026-10-06 10:45:23.778,2026-10-06 10:45:25.818,2040
5411,event-ingest,webhook,success,2026-10-06 10:45:24.719,2026-10-06 10:45:26.746,2027
5412,event-ingest,webhook,success,2026-10-06 10:45:25.642,2026-10-06 10:45:27.675,2033
5413,event-ingest,webhook,success,2026-10-06 10:45:26.269,2026-10-06 10:45:28.299,2030
5414,event-ingest,webhook,success,2026-10-06 10:45:27.199,2026-10-06 10:45:29.229,2030
5415,event-ingest,webhook,success,2026-10-06 10:45:27.831,2026-10-06 10:45:29.862,2031
5416,event-ingest,webhook,success,2026-10-06 10:45:28.756,2026-10-06 10:45:30.785,2029
5417,event-ingest,webhook,success,2026-10-06 10:45:29.379,2026-10-06 10:45:31.406,2027
5418,event-ingest,webhook,success,2026-10-06 10:45:30.300,2026-10-06 10:45:32.336,2036
5419,event-ingest,webhook,success,2026-10-06 10:45:30.326,2026-10-06 10:45:32.383,2057
5420,event-ingest,webhook,success,2026-10-06 10:45:31.254,2026-10-06 10:45:33.286,2032
5421,event-ingest,webhook,success,2026-10-06 10:45:31.288,2026-10-06 10:45:33.386,2098
5422,event-ingest,webhook,success,2026-10-06 10:45:31.325,2026-10-06 10:45:33.378,2053
5423,event-ingest,webhook,success,2026-10-06 10:45:31.368,2026-10-06 10:45:33.430,2062
5424,event-ingest,webhook,success,2026-10-06 10:45:33.493,2026-10-06 10:45:35.521,2028
5425,event-ingest,webhook,success,2026-10-06 10:45:33.517,2026-10-06 10:45:35.594,2077
5426,event-ingest,webhook,success,2026-10-06 10:45:33.542,2026-10-06 10:45:35.584,2042
5427,event-ingest,webhook,success,2026-10-06 10:45:33.568,2026-10-06 10:45:35.628,2060
5428,event-ingest,webhook,success,2026-10-06 10:45:35.395,2026-10-06 10:45:37.426,2031
5429,event-ingest,webhook,success,2026-10-06 10:45:35.420,2026-10-06 10:45:37.491,2071
5430,event-ingest,webhook,success,2026-10-06 10:45:35.442,2026-10-06 10:45:37.470,2028
5431,event-ingest,webhook,success,2026-10-06 10:45:35.470,2026-10-06 10:45:37.560,2090
5432,event-ingest,webhook,success,2026-10-06 10:45:35.518,2026-10-06 10:45:37.576,2058
5433,event-ingest,webhook,success,2026-10-06 10:45:35.597,2026-10-06 10:45:37.650,2053
5434,event-ingest,webhook,success,2026-10-06 10:45:35.654,2026-10-06 10:45:37.737,2083
5435,event-ingest,webhook,success,2026-10-06 10:45:35.684,2026-10-06 10:45:37.716,2032
5436,event-ingest,webhook,success,2026-10-06 10:45:35.716,2026-10-06 10:45:37.796,2080
5437,event-ingest,webhook,success,2026-10-06 10:45:35.750,2026-10-06 10:45:37.783,2033
5438,event-ingest,webhook,success,2026-10-06 10:45:35.779,2026-10-06 10:45:39.481,3702
5439,event-ingest,webhook,success,2026-10-06 10:45:35.808,2026-10-06 10:45:39.447,3639
5440,health-monitor,trigger,success,2026-10-06 10:50:00.031,2026-10-06 10:50:00.212,181
5441,health-monitor,trigger,success,2026-10-06 10:55:00.032,2026-10-06 10:55:00.214,182
5442,health-monitor,trigger,success,2026-10-06 11:00:00.038,2026-10-06 11:00:00.289,251
5443,report-generator,trigger,success,2026-10-06 11:00:00.045,2026-10-06 11:00:00.286,241
5444,ioc-extractor,trigger,success,2026-10-06 11:00:00.052,2026-10-06 11:00:00.460,408
5445,health-monitor,trigger,success,2026-10-06 11:05:00.034,2026-10-06 11:05:00.273,239
5446,health-monitor,trigger,success,2026-10-06 11:10:00.037,2026-10-06 11:10:00.265,228
5447,health-monitor,trigger,success,2026-10-06 11:15:00.029,2026-10-06 11:15:00.230,201
5448,ioc-extractor,trigger,success,2026-10-06 11:15:00.037,2026-10-06 11:15:00.120,83
5449,health-monitor,trigger,success,2026-10-06 11:20:00.028,2026-10-06 11:20:00.220,192
5450,event-ingest,webhook,success,2026-10-06 11:20:08.839,2026-10-06 11:20:09.233,394
5451,event-ingest,webhook,success,2026-10-06 11:20:08.869,2026-10-06 11:20:09.267,398
5452,event-ingest,webhook,success,2026-10-06 11:20:08.896,2026-10-06 11:20:09.242,346
5453,event-ingest,webhook,success,2026-10-06 11:20:08.931,2026-10-06 11:20:09.297,366
5454,event-ingest,webhook,success,2026-10-06 11:20:10.772,2026-10-06 11:20:11.126,354
5455,event-ingest,webhook,success,2026-10-06 11:20:10.800,2026-10-06 11:20:11.191,391
5456,event-ingest,webhook,success,2026-10-06 11:20:10.826,2026-10-06 11:20:11.230,404
5457,event-ingest,webhook,success,2026-10-06 11:20:10.858,2026-10-06 11:20:11.241,383
5458,event-ingest,webhook,success,2026-10-06 11:20:12.998,2026-10-06 11:20:13.349,351
5459,event-ingest,webhook,success,2026-10-06 11:20:13.027,2026-10-06 11:20:13.419,392
5460,event-ingest,webhook,success,2026-10-06 11:20:13.055,2026-10-06 11:20:13.417,362
5461,event-ingest,webhook,success,2026-10-06 11:20:13.088,2026-10-06 11:20:13.457,369
5462,event-ingest,webhook,success,2026-10-06 11:20:14.917,2026-10-06 11:20:15.274,357
5463,event-ingest,webhook,success,2026-10-06 11:20:14.946,2026-10-06 11:20:15.333,387
5464,event-ingest,webhook,success,2026-10-06 11:20:14.973,2026-10-06 11:20:15.315,342
5465,event-ingest,webhook,success,2026-10-06 11:20:15.007,2026-10-06 11:20:15.389,382
5466,event-ingest,webhook,success,2026-10-06 11:20:17.145,2026-10-06 11:20:17.482,337
5467,event-ingest,webhook,success,2026-10-06 11:20:17.173,2026-10-06 11:20:17.551,378
5468,event-ingest,webhook,success,2026-10-06 11:20:17.199,2026-10-06 11:20:17.531,332
5469,event-ingest,webhook,success,2026-10-06 11:20:17.228,2026-10-06 11:20:17.614,386
5470,event-ingest,webhook,success,2026-10-06 11:20:19.059,2026-10-06 11:20:19.392,333
5471,event-ingest,webhook,success,2026-10-06 11:20:19.086,2026-10-06 11:20:19.468,382
5472,event-ingest,webhook,success,2026-10-06 11:20:19.112,2026-10-06 11:20:19.470,358
5473,event-ingest,webhook,success,2026-10-06 11:20:19.144,2026-10-06 11:20:19.526,382
5474,event-ingest,webhook,success,2026-10-06 11:20:21.275,2026-10-06 11:20:21.625,350
5475,event-ingest,webhook,success,2026-10-06 11:20:21.303,2026-10-06 11:20:21.686,383
5476,event-ingest,webhook,success,2026-10-06 11:20:21.328,2026-10-06 11:20:21.684,356
5477,event-ingest,webhook,success,2026-10-06 11:20:21.359,2026-10-06 11:20:21.759,400
5478,event-ingest,webhook,success,2026-10-06 11:20:21.390,2026-10-06 11:20:21.757,367
5479,event-ingest,webhook,success,2026-10-06 11:20:21.423,2026-10-06 11:20:21.817,394
5480,event-ingest,webhook,success,2026-10-06 11:20:22.368,2026-10-06 11:20:24.429,2061
5481,event-ingest,webhook,success,2026-10-06 11:20:23.016,2026-10-06 11:20:25.042,2026
5482,event-ingest,webhook,success,2026-10-06 11:20:23.947,2026-10-06 11:20:25.984,2037
5483,event-ingest,webhook,success,2026-10-06 11:20:24.574,2026-10-06 11:20:26.606,2032
5484,event-ingest,webhook,success,2026-10-06 11:20:25.505,2026-10-06 11:20:27.533,2028
5485,event-ingest,webhook,success,2026-10-06 11:20:26.441,2026-10-06 11:20:28.474,2033
5486,event-ingest,webhook,success,2026-10-06 11:20:26.466,2026-10-06 11:20:28.527,2061
5487,event-ingest,webhook,success,2026-10-06 11:20:27.404,2026-10-06 11:20:29.434,2030
5488,event-ingest,webhook,success,2026-10-06 11:20:27.437,2026-10-06 11:20:29.508,2071
5489,event-ingest,webhook,success,2026-10-06 11:20:27.461,2026-10-06 11:20:29.489,2028
5490,event-ingest,webhook,success,2026-10-06 11:20:27.491,2026-10-06 11:20:29.557,2066
5491,event-ingest,webhook,success,2026-10-06 11:20:29.322,2026-10-06 11:20:31.361,2039
5492,event-ingest,webhook,success,2026-10-06 11:20:29.349,2026-10-06 11:20:31.427,2078
5493,event-ingest,webhook,success,2026-10-06 11:20:29.377,2026-10-06 11:20:31.408,2031
5494,event-ingest,webhook,success,2026-10-06 11:20:29.407,2026-10-06 11:20:31.486,2079
5495,event-ingest,webhook,success,2026-10-06 11:20:31.540,2026-10-06 11:20:33.569,2029
5496,event-ingest,webhook,success,2026-10-06 11:20:31.564,2026-10-06 11:20:33.633,2069
5497,event-ingest,webhook,success,2026-10-06 11:20:31.590,2026-10-06 11:20:33.621,2031
5498,event-ingest,webhook,success,2026-10-06 11:20:31.621,2026-10-06 11:20:33.687,2066
5499,event-ingest,webhook,success,2026-10-06 11:20:33.458,2026-10-06 11:20:35.499,2041
5500,event-ingest,webhook,success,2026-10-06 11:20:33.487,2026-10-06 11:20:35.559,2072
5501,event-ingest,webhook,success,2026-10-06 11:20:33.516,2026-10-06 11:20:35.549,2033
5502,event-ingest,webhook,success,2026-10-06 11:20:33.544,2026-10-06 11:20:35.621,2077
5503,event-ingest,webhook,success,2026-10-06 11:20:35.672,2026-10-06 11:20:37.714,2042
5504,event-ingest,webhook,success,2026-10-06 11:20:35.696,2026-10-06 11:20:37.768,2072
5505,event-ingest,webhook,success,2026-10-06 11:20:35.719,2026-10-06 11:20:37.755,2036
5506,event-ingest,webhook,success,2026-10-06 11:20:35.749,2026-10-06 11:20:37.816,2067
5507,event-ingest,webhook,success,2026-10-06 11:20:37.582,2026-10-06 11:20:39.618,2036
5508,event-ingest,webhook,success,2026-10-06 11:20:37.610,2026-10-06 11:20:39.723,2113
5509,event-ingest,webhook,success,2026-10-06 11:20:37.641,2026-10-06 11:20:39.685,2044
5510,event-ingest,webhook,success,2026-10-06 11:20:37.686,2026-10-06 11:20:39.755,2069
5511,event-ingest,webhook,success,2026-10-06 11:20:37.775,2026-10-06 11:20:39.830,2055
5512,event-ingest,webhook,success,2026-10-06 11:20:37.828,2026-10-06 11:20:39.904,2076
5513,event-ingest,webhook,success,2026-10-06 11:20:38.767,2026-10-06 11:20:40.800,2033
5514,event-ingest,webhook,success,2026-10-06 11:20:39.693,2026-10-06 11:20:41.748,2055
5515,event-ingest,webhook,success,2026-10-06 11:20:40.340,2026-10-06 11:20:42.388,2048
5516,event-ingest,webhook,success,2026-10-06 11:20:41.276,2026-10-06 11:20:43.309,2033
5517,event-ingest,webhook,success,2026-10-06 11:20:41.908,2026-10-06 11:20:43.946,2038
5518,event-ingest,webhook,success,2026-10-06 11:20:41.937,2026-10-06 11:20:44.007,2070
5519,event-ingest,webhook,success,2026-10-06 11:20:42.869,2026-10-06 11:20:44.899,2030
5520,event-ingest,webhook,success,2026-10-06 11:20:42.899,2026-10-06 11:20:44.967,2068
5521,event-ingest,webhook,success,2026-10-06 11:20:42.923,2026-10-06 11:20:44.955,2032
5522,event-ingest,webhook,success,2026-10-06 11:20:42.953,2026-10-06 11:20:45.023,2070
5523,event-ingest,webhook,success,2026-10-06 11:20:45.084,2026-10-06 11:20:47.139,2055
5524,event-ingest,webhook,success,2026-10-06 11:20:45.134,2026-10-06 11:20:47.241,2107
5525,event-ingest,webhook,success,2026-10-06 11:20:45.169,2026-10-06 11:20:47.208,2039
5526,event-ingest,webhook,success,2026-10-06 11:20:45.219,2026-10-06 11:20:47.323,2104
5527,event-ingest,webhook,success,2026-10-06 11:20:45.267,2026-10-06 11:20:47.304,2037
5528,event-ingest,webhook,success,2026-10-06 11:20:45.304,2026-10-06 11:20:47.405,2101
5529,event-ingest,webhook,success,2026-10-06 11:20:45.342,2026-10-06 11:20:47.391,2049
5530,event-ingest,webhook,success,2026-10-06 11:20:45.390,2026-10-06 11:20:47.506,2116
5531,event-ingest,webhook,success,2026-10-06 11:20:45.434,2026-10-06 11:20:47.528,2094
5532,event-ingest,webhook,success,2026-10-06 11:20:45.473,2026-10-06 11:20:47.519,2046
5533,event-ingest,webhook,success,2026-10-06 11:20:45.513,2026-10-06 11:20:49.225,3712
5534,event-ingest,webhook,success,2026-10-06 11:20:45.566,2026-10-06 11:20:49.150,3584
5535,health-monitor,trigger,success,2026-10-06 11:25:00.024,2026-10-06 11:25:00.266,242
5536,event-ingest,webhook,success,2026-10-06 11:27:00.894,2026-10-06 11:27:01.311,417
5537,event-ingest,webhook,success,2026-10-06 11:27:01.953,2026-10-06 11:27:02.302,349
5538,event-ingest,webhook,success,2026-10-06 11:27:02.002,2026-10-06 11:27:02.408,406
5539,event-ingest,webhook,success,2026-10-06 11:27:02.040,2026-10-06 11:27:02.389,349
5540,event-ingest,webhook,success,2026-10-06 11:27:02.893,2026-10-06 11:27:03.230,337
5541,event-ingest,webhook,success,2026-10-06 11:27:03.748,2026-10-06 11:27:04.087,339
5542,event-ingest,webhook,success,2026-10-06 11:27:03.782,2026-10-06 11:27:04.215,433
5543,event-ingest,webhook,success,2026-10-06 11:27:03.817,2026-10-06 11:27:04.178,361
5544,event-ingest,webhook,success,2026-10-06 11:27:04.964,2026-10-06 11:27:05.318,354
5545,event-ingest,webhook,success,2026-10-06 11:27:05.814,2026-10-06 11:27:06.216,402
5546,event-ingest,webhook,success,2026-10-06 11:27:05.854,2026-10-06 11:27:06.260,406
5547,event-ingest,webhook,success,2026-10-06 11:27:05.889,2026-10-06 11:27:06.242,353
5548,event-ingest,webhook,success,2026-10-06 11:27:05.931,2026-10-06 11:27:06.349,418
5549,event-ingest,webhook,success,2026-10-06 11:27:05.964,2026-10-06 11:27:06.319,355
5550,event-ingest,webhook,success,2026-10-06 11:27:06.292,2026-10-06 11:27:06.631,339
5551,event-ingest,webhook,success,2026-10-06 11:27:07.224,2026-10-06 11:27:07.575,351
5552,event-ingest,webhook,success,2026-10-06 11:27:07.859,2026-10-06 11:27:08.216,357
5553,event-ingest,webhook,success,2026-10-06 11:27:08.794,2026-10-06 11:27:09.192,398
5554,event-ingest,webhook,success,2026-10-06 11:27:09.430,2026-10-06 11:27:09.781,351
5555,event-ingest,webhook,success,2026-10-06 11:27:10.367,2026-10-06 11:27:10.732,365
5556,event-ingest,webhook,success,2026-10-06 11:27:11.004,2026-10-06 11:27:11.340,336
5557,event-ingest,webhook,success,2026-10-06 11:27:11.941,2026-10-06 11:27:12.276,335
5558,event-ingest,webhook,success,2026-10-06 11:27:11.972,2026-10-06 11:27:12.367,395
5559,event-ingest,webhook,success,2026-10-06 11:27:12.798,2026-10-06 11:27:13.194,396
5560,event-ingest,webhook,success,2026-10-06 11:27:13.630,2026-10-06 11:27:13.984,354
5561,event-ingest,webhook,success,2026-10-06 11:27:13.659,2026-10-06 11:27:14.056,397
5562,event-ingest,webhook,success,2026-10-06 11:27:13.693,2026-10-06 11:27:14.034,341
5563,event-ingest,webhook,success,2026-10-06 11:27:14.852,2026-10-06 11:27:15.212,360
5564,event-ingest,webhook,success,2026-10-06 11:27:15.705,2026-10-06 11:27:16.041,336
5565,event-ingest,webhook,success,2026-10-06 11:27:15.746,2026-10-06 11:27:17.838,2092
5566,event-ingest,webhook,success,2026-10-06 11:27:15.780,2026-10-06 11:27:16.141,361
5567,event-ingest,webhook,success,2026-10-06 11:27:16.927,2026-10-06 11:27:18.966,2039
5568,event-ingest,webhook,success,2026-10-06 11:27:17.764,2026-10-06 11:27:19.807,2043
5569,event-ingest,webhook,success,2026-10-06 11:27:17.798,2026-10-06 11:27:19.914,2116
5570,event-ingest,webhook,success,2026-10-06 11:27:17.835,2026-10-06 11:27:19.901,2066
5571,event-ingest,webhook,success,2026-10-06 11:27:18.974,2026-10-06 11:27:21.033,2059
5572,event-ingest,webhook,success,2026-10-06 11:27:19.846,2026-10-06 11:27:21.899,2053
5573,event-ingest,webhook,success,2026-10-06 11:27:19.916,2026-10-06 11:27:21.976,2060
5574,event-ingest,webhook,success,2026-10-06 11:27:19.976,2026-10-06 11:27:22.051,2075
5575,event-ingest,webhook,success,2026-10-06 11:27:21.112,2026-10-06 11:27:23.155,2043
5576,event-ingest,webhook,success,2026-10-06 11:27:21.927,2026-10-06 11:27:23.967,2040
5577,event-ingest,webhook,success,2026-10-06 11:27:21.957,2026-10-06 11:27:24.068,2111
5578,event-ingest,webhook,success,2026-10-06 11:27:22.009,2026-10-06 11:27:24.059,2050
5579,event-ingest,webhook,success,2026-10-06 11:27:23.168,2026-10-06 11:27:25.224,2056
5580,event-ingest,webhook,success,2026-10-06 11:27:24.078,2026-10-06 11:27:26.150,2072
5581,event-ingest,webhook,success,2026-10-06 11:27:24.146,2026-10-06 11:27:26.253,2107
5582,event-ingest,webhook,success,2026-10-06 11:27:24.197,2026-10-06 11:27:26.242,2045
5583,event-ingest,webhook,success,2026-10-06 11:27:25.345,2026-10-06 11:27:27.431,2086
5584,event-ingest,webhook,success,2026-10-06 11:27:26.200,2026-10-06 11:27:28.237,2037
5585,event-ingest,webhook,success,2026-10-06 11:27:26.231,2026-10-06 11:27:28.284,2053
5586,event-ingest,webhook,success,2026-10-06 11:27:26.295,2026-10-06 11:27:28.368,2073
5587,event-ingest,webhook,success,2026-10-06 11:27:27.116,2026-10-06 11:27:29.161,2045
5588,event-ingest,webhook,success,2026-10-06 11:27:27.151,2026-10-06 11:27:29.239,2088
5589,event-ingest,webhook,success,2026-10-06 11:27:27.184,2026-10-06 11:27:29.223,2039
5590,event-ingest,webhook,success,2026-10-06 11:27:27.224,2026-10-06 11:27:29.306,2082
5591,event-ingest,webhook,success,2026-10-06 11:27:27.255,2026-10-06 11:27:29.289,2034
5592,event-ingest,webhook,success,2026-10-06 11:27:27.288,2026-10-06 11:27:29.476,2188
5593,event-ingest,webhook,success,2026-10-06 11:27:27.342,2026-10-06 11:27:29.441,2099
5594,event-ingest,webhook,success,2026-10-06 11:27:27.485,2026-10-06 11:27:30.299,2814
5595,event-ingest,webhook,success,2026-10-06 11:27:27.533,2026-10-06 11:27:30.256,2723
5596,event-ingest,webhook,success,2026-10-06 11:28:17.735,2026-10-06 11:28:18.185,450
5597,event-ingest,webhook,success,2026-10-06 11:28:18.608,2026-10-06 11:28:18.966,358
5598,event-ingest,webhook,success,2026-10-06 11:28:18.642,2026-10-06 11:28:19.045,403
5599,event-ingest,webhook,success,2026-10-06 11:28:18.677,2026-10-06 11:28:19.025,348
5600,event-ingest,webhook,success,2026-10-06 11:28:18.717,2026-10-06 11:28:19.110,393
5601,event-ingest,webhook,success,2026-10-06 11:28:18.744,2026-10-06 11:28:19.081,337
5602,event-ingest,webhook,success,2026-10-06 11:28:19.077,2026-10-06 11:28:19.450,373
5603,event-ingest,webhook,success,2026-10-06 11:28:20.624,2026-10-06 11:28:21.002,378
5604,event-ingest,webhook,success,2026-10-06 11:28:21.872,2026-10-06 11:28:22.217,345
5605,event-ingest,webhook,success,2026-10-06 11:28:21.910,2026-10-06 11:28:22.309,399
5606,event-ingest,webhook,success,2026-10-06 11:28:22.862,2026-10-06 11:28:23.232,370
5607,event-ingest,webhook,success,2026-10-06 11:28:27.906,2026-10-06 11:28:28.279,373
5608,event-ingest,webhook,success,2026-10-06 11:28:28.767,2026-10-06 11:28:29.185,418
5609,event-ingest,webhook,success,2026-10-06 11:28:28.814,2026-10-06 11:28:29.229,415
5610,event-ingest,webhook,success,2026-10-06 11:28:28.849,2026-10-06 11:28:29.240,391
5611,event-ingest,webhook,success,2026-10-06 11:28:28.889,2026-10-06 11:28:29.285,396
5612,event-ingest,webhook,success,2026-10-06 11:28:28.928,2026-10-06 11:28:29.287,359
5613,event-ingest,webhook,success,2026-10-06 11:28:29.266,2026-10-06 11:28:29.666,400
5614,event-ingest,webhook,success,2026-10-06 11:28:30.551,2026-10-06 11:28:30.907,356
5615,event-ingest,webhook,success,2026-10-06 11:28:32.089,2026-10-06 11:28:32.454,365
5616,event-ingest,webhook,success,2026-10-06 11:28:32.127,2026-10-06 11:28:32.518,391
5617,event-ingest,webhook,success,2026-10-06 11:28:33.061,2026-10-06 11:28:33.418,357
5618,event-ingest,webhook,success,2026-10-06 11:28:38.290,2026-10-06 11:28:38.675,385
5619,event-ingest,webhook,success,2026-10-06 11:28:39.155,2026-10-06 11:28:39.508,353
5620,event-ingest,webhook,success,2026-10-06 11:28:39.188,2026-10-06 11:28:39.575,387
5621,event-ingest,webhook,success,2026-10-06 11:28:39.219,2026-10-06 11:28:39.588,369
5622,event-ingest,webhook,success,2026-10-06 11:28:39.253,2026-10-06 11:28:39.659,406
5623,event-ingest,webhook,success,2026-10-06 11:28:39.284,2026-10-06 11:28:39.637,353
5624,event-ingest,webhook,success,2026-10-06 11:28:39.317,2026-10-06 11:28:39.698,381
5625,event-ingest,webhook,success,2026-10-06 11:28:40.858,2026-10-06 11:28:41.215,357
5626,event-ingest,webhook,success,2026-10-06 11:28:42.401,2026-10-06 11:28:44.449,2048
5627,event-ingest,webhook,success,2026-10-06 11:28:42.433,2026-10-06 11:28:44.524,2091
5628,event-ingest,webhook,success,2026-10-06 11:28:43.383,2026-10-06 11:28:45.416,2033
5629,event-ingest,webhook,success,2026-10-06 11:29:38.631,2026-10-06 11:29:39.054,423
5630,event-ingest,webhook,success,2026-10-06 11:29:40.796,2026-10-06 11:29:41.174,378
5631,event-ingest,webhook,success,2026-10-06 11:29:40.839,2026-10-06 11:29:41.235,396
5632,event-ingest,webhook,success,2026-10-06 11:29:40.867,2026-10-06 11:29:41.220,353
5633,event-ingest,webhook,success,2026-10-06 11:29:43.035,2026-10-06 11:29:43.378,343
5634,event-ingest,webhook,success,2026-10-06 11:29:45.233,2026-10-06 11:29:45.599,366
5635,event-ingest,webhook,success,2026-10-06 11:29:45.271,2026-10-06 11:29:45.665,394
5636,event-ingest,webhook,success,2026-10-06 11:29:45.299,2026-10-06 11:29:45.635,336
5637,event-ingest,webhook,success,2026-10-06 11:29:47.470,2026-10-06 11:29:47.824,354
5638,event-ingest,webhook,success,2026-10-06 11:29:49.631,2026-10-06 11:29:49.972,341
5639,event-ingest,webhook,success,2026-10-06 11:29:49.661,2026-10-06 11:29:50.052,391
5640,event-ingest,webhook,success,2026-10-06 11:29:49.691,2026-10-06 11:29:50.023,332
5641,event-ingest,webhook,success,2026-10-06 11:29:51.832,2026-10-06 11:29:52.230,398
5642,event-ingest,webhook,success,2026-10-06 11:29:53.981,2026-10-06 11:29:54.341,360
5643,event-ingest,webhook,success,2026-10-06 11:29:54.011,2026-10-06 11:29:54.394,383
5644,event-ingest,webhook,success,2026-10-06 11:29:54.042,2026-10-06 11:29:54.406,364
5645,event-ingest,webhook,success,2026-10-06 11:29:56.203,2026-10-06 11:29:56.546,343
5646,event-ingest,webhook,success,2026-10-06 11:29:58.367,2026-10-06 11:29:58.707,340
5647,event-ingest,webhook,success,2026-10-06 11:29:58.396,2026-10-06 11:29:58.769,373
5648,event-ingest,webhook,success,2026-10-06 11:29:58.422,2026-10-06 11:29:58.755,333
5649,ioc-extractor,trigger,success,2026-10-06 11:30:00.034,2026-10-06 11:30:00.807,773
5650,health-monitor,trigger,success,2026-10-06 11:30:00.040,2026-10-06 11:30:00.424,384
5651,event-ingest,webhook,success,2026-10-06 11:30:00.581,2026-10-06 11:30:00.922,341
5652,event-ingest,webhook,success,2026-10-06 11:30:02.742,2026-10-06 11:30:03.157,415
5653,event-ingest,webhook,success,2026-10-06 11:30:02.793,2026-10-06 11:30:03.255,462
5654,event-ingest,webhook,success,2026-10-06 11:30:02.856,2026-10-06 11:30:03.226,370
5655,event-ingest,webhook,success,2026-10-06 11:30:05.026,2026-10-06 11:30:05.372,346
5656,event-ingest,webhook,success,2026-10-06 11:30:07.197,2026-10-06 11:30:07.544,347
5657,event-ingest,webhook,success,2026-10-06 11:30:07.227,2026-10-06 11:30:07.621,394
5658,event-ingest,webhook,success,2026-10-06 11:30:07.255,2026-10-06 11:30:07.608,353
5659,event-ingest,webhook,success,2026-10-06 11:30:09.402,2026-10-06 11:30:09.765,363
5660,event-ingest,webhook,success,2026-10-06 11:30:11.558,2026-10-06 11:30:11.915,357
5661,event-ingest,webhook,success,2026-10-06 11:30:11.589,2026-10-06 11:30:13.675,2086
5662,event-ingest,webhook,success,2026-10-06 11:30:11.618,2026-10-06 11:30:13.666,2048
5663,event-ingest,webhook,success,2026-10-06 11:30:13.772,2026-10-06 11:30:15.808,2036
5664,event-ingest,webhook,success,2026-10-06 11:30:15.924,2026-10-06 11:30:17.959,2035
5665,event-ingest,webhook,success,2026-10-06 11:30:15.957,2026-10-06 11:30:18.038,2081
5666,event-ingest,webhook,success,2026-10-06 11:30:15.987,2026-10-06 11:30:18.035,2048
5667,event-ingest,webhook,success,2026-10-06 11:30:18.141,2026-10-06 11:30:20.175,2034
5668,event-ingest,webhook,success,2026-10-06 11:30:20.295,2026-10-06 11:30:22.349,2054
5669,event-ingest,webhook,success,2026-10-06 11:30:20.328,2026-10-06 11:30:22.428,2100
5670,event-ingest,webhook,success,2026-10-06 11:30:20.365,2026-10-06 11:30:22.403,2038
5671,event-ingest,webhook,success,2026-10-06 11:30:20.405,2026-10-06 11:30:22.497,2092
5672,event-ingest,webhook,success,2026-10-06 11:30:20.443,2026-10-06 11:30:22.486,2043
5673,event-ingest,webhook,success,2026-10-06 11:30:20.480,2026-10-06 11:30:22.573,2093
5674,event-ingest,webhook,success,2026-10-06 11:30:20.513,2026-10-06 11:30:22.552,2039
5675,event-ingest,webhook,success,2026-10-06 11:30:20.548,2026-10-06 11:30:22.656,2108
5676,event-ingest,webhook,success,2026-10-06 11:30:20.582,2026-10-06 11:30:22.675,2093
5677,event-ingest,webhook,success,2026-10-06 11:30:20.610,2026-10-06 11:30:22.654,2044
5678,event-ingest,webhook,success,2026-10-06 11:30:20.653,2026-10-06 11:30:24.369,3716
5679,event-ingest,webhook,success,2026-10-06 11:30:22.811,2026-10-06 11:30:24.872,2061
5680,event-ingest,webhook,success,2026-10-06 11:30:22.852,2026-10-06 11:30:24.978,2126
5681,event-ingest,webhook,success,2026-10-06 11:30:22.897,2026-10-06 11:30:24.959,2062
5682,event-ingest,webhook,success,2026-10-06 11:30:22.952,2026-10-06 11:30:25.041,2089
5683,event-ingest,webhook,success,2026-10-06 11:30:22.991,2026-10-06 11:30:25.025,2034
5684,event-ingest,webhook,success,2026-10-06 11:30:23.021,2026-10-06 11:30:25.107,2086
5685,event-ingest,webhook,success,2026-10-06 11:30:23.047,2026-10-06 11:30:25.090,2043
5686,event-ingest,webhook,success,2026-10-06 11:30:23.079,2026-10-06 11:30:25.167,2088
5687,event-ingest,webhook,success,2026-10-06 11:30:23.115,2026-10-06 11:30:25.149,2034
5688,event-ingest,webhook,success,2026-10-06 11:31:08.685,2026-10-06 11:31:09.093,408
5689,event-ingest,webhook,success,2026-10-06 11:31:09.536,2026-10-06 11:31:09.867,331
5690,event-ingest,webhook,success,2026-10-06 11:31:09.558,2026-10-06 11:31:09.937,379
5691,event-ingest,webhook,success,2026-10-06 11:31:09.582,2026-10-06 11:31:09.915,333
5692,event-ingest,webhook,success,2026-10-06 11:31:10.728,2026-10-06 11:31:11.056,328
5693,event-ingest,webhook,success,2026-10-06 11:31:11.604,2026-10-06 11:31:11.959,355
5694,event-ingest,webhook,success,2026-10-06 11:31:11.628,2026-10-06 11:31:12.007,379
5695,event-ingest,webhook,success,2026-10-06 11:31:11.650,2026-10-06 11:31:11.997,347
5696,event-ingest,webhook,success,2026-10-06 11:31:12.800,2026-10-06 11:31:13.202,402
5697,event-ingest,webhook,success,2026-10-06 11:31:13.626,2026-10-06 11:31:13.962,336
5698,event-ingest,webhook,success,2026-10-06 11:31:13.652,2026-10-06 11:31:14.037,385
5699,event-ingest,webhook,success,2026-10-06 11:31:13.675,2026-10-06 11:31:14.030,355
5700,event-ingest,webhook,success,2026-10-06 11:31:14.810,2026-10-06 11:31:15.211,401
5701,event-ingest,webhook,success,2026-10-06 11:31:15.636,2026-10-06 11:31:15.971,335
5702,event-ingest,webhook,success,2026-10-06 11:31:15.662,2026-10-06 11:31:16.031,369
5703,event-ingest,webhook,success,2026-10-06 11:31:15.686,2026-10-06 11:31:16.034,348
5704,event-ingest,webhook,success,2026-10-06 11:31:16.811,2026-10-06 11:31:17.189,378
5705,event-ingest,webhook,success,2026-10-06 11:31:17.635,2026-10-06 11:31:17.967,332
5706,event-ingest,webhook,success,2026-10-06 11:31:17.659,2026-10-06 11:31:18.030,371
5707,event-ingest,webhook,success,2026-10-06 11:31:17.682,2026-10-06 11:31:18.033,351
5708,event-ingest,webhook,success,2026-10-06 11:31:17.708,2026-10-06 11:31:18.092,384
5709,event-ingest,webhook,success,2026-10-06 11:31:17.735,2026-10-06 11:31:18.083,348
5710,event-ingest,webhook,success,2026-10-06 11:31:18.059,2026-10-06 11:31:18.396,337
5711,event-ingest,webhook,success,2026-10-06 11:31:18.682,2026-10-06 11:31:19.015,333
5712,event-ingest,webhook,success,2026-10-06 11:31:19.609,2026-10-06 11:31:19.943,334
5713,event-ingest,webhook,success,2026-10-06 11:31:20.538,2026-10-06 11:31:20.886,348
5714,event-ingest,webhook,success,2026-10-06 11:31:21.166,2026-10-06 11:31:21.515,349
5715,event-ingest,webhook,success,2026-10-06 11:31:22.095,2026-10-06 11:31:22.458,363
5716,event-ingest,webhook,success,2026-10-06 11:31:22.732,2026-10-06 11:31:23.087,355
5717,event-ingest,webhook,success,2026-10-06 11:31:22.770,2026-10-06 11:31:23.207,437
5718,event-ingest,webhook,success,2026-10-06 11:31:23.917,2026-10-06 11:31:25.961,2044
5719,event-ingest,webhook,success,2026-10-06 11:31:24.775,2026-10-06 11:31:26.801,2026
5720,event-ingest,webhook,success,2026-10-06 11:31:24.798,2026-10-06 11:31:26.865,2067
5721,event-ingest,webhook,success,2026-10-06 11:31:24.822,2026-10-06 11:31:26.852,2030
5722,event-ingest,webhook,success,2026-10-06 11:31:25.964,2026-10-06 11:31:28.001,2037
5723,event-ingest,webhook,success,2026-10-06 11:31:26.807,2026-10-06 11:31:28.850,2043
5724,event-ingest,webhook,success,2026-10-06 11:31:26.843,2026-10-06 11:31:28.894,2051
5725,event-ingest,webhook,success,2026-10-06 11:31:26.893,2026-10-06 11:31:28.956,2063
5726,event-ingest,webhook,success,2026-10-06 11:31:28.035,2026-10-06 11:31:30.069,2034
5727,event-ingest,webhook,success,2026-10-06 11:31:28.857,2026-10-06 11:31:30.899,2042
5728,event-ingest,webhook,success,2026-10-06 11:31:28.897,2026-10-06 11:31:30.978,2081
5729,event-ingest,webhook,success,2026-10-06 11:31:28.926,2026-10-06 11:31:30.963,2037
5730,event-ingest,webhook,success,2026-10-06 11:31:30.079,2026-10-06 11:31:32.127,2048
5731,event-ingest,webhook,success,2026-10-06 11:31:30.931,2026-10-06 11:31:32.964,2033
5732,event-ingest,webhook,success,2026-10-06 11:31:31.002,2026-10-06 11:31:33.060,2058
5733,event-ingest,webhook,success,2026-10-06 11:31:31.055,2026-10-06 11:31:33.114,2059
5734,event-ingest,webhook,success,2026-10-06 11:31:32.168,2026-10-06 11:31:34.203,2035
5735,event-ingest,webhook,success,2026-10-06 11:31:32.983,2026-10-06 11:31:35.010,2027
5736,event-ingest,webhook,success,2026-10-06 11:31:33.011,2026-10-06 11:31:35.087,2076
5737,event-ingest,webhook,success,2026-10-06 11:31:33.033,2026-10-06 11:31:35.074,2041
5738,event-ingest,webhook,success,2026-10-06 11:31:34.207,2026-10-06 11:31:36.243,2036
5739,event-ingest,webhook,success,2026-10-06 11:31:35.046,2026-10-06 11:31:37.080,2034
5740,event-ingest,webhook,success,2026-10-06 11:31:35.090,2026-10-06 11:31:37.136,2046
5741,event-ingest,webhook,success,2026-10-06 11:31:35.141,2026-10-06 11:31:37.202,2061
5742,event-ingest,webhook,success,2026-10-06 11:31:36.263,2026-10-06 11:31:38.296,2033
5743,event-ingest,webhook,success,2026-10-06 11:31:37.100,2026-10-06 11:31:39.137,2037
5744,event-ingest,webhook,success,2026-10-06 11:31:37.134,2026-10-06 11:31:39.218,2084
5745,event-ingest,webhook,success,2026-10-06 11:31:37.168,2026-10-06 11:31:39.199,2031
5746,event-ingest,webhook,success,2026-10-06 11:31:38.334,2026-10-06 11:31:40.373,2039
5747,event-ingest,webhook,success,2026-10-06 11:31:38.367,2026-10-06 11:31:40.453,2086
5748,event-ingest,webhook,success,2026-10-06 11:31:38.398,2026-10-06 11:31:40.440,2042
5749,event-ingest,webhook,success,2026-10-06 11:31:38.439,2026-10-06 11:31:40.600,2161
5750,event-ingest,webhook,success,2026-10-06 11:31:38.487,2026-10-06 11:31:40.537,2050
5751,event-ingest,webhook,success,2026-10-06 11:31:38.545,2026-10-06 11:31:40.667,2122
5752,event-ingest,webhook,success,2026-10-06 11:31:38.615,2026-10-06 11:31:40.648,2033
5753,event-ingest,webhook,success,2026-10-06 11:31:38.650,2026-10-06 11:31:41.152,2502
5754,event-ingest,webhook,success,2026-10-06 11:31:38.685,2026-10-06 11:31:41.230,2545
5755,event-ingest,webhook,success,2026-10-06 11:31:38.719,2026-10-06 11:31:41.211,2492
5756,event-ingest,webhook,success,2026-10-06 11:31:38.755,2026-10-06 11:31:42.388,3633
5757,health-monitor,trigger,success,2026-10-06 11:35:00.028,2026-10-06 11:35:00.230,202
5758,health-monitor,trigger,success,2026-10-06 11:40:00.021,2026-10-06 11:40:00.254,233
5759,event-ingest,webhook,success,2026-10-06 11:43:30.458,2026-10-06 11:43:30.924,466
5760,event-ingest,webhook,success,2026-10-06 11:43:31.372,2026-10-06 11:43:31.749,377
5761,event-ingest,webhook,success,2026-10-06 11:43:31.434,2026-10-06 11:43:31.878,444
5762,event-ingest,webhook,success,2026-10-06 11:43:31.483,2026-10-06 11:43:31.868,385
5763,event-ingest,webhook,success,2026-10-06 11:43:31.542,2026-10-06 11:43:31.952,410
5764,event-ingest,webhook,success,2026-10-06 11:43:31.589,2026-10-06 11:43:31.949,360
5765,event-ingest,webhook,success,2026-10-06 11:43:31.628,2026-10-06 11:43:32.023,395
5766,event-ingest,webhook,success,2026-10-06 11:43:33.174,2026-10-06 11:43:33.533,359
5767,event-ingest,webhook,success,2026-10-06 11:43:34.706,2026-10-06 11:43:35.059,353
5768,event-ingest,webhook,success,2026-10-06 11:43:34.739,2026-10-06 11:43:35.156,417
5769,event-ingest,webhook,success,2026-10-06 11:43:35.673,2026-10-06 11:43:36.025,352
5770,event-ingest,webhook,success,2026-10-06 11:43:40.720,2026-10-06 11:43:41.073,353
5771,event-ingest,webhook,success,2026-10-06 11:43:41.548,2026-10-06 11:43:41.881,333
5772,event-ingest,webhook,success,2026-10-06 11:43:41.583,2026-10-06 11:43:41.976,393
5773,event-ingest,webhook,success,2026-10-06 11:43:41.612,2026-10-06 11:43:41.949,337
5774,event-ingest,webhook,success,2026-10-06 11:43:41.646,2026-10-06 11:43:42.044,398
5775,event-ingest,webhook,success,2026-10-06 11:43:41.676,2026-10-06 11:43:42.010,334
5776,event-ingest,webhook,success,2026-10-06 11:43:42.007,2026-10-06 11:43:42.399,392
5777,event-ingest,webhook,success,2026-10-06 11:43:43.252,2026-10-06 11:43:43.588,336
5778,event-ingest,webhook,success,2026-10-06 11:43:44.783,2026-10-06 11:43:45.131,348
5779,event-ingest,webhook,success,2026-10-06 11:43:44.815,2026-10-06 11:43:45.183,368
5780,event-ingest,webhook,success,2026-10-06 11:43:45.744,2026-10-06 11:43:46.149,405
5781,event-ingest,webhook,success,2026-10-06 11:43:50.838,2026-10-06 11:43:51.198,360
5782,event-ingest,webhook,success,2026-10-06 11:43:51.705,2026-10-06 11:43:52.066,361
5783,event-ingest,webhook,success,2026-10-06 11:43:51.741,2026-10-06 11:43:52.184,443
5784,event-ingest,webhook,success,2026-10-06 11:43:51.777,2026-10-06 11:43:52.138,361
5785,event-ingest,webhook,success,2026-10-06 11:43:51.818,2026-10-06 11:43:52.235,417
5786,event-ingest,webhook,success,2026-10-06 11:43:51.856,2026-10-06 11:43:52.223,367
5787,event-ingest,webhook,success,2026-10-06 11:43:51.901,2026-10-06 11:43:52.308,407
5788,event-ingest,webhook,success,2026-10-06 11:43:53.444,2026-10-06 11:43:53.811,367
5789,event-ingest,webhook,success,2026-10-06 11:43:54.981,2026-10-06 11:43:55.350,369
5790,event-ingest,webhook,success,2026-10-06 11:43:55.012,2026-10-06 11:43:55.394,382
5791,event-ingest,webhook,success,2026-10-06 11:43:55.948,2026-10-06 11:43:56.311,363
5792,ioc-extractor,trigger,success,2026-10-06 11:45:00.032,2026-10-06 11:45:00.586,554
5793,health-monitor,trigger,success,2026-10-06 11:45:00.041,2026-10-06 11:45:00.393,352
5794,health-monitor,trigger,success,2026-10-06 11:50:00.019,2026-10-06 11:50:00.277,258
5795,health-monitor,trigger,success,2026-10-06 11:55:00.080,2026-10-06 11:55:00.609,529
5796,health-monitor,trigger,success,2026-10-06 12:00:00.046,2026-10-06 12:00:00.336,290
5797,ioc-extractor,trigger,success,2026-10-06 12:00:00.056,2026-10-06 12:00:00.187,131
5798,health-monitor,trigger,success,2026-10-06 12:05:00.032,2026-10-06 12:05:00.280,248
5799,health-monitor,trigger,success,2026-10-06 12:10:00.035,2026-10-06 12:10:00.244,209
5800,prueba-env,cli,success,2026-10-06 12:10:36.082,2026-10-06 12:10:37.267,1185
5801,ioc-extractor,trigger,success,2026-10-06 12:15:00.040,2026-10-06 12:15:00.112,72
5802,health-monitor,trigger,success,2026-10-06 12:15:00.050,2026-10-06 12:15:00.334,284
5803,event-ingest,webhook,success,2026-10-06 12:19:12.261,2026-10-06 12:19:12.823,562
5804,event-ingest,webhook,success,2026-10-06 12:19:12.341,2026-10-06 12:19:12.820,479
5805,event-ingest,webhook,success,2026-10-06 12:19:16.889,2026-10-06 12:19:17.235,346
5806,event-ingest,webhook,success,2026-10-06 12:19:16.925,2026-10-06 12:19:17.317,392
5807,health-monitor,trigger,error,2026-10-06 12:20:00.038,2026-10-06 12:20:00.097,59
5808,health-monitor,trigger,success,2026-10-06 12:25:00.041,2026-10-06 12:25:00.301,260
5809,event-ingest,webhook,success,2026-10-06 12:27:48.668,2026-10-06 12:27:49.385,717
5810,event-ingest,webhook,success,2026-10-06 12:27:48.880,2026-10-06 12:27:49.547,667
5811,event-ingest,webhook,success,2026-10-06 12:28:08.509,2026-10-06 12:28:08.886,377
5812,event-ingest,webhook,success,2026-10-06 12:28:08.566,2026-10-06 12:28:09.063,497
5813,event-ingest,webhook,success,2026-10-06 12:28:08.631,2026-10-06 12:28:09.051,420
5814,event-ingest,webhook,success,2026-10-06 12:28:08.732,2026-10-06 12:28:09.188,456
5815,event-ingest,webhook,success,2026-10-06 12:28:45.723,2026-10-06 12:28:46.423,700
5816,event-ingest,webhook,success,2026-10-06 12:28:45.763,2026-10-06 12:28:46.760,997
5817,event-ingest,webhook,success,2026-10-06 12:28:45.814,2026-10-06 12:28:47.577,1763
5818,event-ingest,webhook,success,2026-10-06 12:28:46.422,2026-10-06 12:28:46.790,368
5819,event-ingest,webhook,success,2026-10-06 12:28:47.968,2026-10-06 12:28:48.329,361
5820,event-ingest,webhook,success,2026-10-06 12:28:48.006,2026-10-06 12:28:48.419,413
5821,event-ingest,webhook,success,2026-10-06 12:28:48.044,2026-10-06 12:28:48.388,344
5822,event-ingest,webhook,success,2026-10-06 12:28:48.108,2026-10-06 12:28:48.490,382
5823,event-ingest,webhook,success,2026-10-06 12:28:49.947,2026-10-06 12:28:50.335,388
5824,event-ingest,webhook,success,2026-10-06 12:28:49.984,2026-10-06 12:28:50.403,419
5825,event-ingest,webhook,success,2026-10-06 12:28:50.018,2026-10-06 12:28:50.390,372
5826,event-ingest,webhook,success,2026-10-06 12:28:50.059,2026-10-06 12:28:50.489,430
5827,event-ingest,webhook,success,2026-10-06 12:28:51.931,2026-10-06 12:28:52.291,360
5828,event-ingest,webhook,success,2026-10-06 12:28:51.965,2026-10-06 12:28:52.369,404
5829,event-ingest,webhook,success,2026-10-06 12:28:52.003,2026-10-06 12:28:52.379,376
5830,event-ingest,webhook,success,2026-10-06 12:28:52.047,2026-10-06 12:28:52.448,401
5831,event-ingest,webhook,success,2026-10-06 12:28:53.881,2026-10-06 12:28:54.247,366
5832,event-ingest,webhook,success,2026-10-06 12:28:53.919,2026-10-06 12:28:54.362,443
5833,event-ingest,webhook,success,2026-10-06 12:28:53.954,2026-10-06 12:28:54.330,376
5834,event-ingest,webhook,success,2026-10-06 12:28:54.027,2026-10-06 12:28:54.464,437
5835,event-ingest,webhook,success,2026-10-06 12:28:56.164,2026-10-06 12:28:56.840,676
5836,event-ingest,webhook,success,2026-10-06 12:28:56.204,2026-10-06 12:28:56.921,717
5837,event-ingest,webhook,success,2026-10-06 12:28:56.246,2026-10-06 12:28:56.905,659
5838,event-ingest,webhook,success,2026-10-06 12:28:56.404,2026-10-06 12:28:57.301,897
5839,event-ingest,webhook,success,2026-10-06 12:28:56.926,2026-10-06 12:28:57.313,387
5840,event-ingest,webhook,success,2026-10-06 12:28:57.008,2026-10-06 12:28:57.395,387
5841,event-ingest,webhook,success,2026-10-06 12:28:57.344,2026-10-06 12:28:57.713,369
5842,event-ingest,webhook,success,2026-10-06 12:28:57.975,2026-10-06 12:28:58.316,341
5843,event-ingest,webhook,success,2026-10-06 12:28:58.914,2026-10-06 12:28:59.258,344
5844,event-ingest,webhook,success,2026-10-06 12:28:59.545,2026-10-06 12:28:59.882,337
5845,event-ingest,webhook,success,2026-10-06 12:29:00.479,2026-10-06 12:29:00.843,364
5846,event-ingest,webhook,success,2026-10-06 12:29:01.131,2026-10-06 12:29:01.488,357
5847,event-ingest,webhook,success,2026-10-06 12:29:01.167,2026-10-06 12:29:03.266,2099
5848,event-ingest,webhook,success,2026-10-06 12:29:02.095,2026-10-06 12:29:04.149,2054
5849,event-ingest,webhook,success,2026-10-06 12:29:02.131,2026-10-06 12:29:04.239,2108
5850,event-ingest,webhook,success,2026-10-06 12:29:02.163,2026-10-06 12:29:04.228,2065
5851,event-ingest,webhook,success,2026-10-06 12:29:02.225,2026-10-06 12:29:04.341,2116
5852,event-ingest,webhook,success,2026-10-06 12:29:04.360,2026-10-06 12:29:06.401,2041
5853,event-ingest,webhook,success,2026-10-06 12:29:04.401,2026-10-06 12:29:06.533,2132
5854,event-ingest,webhook,success,2026-10-06 12:29:04.432,2026-10-06 12:29:06.507,2075
5855,event-ingest,webhook,success,2026-10-06 12:29:04.511,2026-10-06 12:29:06.604,2093
5856,event-ingest,webhook,success,2026-10-06 12:29:06.350,2026-10-06 12:29:08.393,2043
5857,event-ingest,webhook,success,2026-10-06 12:29:06.397,2026-10-06 12:29:08.536,2139
5858,event-ingest,webhook,success,2026-10-06 12:29:06.439,2026-10-06 12:29:08.487,2048
5859,event-ingest,webhook,success,2026-10-06 12:29:06.511,2026-10-06 12:29:08.590,2079
5860,event-ingest,webhook,success,2026-10-06 12:29:08.397,2026-10-06 12:29:10.446,2049
5861,event-ingest,webhook,success,2026-10-06 12:29:08.443,2026-10-06 12:29:10.736,2293
5862,event-ingest,webhook,success,2026-10-06 12:29:08.501,2026-10-06 12:29:10.818,2317
5863,event-ingest,webhook,success,2026-10-06 12:29:08.601,2026-10-06 12:29:10.802,2201
5864,event-ingest,webhook,success,2026-10-06 12:29:10.455,2026-10-06 12:29:12.540,2085
5865,event-ingest,webhook,success,2026-10-06 12:29:10.499,2026-10-06 12:29:12.832,2333
5866,event-ingest,webhook,success,2026-10-06 12:29:10.529,2026-10-06 12:29:12.649,2120
5867,event-ingest,webhook,success,2026-10-06 12:29:10.813,2026-10-06 12:29:12.883,2070
5868,event-ingest,webhook,success,2026-10-06 12:29:12.383,2026-10-06 12:29:14.434,2051
5869,event-ingest,webhook,success,2026-10-06 12:29:12.422,2026-10-06 12:29:14.643,2221
5870,event-ingest,webhook,success,2026-10-06 12:29:12.457,2026-10-06 12:29:14.553,2096
5871,event-ingest,webhook,success,2026-10-06 12:29:12.611,2026-10-06 12:29:14.741,2130
5872,event-ingest,webhook,success,2026-10-06 12:29:14.474,2026-10-06 12:29:16.517,2043
5873,event-ingest,webhook,success,2026-10-06 12:29:14.509,2026-10-06 12:29:16.586,2077
5874,event-ingest,webhook,success,2026-10-06 12:29:14.540,2026-10-06 12:29:16.625,2085
5875,event-ingest,webhook,success,2026-10-06 12:29:14.653,2026-10-06 12:29:16.723,2070
5876,event-ingest,webhook,success,2026-10-06 12:29:16.519,2026-10-06 12:29:18.575,2056
5877,event-ingest,webhook,success,2026-10-06 12:29:16.570,2026-10-06 12:29:18.676,2106
5878,event-ingest,webhook,success,2026-10-06 12:29:16.629,2026-10-06 12:29:18.700,2071
5879,event-ingest,webhook,success,2026-10-06 12:29:16.721,2026-10-06 12:29:18.854,2133
5880,event-ingest,webhook,success,2026-10-06 12:29:16.777,2026-10-06 12:29:18.838,2061
5881,event-ingest,webhook,success,2026-10-06 12:29:16.836,2026-10-06 12:29:19.023,2187
5882,event-ingest,webhook,success,2026-10-06 12:29:16.868,2026-10-06 12:29:18.954,2086
5883,event-ingest,webhook,success,2026-10-06 12:29:17.002,2026-10-06 12:29:19.648,2646
5884,event-ingest,webhook,success,2026-10-06 12:29:17.036,2026-10-06 12:29:19.332,2296
5885,event-ingest,webhook,success,2026-10-06 12:29:17.701,2026-10-06 12:29:20.596,2895
5886,event-ingest,webhook,success,2026-10-06 12:29:17.736,2026-10-06 12:29:19.773,2037
5887,event-ingest,webhook,success,2026-10-06 12:29:17.817,2026-10-06 12:29:20.692,2875
5888,ioc-extractor,trigger,success,2026-10-06 12:30:00.072,2026-10-06 12:30:00.687,615
5889,health-monitor,trigger,success,2026-10-06 12:30:00.090,2026-10-06 12:30:00.454,364
5890,event-ingest,webhook,success,2026-10-06 12:31:25.402,2026-10-06 12:31:28.137,2735
5891,event-ingest,webhook,success,2026-10-06 12:31:25.881,2026-10-06 12:31:28.195,2314
5892,event-ingest,webhook,success,2026-10-06 12:31:26.361,2026-10-06 12:31:28.188,1827
5893,event-ingest,webhook,success,2026-10-06 12:31:26.764,2026-10-06 12:31:28.681,1917
5894,event-ingest,webhook,success,2026-10-06 12:31:28.282,2026-10-06 12:31:28.876,594
5895,event-ingest,webhook,success,2026-10-06 12:31:28.480,2026-10-06 12:31:29.241,761
5896,event-ingest,webhook,success,2026-10-06 12:31:28.587,2026-10-06 12:31:29.372,785
5897,event-ingest,webhook,success,2026-10-06 12:31:28.904,2026-10-06 12:31:29.715,811
5898,event-ingest,webhook,success,2026-10-06 12:31:29.009,2026-10-06 12:31:29.604,595
5899,event-ingest,webhook,success,2026-10-06 12:31:29.158,2026-10-06 12:31:30.158,1000
5900,event-ingest,webhook,success,2026-10-06 12:31:31.627,2026-10-06 12:31:32.185,558
5901,event-ingest,webhook,success,2026-10-06 12:31:31.812,2026-10-06 12:31:32.661,849
5902,event-ingest,webhook,success,2026-10-06 12:31:31.976,2026-10-06 12:31:32.577,601
5903,event-ingest,webhook,success,2026-10-06 12:31:32.234,2026-10-06 12:31:32.763,529
5904,event-ingest,webhook,success,2026-10-06 12:31:32.355,2026-10-06 12:31:33.174,819
5905,event-ingest,webhook,success,2026-10-06 12:31:32.667,2026-10-06 12:31:33.429,762
5906,event-ingest,webhook,success,2026-10-06 12:31:33.193,2026-10-06 12:31:33.645,452
5907,event-ingest,webhook,success,2026-10-06 12:31:34.203,2026-10-06 12:31:34.617,414
5908,event-ingest,webhook,success,2026-10-06 12:31:35.816,2026-10-06 12:31:36.325,509
5909,event-ingest,webhook,success,2026-10-06 12:31:36.044,2026-10-06 12:31:36.602,558
5910,event-ingest,webhook,success,2026-10-06 12:31:36.744,2026-10-06 12:31:37.225,481
5911,event-ingest,webhook,success,2026-10-06 12:34:04.142,2026-10-06 12:34:10.521,6379
5912,event-ingest,webhook,success,2026-10-06 12:34:05.270,2026-10-06 12:34:11.172,5902
5913,event-ingest,webhook,success,2026-10-06 12:34:06.086,2026-10-06 12:34:10.759,4673
5914,event-ingest,webhook,success,2026-10-06 12:34:07.339,2026-10-06 12:34:12.429,5090
5915,event-ingest,webhook,success,2026-10-06 12:34:11.583,2026-10-06 12:34:12.306,723
5916,event-ingest,webhook,success,2026-10-06 12:34:11.865,2026-10-06 12:34:13.118,1253
5917,event-ingest,webhook,success,2026-10-06 12:34:12.270,2026-10-06 12:34:13.388,1118
5918,event-ingest,webhook,success,2026-10-06 12:34:12.825,2026-10-06 12:34:14.267,1442
5919,event-ingest,webhook,success,2026-10-06 12:34:13.475,2026-10-06 12:34:14.319,844
5920,event-ingest,webhook,success,2026-10-06 12:34:13.872,2026-10-06 12:34:14.883,1011
5921,event-ingest,webhook,success,2026-10-06 12:34:14.346,2026-10-06 12:34:15.078,732
5922,event-ingest,webhook,success,2026-10-06 12:34:14.668,2026-10-06 12:34:15.686,1018
5923,event-ingest,webhook,success,2026-10-06 12:34:15.008,2026-10-06 12:34:15.859,851
5924,event-ingest,webhook,success,2026-10-06 12:34:15.372,2026-10-06 12:34:16.452,1080
5925,event-ingest,webhook,success,2026-10-06 12:34:15.712,2026-10-06 12:34:16.585,873
5926,event-ingest,webhook,success,2026-10-06 12:34:16.105,2026-10-06 12:34:17.270,1165
5927,event-ingest,webhook,success,2026-10-06 12:34:16.477,2026-10-06 12:34:17.588,1111
5928,event-ingest,webhook,success,2026-10-06 12:34:17.316,2026-10-06 12:34:18.452,1136
5929,event-ingest,webhook,success,2026-10-06 12:34:17.984,2026-10-06 12:34:20.050,2066
5930,event-ingest,webhook,success,2026-10-06 12:34:18.512,2026-10-06 12:34:20.586,2074
5931,event-ingest,webhook,success,2026-10-06 12:34:20.379,2026-10-06 12:34:21.494,1115
5932,event-ingest,webhook,success,2026-10-06 12:34:20.977,2026-10-06 12:34:22.371,1394
5933,event-ingest,webhook,success,2026-10-06 12:34:21.512,2026-10-06 12:34:22.555,1043
5934,event-ingest,webhook,success,2026-10-06 12:34:22.015,2026-10-06 12:34:23.909,1894
5935,event-ingest,webhook,success,2026-10-06 12:34:22.849,2026-10-06 12:34:24.046,1197
5936,event-ingest,webhook,success,2026-10-06 12:34:23.488,2026-10-06 12:34:24.848,1360
5937,event-ingest,webhook,success,2026-10-06 12:34:24.069,2026-10-06 12:34:25.047,978
5938,event-ingest,webhook,success,2026-10-06 12:34:24.478,2026-10-06 12:34:25.652,1174
5939,event-ingest,webhook,success,2026-10-06 12:34:25.061,2026-10-06 12:34:26.124,1063
5940,event-ingest,webhook,success,2026-10-06 12:34:25.518,2026-10-06 12:34:29.320,3802
5941,event-ingest,webhook,success,2026-10-06 12:34:26.585,2026-10-06 12:34:27.653,1068
5942,event-ingest,webhook,success,2026-10-06 12:34:27.070,2026-10-06 12:34:29.969,2899
5943,event-ingest,webhook,success,2026-10-06 12:34:27.721,2026-10-06 12:34:30.158,2437
5944,event-ingest,webhook,success,2026-10-06 12:34:28.137,2026-10-06 12:34:31.448,3311
5945,event-ingest,webhook,success,2026-10-06 12:34:28.485,2026-10-06 12:34:30.994,2509
5946,event-ingest,webhook,success,2026-10-06 12:34:29.151,2026-10-06 12:34:31.673,2522
5947,event-ingest,webhook,success,2026-10-06 12:34:29.607,2026-10-06 12:34:32.467,2860
5948,event-ingest,webhook,success,2026-10-06 12:34:30.027,2026-10-06 12:34:32.637,2610
5949,event-ingest,webhook,success,2026-10-06 12:34:30.464,2026-10-06 12:34:33.279,2815
5950,event-ingest,webhook,success,2026-10-06 12:34:30.674,2026-10-06 12:34:33.059,2385
5951,event-ingest,webhook,success,2026-10-06 12:34:31.074,2026-10-06 12:34:33.953,2879
5952,event-ingest,webhook,success,2026-10-06 12:34:31.668,2026-10-06 12:34:33.988,2320
5953,event-ingest,webhook,success,2026-10-06 12:34:32.025,2026-10-06 12:34:34.765,2740
5954,event-ingest,webhook,success,2026-10-06 12:34:32.633,2026-10-06 12:34:34.938,2305
5955,event-ingest,webhook,success,2026-10-06 12:34:32.915,2026-10-06 12:34:35.668,2753
5956,event-ingest,webhook,success,2026-10-06 12:34:33.359,2026-10-06 12:34:35.583,2224
5957,event-ingest,webhook,success,2026-10-06 12:34:33.643,2026-10-06 12:34:36.021,2378
5958,event-ingest,webhook,success,2026-10-06 12:34:33.843,2026-10-06 12:34:35.909,2066
5959,event-ingest,webhook,success,2026-10-06 12:34:33.998,2026-10-06 12:34:36.129,2131
5960,event-ingest,webhook,success,2026-10-06 12:34:34.120,2026-10-06 12:34:36.374,2254
5961,event-ingest,webhook,success,2026-10-06 12:34:34.181,2026-10-06 12:34:36.291,2110
5962,event-ingest,webhook,success,2026-10-06 12:34:34.326,2026-10-06 12:34:36.793,2467
5963,event-ingest,webhook,success,2026-10-06 12:34:34.454,2026-10-06 12:34:36.668,2214
5964,event-ingest,webhook,success,2026-10-06 12:34:34.757,2026-10-06 12:34:37.013,2256
5965,event-ingest,webhook,success,2026-10-06 12:34:34.953,2026-10-06 12:34:37.598,2645
5966,event-ingest,webhook,success,2026-10-06 12:34:50.400,2026-10-06 12:34:52.526,2126
5967,event-ingest,webhook,success,2026-10-06 12:34:50.479,2026-10-06 12:34:52.747,2268
5968,event-ingest,webhook,success,2026-10-06 12:34:50.567,2026-10-06 12:34:52.701,2134
5969,event-ingest,webhook,success,2026-10-06 12:34:50.726,2026-10-06 12:34:53.080,2354
5970,event-ingest,webhook,success,2026-10-06 12:34:50.856,2026-10-06 12:34:53.008,2152
5971,event-ingest,webhook,success,2026-10-06 12:34:50.971,2026-10-06 12:34:53.174,2203
5972,event-ingest,webhook,success,2026-10-06 12:34:51.693,2026-10-06 12:34:53.793,2100
5973,event-ingest,webhook,success,2026-10-06 12:34:53.116,2026-10-06 12:34:55.287,2171
5974,event-ingest,webhook,success,2026-10-06 12:34:54.451,2026-10-06 12:34:56.542,2091
5975,event-ingest,webhook,success,2026-10-06 12:34:54.519,2026-10-06 12:34:56.641,2122
5976,event-ingest,webhook,success,2026-10-06 12:34:55.470,2026-10-06 12:34:57.563,2093
5977,health-monitor,trigger,success,2026-10-06 12:35:00.081,2026-10-06 12:35:02.674,2593
5978,event-ingest,webhook,success,2026-10-06 12:35:01.690,2026-10-06 12:35:04.041,2351
5979,event-ingest,webhook,success,2026-10-06 12:35:01.921,2026-10-06 12:35:04.591,2670
5980,event-ingest,webhook,success,2026-10-06 12:35:02.194,2026-10-06 12:35:04.493,2299
5981,event-ingest,webhook,success,2026-10-06 12:35:02.477,2026-10-06 12:35:05.303,2826
5982,event-ingest,webhook,success,2026-10-06 12:35:02.849,2026-10-06 12:35:05.210,2361
5983,event-ingest,webhook,success,2026-10-06 12:35:03.192,2026-10-06 12:35:05.919,2727
5984,event-ingest,webhook,success,2026-10-06 12:35:03.494,2026-10-06 12:35:05.772,2278
5985,event-ingest,webhook,success,2026-10-06 12:35:03.792,2026-10-06 12:35:06.350,2558
5986,event-ingest,webhook,success,2026-10-06 12:35:05.006,2026-10-06 12:35:06.641,1635
5987,event-ingest,webhook,success,2026-10-06 12:35:05.457,2026-10-06 12:35:06.724,1267
5988,event-ingest,webhook,success,2026-10-06 12:35:06.017,2026-10-06 12:35:06.577,560
5989,event-ingest,webhook,success,2026-10-06 12:35:10.969,2026-10-06 12:35:11.403,434
5990,event-ingest,webhook,success,2026-10-06 12:35:11.052,2026-10-06 12:35:11.692,640
5991,event-ingest,webhook,success,2026-10-06 12:35:11.112,2026-10-06 12:35:11.569,457
5992,event-ingest,webhook,success,2026-10-06 12:35:11.199,2026-10-06 12:35:11.900,701
5993,event-ingest,webhook,success,2026-10-06 12:35:11.301,2026-10-06 12:35:11.841,540
5994,event-ingest,webhook,success,2026-10-06 12:35:11.465,2026-10-06 12:35:12.335,870
5995,event-ingest,webhook,success,2026-10-06 12:35:12.261,2026-10-06 12:35:12.853,592
5996,event-ingest,webhook,success,2026-10-06 12:35:13.659,2026-10-06 12:35:14.272,613
5997,event-ingest,webhook,success,2026-10-06 12:35:15.348,2026-10-06 12:35:15.912,564
5998,event-ingest,webhook,success,2026-10-06 12:35:15.564,2026-10-06 12:35:16.386,822
5999,event-ingest,webhook,success,2026-10-06 12:35:16.074,2026-10-06 12:35:16.600,526
6000,event-ingest,webhook,success,2026-10-06 12:36:04.419,2026-10-06 12:36:05.184,765
6001,event-ingest,webhook,success,2026-10-06 12:36:04.604,2026-10-06 12:36:05.561,957
6002,event-ingest,webhook,success,2026-10-06 12:36:04.848,2026-10-06 12:36:05.426,578
6003,event-ingest,webhook,success,2026-10-06 12:36:05.157,2026-10-06 12:36:06.688,1531
6004,event-ingest,webhook,success,2026-10-06 12:36:06.552,2026-10-06 12:36:07.734,1182
6005,event-ingest,webhook,success,2026-10-06 12:36:06.751,2026-10-06 12:36:08.469,1718
6006,event-ingest,webhook,success,2026-10-06 12:36:07.928,2026-10-06 12:36:08.608,680
6007,event-ingest,webhook,success,2026-10-06 12:36:08.234,2026-10-06 12:36:09.134,900
6008,event-ingest,webhook,success,2026-10-06 12:36:08.724,2026-10-06 12:36:09.278,554
6009,event-ingest,webhook,success,2026-10-06 12:36:08.883,2026-10-06 12:36:09.679,796
6010,event-ingest,webhook,success,2026-10-06 12:36:09.156,2026-10-06 12:36:09.779,623
6011,event-ingest,webhook,success,2026-10-06 12:36:09.465,2026-10-06 12:36:10.194,729
6012,event-ingest,webhook,success,2026-10-06 12:36:10.514,2026-10-06 12:36:11.165,651
6013,event-ingest,webhook,success,2026-10-06 12:36:10.672,2026-10-06 12:36:11.662,990
6014,event-ingest,webhook,success,2026-10-06 12:36:10.844,2026-10-06 12:36:11.538,694
6015,event-ingest,webhook,success,2026-10-06 12:36:11.168,2026-10-06 12:36:12.057,889
6016,event-ingest,webhook,success,2026-10-06 12:36:11.553,2026-10-06 12:36:12.187,634
6017,event-ingest,webhook,success,2026-10-06 12:36:11.814,2026-10-06 12:36:12.608,794
6018,event-ingest,webhook,success,2026-10-06 12:36:12.085,2026-10-06 12:36:12.716,631
6019,event-ingest,webhook,success,2026-10-06 12:36:12.743,2026-10-06 12:36:13.255,512
6020,event-ingest,webhook,success,2026-10-06 12:36:13.485,2026-10-06 12:36:13.943,458
6021,event-ingest,webhook,success,2026-10-06 12:36:14.483,2026-10-06 12:36:14.923,440
6022,event-ingest,webhook,success,2026-10-06 12:36:15.169,2026-10-06 12:36:15.643,474
6023,event-ingest,webhook,success,2026-10-06 12:36:15.886,2026-10-06 12:36:16.342,456
6024,event-ingest,webhook,success,2026-10-06 12:36:16.897,2026-10-06 12:36:17.410,513
6025,event-ingest,webhook,success,2026-10-06 12:36:17.058,2026-10-06 12:36:17.726,668
6026,event-ingest,webhook,success,2026-10-06 12:36:17.799,2026-10-06 12:36:18.435,636
6027,event-ingest,webhook,success,2026-10-06 12:36:18.048,2026-10-06 12:36:19.107,1059
6028,event-ingest,webhook,success,2026-10-06 12:36:18.285,2026-10-06 12:36:19.047,762
6029,event-ingest,webhook,success,2026-10-06 12:36:18.679,2026-10-06 12:36:19.332,653
6030,event-ingest,webhook,success,2026-10-06 12:36:19.707,2026-10-06 12:36:20.345,638
6031,event-ingest,webhook,success,2026-10-06 12:36:19.876,2026-10-06 12:36:20.870,994
6032,event-ingest,webhook,success,2026-10-06 12:36:20.083,2026-10-06 12:36:20.666,583
6033,event-ingest,webhook,success,2026-10-06 12:36:20.383,2026-10-06 12:36:23.132,2749
6034,event-ingest,webhook,success,2026-10-06 12:36:21.796,2026-10-06 12:36:23.997,2201
6035,event-ingest,webhook,success,2026-10-06 12:36:21.938,2026-10-06 12:36:24.696,2758
6036,event-ingest,webhook,success,2026-10-06 12:36:22.151,2026-10-06 12:36:24.565,2414
6037,event-ingest,webhook,success,2026-10-06 12:36:22.446,2026-10-06 12:36:25.335,2889
6038,event-ingest,webhook,success,2026-10-06 12:36:23.863,2026-10-06 12:36:26.200,2337
6039,event-ingest,webhook,success,2026-10-06 12:36:24.207,2026-10-06 12:36:27.067,2860
6040,event-ingest,webhook,success,2026-10-06 12:36:24.777,2026-10-06 12:36:27.293,2516
6041,event-ingest,webhook,success,2026-10-06 12:36:25.153,2026-10-06 12:36:27.740,2587
6042,event-ingest,webhook,success,2026-10-06 12:36:26.032,2026-10-06 12:36:28.301,2269
6043,event-ingest,webhook,success,2026-10-06 12:36:26.318,2026-10-06 12:36:29.466,3148
6044,event-ingest,webhook,success,2026-10-06 12:36:26.705,2026-10-06 12:36:29.221,2516
6045,event-ingest,webhook,success,2026-10-06 12:36:27.136,2026-10-06 12:36:29.725,2589
6046,event-ingest,webhook,success,2026-10-06 12:36:28.308,2026-10-06 12:36:30.640,2332
6047,event-ingest,webhook,success,2026-10-06 12:36:28.579,2026-10-06 12:36:31.664,3085
6048,event-ingest,webhook,success,2026-10-06 12:36:28.879,2026-10-06 12:36:31.359,2480
6049,event-ingest,webhook,success,2026-10-06 12:36:29.685,2026-10-06 12:36:32.182,2497
6050,event-ingest,webhook,success,2026-10-06 12:36:30.161,2026-10-06 12:36:32.952,2791
6051,event-ingest,webhook,success,2026-10-06 12:36:30.368,2026-10-06 12:36:32.776,2408
6052,event-ingest,webhook,success,2026-10-06 12:36:30.705,2026-10-06 12:36:33.745,3040
6053,event-ingest,webhook,success,2026-10-06 12:36:31.058,2026-10-06 12:36:33.390,2332
6054,event-ingest,webhook,success,2026-10-06 12:36:32.488,2026-10-06 12:36:34.821,2333
6055,event-ingest,webhook,success,2026-10-06 12:36:33.023,2026-10-06 12:36:35.475,2452
6056,event-ingest,webhook,success,2026-10-06 12:36:33.840,2026-10-06 12:36:36.005,2165
6057,event-ingest,webhook,success,2026-10-06 12:36:34.047,2026-10-06 12:36:36.370,2323
6058,event-ingest,webhook,success,2026-10-06 12:36:34.176,2026-10-06 12:36:36.342,2166
6059,event-ingest,webhook,success,2026-10-06 12:36:34.329,2026-10-06 12:36:36.695,2366
6060,event-ingest,webhook,success,2026-10-06 12:36:34.466,2026-10-06 12:36:36.607,2141
6061,event-ingest,webhook,success,2026-10-06 12:36:34.655,2026-10-06 12:36:37.004,2349
6062,event-ingest,webhook,success,2026-10-06 12:36:35.486,2026-10-06 12:36:37.640,2154
6063,event-ingest,webhook,success,2026-10-06 12:36:36.158,2026-10-06 12:36:38.278,2120
6064,event-ingest,webhook,success,2026-10-06 12:36:37.116,2026-10-06 12:36:39.279,2163
6065,event-ingest,webhook,success,2026-10-06 12:36:37.837,2026-10-06 12:36:39.978,2141
6066,event-ingest,webhook,success,2026-10-06 12:36:38.608,2026-10-06 12:36:40.781,2173
6067,event-ingest,webhook,success,2026-10-06 12:36:38.835,2026-10-06 12:36:41.275,2440
6068,event-ingest,webhook,success,2026-10-06 12:36:39.645,2026-10-06 12:36:41.843,2198
6069,event-ingest,webhook,success,2026-10-06 12:36:39.748,2026-10-06 12:36:42.360,2612
6070,event-ingest,webhook,success,2026-10-06 12:36:39.859,2026-10-06 12:36:42.163,2304
6071,event-ingest,webhook,success,2026-10-06 12:36:40.028,2026-10-06 12:36:42.303,2275
6072,event-ingest,webhook,success,2026-10-06 12:36:41.693,2026-10-06 12:36:44.051,2358
6073,event-ingest,webhook,success,2026-10-06 12:36:42.309,2026-10-06 12:36:44.834,2525
6074,event-ingest,webhook,success,2026-10-06 12:36:42.681,2026-10-06 12:36:45.426,2745
6075,event-ingest,webhook,success,2026-10-06 12:36:42.965,2026-10-06 12:36:45.353,2388
6076,event-ingest,webhook,success,2026-10-06 12:36:43.858,2026-10-06 12:36:46.189,2331
6077,event-ingest,webhook,success,2026-10-06 12:36:44.188,2026-10-06 12:36:47.122,2934
6078,event-ingest,webhook,success,2026-10-06 12:36:44.475,2026-10-06 12:36:46.930,2455
6079,event-ingest,webhook,success,2026-10-06 12:36:44.924,2026-10-06 12:36:47.671,2747
6080,event-ingest,webhook,success,2026-10-06 12:36:45.827,2026-10-06 12:36:48.323,2496
6081,event-ingest,webhook,success,2026-10-06 12:36:46.060,2026-10-06 12:36:48.608,2548
6082,event-ingest,webhook,success,2026-10-06 12:36:46.540,2026-10-06 12:36:49.403,2863
6083,event-ingest,webhook,success,2026-10-06 12:36:47.129,2026-10-06 12:36:49.829,2700
6084,event-ingest,webhook,success,2026-10-06 12:36:47.760,2026-10-06 12:36:50.867,3107
6085,event-ingest,webhook,success,2026-10-06 12:36:48.370,2026-10-06 12:36:50.961,2591
6086,event-ingest,webhook,success,2026-10-06 12:36:48.831,2026-10-06 12:36:51.868,3037
6087,event-ingest,webhook,success,2026-10-06 12:36:49.060,2026-10-06 12:36:51.729,2669
6088,event-ingest,webhook,success,2026-10-06 12:36:49.487,2026-10-06 12:36:52.753,3266
6089,event-ingest,webhook,success,2026-10-06 12:36:49.983,2026-10-06 12:36:52.469,2486
6090,event-ingest,webhook,success,2026-10-06 12:36:50.642,2026-10-06 12:36:53.363,2721
6091,event-ingest,webhook,success,2026-10-06 12:36:51.287,2026-10-06 12:36:54.125,2838
6092,event-ingest,webhook,success,2026-10-06 12:36:51.901,2026-10-06 12:36:54.345,2444
6093,event-ingest,webhook,success,2026-10-06 12:37:58.289,2026-10-06 12:37:59.257,968
6094,event-ingest,webhook,success,2026-10-06 12:37:58.350,2026-10-06 12:38:00.024,1674
6095,event-ingest,webhook,success,2026-10-06 12:37:59.273,2026-10-06 12:37:59.905,632
6096,event-ingest,webhook,success,2026-10-06 12:37:59.651,2026-10-06 12:38:00.203,552
6097,event-ingest,webhook,success,2026-10-06 12:38:00.376,2026-10-06 12:38:00.836,460
6098,event-ingest,webhook,success,2026-10-06 12:38:00.445,2026-10-06 12:38:01.195,750
6099,event-ingest,webhook,success,2026-10-06 12:38:00.655,2026-10-06 12:38:01.171,516
6100,event-ingest,webhook,success,2026-10-06 12:38:00.841,2026-10-06 12:38:01.252,411
6101,event-ingest,webhook,success,2026-10-06 12:38:02.414,2026-10-06 12:38:02.804,390
6102,event-ingest,webhook,success,2026-10-06 12:38:02.464,2026-10-06 12:38:02.894,430
6103,event-ingest,webhook,success,2026-10-06 12:38:02.498,2026-10-06 12:38:02.857,359
6104,event-ingest,webhook,success,2026-10-06 12:38:02.543,2026-10-06 12:38:03.036,493
6105,event-ingest,webhook,success,2026-10-06 12:38:04.425,2026-10-06 12:38:05.025,600
6106,event-ingest,webhook,success,2026-10-06 12:38:04.554,2026-10-06 12:38:05.380,826
6107,event-ingest,webhook,success,2026-10-06 12:38:04.767,2026-10-06 12:38:05.474,707
6108,event-ingest,webhook,success,2026-10-06 12:38:05.044,2026-10-06 12:38:05.489,445
6109,event-ingest,webhook,success,2026-10-06 12:38:06.649,2026-10-06 12:38:07.043,394
6110,event-ingest,webhook,success,2026-10-06 12:38:06.705,2026-10-06 12:38:07.293,588
6111,event-ingest,webhook,success,2026-10-06 12:38:06.759,2026-10-06 12:38:07.228,469
6112,event-ingest,webhook,success,2026-10-06 12:38:06.924,2026-10-06 12:38:07.460,536
6113,event-ingest,webhook,success,2026-10-06 12:38:07.049,2026-10-06 12:38:07.477,428
6114,event-ingest,webhook,success,2026-10-06 12:38:07.154,2026-10-06 12:38:07.618,464
6115,event-ingest,webhook,success,2026-10-06 12:38:07.815,2026-10-06 12:38:08.191,376
6116,event-ingest,webhook,success,2026-10-06 12:38:08.473,2026-10-06 12:38:08.848,375
6117,event-ingest,webhook,success,2026-10-06 12:38:09.424,2026-10-06 12:38:09.787,363
6118,event-ingest,webhook,success,2026-10-06 12:38:10.086,2026-10-06 12:38:10.501,415
6119,event-ingest,webhook,success,2026-10-06 12:38:11.053,2026-10-06 12:38:11.411,358
6120,event-ingest,webhook,success,2026-10-06 12:38:11.694,2026-10-06 12:38:12.043,349
6121,event-ingest,webhook,success,2026-10-06 12:38:12.657,2026-10-06 12:38:13.069,412
6122,event-ingest,webhook,success,2026-10-06 12:38:12.718,2026-10-06 12:38:13.197,479
6123,event-ingest,webhook,success,2026-10-06 12:38:13.700,2026-10-06 12:38:14.141,441
6124,event-ingest,webhook,success,2026-10-06 12:38:13.764,2026-10-06 12:38:14.275,511
6125,event-ingest,webhook,success,2026-10-06 12:38:13.845,2026-10-06 12:38:14.294,449
6126,event-ingest,webhook,success,2026-10-06 12:38:13.939,2026-10-06 12:38:14.495,556
6127,event-ingest,webhook,success,2026-10-06 12:39:10.542,2026-10-06 12:39:11.220,678
6128,event-ingest,webhook,success,2026-10-06 12:39:10.599,2026-10-06 12:39:11.482,883
6129,event-ingest,webhook,success,2026-10-06 12:39:10.822,2026-10-06 12:39:11.518,696
6130,event-ingest,webhook,success,2026-10-06 12:39:11.218,2026-10-06 12:39:11.678,460
6131,event-ingest,webhook,success,2026-10-06 12:39:11.275,2026-10-06 12:39:11.661,386
6132,event-ingest,webhook,success,2026-10-06 12:39:11.333,2026-10-06 12:39:11.808,475
6133,event-ingest,webhook,success,2026-10-06 12:39:11.974,2026-10-06 12:39:12.334,360
6134,event-ingest,webhook,success,2026-10-06 12:39:12.626,2026-10-06 12:39:13.076,450
6135,event-ingest,webhook,success,2026-10-06 12:39:13.585,2026-10-06 12:39:13.983,398
6136,event-ingest,webhook,success,2026-10-06 12:39:14.231,2026-10-06 12:39:14.588,357
6137,event-ingest,webhook,success,2026-10-06 12:39:14.276,2026-10-06 12:39:14.767,491
6138,event-ingest,webhook,success,2026-10-06 12:39:15.255,2026-10-06 12:39:15.638,383
6139,event-ingest,webhook,success,2026-10-06 12:39:15.312,2026-10-06 12:39:15.783,471
6140,event-ingest,webhook,success,2026-10-06 12:39:15.361,2026-10-06 12:39:15.749,388
6141,event-ingest,webhook,success,2026-10-06 12:39:15.442,2026-10-06 12:39:15.896,454
6142,event-ingest,webhook,success,2026-10-06 12:39:17.323,2026-10-06 12:39:17.710,387
6143,event-ingest,webhook,success,2026-10-06 12:39:17.361,2026-10-06 12:39:17.801,440
6144,event-ingest,webhook,success,2026-10-06 12:39:17.406,2026-10-06 12:39:17.784,378
6145,event-ingest,webhook,success,2026-10-06 12:39:17.452,2026-10-06 12:39:17.925,473
6146,event-ingest,webhook,success,2026-10-06 12:39:17.525,2026-10-06 12:39:17.884,359
6147,event-ingest,webhook,success,2026-10-06 12:39:17.603,2026-10-06 12:39:18.046,443
6148,event-ingest,webhook,success,2026-10-06 12:39:18.552,2026-10-06 12:39:18.920,368
6149,event-ingest,webhook,success,2026-10-06 12:39:19.495,2026-10-06 12:39:19.855,360
6150,event-ingest,webhook,success,2026-10-06 12:39:20.139,2026-10-06 12:39:20.509,370
6151,event-ingest,webhook,success,2026-10-06 12:39:21.083,2026-10-06 12:39:21.438,355
6152,event-ingest,webhook,success,2026-10-06 12:39:21.736,2026-10-06 12:39:22.130,394
6153,event-ingest,webhook,success,2026-10-06 12:39:21.835,2026-10-06 12:39:22.383,548
6154,event-ingest,webhook,success,2026-10-06 12:39:22.855,2026-10-06 12:39:23.256,401
6155,event-ingest,webhook,success,2026-10-06 12:39:22.894,2026-10-06 12:39:23.397,503
6156,event-ingest,webhook,success,2026-10-06 12:39:22.932,2026-10-06 12:39:23.330,398
6157,event-ingest,webhook,success,2026-10-06 12:39:23.011,2026-10-06 12:39:25.406,2395
6158,event-ingest,webhook,success,2026-10-06 12:39:24.883,2026-10-06 12:39:27.089,2206
6159,event-ingest,webhook,success,2026-10-06 12:39:25.117,2026-10-06 12:39:27.777,2660
6160,event-ingest,webhook,success,2026-10-06 12:39:25.530,2026-10-06 12:39:27.662,2132
6161,event-ingest,webhook,success,2026-10-06 12:39:25.649,2026-10-06 12:39:28.081,2432
6162,event-ingest,webhook,success,2026-10-06 12:39:27.018,2026-10-06 12:39:29.234,2216
6163,event-ingest,webhook,success,2026-10-06 12:39:27.242,2026-10-06 12:39:29.514,2272
6164,event-ingest,webhook,success,2026-10-06 12:39:27.333,2026-10-06 12:39:29.452,2119
6165,event-ingest,webhook,success,2026-10-06 12:39:27.445,2026-10-06 12:39:29.635,2190
6166,event-ingest,webhook,success,2026-10-06 12:39:29.047,2026-10-06 12:39:31.124,2077
6167,event-ingest,webhook,success,2026-10-06 12:39:29.124,2026-10-06 12:39:31.367,2243
6168,event-ingest,webhook,success,2026-10-06 12:39:29.251,2026-10-06 12:39:31.401,2150
6169,event-ingest,webhook,success,2026-10-06 12:39:29.414,2026-10-06 12:39:31.568,2154
6170,event-ingest,webhook,success,2026-10-06 12:39:31.064,2026-10-06 12:39:33.111,2047
6171,event-ingest,webhook,success,2026-10-06 12:39:31.129,2026-10-06 12:39:33.230,2101
6172,event-ingest,webhook,success,2026-10-06 12:39:31.209,2026-10-06 12:39:33.356,2147
6173,event-ingest,webhook,success,2026-10-06 12:39:31.252,2026-10-06 12:39:33.340,2088
6174,event-ingest,webhook,success,2026-10-06 12:39:33.151,2026-10-06 12:39:35.302,2151
6175,event-ingest,webhook,success,2026-10-06 12:39:33.271,2026-10-06 12:39:35.523,2252
6176,event-ingest,webhook,success,2026-10-06 12:39:33.410,2026-10-06 12:39:35.547,2137
6177,event-ingest,webhook,success,2026-10-06 12:39:33.470,2026-10-06 12:39:35.621,2151
6178,event-ingest,webhook,success,2026-10-06 12:39:35.022,2026-10-06 12:39:37.077,2055
6179,event-ingest,webhook,success,2026-10-06 12:39:35.076,2026-10-06 12:39:37.227,2151
6180,event-ingest,webhook,success,2026-10-06 12:39:35.115,2026-10-06 12:39:37.167,2052
6181,event-ingest,webhook,success,2026-10-06 12:39:35.200,2026-10-06 12:39:37.665,2465
6182,event-ingest,webhook,success,2026-10-06 12:39:35.365,2026-10-06 12:39:37.481,2116
6183,event-ingest,webhook,success,2026-10-06 12:39:35.559,2026-10-06 12:39:37.767,2208
6184,event-ingest,webhook,success,2026-10-06 12:39:35.745,2026-10-06 12:39:37.897,2152
6185,health-monitor,trigger,success,2026-10-06 12:40:00.042,2026-10-06 12:40:01.038,996
6186,event-ingest,webhook,success,2026-10-06 12:40:14.441,2026-10-06 12:40:15.829,1388
6187,event-ingest,webhook,success,2026-10-06 12:40:14.552,2026-10-06 12:40:15.840,1288
6188,event-ingest,webhook,success,2026-10-06 12:40:14.701,2026-10-06 12:40:15.838,1137
6189,event-ingest,webhook,success,2026-10-06 12:40:14.763,2026-10-06 12:40:16.191,1428
6190,event-ingest,webhook,success,2026-10-06 12:40:14.993,2026-10-06 12:40:16.283,1290
6191,event-ingest,webhook,success,2026-10-06 12:40:15.913,2026-10-06 12:40:16.402,489
6192,event-ingest,webhook,success,2026-10-06 12:40:15.982,2026-10-06 12:40:16.513,531
6193,event-ingest,webhook,success,2026-10-06 12:40:16.648,2026-10-06 12:40:17.129,481
6194,event-ingest,webhook,success,2026-10-06 12:40:17.296,2026-10-06 12:40:17.660,364
6195,event-ingest,webhook,success,2026-10-06 12:40:18.240,2026-10-06 12:40:18.591,351
6196,event-ingest,webhook,success,2026-10-06 12:40:18.902,2026-10-06 12:40:19.285,383
6197,event-ingest,webhook,success,2026-10-06 12:40:18.947,2026-10-06 12:40:19.387,440
6198,event-ingest,webhook,success,2026-10-06 12:40:19.891,2026-10-06 12:40:20.314,423
6199,event-ingest,webhook,success,2026-10-06 12:40:19.940,2026-10-06 12:40:20.478,538
6200,event-ingest,webhook,success,2026-10-06 12:40:19.985,2026-10-06 12:40:20.393,408
6201,event-ingest,webhook,success,2026-10-06 12:40:20.102,2026-10-06 12:40:20.560,458
6202,event-ingest,webhook,success,2026-10-06 12:40:20.145,2026-10-06 12:40:20.530,385
6203,event-ingest,webhook,success,2026-10-06 12:40:20.221,2026-10-06 12:40:20.696,475
6204,event-ingest,webhook,success,2026-10-06 12:40:21.160,2026-10-06 12:40:21.511,351
6205,event-ingest,webhook,success,2026-10-06 12:40:21.790,2026-10-06 12:40:22.169,379
6206,event-ingest,webhook,success,2026-10-06 12:40:22.733,2026-10-06 12:40:23.105,372
6207,event-ingest,webhook,success,2026-10-06 12:40:23.371,2026-10-06 12:40:23.735,364
6208,event-ingest,webhook,success,2026-10-06 12:40:24.365,2026-10-06 12:40:24.806,441
6209,event-ingest,webhook,success,2026-10-06 12:40:25.029,2026-10-06 12:40:25.408,379
6210,event-ingest,webhook,success,2026-10-06 12:40:25.090,2026-10-06 12:40:25.493,403
6211,event-ingest,webhook,success,2026-10-06 12:40:26.043,2026-10-06 12:40:26.467,424
6212,event-ingest,webhook,success,2026-10-06 12:40:26.126,2026-10-06 12:40:26.613,487
6213,event-ingest,webhook,success,2026-10-06 12:40:26.199,2026-10-06 12:40:26.557,358
6214,event-ingest,webhook,success,2026-10-06 12:40:26.261,2026-10-06 12:40:26.722,461
6215,event-ingest,webhook,success,2026-10-06 12:40:28.142,2026-10-06 12:40:28.692,550
6216,event-ingest,webhook,success,2026-10-06 12:40:28.217,2026-10-06 12:40:30.511,2294
6217,event-ingest,webhook,success,2026-10-06 12:40:28.306,2026-10-06 12:40:30.386,2080
6218,event-ingest,webhook,success,2026-10-06 12:40:28.428,2026-10-06 12:40:30.947,2519
6219,event-ingest,webhook,success,2026-10-06 12:40:30.345,2026-10-06 12:40:32.495,2150
6220,event-ingest,webhook,success,2026-10-06 12:40:30.526,2026-10-06 12:40:32.631,2105
6221,event-ingest,webhook,success,2026-10-06 12:40:30.661,2026-10-06 12:40:33.179,2518
6222,event-ingest,webhook,success,2026-10-06 12:40:30.753,2026-10-06 12:40:33.347,2594
6223,event-ingest,webhook,success,2026-10-06 12:40:32.356,2026-10-06 12:40:34.471,2115
6224,event-ingest,webhook,success,2026-10-06 12:40:32.502,2026-10-06 12:40:34.592,2090
6225,event-ingest,webhook,success,2026-10-06 12:40:32.559,2026-10-06 12:40:34.825,2266
6226,event-ingest,webhook,success,2026-10-06 12:40:32.615,2026-10-06 12:40:34.822,2207
6227,event-ingest,webhook,success,2026-10-06 12:40:34.289,2026-10-06 12:40:36.403,2114
6228,event-ingest,webhook,success,2026-10-06 12:40:34.410,2026-10-06 12:40:36.712,2302
6229,event-ingest,webhook,success,2026-10-06 12:40:34.553,2026-10-06 12:40:36.732,2179
6230,event-ingest,webhook,success,2026-10-06 12:40:34.670,2026-10-06 12:40:37.115,2445
6231,event-ingest,webhook,success,2026-10-06 12:40:36.543,2026-10-06 12:40:38.603,2060
6232,event-ingest,webhook,success,2026-10-06 12:40:36.598,2026-10-06 12:40:38.922,2324
6233,event-ingest,webhook,success,2026-10-06 12:40:36.779,2026-10-06 12:40:39.450,2671
6234,event-ingest,webhook,success,2026-10-06 12:40:37.614,2026-10-06 12:40:39.784,2170
6235,event-ingest,webhook,success,2026-10-06 12:40:38.612,2026-10-06 12:40:40.690,2078
6236,event-ingest,webhook,success,2026-10-06 12:40:38.668,2026-10-06 12:40:40.812,2144
6237,event-ingest,webhook,success,2026-10-06 12:40:38.702,2026-10-06 12:40:40.770,2068
6238,event-ingest,webhook,success,2026-10-06 12:40:38.749,2026-10-06 12:40:40.906,2157
6239,event-ingest,webhook,success,2026-10-06 12:40:40.646,2026-10-06 12:40:42.733,2087
6240,event-ingest,webhook,success,2026-10-06 12:40:40.775,2026-10-06 12:40:42.883,2108
6241,event-ingest,webhook,success,2026-10-06 12:40:40.877,2026-10-06 12:40:42.973,2096
6242,event-ingest,webhook,success,2026-10-06 12:40:40.970,2026-10-06 12:40:43.142,2172
6243,event-ingest,webhook,success,2026-10-06 12:40:41.035,2026-10-06 12:40:43.122,2087
6244,event-ingest,webhook,success,2026-10-06 12:40:41.121,2026-10-06 12:40:43.345,2224
6245,event-ingest,webhook,success,2026-10-06 12:40:41.213,2026-10-06 12:40:43.288,2075
6246,event-ingest,webhook,success,2026-10-06 12:42:39.261,2026-10-06 12:42:39.797,536
6247,event-ingest,webhook,success,2026-10-06 12:42:39.329,2026-10-06 12:42:40.107,778
6248,event-ingest,webhook,success,2026-10-06 12:42:39.409,2026-10-06 12:42:39.879,470
6249,event-ingest,webhook,success,2026-10-06 12:42:39.518,2026-10-06 12:42:40.199,681
6250,event-ingest,webhook,success,2026-10-06 12:42:39.628,2026-10-06 12:42:40.126,498
6251,event-ingest,webhook,success,2026-10-06 12:42:39.780,2026-10-06 12:42:40.304,524
6252,event-ingest,webhook,success,2026-10-06 12:42:39.851,2026-10-06 12:42:40.399,548
6253,event-ingest,webhook,success,2026-10-06 12:42:40.094,2026-10-06 12:42:40.880,786
6254,event-ingest,webhook,success,2026-10-06 12:42:40.216,2026-10-06 12:42:41.316,1100
6255,event-ingest,webhook,success,2026-10-06 12:42:41.017,2026-10-06 12:42:41.395,378
6256,event-ingest,webhook,success,2026-10-06 12:42:41.061,2026-10-06 12:42:41.515,454
6257,event-ingest,webhook,success,2026-10-06 12:42:41.099,2026-10-06 12:42:41.465,366
6258,event-ingest,webhook,success,2026-10-06 12:42:41.189,2026-10-06 12:42:41.717,528
6259,event-ingest,webhook,success,2026-10-06 12:42:41.231,2026-10-06 12:42:41.701,470
6260,event-ingest,webhook,success,2026-10-06 12:42:41.332,2026-10-06 12:42:41.792,460
6261,event-ingest,webhook,success,2026-10-06 12:42:41.452,2026-10-06 12:42:42.010,558
6262,event-ingest,webhook,success,2026-10-06 12:42:41.545,2026-10-06 12:42:41.923,378
6263,event-ingest,webhook,success,2026-10-06 12:42:41.605,2026-10-06 12:42:42.118,513
6264,event-ingest,webhook,success,2026-10-06 12:42:41.641,2026-10-06 12:42:42.114,473
6265,event-ingest,webhook,success,2026-10-06 12:42:41.819,2026-10-06 12:42:42.226,407
6266,event-ingest,webhook,success,2026-10-06 12:42:41.902,2026-10-06 12:42:42.417,515
6267,event-ingest,webhook,success,2026-10-06 12:42:42.007,2026-10-06 12:42:42.433,426
6268,event-ingest,webhook,success,2026-10-06 12:42:42.130,2026-10-06 12:42:42.584,454
6269,event-ingest,webhook,success,2026-10-06 12:42:42.269,2026-10-06 12:42:42.903,634
6270,event-ingest,webhook,success,2026-10-06 12:42:42.328,2026-10-06 12:42:42.733,405
6271,event-ingest,webhook,success,2026-10-06 12:42:42.479,2026-10-06 12:42:42.921,442
6272,event-ingest,webhook,success,2026-10-06 12:42:42.558,2026-10-06 12:42:43.063,505
6273,event-ingest,webhook,success,2026-10-06 12:42:42.615,2026-10-06 12:42:43.031,416
6274,event-ingest,webhook,success,2026-10-06 12:42:42.692,2026-10-06 12:42:43.291,599
6275,event-ingest,webhook,success,2026-10-06 12:42:42.747,2026-10-06 12:42:43.184,437
6276,event-ingest,webhook,success,2026-10-06 12:42:42.932,2026-10-06 12:42:45.107,2175
6277,event-ingest,webhook,success,2026-10-06 12:42:43.060,2026-10-06 12:42:45.138,2078
6278,event-ingest,webhook,success,2026-10-06 12:42:43.136,2026-10-06 12:42:45.401,2265
6279,event-ingest,webhook,success,2026-10-06 12:42:43.228,2026-10-06 12:42:45.379,2151
6280,event-ingest,webhook,success,2026-10-06 12:42:43.365,2026-10-06 12:42:45.642,2277
6281,event-ingest,webhook,success,2026-10-06 12:42:43.492,2026-10-06 12:42:45.618,2126
6282,event-ingest,webhook,success,2026-10-06 12:42:43.596,2026-10-06 12:42:45.811,2215
6283,event-ingest,webhook,success,2026-10-06 12:42:43.693,2026-10-06 12:42:45.751,2058
6284,event-ingest,webhook,success,2026-10-06 12:42:43.740,2026-10-06 12:42:45.926,2186
6285,event-ingest,webhook,success,2026-10-06 12:42:43.816,2026-10-06 12:42:45.906,2090
6286,event-ingest,webhook,success,2026-10-06 12:42:43.894,2026-10-06 12:42:47.193,3299
6287,event-ingest,webhook,success,2026-10-06 12:42:43.998,2026-10-06 12:42:47.125,3127
6288,event-ingest,webhook,success,2026-10-06 12:42:44.033,2026-10-06 12:42:47.424,3391
6289,event-ingest,webhook,success,2026-10-06 12:42:44.113,2026-10-06 12:42:47.406,3293
6290,event-ingest,webhook,success,2026-10-06 12:42:44.202,2026-10-06 12:42:47.642,3440
6291,event-ingest,webhook,success,2026-10-06 12:42:44.241,2026-10-06 12:42:47.769,3528
6292,event-ingest,webhook,success,2026-10-06 12:42:44.337,2026-10-06 12:42:47.654,3317
6293,event-ingest,webhook,success,2026-10-06 12:42:44.424,2026-10-06 12:42:47.929,3505
6294,event-ingest,webhook,success,2026-10-06 12:42:44.522,2026-10-06 12:42:47.825,3303
6295,event-ingest,webhook,success,2026-10-06 12:42:44.595,2026-10-06 12:42:49.145,4550
6296,event-ingest,webhook,success,2026-10-06 12:42:44.633,2026-10-06 12:42:47.948,3315
6297,event-ingest,webhook,success,2026-10-06 12:42:44.704,2026-10-06 12:42:49.432,4728
6298,event-ingest,webhook,success,2026-10-06 12:42:44.744,2026-10-06 12:42:49.211,4467
6299,event-ingest,webhook,success,2026-10-06 12:42:44.819,2026-10-06 12:42:49.662,4843
6300,event-ingest,webhook,success,2026-10-06 12:42:44.890,2026-10-06 12:42:49.460,4570
6301,event-ingest,webhook,success,2026-10-06 12:42:44.926,2026-10-06 12:42:49.794,4868
6302,event-ingest,webhook,success,2026-10-06 12:42:45.009,2026-10-06 12:42:49.681,4672
6303,event-ingest,webhook,success,2026-10-06 12:42:45.118,2026-10-06 12:42:49.849,4731
6304,event-ingest,webhook,success,2026-10-06 12:42:45.241,2026-10-06 12:42:49.966,4725
6305,event-ingest,webhook,success,2026-10-06 12:42:45.278,2026-10-06 12:42:49.950,4672
6306,event-ingest,webhook,success,2026-10-06 12:42:45.318,2026-10-06 12:42:51.172,5854
6307,event-ingest,webhook,success,2026-10-06 12:42:45.497,2026-10-06 12:42:51.457,5960
6308,event-ingest,webhook,success,2026-10-06 12:42:45.544,2026-10-06 12:42:51.233,5689
6309,event-ingest,webhook,success,2026-10-06 12:42:45.688,2026-10-06 12:42:51.478,5790
6310,event-ingest,webhook,success,2026-10-06 12:42:45.814,2026-10-06 12:42:51.686,5872
6311,event-ingest,webhook,success,2026-10-06 12:42:45.876,2026-10-06 12:42:51.707,5831
6312,event-ingest,webhook,success,2026-10-06 12:42:45.963,2026-10-06 12:42:51.816,5853
6313,event-ingest,webhook,success,2026-10-06 12:42:46.013,2026-10-06 12:42:51.966,5953
6314,event-ingest,webhook,success,2026-10-06 12:42:46.054,2026-10-06 12:42:51.867,5813
6315,health-monitor,trigger,success,2026-10-06 12:45:00.074,2026-10-06 12:45:01.846,1772
6316,ioc-extractor,trigger,success,2026-10-06 12:45:00.082,2026-10-06 12:45:02.712,2630
6317,health-monitor,trigger,success,2026-10-06 12:50:00.038,2026-10-06 12:50:01.111,1073
6318,event-ingest,webhook,error,2026-10-06 12:50:59.072,2026-10-06 12:50:59.696,624
6319,event-ingest,webhook,error,2026-10-06 12:50:59.124,2026-10-06 12:50:59.717,593
6320,event-ingest,webhook,error,2026-10-06 12:50:59.200,2026-10-06 12:50:59.702,502
6321,event-ingest,webhook,error,2026-10-06 12:50:59.295,2026-10-06 12:50:59.721,426
6322,event-ingest,webhook,error,2026-10-06 12:51:01.135,2026-10-06 12:51:01.495,360
6323,event-ingest,webhook,error,2026-10-06 12:51:01.174,2026-10-06 12:51:01.615,441
6324,event-ingest,webhook,error,2026-10-06 12:51:01.207,2026-10-06 12:51:01.573,366
6325,event-ingest,webhook,error,2026-10-06 12:51:01.282,2026-10-06 12:51:01.674,392
6326,event-ingest,webhook,error,2026-10-06 12:51:03.121,2026-10-06 12:51:03.466,345
6327,event-ingest,webhook,error,2026-10-06 12:51:03.158,2026-10-06 12:51:03.555,397
6328,event-ingest,webhook,error,2026-10-06 12:51:03.186,2026-10-06 12:51:03.544,358
6329,event-ingest,webhook,error,2026-10-06 12:51:03.222,2026-10-06 12:51:03.636,414
6330,event-ingest,webhook,error,2026-10-06 12:51:05.360,2026-10-06 12:51:05.720,360
6331,event-ingest,webhook,error,2026-10-06 12:51:05.399,2026-10-06 12:51:05.815,416
6332,event-ingest,webhook,error,2026-10-06 12:51:05.427,2026-10-06 12:51:05.788,361
6333,event-ingest,webhook,error,2026-10-06 12:51:05.461,2026-10-06 12:51:05.861,400
6334,event-ingest,webhook,error,2026-10-06 12:51:07.319,2026-10-06 12:51:07.680,361
6335,event-ingest,webhook,error,2026-10-06 12:51:07.356,2026-10-06 12:51:07.756,400
6336,event-ingest,webhook,error,2026-10-06 12:51:07.387,2026-10-06 12:51:07.745,358
6337,event-ingest,webhook,error,2026-10-06 12:51:07.426,2026-10-06 12:51:07.857,431
6338,event-ingest,webhook,error,2026-10-06 12:51:07.491,2026-10-06 12:51:07.840,349
6339,event-ingest,webhook,error,2026-10-06 12:51:07.530,2026-10-06 12:51:07.963,433
6340,event-ingest,webhook,error,2026-10-06 12:51:08.469,2026-10-06 12:51:08.806,337
6341,event-ingest,webhook,error,2026-10-06 12:51:09.101,2026-10-06 12:51:09.446,345
6342,event-ingest,webhook,error,2026-10-06 12:51:10.037,2026-10-06 12:51:10.375,338
6343,event-ingest,webhook,error,2026-10-06 12:51:10.972,2026-10-06 12:51:11.320,348
6344,event-ingest,webhook,error,2026-10-06 12:51:11.598,2026-10-06 12:51:11.990,392
6345,event-ingest,webhook,error,2026-10-06 12:51:12.528,2026-10-06 12:51:12.892,364
6346,event-ingest,webhook,error,2026-10-06 12:51:12.563,2026-10-06 12:51:12.991,428
6347,event-ingest,webhook,error,2026-10-06 12:51:13.495,2026-10-06 12:51:13.842,347
6348,event-ingest,webhook,error,2026-10-06 12:51:13.533,2026-10-06 12:51:13.950,417
6349,event-ingest,webhook,error,2026-10-06 12:51:13.568,2026-10-06 12:51:13.976,408
6350,event-ingest,webhook,error,2026-10-06 12:51:13.620,2026-10-06 12:51:14.027,407
6351,event-ingest,webhook,error,2026-10-06 12:51:15.455,2026-10-06 12:51:15.814,359
6352,event-ingest,webhook,error,2026-10-06 12:51:15.492,2026-10-06 12:51:16.003,511
6353,event-ingest,webhook,error,2026-10-06 12:51:15.522,2026-10-06 12:51:15.945,423
6354,event-ingest,webhook,error,2026-10-06 12:51:15.609,2026-10-06 12:51:16.060,451
6355,event-ingest,webhook,error,2026-10-06 12:51:17.528,2026-10-06 12:51:17.864,336
6356,event-ingest,webhook,error,2026-10-06 12:51:17.562,2026-10-06 12:51:19.689,2127
6357,event-ingest,webhook,error,2026-10-06 12:51:17.595,2026-10-06 12:51:19.638,2043
6358,event-ingest,webhook,error,2026-10-06 12:51:17.631,2026-10-06 12:51:19.738,2107
6359,event-ingest,webhook,error,2026-10-06 12:51:19.468,2026-10-06 12:51:21.506,2038
6360,event-ingest,webhook,error,2026-10-06 12:51:19.501,2026-10-06 12:51:21.610,2109
6361,event-ingest,webhook,error,2026-10-06 12:51:19.528,2026-10-06 12:51:21.562,2034
6362,event-ingest,webhook,error,2026-10-06 12:51:19.596,2026-10-06 12:51:21.719,2123
6363,event-ingest,webhook,error,2026-10-06 12:51:21.759,2026-10-06 12:51:23.908,2149
6364,event-ingest,webhook,error,2026-10-06 12:51:22.005,2026-10-06 12:51:24.231,2226
6365,event-ingest,webhook,error,2026-10-06 12:51:22.119,2026-10-06 12:51:24.212,2093
6366,event-ingest,webhook,error,2026-10-06 12:51:22.215,2026-10-06 12:51:24.345,2130
6367,event-ingest,webhook,error,2026-10-06 12:51:22.247,2026-10-06 12:51:24.418,2171
6368,event-ingest,webhook,error,2026-10-06 12:51:22.315,2026-10-06 12:51:24.404,2089
6369,event-ingest,webhook,error,2026-10-06 12:51:22.404,2026-10-06 12:51:24.524,2120
6370,event-ingest,webhook,error,2026-10-06 12:51:22.433,2026-10-06 12:51:24.503,2070
6371,health-monitor,trigger,success,2026-10-06 12:55:00.047,2026-10-06 12:55:01.063,1016
6372,event-ingest,webhook,success,2026-10-06 12:55:39.738,2026-10-06 12:55:40.312,574
6373,event-ingest,webhook,success,2026-10-06 12:55:39.794,2026-10-06 12:55:40.313,519
6374,event-ingest,webhook,success,2026-10-06 12:55:39.857,2026-10-06 12:55:40.309,452
6375,event-ingest,webhook,success,2026-10-06 12:55:39.949,2026-10-06 12:55:40.357,408
6376,event-ingest,webhook,success,2026-10-06 12:55:41.789,2026-10-06 12:55:42.145,356
6377,event-ingest,webhook,success,2026-10-06 12:55:41.825,2026-10-06 12:55:42.246,421
6378,event-ingest,webhook,success,2026-10-06 12:55:41.863,2026-10-06 12:55:42.213,350
6379,event-ingest,webhook,success,2026-10-06 12:55:41.902,2026-10-06 12:55:42.355,453
6380,event-ingest,webhook,success,2026-10-06 12:55:43.754,2026-10-06 12:55:44.114,360
6381,event-ingest,webhook,success,2026-10-06 12:55:43.788,2026-10-06 12:55:44.179,391
6382,event-ingest,webhook,success,2026-10-06 12:55:43.818,2026-10-06 12:55:44.161,343
6383,event-ingest,webhook,success,2026-10-06 12:55:43.851,2026-10-06 12:55:44.268,417
6384,event-ingest,webhook,success,2026-10-06 12:55:46.001,2026-10-06 12:55:46.342,341
6385,event-ingest,webhook,success,2026-10-06 12:55:46.039,2026-10-06 12:55:46.448,409
6386,event-ingest,webhook,success,2026-10-06 12:55:46.070,2026-10-06 12:55:46.439,369
6387,event-ingest,webhook,success,2026-10-06 12:55:46.139,2026-10-06 12:55:46.522,383
6388,event-ingest,webhook,success,2026-10-06 12:55:47.973,2026-10-06 12:55:48.313,340
6389,event-ingest,webhook,success,2026-10-06 12:55:48.006,2026-10-06 12:55:48.399,393
6390,event-ingest,webhook,success,2026-10-06 12:55:48.035,2026-10-06 12:55:48.375,340
6391,event-ingest,webhook,success,2026-10-06 12:55:48.068,2026-10-06 12:55:48.489,421
6392,event-ingest,webhook,success,2026-10-06 12:55:49.901,2026-10-06 12:55:50.237,336
6393,event-ingest,webhook,success,2026-10-06 12:55:49.934,2026-10-06 12:55:50.358,424
6394,event-ingest,webhook,success,2026-10-06 12:55:49.965,2026-10-06 12:55:50.314,349
6395,event-ingest,webhook,success,2026-10-06 12:55:50.026,2026-10-06 12:55:50.395,369
6396,event-ingest,webhook,success,2026-10-06 12:55:52.162,2026-10-06 12:55:52.498,336
6397,event-ingest,webhook,success,2026-10-06 12:55:52.195,2026-10-06 12:55:52.593,398
6398,event-ingest,webhook,success,2026-10-06 12:55:52.224,2026-10-06 12:55:52.584,360
6399,event-ingest,webhook,success,2026-10-06 12:55:52.255,2026-10-06 12:55:52.692,437
6400,event-ingest,webhook,success,2026-10-06 12:55:52.327,2026-10-06 12:55:52.668,341
6401,event-ingest,webhook,success,2026-10-06 12:55:52.364,2026-10-06 12:55:52.773,409
6402,event-ingest,webhook,success,2026-10-06 12:55:53.005,2026-10-06 12:55:55.043,2038
6403,event-ingest,webhook,success,2026-10-06 12:55:53.939,2026-10-06 12:55:55.977,2038
6404,event-ingest,webhook,success,2026-10-06 12:55:54.568,2026-10-06 12:55:56.598,2030
6405,event-ingest,webhook,success,2026-10-06 12:55:55.498,2026-10-06 12:55:57.530,2032
6406,event-ingest,webhook,success,2026-10-06 12:55:56.427,2026-10-06 12:55:58.465,2038
6407,event-ingest,webhook,success,2026-10-06 12:55:57.061,2026-10-06 12:55:59.131,2070
6408,event-ingest,webhook,success,2026-10-06 12:55:57.992,2026-10-06 12:56:00.037,2045
6409,event-ingest,webhook,success,2026-10-06 12:55:58.025,2026-10-06 12:56:00.094,2069
6410,event-ingest,webhook,success,2026-10-06 12:55:58.962,2026-10-06 12:56:01.002,2040
6411,event-ingest,webhook,success,2026-10-06 12:55:59.003,2026-10-06 12:56:01.085,2082
6412,event-ingest,webhook,success,2026-10-06 12:55:59.032,2026-10-06 12:56:01.074,2042
6413,event-ingest,webhook,success,2026-10-06 12:55:59.069,2026-10-06 12:56:01.186,2117
6414,event-ingest,webhook,success,2026-10-06 12:56:00.952,2026-10-06 12:56:02.984,2032
6415,event-ingest,webhook,success,2026-10-06 12:56:00.990,2026-10-06 12:56:03.041,2051
6416,event-ingest,webhook,success,2026-10-06 12:56:01.041,2026-10-06 12:56:03.136,2095
6417,event-ingest,webhook,success,2026-10-06 12:56:01.092,2026-10-06 12:56:03.171,2079
6418,event-ingest,webhook,success,2026-10-06 12:56:02.970,2026-10-06 12:56:05.017,2047
6419,event-ingest,webhook,success,2026-10-06 12:56:03.015,2026-10-06 12:56:05.149,2134
6420,event-ingest,webhook,success,2026-10-06 12:56:03.062,2026-10-06 12:56:05.134,2072
6421,event-ingest,webhook,success,2026-10-06 12:56:03.118,2026-10-06 12:56:05.355,2237
6422,event-ingest,webhook,success,2026-10-06 12:56:04.962,2026-10-06 12:56:06.995,2033
6423,event-ingest,webhook,success,2026-10-06 12:56:04.992,2026-10-06 12:56:07.092,2100
6424,event-ingest,webhook,success,2026-10-06 12:56:05.045,2026-10-06 12:56:07.083,2038
6425,event-ingest,webhook,success,2026-10-06 12:56:05.081,2026-10-06 12:56:07.199,2118
6426,event-ingest,webhook,success,2026-10-06 12:56:05.157,2026-10-06 12:56:07.222,2065
6427,event-ingest,webhook,success,2026-10-06 12:56:05.223,2026-10-06 12:56:07.345,2122
6428,event-ingest,webhook,success,2026-10-06 12:56:05.257,2026-10-06 12:56:07.333,2076
6429,event-ingest,webhook,success,2026-10-06 12:56:05.330,2026-10-06 12:56:07.474,2144
6430,event-ingest,webhook,success,2026-10-06 12:56:05.427,2026-10-06 12:56:07.466,2039
6431,ioc-extractor,trigger,success,2026-10-06 13:00:00.034,2026-10-06 13:00:00.322,288
6432,health-monitor,trigger,success,2026-10-06 13:00:00.041,2026-10-06 13:00:01.135,1094
6433,health-monitor,trigger,success,2026-10-06 13:05:00.037,2026-10-06 13:05:01.019,982
6434,health-monitor,trigger,success,2026-10-06 13:10:00.040,2026-10-06 13:10:01.041,1001
6435,ioc-extractor,trigger,success,2026-10-06 13:15:00.077,2026-10-06 13:15:00.185,108
6436,health-monitor,trigger,success,2026-10-06 13:15:00.091,2026-10-06 13:15:00.319,228
6437,health-monitor,trigger,success,2026-10-06 13:20:00.027,2026-10-06 13:20:00.096,69
6438,health-monitor,trigger,success,2026-10-06 13:25:00.026,2026-10-06 13:25:00.223,197
6439,health-monitor,trigger,success,2026-10-06 13:30:00.032,2026-10-06 13:30:00.136,104
6440,ioc-extractor,trigger,success,2026-10-06 13:30:00.041,2026-10-06 13:30:00.139,98
6441,health-monitor,trigger,success,2026-10-06 13:35:00.020,2026-10-06 13:35:00.084,64
6442,health-monitor,trigger,success,2026-10-06 13:40:00.026,2026-10-06 13:40:00.111,85
6443,ioc-extractor,trigger,success,2026-10-06 13:45:00.037,2026-10-06 13:45:00.084,47
6444,health-monitor,trigger,success,2026-10-06 13:45:00.046,2026-10-06 13:45:00.171,125
6445,health-monitor,trigger,success,2026-10-06 13:50:00.070,2026-10-06 13:50:00.261,191
6446,health-monitor,trigger,success,2026-10-06 13:55:00.043,2026-10-06 13:55:00.173,130
6447,ioc-extractor,trigger,success,2026-10-06 14:00:00.069,2026-10-06 14:00:00.588,519
6448,health-monitor,trigger,success,2026-10-06 14:00:00.078,2026-10-06 14:00:00.490,412
6449,health-monitor,trigger,success,2026-10-06 14:05:00.028,2026-10-06 14:05:00.108,80
6450,health-monitor,trigger,success,2026-10-06 14:10:00.043,2026-10-06 14:10:00.113,70
6451,health-monitor,trigger,success,2026-10-06 14:15:00.033,2026-10-06 14:15:00.139,106
6452,ioc-extractor,trigger,success,2026-10-06 14:15:00.044,2026-10-06 14:15:00.143,99
6453,health-monitor,trigger,success,2026-10-06 14:20:00.052,2026-10-06 14:20:00.122,70
6454,health-monitor,trigger,success,2026-10-06 14:25:00.026,2026-10-06 14:25:00.089,63
6455,health-monitor,trigger,success,2026-10-06 14:30:00.038,2026-10-06 14:30:00.134,96
6456,ioc-extractor,trigger,success,2026-10-06 14:30:00.048,2026-10-06 14:30:00.188,140
6457,health-monitor,trigger,success,2026-10-06 14:35:00.040,2026-10-06 14:35:00.133,93
6458,health-monitor,trigger,success,2026-10-06 14:40:00.029,2026-10-06 14:40:00.106,77
6459,ioc-extractor,trigger,success,2026-10-06 14:45:00.034,2026-10-06 14:45:00.228,194
6460,health-monitor,trigger,success,2026-10-06 14:45:00.042,2026-10-06 14:45:00.833,791
6461,health-monitor,trigger,success,2026-10-06 14:50:00.027,2026-10-06 14:50:00.111,84
6462,health-monitor,trigger,success,2026-10-06 14:55:00.029,2026-10-06 14:55:00.113,84
6463,ioc-extractor,trigger,success,2026-10-06 15:00:00.074,2026-10-06 15:00:00.211,137
6464,health-monitor,trigger,success,2026-10-06 15:00:00.089,2026-10-06 15:00:00.192,103
6465,health-monitor,trigger,success,2026-10-06 15:05:00.034,2026-10-06 15:05:00.108,74
6466,health-monitor,trigger,success,2026-10-06 15:10:00.022,2026-10-06 15:10:00.083,61
6467,ioc-extractor,trigger,success,2026-10-06 15:15:00.031,2026-10-06 15:15:00.078,47
6468,health-monitor,trigger,success,2026-10-06 15:15:00.041,2026-10-06 15:15:00.150,109
6469,health-monitor,trigger,success,2026-10-06 15:20:00.038,2026-10-06 15:20:00.104,66
6470,health-monitor,trigger,success,2026-10-06 15:25:00.046,2026-10-06 15:25:00.664,618
6471,ioc-extractor,trigger,success,2026-10-06 15:30:00.040,2026-10-06 15:30:00.108,68
6472,health-monitor,trigger,success,2026-10-06 15:30:00.052,2026-10-06 15:30:00.180,128
6473,health-monitor,trigger,success,2026-10-06 15:35:00.110,2026-10-06 15:35:00.352,242
6474,health-monitor,trigger,success,2026-10-06 15:40:00.050,2026-10-06 15:40:00.230,180
6475,ioc-extractor,trigger,success,2026-10-06 15:45:00.039,2026-10-06 15:45:00.100,61
6476,health-monitor,trigger,success,2026-10-06 15:45:00.048,2026-10-06 15:45:00.173,125
6477,health-monitor,trigger,success,2026-10-06 15:50:00.025,2026-10-06 15:50:00.117,92
6478,health-monitor,trigger,success,2026-10-06 15:55:00.024,2026-10-06 15:55:00.090,66
6479,ioc-extractor,trigger,success,2026-10-06 16:00:00.050,2026-10-06 16:00:00.146,96
6480,health-monitor,trigger,success,2026-10-06 16:00:00.060,2026-10-06 16:00:00.218,158
6481,health-monitor,trigger,success,2026-10-06 16:05:00.036,2026-10-06 16:05:00.110,74
6482,health-monitor,trigger,success,2026-10-06 16:10:00.096,2026-10-06 16:10:00.849,753
6483,ioc-extractor,trigger,success,2026-10-06 16:15:00.038,2026-10-06 16:15:00.106,68
6484,health-monitor,trigger,success,2026-10-06 16:15:00.048,2026-10-06 16:15:00.170,122
6485,health-monitor,trigger,success,2026-10-06 16:20:00.028,2026-10-06 16:20:00.091,63
6486,health-monitor,trigger,success,2026-10-06 16:25:00.028,2026-10-06 16:25:00.094,66
6487,ioc-extractor,trigger,success,2026-10-06 16:30:00.024,2026-10-06 16:30:00.084,60
6488,health-monitor,trigger,success,2026-10-06 16:30:00.035,2026-10-06 16:30:00.170,135
6489,health-monitor,trigger,success,2026-10-06 16:35:00.090,2026-10-06 16:35:00.259,169
6490,health-monitor,trigger,success,2026-10-06 16:40:00.028,2026-10-06 16:40:00.108,80
6491,health-monitor,trigger,success,2026-10-06 16:45:00.038,2026-10-06 16:45:00.120,82
6492,ioc-extractor,trigger,success,2026-10-06 16:45:00.049,2026-10-06 16:45:00.140,91
6493,health-monitor,trigger,success,2026-10-06 16:50:00.020,2026-10-06 16:50:00.084,64
6494,health-monitor,trigger,success,2026-10-06 16:55:00.061,2026-10-06 16:55:00.436,375
6495,health-monitor,trigger,success,2026-10-06 17:00:00.043,2026-10-06 17:00:00.178,135
6496,ioc-extractor,trigger,success,2026-10-06 17:00:00.054,2026-10-06 17:00:00.176,122
6497,health-monitor,trigger,success,2026-10-06 17:05:00.032,2026-10-06 17:05:00.098,66
6498,health-monitor,trigger,success,2026-10-06 17:10:00.029,2026-10-06 17:10:00.088,59
6499,ioc-extractor,trigger,success,2026-10-06 17:15:00.034,2026-10-06 17:15:00.079,45
6500,health-monitor,trigger,success,2026-10-06 17:15:00.042,2026-10-06 17:15:00.151,109
6501,health-monitor,trigger,success,2026-10-06 17:20:00.018,2026-10-06 17:20:00.083,65
6502,health-monitor,trigger,success,2026-10-06 17:25:00.029,2026-10-06 17:25:00.088,59
6503,ioc-extractor,trigger,success,2026-10-06 17:30:00.031,2026-10-06 17:30:00.075,44
6504,health-monitor,trigger,success,2026-10-06 17:30:00.039,2026-10-06 17:30:00.145,106
6505,health-monitor,trigger,success,2026-10-06 17:35:00.033,2026-10-06 17:35:00.091,58
6506,health-monitor,trigger,success,2026-10-06 17:40:00.039,2026-10-06 17:40:00.385,346
6507,ioc-extractor,trigger,success,2026-10-06 17:45:00.036,2026-10-06 17:45:00.082,46
6508,health-monitor,trigger,success,2026-10-06 17:45:00.045,2026-10-06 17:45:00.154,109
6509,health-monitor,trigger,success,2026-10-06 17:50:00.036,2026-10-06 17:50:00.109,73
6510,health-monitor,trigger,success,2026-10-06 17:55:00.030,2026-10-06 17:55:00.088,58
6511,ioc-extractor,trigger,success,2026-10-06 18:00:00.029,2026-10-06 18:00:00.074,45
6512,health-monitor,trigger,success,2026-10-06 18:00:00.037,2026-10-06 18:00:00.141,104
6513,health-monitor,trigger,success,2026-10-06 18:05:00.027,2026-10-06 18:05:00.084,57
6514,health-monitor,trigger,success,2026-10-06 18:10:00.031,2026-10-06 18:10:00.087,56
6515,ioc-extractor,trigger,success,2026-10-06 18:15:00.032,2026-10-06 18:15:00.072,40
6516,health-monitor,trigger,success,2026-10-06 18:15:00.040,2026-10-06 18:15:00.141,101
6517,health-monitor,trigger,success,2026-10-06 18:20:00.016,2026-10-06 18:20:00.078,62
6518,health-monitor,trigger,success,2026-10-06 18:25:00.030,2026-10-06 18:25:00.103,73
6519,health-monitor,trigger,success,2026-10-06 18:30:00.030,2026-10-06 18:30:00.105,75
6520,ioc-extractor,trigger,success,2026-10-06 18:30:00.038,2026-10-06 18:30:00.121,83
6521,health-monitor,trigger,success,2026-10-06 18:35:00.031,2026-10-06 18:35:00.087,56
6522,health-monitor,trigger,success,2026-10-06 18:40:00.026,2026-10-06 18:40:00.081,55
6523,ioc-extractor,trigger,success,2026-10-06 18:45:00.025,2026-10-06 18:45:00.068,43
6524,health-monitor,trigger,success,2026-10-06 18:45:00.035,2026-10-06 18:45:00.137,102
6525,health-monitor,trigger,success,2026-10-06 18:50:00.027,2026-10-06 18:50:00.081,54
6526,health-monitor,trigger,success,2026-10-06 18:55:00.029,2026-10-06 18:55:00.085,56
6527,ioc-extractor,trigger,success,2026-10-06 19:00:00.036,2026-10-06 19:00:00.079,43
6528,health-monitor,trigger,success,2026-10-06 19:00:00.043,2026-10-06 19:00:00.147,104
6529,health-monitor,trigger,success,2026-10-06 19:05:00.030,2026-10-06 19:05:00.085,55
6530,health-monitor,trigger,success,2026-10-06 19:10:00.029,2026-10-06 19:10:00.083,54
6531,ioc-extractor,trigger,success,2026-10-06 19:15:00.027,2026-10-06 19:15:00.091,64
6532,health-monitor,trigger,success,2026-10-06 19:15:00.035,2026-10-06 19:15:00.156,121
6533,health-monitor,trigger,success,2026-10-06 19:20:00.027,2026-10-06 19:20:00.089,62
6534,health-monitor,trigger,success,2026-10-06 19:25:00.022,2026-10-06 19:25:00.105,83
6535,health-monitor,trigger,success,2026-10-06 19:30:00.033,2026-10-06 19:30:00.167,134
6536,ioc-extractor,trigger,success,2026-10-06 19:30:00.071,2026-10-06 19:30:00.169,98
6537,health-monitor,trigger,success,2026-10-06 19:35:00.019,2026-10-06 19:35:00.081,62
6538,health-monitor,trigger,success,2026-10-06 19:40:00.014,2026-10-06 19:40:00.074,60
6539,ioc-extractor,trigger,success,2026-10-06 19:45:00.041,2026-10-06 19:45:00.106,65
6540,health-monitor,trigger,success,2026-10-06 19:45:00.062,2026-10-06 19:45:00.197,135
6541,health-monitor,trigger,success,2026-10-06 19:50:00.030,2026-10-06 19:50:00.087,57
6542,health-monitor,trigger,success,2026-10-06 19:55:00.031,2026-10-06 19:55:00.087,56
6543,ioc-extractor,trigger,success,2026-10-06 20:00:00.042,2026-10-06 20:00:00.160,118
6544,health-monitor,trigger,success,2026-10-06 20:00:00.050,2026-10-06 20:00:00.142,92
6545,health-monitor,trigger,success,2026-10-06 20:05:00.028,2026-10-06 20:05:00.088,60
6546,health-monitor,trigger,success,2026-10-06 20:10:00.026,2026-10-06 20:10:00.083,57
6547,health-monitor,trigger,success,2026-10-06 20:15:00.032,2026-10-06 20:15:00.121,89
6548,ioc-extractor,trigger,success,2026-10-06 20:15:00.040,2026-10-06 20:15:00.123,83
6549,health-monitor,trigger,success,2026-10-06 20:20:00.034,2026-10-06 20:20:00.095,61
6550,health-monitor,trigger,success,2026-10-06 20:25:00.032,2026-10-06 20:25:00.088,56
6551,ioc-extractor,trigger,success,2026-10-06 20:30:00.035,2026-10-06 20:30:00.073,38
6552,health-monitor,trigger,success,2026-10-06 20:30:00.042,2026-10-06 20:30:00.143,101
6553,health-monitor,trigger,success,2026-10-06 20:35:00.029,2026-10-06 20:35:00.087,58
6554,health-monitor,trigger,success,2026-10-06 20:40:00.022,2026-10-06 20:40:00.079,57
6555,ioc-extractor,trigger,success,2026-10-06 20:45:00.029,2026-10-06 20:45:00.068,39
6556,health-monitor,trigger,success,2026-10-06 20:45:00.037,2026-10-06 20:45:00.136,99
6557,health-monitor,trigger,success,2026-10-06 20:50:00.023,2026-10-06 20:50:00.100,77
6558,health-monitor,trigger,success,2026-10-06 20:55:00.025,2026-10-06 20:55:00.083,58
6559,health-monitor,trigger,success,2026-10-06 21:00:00.032,2026-10-06 21:00:00.169,137
6560,ioc-extractor,trigger,success,2026-10-06 21:00:00.041,2026-10-06 21:00:00.100,59
6561,health-monitor,trigger,success,2026-10-06 21:05:00.027,2026-10-06 21:05:00.117,90
6562,health-monitor,trigger,success,2026-10-06 21:10:00.031,2026-10-06 21:10:00.088,57
6563,health-monitor,trigger,success,2026-10-06 21:15:00.026,2026-10-06 21:15:00.102,76
6564,ioc-extractor,trigger,success,2026-10-06 21:15:00.035,2026-10-06 21:15:00.117,82
6565,health-monitor,trigger,success,2026-10-06 21:20:00.024,2026-10-06 21:20:00.082,58
6566,health-monitor,trigger,success,2026-10-06 21:25:00.033,2026-10-06 21:25:00.087,54
6567,ioc-extractor,trigger,success,2026-10-06 21:30:00.060,2026-10-06 21:30:00.110,50
6568,health-monitor,trigger,success,2026-10-06 21:30:00.073,2026-10-06 21:30:00.455,382
6569,health-monitor,trigger,success,2026-10-06 21:35:00.028,2026-10-06 21:35:00.100,72
6570,health-monitor,trigger,success,2026-10-06 21:40:00.028,2026-10-06 21:40:00.110,82
6571,ioc-extractor,trigger,success,2026-10-06 21:45:00.028,2026-10-06 21:45:00.092,64
6572,health-monitor,trigger,success,2026-10-06 21:45:00.036,2026-10-06 21:45:00.230,194
6573,health-monitor,trigger,success,2026-10-06 21:50:00.033,2026-10-06 21:50:00.120,87
6574,health-monitor,trigger,success,2026-10-06 21:55:00.022,2026-10-06 21:55:00.097,75
6575,health-monitor,trigger,success,2026-10-06 22:00:00.037,2026-10-06 22:00:00.163,126
6576,ioc-extractor,trigger,success,2026-10-06 22:00:00.046,2026-10-06 22:00:00.095,49
6577,health-monitor,trigger,success,2026-10-06 22:05:00.022,2026-10-06 22:05:00.084,62
6578,health-monitor,trigger,success,2026-10-06 22:10:00.026,2026-10-06 22:10:00.087,61
6579,ioc-extractor,trigger,success,2026-10-06 22:15:00.031,2026-10-06 22:15:00.075,44
6580,health-monitor,trigger,success,2026-10-06 22:15:00.039,2026-10-06 22:15:00.148,109
6581,health-monitor,trigger,success,2026-10-06 22:20:00.032,2026-10-06 22:20:00.090,58
6582,health-monitor,trigger,success,2026-10-06 22:25:00.025,2026-10-06 22:25:00.082,57
6583,ioc-extractor,trigger,success,2026-10-06 22:30:00.033,2026-10-06 22:30:00.072,39
6584,health-monitor,trigger,success,2026-10-06 22:30:00.040,2026-10-06 22:30:00.143,103
6585,health-monitor,trigger,success,2026-10-06 22:35:00.026,2026-10-06 22:35:00.110,84
6586,health-monitor,trigger,success,2026-10-06 22:40:00.025,2026-10-06 22:40:00.105,80
6587,health-monitor,trigger,success,2026-10-06 22:45:00.036,2026-10-06 22:45:00.108,72
6588,ioc-extractor,trigger,success,2026-10-06 22:45:00.044,2026-10-06 22:45:00.124,80
6589,health-monitor,trigger,success,2026-10-06 22:50:00.023,2026-10-06 22:50:00.085,62
6590,health-monitor,trigger,success,2026-10-06 22:55:00.029,2026-10-06 22:55:00.090,61
6591,ioc-extractor,trigger,success,2026-10-06 23:00:00.037,2026-10-06 23:00:00.148,111
6592,health-monitor,trigger,success,2026-10-06 23:00:00.046,2026-10-06 23:00:00.127,81
6593,health-monitor,trigger,success,2026-10-06 23:05:00.028,2026-10-06 23:05:00.086,58
6594,health-monitor,trigger,success,2026-10-06 23:10:00.028,2026-10-06 23:10:00.089,61
6595,health-monitor,trigger,success,2026-10-06 23:15:00.029,2026-10-06 23:15:00.122,93
6596,ioc-extractor,trigger,success,2026-10-06 23:15:00.038,2026-10-06 23:15:00.120,82
6597,health-monitor,trigger,success,2026-10-06 23:20:00.020,2026-10-06 23:20:00.081,61
6598,health-monitor,trigger,success,2026-10-06 23:25:00.016,2026-10-06 23:25:00.082,66
6599,ioc-extractor,trigger,success,2026-10-06 23:30:00.039,2026-10-06 23:30:00.090,51
6600,health-monitor,trigger,success,2026-10-06 23:30:00.048,2026-10-06 23:30:00.432,384
6601,health-monitor,trigger,success,2026-10-06 23:35:00.030,2026-10-06 23:35:00.103,73
6602,health-monitor,trigger,success,2026-10-06 23:40:00.015,2026-10-06 23:40:00.090,75
6603,health-monitor,trigger,success,2026-10-06 23:45:00.032,2026-10-06 23:45:00.113,81
6604,ioc-extractor,trigger,success,2026-10-06 23:45:00.040,2026-10-06 23:45:00.131,91
6605,health-monitor,trigger,success,2026-10-06 23:50:00.026,2026-10-06 23:50:00.087,61
6606,health-monitor,trigger,success,2026-10-06 23:55:00.022,2026-10-06 23:55:00.087,65
6607,ioc-extractor,trigger,success,2026-10-07 00:00:00.035,2026-10-07 00:00:00.098,63
6608,health-monitor,trigger,success,2026-10-07 00:00:00.043,2026-10-07 00:00:00.167,124
6609,health-monitor,trigger,success,2026-10-07 00:05:00.117,2026-10-07 00:05:00.255,138
6610,health-monitor,trigger,success,2026-10-07 00:10:00.082,2026-10-07 00:10:00.178,96
6611,ioc-extractor,trigger,success,2026-10-07 00:15:00.086,2026-10-07 00:15:00.259,173
6612,health-monitor,trigger,success,2026-10-07 00:15:00.156,2026-10-07 00:15:00.338,182
6613,health-monitor,trigger,success,2026-10-07 00:20:00.025,2026-10-07 00:20:00.084,59
6614,health-monitor,trigger,success,2026-10-07 00:25:00.027,2026-10-07 00:25:00.080,53
6615,ioc-extractor,trigger,success,2026-10-07 00:30:00.030,2026-10-07 00:30:00.072,42
6616,health-monitor,trigger,success,2026-10-07 00:30:00.038,2026-10-07 00:30:00.387,349
6617,health-monitor,trigger,success,2026-10-07 00:35:00.022,2026-10-07 00:35:00.096,74
6618,health-monitor,trigger,success,2026-10-07 00:40:00.027,2026-10-07 00:40:00.082,55
6619,ioc-extractor,trigger,success,2026-10-07 00:45:00.039,2026-10-07 00:45:00.078,39
6620,health-monitor,trigger,success,2026-10-07 00:45:00.046,2026-10-07 00:45:00.149,103
6621,health-monitor,trigger,success,2026-10-07 00:50:00.031,2026-10-07 00:50:00.086,55
6622,health-monitor,trigger,success,2026-10-07 00:55:00.030,2026-10-07 00:55:00.100,70
6623,health-monitor,trigger,success,2026-10-07 01:00:00.032,2026-10-07 01:00:00.324,292
6624,ioc-extractor,trigger,success,2026-10-07 01:00:00.040,2026-10-07 01:00:00.536,496
6625,health-monitor,trigger,success,2026-10-07 01:05:00.035,2026-10-07 01:05:00.141,106
6626,health-monitor,trigger,success,2026-10-07 01:10:00.026,2026-10-07 01:10:00.083,57
6627,ioc-extractor,trigger,success,2026-10-07 01:15:00.027,2026-10-07 01:15:00.069,42
6628,health-monitor,trigger,success,2026-10-07 01:15:00.036,2026-10-07 01:15:00.144,108
6629,health-monitor,trigger,success,2026-10-07 01:20:00.032,2026-10-07 01:20:00.094,62
6630,health-monitor,trigger,success,2026-10-07 01:25:00.029,2026-10-07 01:25:00.087,58
6631,ioc-extractor,trigger,success,2026-10-07 01:30:00.035,2026-10-07 01:30:00.077,42
6632,health-monitor,trigger,success,2026-10-07 01:30:00.044,2026-10-07 01:30:00.146,102
6633,health-monitor,trigger,success,2026-10-07 01:35:00.032,2026-10-07 01:35:00.088,56
6634,health-monitor,trigger,success,2026-10-07 01:40:00.022,2026-10-07 01:40:00.081,59
6635,ioc-extractor,trigger,success,2026-10-07 01:45:00.034,2026-10-07 01:45:00.076,42
6636,health-monitor,trigger,success,2026-10-07 01:45:00.042,2026-10-07 01:45:00.150,108
6637,health-monitor,trigger,success,2026-10-07 01:50:00.031,2026-10-07 01:50:00.088,57
6638,health-monitor,trigger,success,2026-10-07 01:55:00.022,2026-10-07 01:55:00.082,60
6639,ioc-extractor,trigger,success,2026-10-07 02:00:00.040,2026-10-07 02:00:00.091,51
6640,health-monitor,trigger,success,2026-10-07 02:00:00.049,2026-10-07 02:00:00.160,111
6641,health-monitor,trigger,success,2026-10-07 02:05:00.024,2026-10-07 02:05:00.086,62
6642,health-monitor,trigger,success,2026-10-07 02:10:00.021,2026-10-07 02:10:00.100,79
6643,ioc-extractor,trigger,success,2026-10-07 02:15:00.036,2026-10-07 02:15:00.075,39
6644,health-monitor,trigger,success,2026-10-07 02:15:00.044,2026-10-07 02:15:00.142,98
6645,health-monitor,trigger,success,2026-10-07 02:20:00.031,2026-10-07 02:20:00.085,54
6646,health-monitor,trigger,success,2026-10-07 02:25:00.027,2026-10-07 02:25:00.085,58
6647,ioc-extractor,trigger,success,2026-10-07 02:30:00.032,2026-10-07 02:30:00.072,40
6648,health-monitor,trigger,success,2026-10-07 02:30:00.040,2026-10-07 02:30:00.138,98
6649,health-monitor,trigger,success,2026-10-07 02:35:00.028,2026-10-07 02:35:00.084,56
6650,health-monitor,trigger,success,2026-10-07 02:40:00.022,2026-10-07 02:40:00.078,56
6651,ioc-extractor,trigger,success,2026-10-07 02:45:00.033,2026-10-07 02:45:00.071,38
6652,health-monitor,trigger,success,2026-10-07 02:45:00.041,2026-10-07 02:45:00.138,97
6653,health-monitor,trigger,success,2026-10-07 02:50:00.032,2026-10-07 02:50:00.086,54
6654,health-monitor,trigger,success,2026-10-07 02:55:00.021,2026-10-07 02:55:00.078,57
6655,ioc-extractor,trigger,success,2026-10-07 03:00:00.029,2026-10-07 03:00:00.073,44
6656,health-monitor,trigger,success,2026-10-07 03:00:00.038,2026-10-07 03:00:00.452,414
6657,health-monitor,trigger,success,2026-10-07 03:05:00.028,2026-10-07 03:05:00.108,80
6658,health-monitor,trigger,success,2026-10-07 03:10:00.025,2026-10-07 03:10:00.080,55
6659,ioc-extractor,trigger,success,2026-10-07 03:15:00.073,2026-10-07 03:15:00.164,91
6660,health-monitor,trigger,success,2026-10-07 03:15:00.097,2026-10-07 03:15:00.239,142
6661,health-monitor,trigger,success,2026-10-07 03:20:00.086,2026-10-07 03:20:00.176,90
6662,health-monitor,trigger,success,2026-10-07 03:25:00.068,2026-10-07 03:25:00.166,98
6663,ioc-extractor,trigger,success,2026-10-07 03:30:00.077,2026-10-07 03:30:00.209,132
6664,health-monitor,trigger,success,2026-10-07 03:30:00.110,2026-10-07 03:30:00.283,173
6665,health-monitor,trigger,success,2026-10-07 03:35:00.017,2026-10-07 03:35:00.082,65
6666,health-monitor,trigger,success,2026-10-07 03:40:00.029,2026-10-07 03:40:00.098,69
6667,ioc-extractor,trigger,success,2026-10-07 03:45:00.033,2026-10-07 03:45:00.075,42
6668,health-monitor,trigger,success,2026-10-07 03:45:00.042,2026-10-07 03:45:00.147,105
6669,health-monitor,trigger,success,2026-10-07 03:50:00.021,2026-10-07 03:50:00.081,60
6670,health-monitor,trigger,success,2026-10-07 03:55:00.025,2026-10-07 03:55:00.087,62
6671,ioc-extractor,trigger,success,2026-10-07 04:00:00.036,2026-10-07 04:00:00.252,216
6672,health-monitor,trigger,success,2026-10-07 04:00:00.047,2026-10-07 04:00:00.388,341
6673,health-monitor,trigger,success,2026-10-07 04:05:00.024,2026-10-07 04:05:00.094,70
6674,health-monitor,trigger,success,2026-10-07 04:10:00.029,2026-10-07 04:10:00.082,53
6675,ioc-extractor,trigger,success,2026-10-07 04:15:00.028,2026-10-07 04:15:00.068,40
6676,health-monitor,trigger,success,2026-10-07 04:15:00.036,2026-10-07 04:15:00.134,98
6677,health-monitor,trigger,success,2026-10-07 04:20:00.027,2026-10-07 04:20:00.091,64
6678,health-monitor,trigger,success,2026-10-07 04:25:00.028,2026-10-07 04:25:00.083,55
6679,ioc-extractor,trigger,success,2026-10-07 04:30:00.026,2026-10-07 04:30:00.070,44
6680,health-monitor,trigger,success,2026-10-07 04:30:00.036,2026-10-07 04:30:00.137,101
6681,health-monitor,trigger,success,2026-10-07 04:35:00.032,2026-10-07 04:35:00.097,65
6682,health-monitor,trigger,success,2026-10-07 04:40:00.022,2026-10-07 04:40:00.080,58
6683,health-monitor,trigger,success,2026-10-07 04:45:00.026,2026-10-07 04:45:00.201,175
6684,ioc-extractor,trigger,success,2026-10-07 04:45:00.034,2026-10-07 04:45:00.402,368
6685,health-monitor,trigger,success,2026-10-07 04:50:00.028,2026-10-07 04:50:00.105,77
6686,health-monitor,trigger,success,2026-10-07 04:55:00.021,2026-10-07 04:55:00.078,57
6687,ioc-extractor,trigger,success,2026-10-07 05:00:00.032,2026-10-07 05:00:00.145,113
6688,health-monitor,trigger,success,2026-10-07 05:00:00.041,2026-10-07 05:00:00.137,96
6689,health-monitor,trigger,success,2026-10-07 05:05:00.026,2026-10-07 05:05:00.102,76
6690,health-monitor,trigger,success,2026-10-07 05:10:00.031,2026-10-07 05:10:00.089,58
6691,ioc-extractor,trigger,success,2026-10-07 05:15:00.034,2026-10-07 05:15:00.075,41
6692,health-monitor,trigger,success,2026-10-07 05:15:00.044,2026-10-07 05:15:00.144,100
6693,health-monitor,trigger,success,2026-10-07 05:20:00.018,2026-10-07 05:20:00.083,65
6694,health-monitor,trigger,success,2026-10-07 05:25:00.030,2026-10-07 05:25:00.086,56
6695,ioc-extractor,trigger,success,2026-10-07 05:30:00.035,2026-10-07 05:30:00.077,42
6696,health-monitor,trigger,success,2026-10-07 05:30:00.045,2026-10-07 05:30:00.150,105
6697,health-monitor,trigger,success,2026-10-07 05:35:00.092,2026-10-07 05:35:00.204,112
6698,health-monitor,trigger,success,2026-10-07 05:40:00.109,2026-10-07 05:40:00.203,94
6699,health-monitor,trigger,success,2026-10-07 05:45:00.110,2026-10-07 05:45:00.332,222
6700,ioc-extractor,trigger,success,2026-10-07 05:45:00.181,2026-10-07 05:45:00.532,351
6701,health-monitor,trigger,success,2026-10-07 05:50:00.026,2026-10-07 05:50:00.085,59
6702,health-monitor,trigger,success,2026-10-07 05:55:00.024,2026-10-07 05:55:00.082,58
6703,ioc-extractor,trigger,success,2026-10-07 06:00:00.036,2026-10-07 06:00:00.080,44
6704,health-monitor,trigger,success,2026-10-07 06:00:00.044,2026-10-07 06:00:00.153,109
6705,health-monitor,trigger,success,2026-10-07 06:05:00.030,2026-10-07 06:05:00.089,59
6706,health-monitor,trigger,success,2026-10-07 06:10:00.029,2026-10-07 06:10:00.083,54
6707,ioc-extractor,trigger,success,2026-10-07 06:15:00.034,2026-10-07 06:15:00.077,43
6708,health-monitor,trigger,success,2026-10-07 06:15:00.043,2026-10-07 06:15:00.150,107
6709,health-monitor,trigger,success,2026-10-07 06:20:00.024,2026-10-07 06:20:00.082,58
6710,health-monitor,trigger,success,2026-10-07 06:25:00.025,2026-10-07 06:25:00.079,54
6711,health-monitor,trigger,success,2026-10-07 06:30:00.027,2026-10-07 06:30:00.100,73
6712,ioc-extractor,trigger,success,2026-10-07 06:30:00.034,2026-10-07 06:30:00.115,81
6713,health-monitor,trigger,success,2026-10-07 06:35:00.027,2026-10-07 06:35:00.083,56
6714,health-monitor,trigger,success,2026-10-07 06:40:00.032,2026-10-07 06:40:00.087,55
6715,health-monitor,trigger,success,2026-10-07 06:45:00.024,2026-10-07 06:45:00.108,84
6716,ioc-extractor,trigger,success,2026-10-07 06:45:00.038,2026-10-07 06:45:00.201,163
6717,health-monitor,trigger,success,2026-10-07 06:50:00.032,2026-10-07 06:50:00.089,57
6718,health-monitor,trigger,success,2026-10-07 06:55:00.033,2026-10-07 06:55:00.097,64
6719,ioc-extractor,trigger,success,2026-10-07 07:00:00.041,2026-10-07 07:00:00.089,48
6720,health-monitor,trigger,success,2026-10-07 07:00:00.049,2026-10-07 07:00:00.162,113
6721,health-monitor,trigger,success,2026-10-07 07:05:00.025,2026-10-07 07:05:00.088,63
6722,health-monitor,trigger,success,2026-10-07 07:10:00.026,2026-10-07 07:10:00.083,57
6723,ioc-extractor,trigger,success,2026-10-07 07:15:00.037,2026-10-07 07:15:00.080,43
6724,health-monitor,trigger,success,2026-10-07 07:15:00.046,2026-10-07 07:15:00.150,104
6725,health-monitor,trigger,success,2026-10-07 07:20:00.027,2026-10-07 07:20:00.083,56
6726,health-monitor,trigger,success,2026-10-07 07:25:00.048,2026-10-07 07:25:00.126,78
6727,health-monitor,trigger,success,2026-10-07 07:30:00.066,2026-10-07 07:30:00.241,175
6728,ioc-extractor,trigger,success,2026-10-07 07:30:00.123,2026-10-07 07:30:00.256,133
6729,health-monitor,trigger,success,2026-10-07 07:35:00.049,2026-10-07 07:35:00.138,89
6730,health-monitor,trigger,success,2026-10-07 07:40:00.029,2026-10-07 07:40:00.205,176
6731,health-monitor,trigger,success,2026-10-07 07:45:00.021,2026-10-07 07:45:00.104,83
6732,ioc-extractor,trigger,success,2026-10-07 07:45:00.029,2026-10-07 07:45:00.109,80
6733,health-monitor,trigger,success,2026-10-07 07:50:00.028,2026-10-07 07:50:00.088,60
6734,health-monitor,trigger,success,2026-10-07 07:55:00.020,2026-10-07 07:55:00.079,59
6735,ioc-extractor,trigger,success,2026-10-07 08:00:00.038,2026-10-07 08:00:00.080,42
6736,health-monitor,trigger,success,2026-10-07 08:00:00.044,2026-10-07 08:00:00.152,108
6737,health-monitor,trigger,success,2026-10-07 08:05:00.024,2026-10-07 08:05:00.090,66
6738,health-monitor,trigger,success,2026-10-07 08:10:00.027,2026-10-07 08:10:00.081,54
6739,ioc-extractor,trigger,success,2026-10-07 08:15:00.044,2026-10-07 08:15:00.194,150
6740,health-monitor,trigger,success,2026-10-07 08:15:00.092,2026-10-07 08:15:00.269,177
6741,health-monitor,trigger,success,2026-10-07 08:20:00.120,2026-10-07 08:20:00.399,279
6742,health-monitor,trigger,success,2026-10-07 08:25:00.095,2026-10-07 08:25:00.181,86
6743,ioc-extractor,trigger,success,2026-10-07 08:30:00.030,2026-10-07 08:30:00.071,41
6744,health-monitor,trigger,success,2026-10-07 08:30:00.039,2026-10-07 08:30:00.138,99
6745,health-monitor,trigger,success,2026-10-07 08:35:00.025,2026-10-07 08:35:00.093,68
6746,health-monitor,trigger,success,2026-10-07 08:40:00.031,2026-10-07 08:40:00.085,54
6747,ioc-extractor,trigger,success,2026-10-07 08:45:00.034,2026-10-07 08:45:00.074,40
6748,health-monitor,trigger,success,2026-10-07 08:45:00.042,2026-10-07 08:45:00.153,111
6749,health-monitor,trigger,success,2026-10-07 08:50:00.028,2026-10-07 08:50:00.239,211
6750,health-monitor,trigger,success,2026-10-07 08:55:00.029,2026-10-07 08:55:00.085,56
6751,ioc-extractor,trigger,success,2026-10-07 09:00:00.106,2026-10-07 09:00:00.279,173
6752,health-monitor,trigger,success,2026-10-07 09:00:00.139,2026-10-07 09:00:00.267,128
6753,health-monitor,trigger,success,2026-10-07 09:05:00.026,2026-10-07 09:05:00.083,57
6754,health-monitor,trigger,success,2026-10-07 09:10:00.032,2026-10-07 09:10:00.090,58
6755,ioc-extractor,trigger,success,2026-10-07 09:15:00.026,2026-10-07 09:15:00.067,41
6756,health-monitor,trigger,success,2026-10-07 09:15:00.034,2026-10-07 09:15:00.137,103
6757,health-monitor,trigger,success,2026-10-07 09:20:00.030,2026-10-07 09:20:00.085,55
6758,health-monitor,trigger,success,2026-10-07 09:25:00.017,2026-10-07 09:25:00.079,62
6759,ioc-extractor,trigger,success,2026-10-07 09:30:00.022,2026-10-07 09:30:00.070,48
6760,health-monitor,trigger,success,2026-10-07 09:30:00.035,2026-10-07 09:30:00.140,105
6761,health-monitor,trigger,success,2026-10-07 09:35:00.026,2026-10-07 09:35:00.083,57
6762,health-monitor,trigger,success,2026-10-07 09:40:00.026,2026-10-07 09:40:00.082,56
6763,ioc-extractor,trigger,success,2026-10-07 09:45:00.027,2026-10-07 09:45:00.066,39
6764,health-monitor,trigger,success,2026-10-07 09:45:00.033,2026-10-07 09:45:00.152,119
6765,health-monitor,trigger,success,2026-10-07 09:50:00.025,2026-10-07 09:50:00.080,55
6766,health-monitor,trigger,success,2026-10-07 09:55:00.026,2026-10-07 09:55:00.098,72
6767,ioc-extractor,trigger,success,2026-10-07 10:00:00.032,2026-10-07 10:00:00.118,86
6768,health-monitor,trigger,success,2026-10-07 10:00:00.041,2026-10-07 10:00:00.480,439
6769,health-monitor,trigger,success,2026-10-07 10:05:00.025,2026-10-07 10:05:00.115,90
6770,health-monitor,trigger,success,2026-10-07 10:10:00.073,2026-10-07 10:10:00.158,85
6771,ioc-extractor,trigger,success,2026-10-07 10:15:00.119,2026-10-07 10:15:00.275,156
6772,health-monitor,trigger,success,2026-10-07 10:15:00.181,2026-10-07 10:15:00.351,170
6773,health-monitor,trigger,success,2026-10-07 10:20:00.093,2026-10-07 10:20:00.186,93
6774,health-monitor,trigger,success,2026-10-07 10:25:00.101,2026-10-07 10:25:00.200,99
6775,ioc-extractor,trigger,success,2026-10-07 10:30:00.031,2026-10-07 10:30:00.073,42
6776,health-monitor,trigger,success,2026-10-07 10:30:00.040,2026-10-07 10:30:00.144,104
6777,health-monitor,trigger,success,2026-10-07 10:35:00.033,2026-10-07 10:35:00.091,58
6778,health-monitor,trigger,success,2026-10-07 10:40:00.028,2026-10-07 10:40:00.087,59
6779,ioc-extractor,trigger,success,2026-10-07 10:45:00.028,2026-10-07 10:45:00.072,44
6780,health-monitor,trigger,success,2026-10-07 10:45:00.037,2026-10-07 10:45:00.148,111
6781,health-monitor,trigger,success,2026-10-07 10:50:00.031,2026-10-07 10:50:00.086,55
6782,health-monitor,trigger,success,2026-10-07 10:55:00.027,2026-10-07 10:55:00.103,76
6783,report-generator,trigger,success,2026-10-07 11:00:00.093,2026-10-07 11:00:01.116,1023
6784,ioc-extractor,trigger,success,2026-10-07 11:00:00.126,2026-10-07 11:00:01.043,917
6785,health-monitor,trigger,success,2026-10-07 11:00:00.203,2026-10-07 11:00:01.077,874
6786,health-monitor,trigger,success,2026-10-07 11:05:00.329,2026-10-07 11:05:00.660,331
6787,health-monitor,trigger,success,2026-10-07 11:10:00.085,2026-10-07 11:10:00.199,114
6788,ioc-extractor,trigger,success,2026-10-07 11:15:00.094,2026-10-07 11:15:00.338,244
6789,health-monitor,trigger,success,2026-10-07 11:15:00.151,2026-10-07 11:15:00.418,267
6790,health-monitor,trigger,success,2026-10-07 11:20:00.092,2026-10-07 11:20:00.231,139
6791,health-monitor,trigger,success,2026-10-07 11:25:00.074,2026-10-07 11:25:00.246,172
6792,ioc-extractor,trigger,success,2026-10-07 11:30:00.082,2026-10-07 11:30:00.263,181
6793,health-monitor,trigger,success,2026-10-07 11:30:00.159,2026-10-07 11:30:00.338,179
6794,health-monitor,trigger,success,2026-10-07 11:35:00.073,2026-10-07 11:35:00.173,100
6795,health-monitor,trigger,success,2026-10-07 11:40:00.089,2026-10-07 11:40:00.163,74
6796,ioc-extractor,trigger,success,2026-10-07 11:45:00.077,2026-10-07 11:45:00.261,184
6797,health-monitor,trigger,success,2026-10-07 11:45:00.151,2026-10-07 11:45:00.336,185
6798,health-monitor,trigger,success,2026-10-07 11:50:00.105,2026-10-07 11:50:00.176,71
6799,health-monitor,trigger,success,2026-10-07 11:55:00.083,2026-10-07 11:55:00.185,102
6800,ioc-extractor,trigger,success,2026-10-07 12:00:00.086,2026-10-07 12:00:00.877,791
6801,health-monitor,trigger,success,2026-10-07 12:00:00.138,2026-10-07 12:00:00.788,650
6802,health-monitor,trigger,success,2026-10-07 12:05:00.096,2026-10-07 12:05:00.349,253
6803,health-monitor,trigger,success,2026-10-07 12:10:00.068,2026-10-07 12:10:00.163,95
6804,ioc-extractor,trigger,success,2026-10-07 12:15:00.056,2026-10-07 12:15:00.196,140
6805,health-monitor,trigger,success,2026-10-07 12:15:00.090,2026-10-07 12:15:00.284,194
6806,health-monitor,trigger,success,2026-10-07 12:20:00.108,2026-10-07 12:20:00.248,140
6807,health-monitor,trigger,success,2026-10-07 12:25:00.067,2026-10-07 12:25:00.169,102
6808,ioc-extractor,trigger,success,2026-10-07 12:30:00.103,2026-10-07 12:30:00.293,190
6809,health-monitor,trigger,success,2026-10-07 12:30:00.182,2026-10-07 12:30:00.409,227
6810,health-monitor,trigger,success,2026-10-07 12:35:00.057,2026-10-07 12:35:00.172,115
6811,health-monitor,trigger,success,2026-10-07 12:40:00.057,2026-10-07 12:40:00.144,87
6812,ioc-extractor,trigger,success,2026-10-07 12:45:00.087,2026-10-07 12:45:00.352,265
6813,health-monitor,trigger,success,2026-10-07 12:45:00.208,2026-10-07 12:45:00.434,226
6814,health-monitor,trigger,success,2026-10-07 12:50:00.053,2026-10-07 12:50:00.131,78
6815,health-monitor,trigger,success,2026-10-07 12:55:00.102,2026-10-07 12:55:00.538,436
6816,ioc-extractor,trigger,success,2026-10-07 13:00:00.103,2026-10-07 13:00:01.839,1736
6817,health-monitor,trigger,success,2026-10-07 13:00:00.190,2026-10-07 13:00:01.451,1261
6818,health-monitor,trigger,success,2026-10-07 13:05:00.149,2026-10-07 13:05:00.605,456
6819,health-monitor,trigger,success,2026-10-07 13:10:00.078,2026-10-07 13:10:00.318,240
6820,ioc-extractor,trigger,success,2026-10-07 13:15:00.085,2026-10-07 13:15:00.258,173
6821,health-monitor,trigger,success,2026-10-07 13:15:00.163,2026-10-07 13:15:00.342,179
6822,health-monitor,trigger,success,2026-10-07 13:20:00.132,2026-10-07 13:20:00.399,267
6823,health-monitor,trigger,success,2026-10-07 13:25:00.094,2026-10-07 13:25:00.195,101
6824,health-monitor,trigger,success,2026-10-07 13:30:00.086,2026-10-07 13:30:00.428,342
6825,ioc-extractor,trigger,success,2026-10-07 13:30:00.147,2026-10-07 13:30:00.402,255
6826,health-monitor,trigger,success,2026-10-07 13:35:00.108,2026-10-07 13:35:00.213,105
6827,health-monitor,trigger,success,2026-10-07 13:40:00.060,2026-10-07 13:40:00.174,114
6828,health-monitor,trigger,success,2026-10-07 13:45:00.417,2026-10-07 13:45:00.649,232
6829,ioc-extractor,trigger,success,2026-10-07 13:45:00.493,2026-10-07 13:45:00.661,168
6830,health-monitor,trigger,success,2026-10-07 13:50:00.080,2026-10-07 13:50:00.212,132
6831,health-monitor,trigger,success,2026-10-07 13:55:00.094,2026-10-07 13:55:00.173,79
6832,health-monitor,trigger,success,2026-10-07 14:00:00.112,2026-10-07 14:00:00.355,243
6833,ioc-extractor,trigger,success,2026-10-07 14:00:00.162,2026-10-07 14:00:00.279,117
6834,health-monitor,trigger,success,2026-10-07 14:05:00.068,2026-10-07 14:05:00.172,104
6835,health-monitor,trigger,success,2026-10-07 14:10:00.068,2026-10-07 14:10:00.759,691
6836,health-monitor,trigger,success,2026-10-07 14:15:00.105,2026-10-07 14:15:00.429,324
6837,ioc-extractor,trigger,success,2026-10-07 14:15:00.178,2026-10-07 14:15:00.427,249
6838,health-monitor,trigger,success,2026-10-07 14:20:00.081,2026-10-07 14:20:00.181,100
6839,health-monitor,trigger,success,2026-10-07 14:25:00.093,2026-10-07 14:25:00.187,94
6840,ioc-extractor,trigger,success,2026-10-07 14:30:00.118,2026-10-07 14:30:00.260,142
6841,health-monitor,trigger,success,2026-10-07 14:30:00.150,2026-10-07 14:30:00.334,184
6842,health-monitor,trigger,success,2026-10-07 14:35:00.115,2026-10-07 14:35:00.204,89
6843,health-monitor,trigger,success,2026-10-07 14:40:00.093,2026-10-07 14:40:00.178,85
6844,ioc-extractor,trigger,success,2026-10-07 14:45:00.114,2026-10-07 14:45:00.272,158
6845,health-monitor,trigger,success,2026-10-07 14:45:00.182,2026-10-07 14:45:00.348,166
6846,health-monitor,trigger,success,2026-10-07 14:50:00.121,2026-10-07 14:50:00.208,87
6847,health-monitor,trigger,success,2026-10-07 14:55:00.077,2026-10-07 14:55:00.173,96
6848,ioc-extractor,trigger,success,2026-10-07 15:00:00.100,2026-10-07 15:00:00.392,292
6849,health-monitor,trigger,success,2026-10-07 15:00:00.179,2026-10-07 15:00:00.380,201
6850,health-monitor,trigger,success,2026-10-07 15:05:00.085,2026-10-07 15:05:00.177,92
6851,health-monitor,trigger,success,2026-10-07 15:10:00.072,2026-10-07 15:10:00.172,100
6852,health-monitor,trigger,success,2026-10-07 15:15:00.100,2026-10-07 15:15:00.295,195
6853,ioc-extractor,trigger,success,2026-10-07 15:15:00.155,2026-10-07 15:15:00.313,158
6854,health-monitor,trigger,success,2026-10-07 15:20:00.084,2026-10-07 15:20:00.410,326
6855,health-monitor,trigger,success,2026-10-07 15:25:00.072,2026-10-07 15:25:00.157,85
6856,ioc-extractor,trigger,success,2026-10-07 15:30:00.094,2026-10-07 15:30:00.290,196
6857,health-monitor,trigger,success,2026-10-07 15:30:00.161,2026-10-07 15:30:00.377,216
6858,health-monitor,trigger,success,2026-10-07 15:35:00.085,2026-10-07 15:35:00.335,250
6859,health-monitor,trigger,success,2026-10-07 15:40:00.106,2026-10-07 15:40:00.190,84
6860,ioc-extractor,trigger,success,2026-10-07 15:45:00.066,2026-10-07 15:45:00.264,198
6861,health-monitor,trigger,success,2026-10-07 15:45:00.153,2026-10-07 15:45:00.339,186
6862,health-monitor,trigger,success,2026-10-07 15:50:00.086,2026-10-07 15:50:00.180,94
6863,health-monitor,trigger,success,2026-10-07 15:55:00.147,2026-10-07 15:55:00.504,357
6864,ioc-extractor,trigger,success,2026-10-07 16:00:00.305,2026-10-07 16:00:01.206,901
6865,health-monitor,trigger,success,2026-10-07 16:00:00.402,2026-10-07 16:00:01.029,627
6866,health-monitor,trigger,success,2026-10-07 16:05:00.069,2026-10-07 16:05:00.177,108
6867,health-monitor,trigger,success,2026-10-07 16:10:00.160,2026-10-07 16:10:00.587,427
6868,ioc-extractor,trigger,success,2026-10-07 16:15:00.170,2026-10-07 16:15:00.504,334
6869,health-monitor,trigger,success,2026-10-07 16:15:00.253,2026-10-07 16:15:01.011,758
6870,health-monitor,trigger,success,2026-10-07 16:20:00.198,2026-10-07 16:20:01.456,1258
6871,health-monitor,trigger,success,2026-10-07 16:25:00.101,2026-10-07 16:25:00.333,232
6872,health-monitor,trigger,success,2026-10-07 16:30:00.168,2026-10-07 16:30:00.831,663
6873,ioc-extractor,trigger,success,2026-10-07 16:30:00.243,2026-10-07 16:30:01.023,780
6874,health-monitor,trigger,success,2026-10-07 16:35:00.118,2026-10-07 16:35:00.432,314
6875,health-monitor,trigger,success,2026-10-07 16:40:00.074,2026-10-07 16:40:00.167,93
6876,ioc-extractor,trigger,success,2026-10-07 16:45:00.088,2026-10-07 16:45:00.523,435
6877,health-monitor,trigger,success,2026-10-07 16:45:00.179,2026-10-07 16:45:00.839,660
6878,health-monitor,trigger,success,2026-10-07 16:50:00.162,2026-10-07 16:50:00.588,426
6879,health-monitor,trigger,success,2026-10-07 16:55:00.148,2026-10-07 16:55:00.658,510
6880,ioc-extractor,trigger,success,2026-10-07 17:00:00.343,2026-10-07 17:00:00.745,402
6881,health-monitor,trigger,success,2026-10-07 17:00:00.403,2026-10-07 17:00:01.153,750
6882,health-monitor,trigger,success,2026-10-07 17:05:00.121,2026-10-07 17:05:00.372,251
6883,health-monitor,trigger,success,2026-10-07 17:10:00.167,2026-10-07 17:10:00.525,358
6884,ioc-extractor,trigger,success,2026-10-07 17:15:00.094,2026-10-07 17:15:00.319,225
6885,health-monitor,trigger,success,2026-10-07 17:15:00.156,2026-10-07 17:15:00.568,412
6886,health-monitor,trigger,success,2026-10-07 17:20:00.114,2026-10-07 17:20:00.298,184
6887,health-monitor,trigger,success,2026-10-07 17:25:00.100,2026-10-07 17:25:00.325,225
6888,ioc-extractor,trigger,success,2026-10-07 17:30:00.079,2026-10-07 17:30:00.466,387
6889,health-monitor,trigger,success,2026-10-07 17:30:00.104,2026-10-07 17:30:01.773,1669
6890,health-monitor,trigger,success,2026-10-07 17:35:00.095,2026-10-07 17:35:00.281,186
6891,health-monitor,trigger,success,2026-10-07 17:40:00.090,2026-10-07 17:40:00.264,174
6892,ioc-extractor,trigger,success,2026-10-07 17:45:00.106,2026-10-07 17:45:00.401,295
6893,health-monitor,trigger,success,2026-10-07 17:45:00.218,2026-10-07 17:45:00.640,422
6894,health-monitor,trigger,success,2026-10-07 17:50:00.140,2026-10-07 17:50:00.550,410
6895,health-monitor,trigger,success,2026-10-07 17:55:00.091,2026-10-07 17:55:00.325,234
6896,health-monitor,trigger,success,2026-10-07 18:00:00.127,2026-10-07 18:00:00.476,349
6897,ioc-extractor,trigger,success,2026-10-07 18:00:00.189,2026-10-07 18:00:00.550,361
6898,health-monitor,trigger,success,2026-10-07 18:05:00.098,2026-10-07 18:05:00.298,200
6899,health-monitor,trigger,success,2026-10-07 18:10:00.116,2026-10-07 18:10:00.304,188
6900,ioc-extractor,trigger,success,2026-10-07 18:15:00.091,2026-10-07 18:15:00.320,229
6901,health-monitor,trigger,success,2026-10-07 18:15:00.147,2026-10-07 18:15:00.622,475
6902,health-monitor,trigger,success,2026-10-07 18:20:00.115,2026-10-07 18:20:00.383,268
6903,health-monitor,trigger,success,2026-10-07 18:25:00.060,2026-10-07 18:25:00.282,222
6904,health-monitor,trigger,success,2026-10-07 18:30:00.115,2026-10-07 18:30:00.502,387
6905,ioc-extractor,trigger,success,2026-10-07 18:30:00.165,2026-10-07 18:30:00.560,395
6906,health-monitor,trigger,success,2026-10-07 18:35:00.092,2026-10-07 18:35:00.323,231
6907,health-monitor,trigger,success,2026-10-07 18:40:00.107,2026-10-07 18:40:00.290,183
6908,ioc-extractor,trigger,success,2026-10-07 18:45:00.076,2026-10-07 18:45:00.251,175
6909,health-monitor,trigger,success,2026-10-07 18:45:00.106,2026-10-07 18:45:00.517,411
6910,health-monitor,trigger,success,2026-10-07 18:50:00.154,2026-10-07 18:50:00.397,243
6911,health-monitor,trigger,success,2026-10-07 18:55:00.069,2026-10-07 18:55:00.418,349
6912,health-monitor,trigger,success,2026-10-07 19:00:00.088,2026-10-07 19:00:00.461,373
6913,ioc-extractor,trigger,success,2026-10-07 19:00:00.109,2026-10-07 19:00:00.648,539
6914,health-monitor,trigger,success,2026-10-07 19:05:00.040,2026-10-07 19:05:00.264,224
6915,health-monitor,trigger,success,2026-10-07 19:10:00.041,2026-10-07 19:10:00.210,169
6916,ioc-extractor,trigger,success,2026-10-07 19:15:00.072,2026-10-07 19:15:00.203,131
6917,health-monitor,trigger,success,2026-10-07 19:15:00.094,2026-10-07 19:15:00.408,314
6918,health-monitor,trigger,success,2026-10-07 19:20:00.050,2026-10-07 19:20:00.219,169
6919,health-monitor,trigger,success,2026-10-07 19:25:00.055,2026-10-07 19:25:00.234,179
6920,ioc-extractor,trigger,success,2026-10-07 19:30:00.055,2026-10-07 19:30:00.169,114
6921,health-monitor,trigger,success,2026-10-07 19:30:00.080,2026-10-07 19:30:00.386,306
6922,health-monitor,trigger,success,2026-10-07 19:35:00.055,2026-10-07 19:35:00.295,240
6923,health-monitor,trigger,success,2026-10-07 19:40:00.055,2026-10-07 19:40:00.264,209
6924,ioc-extractor,trigger,success,2026-10-07 19:45:00.048,2026-10-07 19:45:00.161,113
6925,health-monitor,trigger,success,2026-10-07 19:45:00.070,2026-10-07 19:45:00.424,354
6926,health-monitor,trigger,success,2026-10-07 19:50:00.047,2026-10-07 19:50:00.213,166
6927,health-monitor,trigger,success,2026-10-07 19:55:00.066,2026-10-07 19:55:00.276,210
6928,ioc-extractor,trigger,success,2026-10-07 20:00:00.075,2026-10-07 20:00:00.188,113
6929,health-monitor,trigger,success,2026-10-07 20:00:00.087,2026-10-07 20:00:00.450,363
6930,health-monitor,trigger,success,2026-10-07 20:05:00.037,2026-10-07 20:05:00.176,139
6931,health-monitor,trigger,success,2026-10-07 20:10:00.052,2026-10-07 20:10:00.200,148
6932,ioc-extractor,trigger,success,2026-10-07 20:15:00.045,2026-10-07 20:15:00.174,129
6933,health-monitor,trigger,success,2026-10-07 20:15:00.064,2026-10-07 20:15:00.386,322
6934,health-monitor,trigger,success,2026-10-07 20:20:00.051,2026-10-07 20:20:00.202,151
6935,health-monitor,trigger,success,2026-10-07 20:25:00.059,2026-10-07 20:25:00.259,200
6936,ioc-extractor,trigger,success,2026-10-07 20:30:00.053,2026-10-07 20:30:00.230,177
6937,health-monitor,trigger,success,2026-10-07 20:30:00.081,2026-10-07 20:30:00.441,360
6938,health-monitor,trigger,success,2026-10-07 20:35:00.042,2026-10-07 20:35:00.243,201
6939,health-monitor,trigger,success,2026-10-07 20:40:00.143,2026-10-07 20:40:00.391,248
6940,ioc-extractor,trigger,success,2026-10-07 20:45:00.105,2026-10-07 20:45:00.285,180
6941,health-monitor,trigger,success,2026-10-07 20:45:00.145,2026-10-07 20:45:00.521,376
6942,health-monitor,trigger,success,2026-10-07 20:50:00.076,2026-10-07 20:50:00.283,207
6943,health-monitor,trigger,success,2026-10-07 20:55:00.046,2026-10-07 20:55:00.380,334
6944,ioc-extractor,trigger,success,2026-10-07 21:00:00.104,2026-10-07 21:00:00.221,117
6945,health-monitor,trigger,success,2026-10-07 21:00:00.126,2026-10-07 21:00:00.408,282
6946,health-monitor,trigger,success,2026-10-07 21:05:00.096,2026-10-07 21:05:00.329,233
6947,health-monitor,trigger,success,2026-10-07 21:10:00.063,2026-10-07 21:10:00.217,154
6948,ioc-extractor,trigger,success,2026-10-07 21:15:00.075,2026-10-07 21:15:00.204,129
6949,health-monitor,trigger,success,2026-10-07 21:15:00.085,2026-10-07 21:15:00.407,322
6950,health-monitor,trigger,success,2026-10-07 21:20:00.103,2026-10-07 21:20:00.277,174
6951,health-monitor,trigger,success,2026-10-07 21:25:00.091,2026-10-07 21:25:00.273,182
6952,ioc-extractor,trigger,success,2026-10-07 21:30:00.085,2026-10-07 21:30:00.292,207
6953,health-monitor,trigger,success,2026-10-07 21:30:00.121,2026-10-07 21:30:00.505,384
6954,health-monitor,trigger,success,2026-10-07 21:35:00.140,2026-10-07 21:35:00.389,249
6955,health-monitor,trigger,success,2026-10-07 21:40:00.058,2026-10-07 21:40:00.212,154
6956,ioc-extractor,trigger,success,2026-10-07 21:45:00.114,2026-10-07 21:45:00.317,203
6957,health-monitor,trigger,success,2026-10-07 21:45:00.142,2026-10-07 21:45:00.522,380
6958,health-monitor,trigger,success,2026-10-07 21:50:00.037,2026-10-07 21:50:00.309,272
6959,health-monitor,trigger,success,2026-10-07 21:55:00.066,2026-10-07 21:55:00.243,177
6960,ioc-extractor,trigger,success,2026-10-07 22:00:00.116,2026-10-07 22:00:00.283,167
6961,health-monitor,trigger,success,2026-10-07 22:00:00.155,2026-10-07 22:00:00.486,331
6962,health-monitor,trigger,success,2026-10-07 22:05:00.071,2026-10-07 22:05:00.221,150
6963,health-monitor,trigger,success,2026-10-07 22:10:00.093,2026-10-07 22:10:00.863,770
6964,ioc-extractor,trigger,success,2026-10-07 22:15:00.071,2026-10-07 22:15:00.193,122
6965,health-monitor,trigger,success,2026-10-07 22:15:00.096,2026-10-07 22:15:00.400,304
6966,health-monitor,trigger,success,2026-10-07 22:20:00.044,2026-10-07 22:20:00.194,150
6967,health-monitor,trigger,success,2026-10-07 22:25:00.055,2026-10-07 22:25:00.192,137
6968,ioc-extractor,trigger,success,2026-10-07 22:30:00.046,2026-10-07 22:30:00.156,110
6969,health-monitor,trigger,success,2026-10-07 22:30:00.065,2026-10-07 22:30:00.362,297
6970,health-monitor,trigger,success,2026-10-07 22:35:00.061,2026-10-07 22:35:00.230,169
6971,health-monitor,trigger,success,2026-10-07 22:40:00.060,2026-10-07 22:40:00.200,140
6972,ioc-extractor,trigger,success,2026-10-07 22:45:00.115,2026-10-07 22:45:00.272,157
6973,health-monitor,trigger,success,2026-10-07 22:45:00.146,2026-10-07 22:45:00.479,333
6974,health-monitor,trigger,success,2026-10-07 22:50:00.048,2026-10-07 22:50:00.194,146
6975,health-monitor,trigger,success,2026-10-07 22:55:00.033,2026-10-07 22:55:00.159,126
6976,ioc-extractor,trigger,success,2026-10-07 23:00:00.052,2026-10-07 23:00:00.162,110
6977,health-monitor,trigger,success,2026-10-07 23:00:00.073,2026-10-07 23:00:00.374,301
6978,health-monitor,trigger,success,2026-10-07 23:05:00.048,2026-10-07 23:05:00.189,141
6979,health-monitor,trigger,success,2026-10-07 23:10:00.044,2026-10-07 23:10:00.184,140
6980,ioc-extractor,trigger,success,2026-10-07 23:15:00.061,2026-10-07 23:15:00.150,89
6981,health-monitor,trigger,success,2026-10-07 23:15:00.070,2026-10-07 23:15:00.337,267
6982,health-monitor,trigger,success,2026-10-07 23:20:00.051,2026-10-07 23:20:00.194,143
6983,health-monitor,trigger,success,2026-10-07 23:25:00.052,2026-10-07 23:25:00.170,118
6984,ioc-extractor,trigger,success,2026-10-07 23:30:00.083,2026-10-07 23:30:00.288,205
6985,health-monitor,trigger,success,2026-10-07 23:30:00.126,2026-10-07 23:30:00.471,345
6986,health-monitor,trigger,success,2026-10-07 23:35:00.111,2026-10-07 23:35:00.261,150
6987,health-monitor,trigger,success,2026-10-07 23:40:00.099,2026-10-07 23:40:00.403,304
6988,ioc-extractor,trigger,success,2026-10-07 23:45:00.077,2026-10-07 23:45:00.251,174
6989,health-monitor,trigger,success,2026-10-07 23:45:00.120,2026-10-07 23:45:00.386,266
6990,health-monitor,trigger,success,2026-10-07 23:50:00.072,2026-10-07 23:50:00.208,136
6991,health-monitor,trigger,success,2026-10-07 23:55:00.098,2026-10-07 23:55:00.262,164
6992,ioc-extractor,trigger,success,2026-10-08 00:00:00.123,2026-10-08 00:00:00.286,163
6993,health-monitor,trigger,success,2026-10-08 00:00:00.171,2026-10-08 00:00:00.489,318
6994,health-monitor,trigger,success,2026-10-08 00:05:00.057,2026-10-08 00:05:00.212,155
6995,health-monitor,trigger,success,2026-10-08 00:10:00.048,2026-10-08 00:10:00.179,131
6996,ioc-extractor,trigger,success,2026-10-08 00:15:00.057,2026-10-08 00:15:00.174,117
6997,health-monitor,trigger,success,2026-10-08 00:15:00.076,2026-10-08 00:15:00.399,323
6998,health-monitor,trigger,success,2026-10-08 00:20:00.036,2026-10-08 00:20:00.173,137
6999,health-monitor,trigger,success,2026-10-08 00:25:00.046,2026-10-08 00:25:00.223,177
7000,ioc-extractor,trigger,success,2026-10-08 00:30:00.050,2026-10-08 00:30:00.153,103
7001,health-monitor,trigger,success,2026-10-08 00:30:00.060,2026-10-08 00:30:00.331,271
7002,health-monitor,trigger,success,2026-10-08 00:35:00.021,2026-10-08 00:35:00.624,603
7003,health-monitor,trigger,success,2026-10-08 00:40:00.044,2026-10-08 00:40:00.158,114
7004,ioc-extractor,trigger,success,2026-10-08 00:45:00.068,2026-10-08 00:45:00.358,290
7005,health-monitor,trigger,success,2026-10-08 00:45:00.112,2026-10-08 00:45:00.570,458
7006,health-monitor,trigger,success,2026-10-08 00:50:00.043,2026-10-08 00:50:00.159,116
7007,health-monitor,trigger,success,2026-10-08 00:55:00.052,2026-10-08 00:55:00.174,122
7008,health-monitor,trigger,success,2026-10-08 01:00:00.093,2026-10-08 01:00:00.386,293
7009,ioc-extractor,trigger,success,2026-10-08 01:00:00.120,2026-10-08 01:00:00.458,338
7010,health-monitor,trigger,success,2026-10-08 01:05:00.053,2026-10-08 01:05:00.185,132
7011,health-monitor,trigger,success,2026-10-08 01:10:00.087,2026-10-08 01:10:00.259,172
7012,health-monitor,trigger,success,2026-10-08 01:15:00.100,2026-10-08 01:15:00.416,316
7013,ioc-extractor,trigger,success,2026-10-08 01:15:00.141,2026-10-08 01:15:00.489,348
7014,health-monitor,trigger,success,2026-10-08 01:20:00.062,2026-10-08 01:20:00.185,123
7015,health-monitor,trigger,success,2026-10-08 01:25:00.055,2026-10-08 01:25:00.179,124
7016,ioc-extractor,trigger,success,2026-10-08 01:30:00.055,2026-10-08 01:30:00.152,97
7017,health-monitor,trigger,success,2026-10-08 01:30:00.071,2026-10-08 01:30:00.368,297
7018,health-monitor,trigger,success,2026-10-08 01:35:00.043,2026-10-08 01:35:00.160,117
7019,health-monitor,trigger,success,2026-10-08 01:40:00.040,2026-10-08 01:40:00.188,148
7020,ioc-extractor,trigger,success,2026-10-08 01:45:00.073,2026-10-08 01:45:00.178,105
7021,health-monitor,trigger,success,2026-10-08 01:45:00.084,2026-10-08 01:45:00.367,283
7022,health-monitor,trigger,success,2026-10-08 01:50:00.019,2026-10-08 01:50:00.155,136
7023,health-monitor,trigger,success,2026-10-08 01:55:00.048,2026-10-08 01:55:00.174,126
7024,ioc-extractor,trigger,success,2026-10-08 02:00:00.085,2026-10-08 02:00:00.179,94
7025,health-monitor,trigger,success,2026-10-08 02:00:00.100,2026-10-08 02:00:00.368,268
7026,health-monitor,trigger,success,2026-10-08 02:05:00.018,2026-10-08 02:05:00.168,150
7027,health-monitor,trigger,success,2026-10-08 02:10:00.030,2026-10-08 02:10:00.160,130
7028,ioc-extractor,trigger,success,2026-10-08 02:15:00.104,2026-10-08 02:15:00.264,160
7029,health-monitor,trigger,success,2026-10-08 02:15:00.138,2026-10-08 02:15:00.428,290
7030,health-monitor,trigger,success,2026-10-08 02:20:00.035,2026-10-08 02:20:00.162,127
7031,health-monitor,trigger,success,2026-10-08 02:25:00.024,2026-10-08 02:25:00.164,140
7032,ioc-extractor,trigger,success,2026-10-08 02:30:00.049,2026-10-08 02:30:00.146,97
7033,health-monitor,trigger,success,2026-10-08 02:30:00.066,2026-10-08 02:30:00.758,692
7034,health-monitor,trigger,success,2026-10-08 02:35:00.029,2026-10-08 02:35:00.154,125
7035,health-monitor,trigger,success,2026-10-08 02:40:00.057,2026-10-08 02:40:00.227,170
7036,ioc-extractor,trigger,success,2026-10-08 02:45:00.070,2026-10-08 02:45:00.203,133
7037,health-monitor,trigger,success,2026-10-08 02:45:00.096,2026-10-08 02:45:00.377,281
7038,health-monitor,trigger,success,2026-10-08 02:50:00.145,2026-10-08 02:50:00.306,161
7039,health-monitor,trigger,success,2026-10-08 02:55:00.073,2026-10-08 02:55:00.353,280
7040,ioc-extractor,trigger,success,2026-10-08 03:00:00.106,2026-10-08 03:00:00.237,131
7041,health-monitor,trigger,success,2026-10-08 03:00:00.124,2026-10-08 03:00:00.448,324
7042,health-monitor,trigger,success,2026-10-08 03:05:00.038,2026-10-08 03:05:00.191,153
7043,health-monitor,trigger,success,2026-10-08 03:10:00.024,2026-10-08 03:10:00.172,148
7044,health-monitor,trigger,success,2026-10-08 03:15:00.107,2026-10-08 03:15:00.387,280
7045,ioc-extractor,trigger,success,2026-10-08 03:15:00.153,2026-10-08 03:15:00.469,316
7046,health-monitor,trigger,success,2026-10-08 03:20:00.068,2026-10-08 03:20:00.224,156
7047,health-monitor,trigger,success,2026-10-08 03:25:00.075,2026-10-08 03:25:00.231,156
7048,ioc-extractor,trigger,success,2026-10-08 03:30:00.086,2026-10-08 03:30:00.255,169
7049,health-monitor,trigger,success,2026-10-08 03:30:00.122,2026-10-08 03:30:00.436,314
7050,health-monitor,trigger,success,2026-10-08 03:35:00.051,2026-10-08 03:35:00.185,134
7051,health-monitor,trigger,success,2026-10-08 03:40:00.058,2026-10-08 03:40:00.315,257
7052,ioc-extractor,trigger,success,2026-10-08 03:45:00.040,2026-10-08 03:45:00.141,101
7053,health-monitor,trigger,success,2026-10-08 03:45:00.060,2026-10-08 03:45:00.352,292
7054,health-monitor,trigger,success,2026-10-08 03:50:00.041,2026-10-08 03:50:00.164,123
7055,health-monitor,trigger,success,2026-10-08 03:55:00.051,2026-10-08 03:55:00.169,118
7056,ioc-extractor,trigger,success,2026-10-08 04:00:00.066,2026-10-08 04:00:00.160,94
7057,health-monitor,trigger,success,2026-10-08 04:00:00.080,2026-10-08 04:00:00.357,277
7058,health-monitor,trigger,success,2026-10-08 04:05:00.052,2026-10-08 04:05:00.196,144
7059,health-monitor,trigger,success,2026-10-08 04:10:00.052,2026-10-08 04:10:00.209,157
7060,ioc-extractor,trigger,success,2026-10-08 04:15:00.100,2026-10-08 04:15:00.261,161
7061,health-monitor,trigger,success,2026-10-08 04:15:00.148,2026-10-08 04:15:00.422,274
7062,health-monitor,trigger,success,2026-10-08 04:20:00.050,2026-10-08 04:20:00.210,160
7063,health-monitor,trigger,success,2026-10-08 04:25:00.077,2026-10-08 04:25:00.231,154
7064,ioc-extractor,trigger,success,2026-10-08 04:30:00.050,2026-10-08 04:30:00.146,96
7065,health-monitor,trigger,success,2026-10-08 04:30:00.064,2026-10-08 04:30:00.355,291
7066,health-monitor,trigger,success,2026-10-08 04:35:00.040,2026-10-08 04:35:00.157,117
7067,health-monitor,trigger,success,2026-10-08 04:40:00.033,2026-10-08 04:40:00.157,124
7068,ioc-extractor,trigger,success,2026-10-08 04:45:00.049,2026-10-08 04:45:00.129,80
7069,health-monitor,trigger,success,2026-10-08 04:45:00.058,2026-10-08 04:45:00.311,253
7070,health-monitor,trigger,success,2026-10-08 04:50:00.050,2026-10-08 04:50:00.172,122
7071,health-monitor,trigger,success,2026-10-08 04:55:00.036,2026-10-08 04:55:00.169,133
7072,ioc-extractor,trigger,success,2026-10-08 05:00:00.062,2026-10-08 05:00:00.321,259
7073,health-monitor,trigger,success,2026-10-08 05:00:00.071,2026-10-08 05:00:01.188,1117
7074,health-monitor,trigger,success,2026-10-08 05:05:00.053,2026-10-08 05:05:00.191,138
7075,health-monitor,trigger,success,2026-10-08 05:10:00.051,2026-10-08 05:10:00.220,169
7076,ioc-extractor,trigger,success,2026-10-08 05:15:00.044,2026-10-08 05:15:00.142,98
7077,health-monitor,trigger,success,2026-10-08 05:15:00.068,2026-10-08 05:15:00.336,268
7078,health-monitor,trigger,success,2026-10-08 05:20:00.044,2026-10-08 05:20:00.181,137
7079,health-monitor,trigger,success,2026-10-08 05:25:00.024,2026-10-08 05:25:00.181,157
7080,health-monitor,trigger,success,2026-10-08 05:30:00.052,2026-10-08 05:30:00.288,236
7081,ioc-extractor,trigger,success,2026-10-08 05:30:00.095,2026-10-08 05:30:00.391,296
7082,health-monitor,trigger,success,2026-10-08 05:35:00.052,2026-10-08 05:35:00.173,121
7083,health-monitor,trigger,success,2026-10-08 05:40:00.050,2026-10-08 05:40:00.210,160
7084,ioc-extractor,trigger,success,2026-10-08 05:45:00.048,2026-10-08 05:45:00.136,88
7085,health-monitor,trigger,success,2026-10-08 05:45:00.062,2026-10-08 05:45:00.298,236
7086,health-monitor,trigger,success,2026-10-08 05:50:00.065,2026-10-08 05:50:00.239,174
7087,health-monitor,trigger,success,2026-10-08 05:55:00.053,2026-10-08 05:55:00.301,248
7088,ioc-extractor,trigger,success,2026-10-08 06:00:00.112,2026-10-08 06:00:00.257,145
7089,health-monitor,trigger,success,2026-10-08 06:00:00.140,2026-10-08 06:00:00.505,365
7090,health-monitor,trigger,success,2026-10-08 06:05:00.058,2026-10-08 06:05:00.208,150
7091,health-monitor,trigger,success,2026-10-08 06:10:00.049,2026-10-08 06:10:00.229,180
7092,ioc-extractor,trigger,success,2026-10-08 06:15:00.060,2026-10-08 06:15:00.150,90
7093,health-monitor,trigger,success,2026-10-08 06:15:00.080,2026-10-08 06:15:00.338,258
7094,health-monitor,trigger,success,2026-10-08 06:20:00.044,2026-10-08 06:20:00.174,130
7095,health-monitor,trigger,success,2026-10-08 06:25:00.041,2026-10-08 06:25:00.209,168
7096,ioc-extractor,trigger,success,2026-10-08 06:30:00.072,2026-10-08 06:30:00.198,126
7097,health-monitor,trigger,success,2026-10-08 06:30:00.098,2026-10-08 06:30:00.395,297
7098,health-monitor,trigger,success,2026-10-08 06:35:00.075,2026-10-08 06:35:00.389,314
7099,health-monitor,trigger,success,2026-10-08 06:40:00.077,2026-10-08 06:40:00.220,143
7100,ioc-extractor,trigger,success,2026-10-08 06:45:00.082,2026-10-08 06:45:00.272,190
7101,health-monitor,trigger,success,2026-10-08 06:45:00.122,2026-10-08 06:45:00.462,340
7102,health-monitor,trigger,success,2026-10-08 06:50:00.068,2026-10-08 06:50:00.258,190
7103,health-monitor,trigger,success,2026-10-08 06:55:00.038,2026-10-08 06:55:00.168,130
7104,ioc-extractor,trigger,success,2026-10-08 07:00:00.065,2026-10-08 07:00:00.175,110
7105,health-monitor,trigger,success,2026-10-08 07:00:00.075,2026-10-08 07:00:00.382,307
7106,health-monitor,trigger,success,2026-10-08 07:05:00.037,2026-10-08 07:05:00.180,143
7107,health-monitor,trigger,success,2026-10-08 07:10:00.056,2026-10-08 07:10:00.198,142
7108,ioc-extractor,trigger,success,2026-10-08 07:15:00.053,2026-10-08 07:15:00.139,86
7109,health-monitor,trigger,success,2026-10-08 07:15:00.063,2026-10-08 07:15:00.334,271
7110,health-monitor,trigger,success,2026-10-08 07:20:00.027,2026-10-08 07:20:00.142,115
7111,health-monitor,trigger,success,2026-10-08 07:25:00.037,2026-10-08 07:25:00.166,129
7112,ioc-extractor,trigger,success,2026-10-08 07:30:00.052,2026-10-08 07:30:00.338,286
7113,health-monitor,trigger,success,2026-10-08 07:30:00.068,2026-10-08 07:30:01.165,1097
7114,health-monitor,trigger,success,2026-10-08 07:35:00.089,2026-10-08 07:35:00.271,182
7115,health-monitor,trigger,success,2026-10-08 07:40:00.048,2026-10-08 07:40:00.206,158
7116,health-monitor,trigger,success,2026-10-08 07:45:00.082,2026-10-08 07:45:00.295,213
7117,ioc-extractor,trigger,success,2026-10-08 07:45:00.107,2026-10-08 07:45:00.406,299
7118,health-monitor,trigger,success,2026-10-08 07:50:00.072,2026-10-08 07:50:00.206,134
7119,health-monitor,trigger,success,2026-10-08 07:55:00.040,2026-10-08 07:55:00.177,137
7120,health-monitor,trigger,success,2026-10-08 08:00:00.061,2026-10-08 08:00:00.278,217
7121,ioc-extractor,trigger,success,2026-10-08 08:00:00.073,2026-10-08 08:00:00.347,274
7122,health-monitor,trigger,success,2026-10-08 08:05:00.040,2026-10-08 08:05:00.170,130
7123,health-monitor,trigger,success,2026-10-08 08:10:00.031,2026-10-08 08:10:00.157,126
7124,ioc-extractor,trigger,success,2026-10-08 08:15:00.050,2026-10-08 08:15:00.148,98
7125,health-monitor,trigger,success,2026-10-08 08:15:00.064,2026-10-08 08:15:00.329,265
7126,health-monitor,trigger,success,2026-10-08 08:20:00.043,2026-10-08 08:20:00.157,114
7127,health-monitor,trigger,success,2026-10-08 08:25:00.055,2026-10-08 08:25:00.180,125
7128,ioc-extractor,trigger,success,2026-10-08 08:30:00.075,2026-10-08 08:30:00.236,161
7129,health-monitor,trigger,success,2026-10-08 08:30:00.106,2026-10-08 08:30:00.422,316
7130,health-monitor,trigger,success,2026-10-08 08:35:00.043,2026-10-08 08:35:00.177,134
7131,health-monitor,trigger,success,2026-10-08 08:40:00.074,2026-10-08 08:40:00.231,157
7132,health-monitor,trigger,success,2026-10-08 08:45:00.085,2026-10-08 08:45:00.291,206
7133,ioc-extractor,trigger,success,2026-10-08 08:45:00.103,2026-10-08 08:45:00.332,229
7134,health-monitor,trigger,success,2026-10-08 08:50:00.046,2026-10-08 08:50:00.238,192
7135,health-monitor,trigger,success,2026-10-08 08:55:00.036,2026-10-08 08:55:00.161,125
7136,ioc-extractor,trigger,success,2026-10-08 09:00:00.068,2026-10-08 09:00:00.170,102
7137,health-monitor,trigger,success,2026-10-08 09:00:00.081,2026-10-08 09:00:00.345,264
7138,health-monitor,trigger,success,2026-10-08 09:05:00.017,2026-10-08 09:05:00.148,131
7139,health-monitor,trigger,success,2026-10-08 09:10:00.050,2026-10-08 09:10:00.194,144
7140,ioc-extractor,trigger,success,2026-10-08 09:15:00.048,2026-10-08 09:15:00.149,101
7141,health-monitor,trigger,success,2026-10-08 09:15:00.069,2026-10-08 09:15:00.345,276
7142,health-monitor,trigger,success,2026-10-08 09:20:00.024,2026-10-08 09:20:00.176,152
7143,health-monitor,trigger,success,2026-10-08 09:25:00.069,2026-10-08 09:25:00.334,265
7144,ioc-extractor,trigger,success,2026-10-08 09:30:00.056,2026-10-08 09:30:00.210,154
7145,health-monitor,trigger,success,2026-10-08 09:30:00.077,2026-10-08 09:30:00.590,513
7146,health-monitor,trigger,success,2026-10-08 09:35:00.042,2026-10-08 09:35:00.188,146
7147,health-monitor,trigger,success,2026-10-08 09:40:00.042,2026-10-08 09:40:00.179,137
7148,ioc-extractor,trigger,success,2026-10-08 09:45:00.067,2026-10-08 09:45:00.171,104
7149,health-monitor,trigger,success,2026-10-08 09:45:00.086,2026-10-08 09:45:00.409,323
7150,health-monitor,trigger,success,2026-10-08 09:50:00.049,2026-10-08 09:50:00.218,169
7151,health-monitor,trigger,success,2026-10-08 09:55:00.055,2026-10-08 09:55:00.185,130
7152,ioc-extractor,trigger,success,2026-10-08 10:00:00.082,2026-10-08 10:00:00.642,560
7153,health-monitor,trigger,success,2026-10-08 10:00:00.095,2026-10-08 10:00:01.219,1124
7154,health-monitor,trigger,success,2026-10-08 10:05:00.037,2026-10-08 10:05:00.168,131
7155,health-monitor,trigger,success,2026-10-08 10:10:00.040,2026-10-08 10:10:00.174,134
7156,ioc-extractor,trigger,success,2026-10-08 10:15:00.042,2026-10-08 10:15:00.145,103
7157,health-monitor,trigger,success,2026-10-08 10:15:00.064,2026-10-08 10:15:00.343,279
7158,health-monitor,trigger,success,2026-10-08 10:20:00.041,2026-10-08 10:20:00.196,155
7159,health-monitor,trigger,success,2026-10-08 10:25:00.045,2026-10-08 10:25:00.185,140
7160,ioc-extractor,trigger,success,2026-10-08 10:30:00.053,2026-10-08 10:30:00.152,99
7161,health-monitor,trigger,success,2026-10-08 10:30:00.067,2026-10-08 10:30:00.356,289
7162,health-monitor,trigger,success,2026-10-08 10:35:00.039,2026-10-08 10:35:00.212,173
7163,health-monitor,trigger,success,2026-10-08 10:40:00.036,2026-10-08 10:40:00.205,169
7164,ioc-extractor,trigger,success,2026-10-08 10:45:00.041,2026-10-08 10:45:00.159,118
7165,health-monitor,trigger,success,2026-10-08 10:45:00.064,2026-10-08 10:45:00.367,303
7166,health-monitor,trigger,success,2026-10-08 10:50:00.032,2026-10-08 10:50:00.197,165
7167,health-monitor,trigger,success,2026-10-08 10:55:00.040,2026-10-08 10:55:00.220,180
7168,report-generator,trigger,success,2026-10-08 11:00:00.105,2026-10-08 11:00:00.423,318
7169,ioc-extractor,trigger,success,2026-10-08 11:00:00.122,2026-10-08 11:00:00.519,397
7170,health-monitor,trigger,success,2026-10-08 11:00:00.134,2026-10-08 11:00:00.662,528
7171,health-monitor,trigger,success,2026-10-08 11:05:00.046,2026-10-08 11:05:00.201,155
7172,health-monitor,trigger,success,2026-10-08 11:10:00.055,2026-10-08 11:10:00.258,203
7173,health-monitor,trigger,success,2026-10-08 11:15:00.061,2026-10-08 11:15:00.421,360
7174,ioc-extractor,trigger,success,2026-10-08 11:15:00.103,2026-10-08 11:15:00.502,399
7175,health-monitor,trigger,success,2026-10-08 11:20:00.069,2026-10-08 11:20:00.164,95
7176,health-monitor,trigger,success,2026-10-08 11:25:05.561,2026-10-08 11:25:06.214,653
7177,ioc-extractor,trigger,success,2026-10-08 11:30:00.085,2026-10-08 11:30:00.205,120
7178,health-monitor,trigger,success,2026-10-08 11:30:00.112,2026-10-08 11:30:00.282,170
7179,health-monitor,trigger,success,2026-10-08 11:35:00.161,2026-10-08 11:35:00.274,113
7180,health-monitor,trigger,success,2026-10-08 11:40:00.115,2026-10-08 11:40:00.252,137
7181,health-monitor,trigger,success,2026-10-08 11:45:00.068,2026-10-08 11:45:00.291,223
7182,ioc-extractor,trigger,success,2026-10-08 11:45:00.148,2026-10-08 11:45:00.306,158
7183,health-monitor,trigger,success,2026-10-08 11:50:00.108,2026-10-08 11:50:00.210,102
7184,health-monitor,trigger,success,2026-10-08 11:55:00.066,2026-10-08 11:55:00.283,217
7185,ioc-extractor,trigger,success,2026-10-08 12:00:00.085,2026-10-08 12:00:00.510,425
7186,health-monitor,trigger,success,2026-10-08 12:00:00.214,2026-10-08 12:00:00.452,238
7187,health-monitor,trigger,success,2026-10-08 12:05:00.091,2026-10-08 12:05:00.192,101
7188,health-monitor,trigger,success,2026-10-08 12:10:00.092,2026-10-08 12:10:00.186,94
7189,ioc-extractor,trigger,success,2026-10-08 12:15:00.078,2026-10-08 12:15:00.211,133
7190,health-monitor,trigger,success,2026-10-08 12:15:00.125,2026-10-08 12:15:01.032,907
7191,health-monitor,trigger,success,2026-10-08 12:20:00.108,2026-10-08 12:20:00.367,259
7192,health-monitor,trigger,success,2026-10-08 12:25:00.097,2026-10-08 12:25:00.211,114
7193,ioc-extractor,trigger,success,2026-10-08 12:30:00.049,2026-10-08 12:30:00.134,85
7194,health-monitor,trigger,success,2026-10-08 12:30:00.061,2026-10-08 12:30:00.276,215
7195,health-monitor,trigger,success,2026-10-08 12:35:00.099,2026-10-08 12:35:00.364,265
7196,health-monitor,trigger,success,2026-10-08 12:40:00.146,2026-10-08 12:40:00.406,260
7197,ioc-extractor,trigger,success,2026-10-08 12:45:00.129,2026-10-08 12:45:00.451,322
7198,health-monitor,trigger,success,2026-10-08 12:45:00.204,2026-10-08 12:45:00.503,299
7199,health-monitor,trigger,success,2026-10-08 12:50:00.083,2026-10-08 12:50:00.309,226
7200,health-monitor,trigger,success,2026-10-08 12:55:00.115,2026-10-08 12:55:00.459,344
7201,ioc-extractor,trigger,success,2026-10-08 13:00:00.092,2026-10-08 13:00:00.465,373
7202,health-monitor,trigger,success,2026-10-08 13:00:00.183,2026-10-08 13:00:00.448,265
7203,health-monitor,trigger,success,2026-10-08 13:05:00.077,2026-10-08 13:05:00.362,285
7204,health-monitor,trigger,success,2026-10-08 13:10:00.080,2026-10-08 13:10:00.190,110
7205,ioc-extractor,trigger,success,2026-10-08 13:15:00.114,2026-10-08 13:15:00.452,338
7206,health-monitor,trigger,success,2026-10-08 13:15:00.209,2026-10-08 13:15:00.459,250
7207,health-monitor,trigger,success,2026-10-08 13:20:00.144,2026-10-08 13:20:00.267,123
7208,health-monitor,trigger,success,2026-10-08 13:25:00.094,2026-10-08 13:25:00.194,100
7209,ioc-extractor,trigger,success,2026-10-08 13:30:00.093,2026-10-08 13:30:00.219,126
7210,health-monitor,trigger,success,2026-10-08 13:30:00.124,2026-10-08 13:30:00.328,204
7211,health-monitor,trigger,success,2026-10-08 13:35:00.120,2026-10-08 13:35:00.450,330
7212,health-monitor,trigger,success,2026-10-08 13:40:00.084,2026-10-08 13:40:00.219,135
7213,ioc-extractor,trigger,success,2026-10-08 13:45:00.077,2026-10-08 13:45:00.251,174
7214,health-monitor,trigger,success,2026-10-08 13:45:00.127,2026-10-08 13:45:00.361,234
7215,health-monitor,trigger,success,2026-10-08 13:50:00.102,2026-10-08 13:50:00.237,135
7216,health-monitor,trigger,success,2026-10-08 13:55:00.061,2026-10-08 13:55:00.368,307
7217,health-monitor,trigger,success,2026-10-08 14:00:00.136,2026-10-08 14:00:01.764,1628
7218,ioc-extractor,trigger,success,2026-10-08 14:00:00.217,2026-10-08 14:00:01.734,1517
7219,health-monitor,trigger,success,2026-10-08 14:05:00.098,2026-10-08 14:05:00.370,272
7220,health-monitor,trigger,success,2026-10-08 14:10:00.114,2026-10-08 14:10:00.247,133
7221,ioc-extractor,trigger,success,2026-10-08 14:15:00.211,2026-10-08 14:15:00.582,371
7222,health-monitor,trigger,success,2026-10-08 14:15:00.281,2026-10-08 14:15:00.592,311
7223,health-monitor,trigger,success,2026-10-08 14:20:00.209,2026-10-08 14:20:00.342,133
7224,health-monitor,trigger,success,2026-10-08 14:25:00.120,2026-10-08 14:25:00.239,119
7225,ioc-extractor,trigger,success,2026-10-08 14:30:00.205,2026-10-08 14:30:00.596,391
7226,health-monitor,trigger,success,2026-10-08 14:30:00.316,2026-10-08 14:30:01.022,706
7227,health-monitor,trigger,success,2026-10-08 14:35:00.099,2026-10-08 14:35:00.369,270
7228,health-monitor,trigger,success,2026-10-08 14:40:00.116,2026-10-08 14:40:00.234,118
7229,ioc-extractor,trigger,success,2026-10-08 14:45:00.086,2026-10-08 14:45:00.250,164
7230,health-monitor,trigger,success,2026-10-08 14:45:00.152,2026-10-08 14:45:00.322,170
7231,health-monitor,trigger,success,2026-10-08 14:50:00.073,2026-10-08 14:50:00.166,93
7232,health-monitor,trigger,success,2026-10-08 14:55:00.111,2026-10-08 14:55:00.197,86
7233,ioc-extractor,trigger,success,2026-10-08 15:00:00.053,2026-10-08 15:00:00.106,53
7234,health-monitor,trigger,success,2026-10-08 15:00:00.063,2026-10-08 15:00:00.228,165
7235,health-monitor,trigger,success,2026-10-08 15:05:00.150,2026-10-08 15:05:00.347,197
7236,health-monitor,trigger,success,2026-10-08 15:10:00.133,2026-10-08 15:10:00.371,238
7237,ioc-extractor,trigger,success,2026-10-08 15:15:00.083,2026-10-08 15:15:00.276,193
7238,health-monitor,trigger,success,2026-10-08 15:15:00.107,2026-10-08 15:15:00.323,216
7239,health-monitor,trigger,success,2026-10-08 15:20:00.157,2026-10-08 15:20:00.283,126
7240,health-monitor,trigger,success,2026-10-08 15:25:00.072,2026-10-08 15:25:00.186,114
7241,ioc-extractor,trigger,success,2026-10-08 15:30:00.118,2026-10-08 15:30:00.245,127
7242,health-monitor,trigger,success,2026-10-08 15:30:00.164,2026-10-08 15:30:00.338,174
7243,health-monitor,trigger,success,2026-10-08 15:35:00.097,2026-10-08 15:35:00.316,219
7244,health-monitor,trigger,success,2026-10-08 15:40:00.090,2026-10-08 15:40:00.198,108
7245,ioc-extractor,trigger,success,2026-10-08 15:45:00.083,2026-10-08 15:45:00.220,137
7246,health-monitor,trigger,success,2026-10-08 15:45:00.128,2026-10-08 15:45:00.349,221
7247,health-monitor,trigger,success,2026-10-08 15:50:00.093,2026-10-08 15:50:00.202,109
7248,health-monitor,trigger,success,2026-10-08 15:55:00.124,2026-10-08 15:55:00.343,219
7249,ioc-extractor,trigger,success,2026-10-08 16:00:00.649,2026-10-08 16:00:00.886,237
7250,health-monitor,trigger,success,2026-10-08 16:00:00.767,2026-10-08 16:00:01.070,303
7251,health-monitor,trigger,success,2026-10-08 16:05:00.088,2026-10-08 16:05:01.365,1277
7252,health-monitor,trigger,success,2026-10-08 16:10:00.131,2026-10-08 16:10:00.399,268
7253,ioc-extractor,trigger,success,2026-10-08 16:15:00.084,2026-10-08 16:15:00.267,183
7254,health-monitor,trigger,success,2026-10-08 16:15:00.155,2026-10-08 16:15:00.389,234
7255,health-monitor,trigger,success,2026-10-08 16:20:00.051,2026-10-08 16:20:00.157,106
7256,health-monitor,trigger,success,2026-10-08 16:25:00.071,2026-10-08 16:25:00.183,112
7257,ioc-extractor,trigger,success,2026-10-08 16:30:00.093,2026-10-08 16:30:00.245,152
7258,health-monitor,trigger,success,2026-10-08 16:30:00.137,2026-10-08 16:30:00.334,197
7259,health-monitor,trigger,success,2026-10-08 16:35:00.085,2026-10-08 16:35:00.197,112
7260,health-monitor,trigger,success,2026-10-08 16:40:00.067,2026-10-08 16:40:00.173,106
7261,ioc-extractor,trigger,success,2026-10-08 16:45:00.085,2026-10-08 16:45:00.241,156
7262,health-monitor,trigger,success,2026-10-08 16:45:00.152,2026-10-08 16:45:00.340,188
7263,health-monitor,trigger,success,2026-10-08 16:50:00.108,2026-10-08 16:50:00.205,97
7264,health-monitor,trigger,success,2026-10-08 16:55:00.075,2026-10-08 16:55:00.158,83
7265,health-monitor,trigger,success,2026-10-08 17:00:00.121,2026-10-08 17:00:00.351,230
7266,ioc-extractor,trigger,success,2026-10-08 17:00:00.181,2026-10-08 17:00:00.362,181
7267,health-monitor,trigger,success,2026-10-08 17:05:00.131,2026-10-08 17:05:00.476,345
7268,health-monitor,trigger,success,2026-10-08 17:10:00.047,2026-10-08 17:10:00.129,82
7269,ioc-extractor,trigger,success,2026-10-08 17:15:00.084,2026-10-08 17:15:00.225,141
7270,health-monitor,trigger,success,2026-10-08 17:15:00.144,2026-10-08 17:15:00.297,153
7271,health-monitor,trigger,success,2026-10-08 17:20:00.071,2026-10-08 17:20:00.156,85
7272,health-monitor,trigger,success,2026-10-08 17:25:00.074,2026-10-08 17:25:00.167,93
7273,health-monitor,trigger,success,2026-10-08 17:30:00.068,2026-10-08 17:30:00.323,255
7274,ioc-extractor,trigger,success,2026-10-08 17:30:00.153,2026-10-08 17:30:00.337,184
7275,health-monitor,trigger,success,2026-10-08 17:35:00.094,2026-10-08 17:35:00.180,86
7276,health-monitor,trigger,success,2026-10-08 17:40:00.075,2026-10-08 17:40:00.163,88
7277,ioc-extractor,trigger,success,2026-10-08 17:45:00.076,2026-10-08 17:45:00.244,168
7278,health-monitor,trigger,success,2026-10-08 17:45:00.142,2026-10-08 17:45:00.319,177
7279,health-monitor,trigger,success,2026-10-08 17:50:00.094,2026-10-08 17:50:00.181,87
7280,health-monitor,trigger,success,2026-10-08 17:55:00.078,2026-10-08 17:55:00.315,237
7281,health-monitor,trigger,success,2026-10-08 18:00:00.059,2026-10-08 18:00:00.244,185
7282,ioc-extractor,trigger,success,2026-10-08 18:00:00.107,2026-10-08 18:00:00.261,154
7283,health-monitor,trigger,success,2026-10-08 18:05:00.091,2026-10-08 18:05:00.269,178
7284,health-monitor,trigger,success,2026-10-08 18:10:00.042,2026-10-08 18:10:00.130,88
7285,ioc-extractor,trigger,success,2026-10-08 18:15:00.086,2026-10-08 18:15:00.218,132
7286,health-monitor,trigger,success,2026-10-08 18:15:00.127,2026-10-08 18:15:00.291,164
7287,health-monitor,trigger,success,2026-10-08 18:20:00.073,2026-10-08 18:20:00.166,93
7288,health-monitor,trigger,success,2026-10-08 18:25:00.065,2026-10-08 18:25:00.211,146
7289,health-monitor,trigger,success,2026-10-08 18:30:00.086,2026-10-08 18:30:00.283,197
7290,ioc-extractor,trigger,success,2026-10-08 18:30:00.153,2026-10-08 18:30:00.451,298
7291,health-monitor,trigger,success,2026-10-08 18:35:00.093,2026-10-08 18:35:00.344,251
7292,health-monitor,trigger,success,2026-10-08 18:40:00.099,2026-10-08 18:40:00.193,94
7293,health-monitor,trigger,success,2026-10-08 18:45:00.075,2026-10-08 18:45:00.256,181
7294,ioc-extractor,trigger,success,2026-10-08 18:45:00.128,2026-10-08 18:45:00.299,171
7295,health-monitor,trigger,success,2026-10-08 18:50:00.069,2026-10-08 18:50:00.167,98
7296,health-monitor,trigger,success,2026-10-08 18:55:00.086,2026-10-08 18:55:00.175,89
7297,ioc-extractor,trigger,success,2026-10-08 19:00:00.100,2026-10-08 19:00:00.208,108
7298,health-monitor,trigger,success,2026-10-08 19:00:00.145,2026-10-08 19:00:00.281,136
7299,health-monitor,trigger,success,2026-10-08 19:05:00.109,2026-10-08 19:05:00.298,189
7300,health-monitor,trigger,success,2026-10-08 19:10:00.069,2026-10-08 19:10:00.154,85
7301,ioc-extractor,trigger,success,2026-10-08 19:15:00.114,2026-10-08 19:15:00.265,151
7302,health-monitor,trigger,success,2026-10-08 19:15:00.158,2026-10-08 19:15:00.337,179
7303,health-monitor,trigger,success,2026-10-08 19:20:00.081,2026-10-08 19:20:00.162,81
7304,health-monitor,trigger,success,2026-10-08 19:25:00.051,2026-10-08 19:25:00.131,80
7305,health-monitor,trigger,success,2026-10-08 19:30:00.068,2026-10-08 19:30:00.271,203
7306,ioc-extractor,trigger,success,2026-10-08 19:30:00.126,2026-10-08 19:30:00.310,184
7307,health-monitor,trigger,success,2026-10-08 19:35:00.068,2026-10-08 19:35:00.168,100
7308,health-monitor,trigger,success,2026-10-08 19:40:00.089,2026-10-08 19:40:00.179,90
7309,ioc-extractor,trigger,success,2026-10-08 19:45:00.073,2026-10-08 19:45:00.222,149
7310,health-monitor,trigger,success,2026-10-08 19:45:00.132,2026-10-08 19:45:00.303,171
7311,health-monitor,trigger,success,2026-10-08 19:50:00.066,2026-10-08 19:50:00.175,109
7312,health-monitor,trigger,success,2026-10-08 19:55:00.092,2026-10-08 19:55:00.433,341
7313,ioc-extractor,trigger,success,2026-10-08 20:00:00.094,2026-10-08 20:00:00.253,159
7314,health-monitor,trigger,success,2026-10-08 20:00:00.161,2026-10-08 20:00:00.328,167
7315,health-monitor,trigger,success,2026-10-08 20:05:00.090,2026-10-08 20:05:00.237,147
7316,health-monitor,trigger,success,2026-10-08 20:10:00.096,2026-10-08 20:10:00.175,79
7317,ioc-extractor,trigger,success,2026-10-08 20:15:00.108,2026-10-08 20:15:00.315,207
7318,health-monitor,trigger,success,2026-10-08 20:15:00.169,2026-10-08 20:15:00.389,220
7319,health-monitor,trigger,success,2026-10-08 20:20:00.097,2026-10-08 20:20:00.192,95
7320,health-monitor,trigger,success,2026-10-08 20:25:00.073,2026-10-08 20:25:00.166,93
7321,ioc-extractor,trigger,success,2026-10-08 20:30:00.121,2026-10-08 20:30:00.301,180
7322,health-monitor,trigger,success,2026-10-08 20:30:00.188,2026-10-08 20:30:00.748,560
7323,health-monitor,trigger,success,2026-10-08 20:35:00.094,2026-10-08 20:35:00.324,230
7324,health-monitor,trigger,success,2026-10-08 20:40:00.084,2026-10-08 20:40:00.178,94
7325,ioc-extractor,trigger,success,2026-10-08 20:45:00.096,2026-10-08 20:45:00.259,163
7326,health-monitor,trigger,success,2026-10-08 20:45:00.154,2026-10-08 20:45:00.333,179
7327,health-monitor,trigger,success,2026-10-08 20:50:00.080,2026-10-08 20:50:00.182,102
7328,health-monitor,trigger,success,2026-10-08 20:55:00.079,2026-10-08 20:55:00.167,88
7329,ioc-extractor,trigger,success,2026-10-08 21:00:00.076,2026-10-08 21:00:00.246,170
7330,health-monitor,trigger,success,2026-10-08 21:00:00.155,2026-10-08 21:00:00.339,184
7331,health-monitor,trigger,success,2026-10-08 21:05:00.123,2026-10-08 21:05:00.333,210
7332,health-monitor,trigger,success,2026-10-08 21:10:00.099,2026-10-08 21:10:00.186,87
7333,health-monitor,trigger,success,2026-10-08 21:15:00.095,2026-10-08 21:15:00.270,175
7334,ioc-extractor,trigger,success,2026-10-08 21:15:00.163,2026-10-08 21:15:00.287,124
7335,health-monitor,trigger,success,2026-10-08 21:20:00.063,2026-10-08 21:20:00.138,75
7336,health-monitor,trigger,success,2026-10-08 21:25:00.081,2026-10-08 21:25:00.169,88
7337,ioc-extractor,trigger,success,2026-10-08 21:30:00.081,2026-10-08 21:30:00.229,148
7338,health-monitor,trigger,success,2026-10-08 21:30:00.135,2026-10-08 21:30:00.301,166
7339,health-monitor,trigger,success,2026-10-08 21:35:00.095,2026-10-08 21:35:00.188,93
7340,health-monitor,trigger,success,2026-10-08 21:40:00.075,2026-10-08 21:40:00.183,108
7341,ioc-extractor,trigger,success,2026-10-08 21:45:00.099,2026-10-08 21:45:00.246,147
7342,health-monitor,trigger,success,2026-10-08 21:45:00.160,2026-10-08 21:45:00.323,163
7343,health-monitor,trigger,success,2026-10-08 21:50:00.112,2026-10-08 21:50:00.206,94
7344,health-monitor,trigger,success,2026-10-08 21:55:00.114,2026-10-08 21:55:00.361,247
7345,ioc-extractor,trigger,success,2026-10-08 22:00:00.098,2026-10-08 22:00:00.245,147
7346,health-monitor,trigger,success,2026-10-08 22:00:00.155,2026-10-08 22:00:00.319,164
7347,health-monitor,trigger,success,2026-10-08 22:05:00.085,2026-10-08 22:05:00.264,179
7348,health-monitor,trigger,success,2026-10-08 22:10:00.067,2026-10-08 22:10:00.165,98
7349,ioc-extractor,trigger,success,2026-10-08 22:15:00.152,2026-10-08 22:15:00.637,485
7350,health-monitor,trigger,success,2026-10-08 22:15:00.260,2026-10-08 22:15:00.642,382
7351,health-monitor,trigger,success,2026-10-08 22:20:00.111,2026-10-08 22:20:00.223,112
7352,health-monitor,trigger,success,2026-10-08 22:25:00.105,2026-10-08 22:25:00.221,116
7353,ioc-extractor,trigger,success,2026-10-08 22:30:00.111,2026-10-08 22:30:00.323,212
7354,health-monitor,trigger,success,2026-10-08 22:30:00.186,2026-10-08 22:30:00.408,222
7355,health-monitor,trigger,success,2026-10-08 22:35:00.139,2026-10-08 22:35:00.388,249
7356,health-monitor,trigger,success,2026-10-08 22:40:00.088,2026-10-08 22:40:00.208,120
7357,health-monitor,trigger,success,2026-10-08 22:45:00.152,2026-10-08 22:45:00.411,259
7358,ioc-extractor,trigger,success,2026-10-08 22:45:00.239,2026-10-08 22:45:00.443,204
7359,health-monitor,trigger,success,2026-10-08 22:50:00.126,2026-10-08 22:50:00.286,160
7360,health-monitor,trigger,success,2026-10-08 22:55:00.113,2026-10-08 22:55:00.862,749
7361,health-monitor,trigger,success,2026-10-08 23:00:00.164,2026-10-08 23:00:00.515,351
7362,ioc-extractor,trigger,success,2026-10-08 23:00:00.242,2026-10-08 23:00:00.513,271
7363,health-monitor,trigger,success,2026-10-08 23:05:00.069,2026-10-08 23:05:00.190,121
7364,health-monitor,trigger,success,2026-10-08 23:10:00.085,2026-10-08 23:10:00.190,105
7365,ioc-extractor,trigger,success,2026-10-08 23:15:00.102,2026-10-08 23:15:00.270,168
7366,health-monitor,trigger,success,2026-10-08 23:15:00.177,2026-10-08 23:15:00.363,186
7367,health-monitor,trigger,success,2026-10-08 23:20:00.133,2026-10-08 23:20:00.317,184
7368,health-monitor,trigger,success,2026-10-08 23:25:00.058,2026-10-08 23:25:00.206,148
7369,ioc-extractor,trigger,success,2026-10-08 23:30:00.077,2026-10-08 23:30:00.212,135
7370,health-monitor,trigger,success,2026-10-08 23:30:00.143,2026-10-08 23:30:00.288,145
7371,health-monitor,trigger,success,2026-10-08 23:35:00.094,2026-10-08 23:35:00.187,93
7372,health-monitor,trigger,success,2026-10-08 23:40:00.053,2026-10-08 23:40:00.153,100
7373,ioc-extractor,trigger,success,2026-10-08 23:45:00.092,2026-10-08 23:45:00.277,185
7374,health-monitor,trigger,success,2026-10-08 23:45:00.163,2026-10-08 23:45:00.351,188
7375,health-monitor,trigger,success,2026-10-08 23:50:00.093,2026-10-08 23:50:00.204,111
7376,health-monitor,trigger,success,2026-10-08 23:55:00.047,2026-10-08 23:55:00.121,74
7377,ioc-extractor,trigger,success,2026-10-09 00:00:00.076,2026-10-09 00:00:00.267,191
7378,health-monitor,trigger,success,2026-10-09 00:00:00.160,2026-10-09 00:00:00.342,182
7379,health-monitor,trigger,success,2026-10-09 00:05:00.082,2026-10-09 00:05:00.263,181
7380,health-monitor,trigger,success,2026-10-09 00:10:00.092,2026-10-09 00:10:00.188,96
7381,health-monitor,trigger,success,2026-10-09 00:15:00.083,2026-10-09 00:15:00.246,163
7382,ioc-extractor,trigger,success,2026-10-09 00:15:00.114,2026-10-09 00:15:00.260,146
7383,health-monitor,trigger,success,2026-10-09 00:20:00.065,2026-10-09 00:20:00.147,82
7384,health-monitor,trigger,success,2026-10-09 00:25:00.058,2026-10-09 00:25:00.130,72
7385,ioc-extractor,trigger,success,2026-10-09 00:30:00.071,2026-10-09 00:30:00.200,129
7386,health-monitor,trigger,success,2026-10-09 00:30:00.121,2026-10-09 00:30:00.276,155
7387,health-monitor,trigger,success,2026-10-09 00:35:00.099,2026-10-09 00:35:00.198,99
7388,health-monitor,trigger,success,2026-10-09 00:40:00.081,2026-10-09 00:40:00.179,98
7389,ioc-extractor,trigger,success,2026-10-09 00:45:00.076,2026-10-09 00:45:00.225,149
7390,health-monitor,trigger,success,2026-10-09 00:45:00.128,2026-10-09 00:45:00.295,167
7391,health-monitor,trigger,success,2026-10-09 00:50:00.074,2026-10-09 00:50:00.152,78
7392,health-monitor,trigger,success,2026-10-09 00:55:00.084,2026-10-09 00:55:00.160,76
7393,ioc-extractor,trigger,success,2026-10-09 01:00:00.105,2026-10-09 01:00:00.269,164
7394,health-monitor,trigger,success,2026-10-09 01:00:00.175,2026-10-09 01:00:00.342,167
7395,health-monitor,trigger,success,2026-10-09 01:05:00.098,2026-10-09 01:05:00.186,88
7396,health-monitor,trigger,success,2026-10-09 01:10:00.097,2026-10-09 01:10:00.178,81
7397,ioc-extractor,trigger,success,2026-10-09 01:15:00.115,2026-10-09 01:15:00.345,230
7398,health-monitor,trigger,success,2026-10-09 01:15:00.234,2026-10-09 01:15:00.426,192
7399,health-monitor,trigger,success,2026-10-09 01:20:00.174,2026-10-09 01:20:00.273,99
7400,health-monitor,trigger,success,2026-10-09 01:25:00.074,2026-10-09 01:25:00.165,91
7401,ioc-extractor,trigger,success,2026-10-09 01:30:00.100,2026-10-09 01:30:00.334,234
7402,health-monitor,trigger,success,2026-10-09 01:30:00.166,2026-10-09 01:30:00.848,682
7403,event-ingest,webhook,success,2026-10-09 01:30:09.934,2026-10-09 01:30:10.413,479
7404,event-ingest,webhook,success,2026-10-09 01:30:10.535,2026-10-09 01:30:10.949,414
7405,event-ingest,webhook,success,2026-10-09 01:30:10.658,2026-10-09 01:30:11.071,413
7406,event-ingest,webhook,success,2026-10-09 01:30:10.765,2026-10-09 01:30:11.143,378
7407,event-ingest,webhook,success,2026-10-09 01:30:13.289,2026-10-09 01:30:13.674,385
7408,event-ingest,webhook,success,2026-10-09 01:30:13.427,2026-10-09 01:30:13.813,386
7409,event-ingest,webhook,success,2026-10-09 01:30:14.449,2026-10-09 01:30:14.828,379
7410,event-ingest,webhook,success,2026-10-09 01:30:15.127,2026-10-09 01:30:15.482,355
7411,event-ingest,webhook,success,2026-10-09 01:30:15.916,2026-10-09 01:30:16.311,395
7412,event-ingest,webhook,success,2026-10-09 01:30:16.588,2026-10-09 01:30:16.980,392
7413,event-ingest,webhook,success,2026-10-09 01:30:17.574,2026-10-09 01:30:17.941,367
7414,event-ingest,webhook,success,2026-10-09 01:30:17.652,2026-10-09 01:30:18.046,394
7415,event-ingest,webhook,success,2026-10-09 01:30:18.645,2026-10-09 01:30:19.016,371
7416,event-ingest,webhook,success,2026-10-09 01:30:18.723,2026-10-09 01:30:19.092,369
7417,event-ingest,webhook,success,2026-10-09 01:30:18.826,2026-10-09 01:30:19.206,380
7418,event-ingest,webhook,success,2026-10-09 01:30:18.908,2026-10-09 01:30:19.332,424
7419,event-ingest,webhook,success,2026-10-09 01:30:20.527,2026-10-09 01:30:20.901,374
7420,event-ingest,webhook,success,2026-10-09 01:30:20.604,2026-10-09 01:30:20.978,374
7421,event-ingest,webhook,success,2026-10-09 01:30:20.681,2026-10-09 01:30:21.064,383
7422,event-ingest,webhook,success,2026-10-09 01:30:20.757,2026-10-09 01:30:21.133,376
7423,event-ingest,webhook,success,2026-10-09 01:30:22.647,2026-10-09 01:30:23.012,365
7424,event-ingest,webhook,success,2026-10-09 01:30:22.731,2026-10-09 01:30:23.105,374
7425,event-ingest,webhook,success,2026-10-09 01:30:22.806,2026-10-09 01:30:23.197,391
7426,event-ingest,webhook,success,2026-10-09 01:30:22.897,2026-10-09 01:30:23.266,369
7427,event-ingest,webhook,success,2026-10-09 01:30:24.773,2026-10-09 01:30:25.183,410
7428,event-ingest,webhook,success,2026-10-09 01:30:24.851,2026-10-09 01:30:25.267,416
7429,event-ingest,webhook,success,2026-10-09 01:30:24.931,2026-10-09 01:30:25.313,382
7430,event-ingest,webhook,success,2026-10-09 01:30:25.008,2026-10-09 01:30:25.360,352
7431,event-ingest,webhook,success,2026-10-09 01:30:26.879,2026-10-09 01:30:27.313,434
7432,event-ingest,webhook,success,2026-10-09 01:30:27.072,2026-10-09 01:30:27.443,371
7433,event-ingest,webhook,success,2026-10-09 01:30:27.155,2026-10-09 01:30:27.534,379
7434,event-ingest,webhook,success,2026-10-09 01:30:27.234,2026-10-09 01:30:27.651,417
7435,event-ingest,webhook,success,2026-10-09 01:30:28.816,2026-10-09 01:30:29.173,357
7436,event-ingest,webhook,success,2026-10-09 01:30:28.878,2026-10-09 01:30:29.254,376
7437,event-ingest,webhook,success,2026-10-09 01:30:28.974,2026-10-09 01:30:29.378,404
7438,event-ingest,webhook,success,2026-10-09 01:30:29.055,2026-10-09 01:30:29.459,404
7439,event-ingest,webhook,success,2026-10-09 01:30:30.947,2026-10-09 01:30:31.359,412
7440,event-ingest,webhook,success,2026-10-09 01:30:31.078,2026-10-09 01:30:31.455,377
7441,event-ingest,webhook,success,2026-10-09 01:30:31.155,2026-10-09 01:30:33.214,2059
7442,event-ingest,webhook,success,2026-10-09 01:30:31.230,2026-10-09 01:30:33.310,2080
7443,event-ingest,webhook,success,2026-10-09 01:30:33.113,2026-10-09 01:30:35.168,2055
7444,event-ingest,webhook,success,2026-10-09 01:30:33.177,2026-10-09 01:30:35.296,2119
7445,event-ingest,webhook,success,2026-10-09 01:30:33.338,2026-10-09 01:30:35.467,2129
7446,event-ingest,webhook,success,2026-10-09 01:30:33.476,2026-10-09 01:30:35.536,2060
7447,event-ingest,webhook,success,2026-10-09 01:30:35.072,2026-10-09 01:30:37.181,2109
7448,event-ingest,webhook,success,2026-10-09 01:30:35.152,2026-10-09 01:30:37.320,2168
7449,event-ingest,webhook,success,2026-10-09 01:30:35.318,2026-10-09 01:30:37.457,2139
7450,event-ingest,webhook,success,2026-10-09 01:30:35.459,2026-10-09 01:30:37.560,2101
7451,event-ingest,webhook,success,2026-10-09 01:30:37.083,2026-10-09 01:30:39.164,2081
7452,event-ingest,webhook,success,2026-10-09 01:30:37.210,2026-10-09 01:30:39.492,2282
7453,event-ingest,webhook,success,2026-10-09 01:30:37.525,2026-10-09 01:30:39.902,2377
7454,event-ingest,webhook,success,2026-10-09 01:30:37.936,2026-10-09 01:30:40.002,2066
7455,event-ingest,webhook,success,2026-10-09 01:30:38.027,2026-10-09 01:30:40.135,2108
7456,event-ingest,webhook,success,2026-10-09 01:30:38.153,2026-10-09 01:30:40.242,2089
7457,event-ingest,webhook,success,2026-10-09 01:30:38.243,2026-10-09 01:30:40.454,2211
7458,event-ingest,webhook,success,2026-10-09 01:30:38.309,2026-10-09 01:30:40.472,2163
7459,event-ingest,webhook,success,2026-10-09 01:30:38.391,2026-10-09 01:30:40.530,2139
7460,health-monitor,trigger,success,2026-10-09 01:35:00.084,2026-10-09 01:35:00.337,253
7461,health-monitor,trigger,success,2026-10-09 01:40:00.089,2026-10-09 01:40:00.206,117
7462,ioc-extractor,trigger,success,2026-10-09 01:45:00.105,2026-10-09 01:45:01.579,1474
7463,health-monitor,trigger,success,2026-10-09 01:45:00.148,2026-10-09 01:45:00.338,190
7464,event-ingest,webhook,success,2026-10-09 01:45:06.910,2026-10-09 01:45:07.334,424
7465,event-ingest,webhook,success,2026-10-09 01:45:07.013,2026-10-09 01:45:07.377,364
7466,event-ingest,webhook,success,2026-10-09 01:45:07.113,2026-10-09 01:45:07.512,399
7467,event-ingest,webhook,success,2026-10-09 01:45:07.230,2026-10-09 01:45:07.639,409
7468,event-ingest,webhook,success,2026-10-09 01:45:08.852,2026-10-09 01:45:09.223,371
7469,event-ingest,webhook,success,2026-10-09 01:45:08.954,2026-10-09 01:45:09.315,361
7470,event-ingest,webhook,success,2026-10-09 01:45:09.031,2026-10-09 01:45:09.400,369
7471,event-ingest,webhook,success,2026-10-09 01:45:09.100,2026-10-09 01:45:09.493,393
7472,event-ingest,webhook,success,2026-10-09 01:45:10.995,2026-10-09 01:45:11.391,396
7473,event-ingest,webhook,success,2026-10-09 01:45:11.095,2026-10-09 01:45:11.452,357
7474,event-ingest,webhook,success,2026-10-09 01:45:11.174,2026-10-09 01:45:11.596,422
7475,event-ingest,webhook,success,2026-10-09 01:45:11.258,2026-10-09 01:45:11.648,390
7476,event-ingest,webhook,success,2026-10-09 01:45:13.168,2026-10-09 01:45:13.590,422
7477,event-ingest,webhook,success,2026-10-09 01:45:13.261,2026-10-09 01:45:13.640,379
7478,event-ingest,webhook,success,2026-10-09 01:45:14.256,2026-10-09 01:45:14.652,396
7479,event-ingest,webhook,success,2026-10-09 01:45:14.973,2026-10-09 01:45:15.386,413
7480,event-ingest,webhook,success,2026-10-09 01:45:15.964,2026-10-09 01:45:16.354,390
7481,event-ingest,webhook,success,2026-10-09 01:45:16.663,2026-10-09 01:45:17.067,404
7482,event-ingest,webhook,success,2026-10-09 01:45:17.343,2026-10-09 01:45:17.735,392
7483,event-ingest,webhook,success,2026-10-09 01:45:17.429,2026-10-09 01:45:17.809,380
7484,event-ingest,webhook,success,2026-10-09 01:45:18.431,2026-10-09 01:45:18.841,410
7485,event-ingest,webhook,success,2026-10-09 01:45:18.551,2026-10-09 01:45:18.925,374
7486,event-ingest,webhook,success,2026-10-09 01:45:18.658,2026-10-09 01:45:19.033,375
7487,event-ingest,webhook,success,2026-10-09 01:45:18.761,2026-10-09 01:45:19.173,412
7488,event-ingest,webhook,success,2026-10-09 01:45:20.708,2026-10-09 01:45:21.086,378
7489,event-ingest,webhook,success,2026-10-09 01:45:20.844,2026-10-09 01:45:21.228,384
7490,event-ingest,webhook,success,2026-10-09 01:45:20.945,2026-10-09 01:45:21.318,373
7491,event-ingest,webhook,success,2026-10-09 01:45:21.015,2026-10-09 01:45:21.390,375
7492,event-ingest,webhook,success,2026-10-09 01:45:22.627,2026-10-09 01:45:23.034,407
7493,event-ingest,webhook,success,2026-10-09 01:45:22.752,2026-10-09 01:45:23.125,373
7494,event-ingest,webhook,success,2026-10-09 01:45:22.988,2026-10-09 01:45:23.425,437
7495,event-ingest,webhook,success,2026-10-09 01:45:23.163,2026-10-09 01:45:23.633,470
7496,event-ingest,webhook,success,2026-10-09 01:45:24.829,2026-10-09 01:45:25.261,432
7497,event-ingest,webhook,success,2026-10-09 01:45:24.931,2026-10-09 01:45:25.283,352
7498,event-ingest,webhook,success,2026-10-09 01:45:25.023,2026-10-09 01:45:27.126,2103
7499,event-ingest,webhook,success,2026-10-09 01:45:25.119,2026-10-09 01:45:27.198,2079
7500,event-ingest,webhook,success,2026-10-09 01:45:26.757,2026-10-09 01:45:28.827,2070
7501,event-ingest,webhook,success,2026-10-09 01:45:26.870,2026-10-09 01:45:28.985,2115
7502,event-ingest,webhook,success,2026-10-09 01:45:27.039,2026-10-09 01:45:29.142,2103
7503,event-ingest,webhook,success,2026-10-09 01:45:27.206,2026-10-09 01:45:29.543,2337
7504,event-ingest,webhook,success,2026-10-09 01:45:27.556,2026-10-09 01:45:29.675,2119
7505,event-ingest,webhook,success,2026-10-09 01:45:27.689,2026-10-09 01:45:29.759,2070
7506,health-monitor,trigger,success,2026-10-09 01:50:00.092,2026-10-09 01:50:00.336,244
7507,health-monitor,trigger,success,2026-10-09 01:55:00.054,2026-10-09 01:55:00.138,84
7508,health-monitor,trigger,success,2026-10-09 02:00:00.084,2026-10-09 02:00:00.314,230
7509,ioc-extractor,trigger,success,2026-10-09 02:00:00.167,2026-10-09 02:00:01.178,1011
7510,event-ingest,webhook,success,2026-10-09 02:00:06.475,2026-10-09 02:00:06.871,396
7511,event-ingest,webhook,success,2026-10-09 02:00:06.577,2026-10-09 02:00:07.053,476
7512,event-ingest,webhook,success,2026-10-09 02:00:06.703,2026-10-09 02:00:07.084,381
7513,event-ingest,webhook,success,2026-10-09 02:00:06.868,2026-10-09 02:00:07.418,550
7514,event-ingest,webhook,success,2026-10-09 02:00:08.661,2026-10-09 02:00:09.058,397
7515,event-ingest,webhook,success,2026-10-09 02:00:08.768,2026-10-09 02:00:09.214,446
7516,event-ingest,webhook,success,2026-10-09 02:00:08.919,2026-10-09 02:00:09.375,456
7517,event-ingest,webhook,success,2026-10-09 02:00:09.011,2026-10-09 02:00:09.969,958
7518,event-ingest,webhook,success,2026-10-09 02:00:10.575,2026-10-09 02:00:10.973,398
7519,event-ingest,webhook,success,2026-10-09 02:00:10.678,2026-10-09 02:00:11.035,357
7520,event-ingest,webhook,success,2026-10-09 02:00:10.743,2026-10-09 02:00:11.111,368
7521,event-ingest,webhook,success,2026-10-09 02:00:10.803,2026-10-09 02:00:11.183,380
7522,event-ingest,webhook,success,2026-10-09 02:00:10.926,2026-10-09 02:00:11.399,473
7523,event-ingest,webhook,success,2026-10-09 02:00:11.207,2026-10-09 02:00:11.886,679
7524,event-ingest,webhook,success,2026-10-09 02:00:11.912,2026-10-09 02:00:12.358,446
7525,event-ingest,webhook,success,2026-10-09 02:00:12.697,2026-10-09 02:00:13.081,384
7526,event-ingest,webhook,success,2026-10-09 02:00:13.422,2026-10-09 02:00:13.799,377
7527,event-ingest,webhook,success,2026-10-09 02:00:14.401,2026-10-09 02:00:14.802,401
7528,event-ingest,webhook,success,2026-10-09 02:00:15.067,2026-10-09 02:00:15.447,380
7529,event-ingest,webhook,success,2026-10-09 02:00:16.061,2026-10-09 02:00:16.441,380
7530,event-ingest,webhook,success,2026-10-09 02:00:16.763,2026-10-09 02:00:17.150,387
7531,event-ingest,webhook,success,2026-10-09 02:00:16.848,2026-10-09 02:00:17.254,406
7532,event-ingest,webhook,success,2026-10-09 02:00:17.821,2026-10-09 02:00:18.171,350
7533,event-ingest,webhook,success,2026-10-09 02:00:17.913,2026-10-09 02:00:18.307,394
7534,event-ingest,webhook,success,2026-10-09 02:00:17.998,2026-10-09 02:00:18.350,352
7535,event-ingest,webhook,success,2026-10-09 02:00:18.089,2026-10-09 02:00:18.532,443
7536,event-ingest,webhook,success,2026-10-09 02:00:19.698,2026-10-09 02:00:20.079,381
7537,event-ingest,webhook,success,2026-10-09 02:00:19.803,2026-10-09 02:00:20.188,385
7538,event-ingest,webhook,success,2026-10-09 02:00:19.916,2026-10-09 02:00:20.336,420
7539,event-ingest,webhook,success,2026-10-09 02:00:20.014,2026-10-09 02:00:20.425,411
7540,event-ingest,webhook,success,2026-10-09 02:00:22.264,2026-10-09 02:00:22.633,369
7541,event-ingest,webhook,success,2026-10-09 02:00:22.360,2026-10-09 02:00:22.736,376
7542,event-ingest,webhook,success,2026-10-09 02:00:23.369,2026-10-09 02:00:23.750,381
7543,event-ingest,webhook,success,2026-10-09 02:00:24.068,2026-10-09 02:00:24.454,386
7544,event-ingest,webhook,success,2026-10-09 02:00:24.822,2026-10-09 02:00:25.225,403
7545,event-ingest,webhook,success,2026-10-09 02:00:25.539,2026-10-09 02:00:25.924,385
7546,event-ingest,webhook,success,2026-10-09 02:00:26.543,2026-10-09 02:00:28.620,2077
7547,event-ingest,webhook,success,2026-10-09 02:00:27.242,2026-10-09 02:00:29.309,2067
7548,event-ingest,webhook,success,2026-10-09 02:00:27.364,2026-10-09 02:00:29.462,2098
7549,event-ingest,webhook,success,2026-10-09 02:00:28.437,2026-10-09 02:00:30.521,2084
7550,event-ingest,webhook,success,2026-10-09 02:00:28.564,2026-10-09 02:00:30.824,2260
7551,event-ingest,webhook,success,2026-10-09 02:00:28.975,2026-10-09 02:00:31.053,2078
7552,event-ingest,webhook,success,2026-10-09 02:00:29.071,2026-10-09 02:00:31.126,2055
7553,event-ingest,webhook,success,2026-10-09 02:00:30.371,2026-10-09 02:00:32.436,2065
7554,event-ingest,webhook,success,2026-10-09 02:00:30.469,2026-10-09 02:00:32.540,2071
7555,event-ingest,webhook,success,2026-10-09 02:00:30.577,2026-10-09 02:00:32.707,2130
7556,event-ingest,webhook,success,2026-10-09 02:00:30.712,2026-10-09 02:00:32.789,2077
7557,event-ingest,webhook,success,2026-10-09 02:00:32.333,2026-10-09 02:00:34.440,2107
7558,event-ingest,webhook,success,2026-10-09 02:00:32.437,2026-10-09 02:00:34.527,2090
7559,event-ingest,webhook,success,2026-10-09 02:00:32.562,2026-10-09 02:00:34.717,2155
7560,event-ingest,webhook,success,2026-10-09 02:00:32.749,2026-10-09 02:00:34.939,2190
7561,event-ingest,webhook,success,2026-10-09 02:00:34.484,2026-10-09 02:00:36.643,2159
7562,event-ingest,webhook,success,2026-10-09 02:00:34.669,2026-10-09 02:00:36.737,2068
7563,event-ingest,webhook,success,2026-10-09 02:00:34.752,2026-10-09 02:00:36.910,2158
7564,event-ingest,webhook,success,2026-10-09 02:00:34.925,2026-10-09 02:00:37.047,2122
7565,event-ingest,webhook,success,2026-10-09 02:00:36.537,2026-10-09 02:00:38.636,2099
7566,event-ingest,webhook,success,2026-10-09 02:00:36.626,2026-10-09 02:00:38.754,2128
7567,event-ingest,webhook,success,2026-10-09 02:00:36.776,2026-10-09 02:00:38.941,2165
7568,event-ingest,webhook,success,2026-10-09 02:00:36.930,2026-10-09 02:00:39.321,2391
7569,event-ingest,webhook,success,2026-10-09 02:00:38.527,2026-10-09 02:00:40.631,2104
7570,event-ingest,webhook,success,2026-10-09 02:00:38.609,2026-10-09 02:00:40.784,2175
7571,event-ingest,webhook,success,2026-10-09 02:00:38.788,2026-10-09 02:00:40.958,2170
7572,event-ingest,webhook,success,2026-10-09 02:00:38.952,2026-10-09 02:00:41.080,2128
7573,event-ingest,webhook,success,2026-10-09 02:00:40.592,2026-10-09 02:00:42.746,2154
7574,event-ingest,webhook,success,2026-10-09 02:00:40.849,2026-10-09 02:00:43.188,2339
7575,event-ingest,webhook,success,2026-10-09 02:00:41.357,2026-10-09 02:00:43.479,2122
7576,event-ingest,webhook,success,2026-10-09 02:00:41.489,2026-10-09 02:00:43.576,2087
7577,event-ingest,webhook,success,2026-10-09 02:00:41.590,2026-10-09 02:00:43.672,2082
7578,event-ingest,webhook,success,2026-10-09 02:00:41.674,2026-10-09 02:00:43.744,2070
7579,event-ingest,webhook,success,2026-10-09 02:00:41.745,2026-10-09 02:00:43.817,2072
7580,event-ingest,webhook,success,2026-10-09 02:00:41.841,2026-10-09 02:00:43.924,2083
7581,event-ingest,webhook,success,2026-10-09 02:00:41.917,2026-10-09 02:00:43.975,2058
7582,health-monitor,trigger,success,2026-10-09 02:05:00.084,2026-10-09 02:05:00.402,318
7583,health-monitor,trigger,success,2026-10-09 02:10:00.070,2026-10-09 02:10:00.168,98
7584,ioc-extractor,trigger,success,2026-10-09 02:15:00.099,2026-10-09 02:15:01.511,1412
7585,health-monitor,trigger,success,2026-10-09 02:15:00.179,2026-10-09 02:15:00.410,231
7586,event-ingest,webhook,success,2026-10-09 02:15:06.553,2026-10-09 02:15:07.024,471
7587,event-ingest,webhook,success,2026-10-09 02:15:06.739,2026-10-09 02:15:07.120,381
7588,event-ingest,webhook,success,2026-10-09 02:15:06.855,2026-10-09 02:15:07.258,403
7589,event-ingest,webhook,success,2026-10-09 02:15:06.989,2026-10-09 02:15:07.357,368
7590,event-ingest,webhook,success,2026-10-09 02:15:08.600,2026-10-09 02:15:08.995,395
7591,event-ingest,webhook,success,2026-10-09 02:15:08.681,2026-10-09 02:15:09.062,381
7592,event-ingest,webhook,success,2026-10-09 02:15:08.785,2026-10-09 02:15:09.176,391
7593,event-ingest,webhook,success,2026-10-09 02:15:08.851,2026-10-09 02:15:09.215,364
7594,event-ingest,webhook,success,2026-10-09 02:15:10.763,2026-10-09 02:15:11.157,394
7595,event-ingest,webhook,success,2026-10-09 02:15:10.876,2026-10-09 02:15:11.262,386
7596,event-ingest,webhook,success,2026-10-09 02:15:10.996,2026-10-09 02:15:11.378,382
7597,event-ingest,webhook,success,2026-10-09 02:15:11.089,2026-10-09 02:15:11.539,450
7598,event-ingest,webhook,success,2026-10-09 02:15:11.200,2026-10-09 02:15:11.727,527
7599,event-ingest,webhook,success,2026-10-09 02:15:11.529,2026-10-09 02:15:12.015,486
7600,event-ingest,webhook,success,2026-10-09 02:15:11.727,2026-10-09 02:15:12.153,426
7601,event-ingest,webhook,success,2026-10-09 02:15:12.499,2026-10-09 02:15:12.896,397
7602,event-ingest,webhook,success,2026-10-09 02:15:13.610,2026-10-09 02:15:14.008,398
7603,event-ingest,webhook,success,2026-10-09 02:15:14.331,2026-10-09 02:15:14.703,372
7604,event-ingest,webhook,success,2026-10-09 02:15:15.030,2026-10-09 02:15:15.491,461
7605,event-ingest,webhook,success,2026-10-09 02:15:15.762,2026-10-09 02:15:16.137,375
7606,event-ingest,webhook,success,2026-10-09 02:15:16.465,2026-10-09 02:15:16.841,376
7607,event-ingest,webhook,success,2026-10-09 02:15:16.573,2026-10-09 02:15:16.987,414
7608,event-ingest,webhook,success,2026-10-09 02:15:17.599,2026-10-09 02:15:17.988,389
7609,event-ingest,webhook,success,2026-10-09 02:15:17.697,2026-10-09 02:15:18.073,376
7610,event-ingest,webhook,success,2026-10-09 02:15:17.792,2026-10-09 02:15:18.164,372
7611,event-ingest,webhook,success,2026-10-09 02:15:17.878,2026-10-09 02:15:18.257,379
7612,event-ingest,webhook,success,2026-10-09 02:15:19.778,2026-10-09 02:15:20.182,404
7613,event-ingest,webhook,success,2026-10-09 02:15:19.872,2026-10-09 02:15:20.277,405
7614,event-ingest,webhook,success,2026-10-09 02:15:19.965,2026-10-09 02:15:20.360,395
7615,event-ingest,webhook,success,2026-10-09 02:15:20.094,2026-10-09 02:15:20.553,459
7616,event-ingest,webhook,success,2026-10-09 02:15:21.709,2026-10-09 02:15:23.800,2091
7617,event-ingest,webhook,success,2026-10-09 02:15:21.816,2026-10-09 02:15:23.879,2063
7618,event-ingest,webhook,success,2026-10-09 02:15:21.899,2026-10-09 02:15:23.967,2068
7619,event-ingest,webhook,success,2026-10-09 02:15:21.982,2026-10-09 02:15:24.030,2048
7620,event-ingest,webhook,success,2026-10-09 02:15:23.895,2026-10-09 02:15:26.089,2194
7621,event-ingest,webhook,success,2026-10-09 02:15:24.181,2026-10-09 02:15:26.287,2106
7622,event-ingest,webhook,success,2026-10-09 02:15:24.320,2026-10-09 02:15:26.416,2096
7623,event-ingest,webhook,success,2026-10-09 02:15:24.402,2026-10-09 02:15:26.455,2053
7624,event-ingest,webhook,success,2026-10-09 02:15:25.674,2026-10-09 02:15:27.744,2070
7625,event-ingest,webhook,success,2026-10-09 02:15:25.763,2026-10-09 02:15:27.851,2088
7626,event-ingest,webhook,success,2026-10-09 02:15:25.878,2026-10-09 02:15:28.041,2163
7627,event-ingest,webhook,success,2026-10-09 02:15:25.961,2026-10-09 02:15:28.065,2104
7628,event-ingest,webhook,success,2026-10-09 02:15:27.951,2026-10-09 02:15:30.262,2311
7629,event-ingest,webhook,success,2026-10-09 02:15:28.301,2026-10-09 02:15:30.367,2066
7630,event-ingest,webhook,success,2026-10-09 02:15:28.376,2026-10-09 02:15:30.521,2145
7631,event-ingest,webhook,success,2026-10-09 02:15:28.457,2026-10-09 02:15:30.629,2172
7632,event-ingest,webhook,success,2026-10-09 02:15:30.052,2026-10-09 02:15:32.128,2076
7633,event-ingest,webhook,success,2026-10-09 02:15:30.144,2026-10-09 02:15:32.217,2073
7634,event-ingest,webhook,success,2026-10-09 02:15:30.241,2026-10-09 02:15:32.420,2179
7635,event-ingest,webhook,success,2026-10-09 02:15:30.661,2026-10-09 02:15:32.947,2286
7636,event-ingest,webhook,success,2026-10-09 02:15:31.859,2026-10-09 02:15:33.930,2071
7637,event-ingest,webhook,success,2026-10-09 02:15:31.948,2026-10-09 02:15:34.007,2059
7638,event-ingest,webhook,success,2026-10-09 02:15:32.019,2026-10-09 02:15:34.081,2062
7639,event-ingest,webhook,success,2026-10-09 02:15:32.074,2026-10-09 02:15:34.130,2056
7640,event-ingest,webhook,success,2026-10-09 02:15:33.959,2026-10-09 02:15:36.109,2150
7641,event-ingest,webhook,success,2026-10-09 02:15:34.225,2026-10-09 02:15:36.354,2129
7642,event-ingest,webhook,success,2026-10-09 02:15:34.367,2026-10-09 02:15:36.433,2066
7643,event-ingest,webhook,success,2026-10-09 02:15:34.457,2026-10-09 02:15:36.503,2046
7644,event-ingest,webhook,success,2026-10-09 02:15:36.020,2026-10-09 02:15:38.088,2068
7645,event-ingest,webhook,success,2026-10-09 02:15:36.099,2026-10-09 02:15:38.217,2118
7646,event-ingest,webhook,success,2026-10-09 02:15:36.246,2026-10-09 02:15:38.314,2068
7647,event-ingest,webhook,success,2026-10-09 02:15:36.307,2026-10-09 02:15:38.394,2087
7648,event-ingest,webhook,success,2026-10-09 02:15:38.274,2026-10-09 02:15:40.628,2354
7649,event-ingest,webhook,success,2026-10-09 02:15:38.826,2026-10-09 02:15:40.905,2079
7650,event-ingest,webhook,success,2026-10-09 02:15:38.952,2026-10-09 02:15:41.044,2092
7651,event-ingest,webhook,success,2026-10-09 02:15:39.083,2026-10-09 02:15:41.165,2082
7652,event-ingest,webhook,success,2026-10-09 02:15:39.159,2026-10-09 02:15:41.237,2078
7653,event-ingest,webhook,success,2026-10-09 02:15:39.237,2026-10-09 02:15:41.313,2076
7654,event-ingest,webhook,success,2026-10-09 02:15:39.301,2026-10-09 02:15:41.362,2061
7655,event-ingest,webhook,success,2026-10-09 02:15:39.365,2026-10-09 02:15:41.443,2078
7656,event-ingest,webhook,success,2026-10-09 02:15:39.441,2026-10-09 02:15:41.521,2080
7657,event-ingest,webhook,success,2026-10-09 02:15:39.501,2026-10-09 02:15:41.561,2060
7658,event-ingest,webhook,success,2026-10-09 02:15:39.557,2026-10-09 02:15:42.637,3080
7659,event-ingest,webhook,success,2026-10-09 02:15:39.656,2026-10-09 02:15:42.921,3265
7660,health-monitor,trigger,success,2026-10-09 02:20:00.066,2026-10-09 02:20:00.318,252
7661,health-monitor,trigger,success,2026-10-09 02:25:00.075,2026-10-09 02:25:00.177,102
7662,ioc-extractor,trigger,success,2026-10-09 02:30:00.103,2026-10-09 02:30:02.003,1900
7663,health-monitor,trigger,success,2026-10-09 02:30:00.240,2026-10-09 02:30:00.426,186
7664,event-ingest,webhook,success,2026-10-09 02:30:06.382,2026-10-09 02:30:06.836,454
7665,event-ingest,webhook,success,2026-10-09 02:30:06.504,2026-10-09 02:30:06.969,465
7666,event-ingest,webhook,success,2026-10-09 02:30:06.757,2026-10-09 02:30:07.256,499
7667,event-ingest,webhook,success,2026-10-09 02:30:06.991,2026-10-09 02:30:07.450,459
7668,event-ingest,webhook,success,2026-10-09 02:30:08.373,2026-10-09 02:30:08.742,369
7669,event-ingest,webhook,success,2026-10-09 02:30:08.471,2026-10-09 02:30:08.842,371
7670,event-ingest,webhook,success,2026-10-09 02:30:08.567,2026-10-09 02:30:08.977,410
7671,event-ingest,webhook,success,2026-10-09 02:30:08.690,2026-10-09 02:30:09.094,404
7672,event-ingest,webhook,success,2026-10-09 02:30:10.610,2026-10-09 02:30:11.003,393
7673,event-ingest,webhook,success,2026-10-09 02:30:10.734,2026-10-09 02:30:11.105,371
7674,event-ingest,webhook,success,2026-10-09 02:30:10.830,2026-10-09 02:30:11.214,384
7675,event-ingest,webhook,success,2026-10-09 02:30:10.907,2026-10-09 02:30:11.284,377
7676,event-ingest,webhook,success,2026-10-09 02:30:12.521,2026-10-09 02:30:12.902,381
7677,event-ingest,webhook,success,2026-10-09 02:30:12.643,2026-10-09 02:30:13.039,396
7678,event-ingest,webhook,success,2026-10-09 02:30:12.784,2026-10-09 02:30:13.187,403
7679,event-ingest,webhook,success,2026-10-09 02:30:12.906,2026-10-09 02:30:13.473,567
7680,event-ingest,webhook,success,2026-10-09 02:30:14.638,2026-10-09 02:30:15.015,377
7681,event-ingest,webhook,success,2026-10-09 02:30:14.754,2026-10-09 02:30:15.139,385
7682,event-ingest,webhook,success,2026-10-09 02:30:14.857,2026-10-09 02:30:15.228,371
7683,event-ingest,webhook,success,2026-10-09 02:30:14.949,2026-10-09 02:30:15.321,372
7684,event-ingest,webhook,success,2026-10-09 02:30:16.556,2026-10-09 02:30:16.937,381
7685,event-ingest,webhook,success,2026-10-09 02:30:16.631,2026-10-09 02:30:17.033,402
7686,event-ingest,webhook,success,2026-10-09 02:30:16.742,2026-10-09 02:30:17.120,378
7687,event-ingest,webhook,success,2026-10-09 02:30:16.851,2026-10-09 02:30:17.240,389
7688,event-ingest,webhook,success,2026-10-09 02:30:18.761,2026-10-09 02:30:19.135,374
7689,event-ingest,webhook,success,2026-10-09 02:30:18.843,2026-10-09 02:30:19.371,528
7690,event-ingest,webhook,success,2026-10-09 02:30:19.078,2026-10-09 02:30:19.445,367
7691,event-ingest,webhook,success,2026-10-09 02:30:19.167,2026-10-09 02:30:19.615,448
7692,event-ingest,webhook,success,2026-10-09 02:30:20.844,2026-10-09 02:30:21.212,368
7693,event-ingest,webhook,success,2026-10-09 02:30:20.914,2026-10-09 02:30:21.305,391
7694,event-ingest,webhook,success,2026-10-09 02:30:21.015,2026-10-09 02:30:21.389,374
7695,event-ingest,webhook,success,2026-10-09 02:30:21.091,2026-10-09 02:30:23.203,2112
7696,event-ingest,webhook,success,2026-10-09 02:30:22.749,2026-10-09 02:30:24.800,2051
7697,event-ingest,webhook,success,2026-10-09 02:30:22.788,2026-10-09 02:30:24.828,2040
7698,event-ingest,webhook,success,2026-10-09 02:30:22.849,2026-10-09 02:30:24.912,2063
7699,event-ingest,webhook,success,2026-10-09 02:30:22.942,2026-10-09 02:30:25.029,2087
7700,event-ingest,webhook,success,2026-10-09 02:30:24.866,2026-10-09 02:30:27.267,2401
7701,event-ingest,webhook,success,2026-10-09 02:30:25.341,2026-10-09 02:30:27.434,2093
7702,event-ingest,webhook,success,2026-10-09 02:30:25.469,2026-10-09 02:30:27.556,2087
7703,event-ingest,webhook,success,2026-10-09 02:30:25.579,2026-10-09 02:30:27.648,2069
7704,event-ingest,webhook,success,2026-10-09 02:30:26.895,2026-10-09 02:30:28.972,2077
7705,event-ingest,webhook,success,2026-10-09 02:30:26.979,2026-10-09 02:30:29.062,2083
7706,event-ingest,webhook,success,2026-10-09 02:30:27.089,2026-10-09 02:30:29.192,2103
7707,event-ingest,webhook,success,2026-10-09 02:30:27.229,2026-10-09 02:30:29.353,2124
7708,event-ingest,webhook,success,2026-10-09 02:30:27.425,2026-10-09 02:30:29.547,2122
7709,event-ingest,webhook,success,2026-10-09 02:30:27.592,2026-10-09 02:30:29.783,2191
7710,event-ingest,webhook,success,2026-10-09 02:30:28.115,2026-10-09 02:30:30.191,2076
7711,event-ingest,webhook,success,2026-10-09 02:30:28.804,2026-10-09 02:30:30.876,2072
7712,event-ingest,webhook,success,2026-10-09 02:30:29.812,2026-10-09 02:30:31.930,2118
7713,event-ingest,webhook,success,2026-10-09 02:30:30.536,2026-10-09 02:30:32.607,2071
7714,event-ingest,webhook,success,2026-10-09 02:30:30.619,2026-10-09 02:30:32.672,2053
7715,event-ingest,webhook,success,2026-10-09 02:30:31.613,2026-10-09 02:30:33.698,2085
7716,event-ingest,webhook,success,2026-10-09 02:30:31.700,2026-10-09 02:30:33.770,2070
7717,event-ingest,webhook,success,2026-10-09 02:30:31.761,2026-10-09 02:30:33.856,2095
7718,event-ingest,webhook,success,2026-10-09 02:30:31.822,2026-10-09 02:30:33.901,2079
7719,event-ingest,webhook,success,2026-10-09 02:30:33.385,2026-10-09 02:30:35.460,2075
7720,event-ingest,webhook,success,2026-10-09 02:30:33.484,2026-10-09 02:30:35.558,2074
7721,event-ingest,webhook,success,2026-10-09 02:30:33.592,2026-10-09 02:30:35.661,2069
7722,event-ingest,webhook,success,2026-10-09 02:30:33.689,2026-10-09 02:30:35.938,2249
7723,event-ingest,webhook,success,2026-10-09 02:30:34.247,2026-10-09 02:30:36.477,2230
7724,event-ingest,webhook,success,2026-10-09 02:30:34.513,2026-10-09 02:30:36.601,2088
7725,event-ingest,webhook,success,2026-10-09 02:30:34.612,2026-10-09 02:30:36.751,2139
7726,event-ingest,webhook,success,2026-10-09 02:30:34.732,2026-10-09 02:30:36.856,2124
7727,event-ingest,webhook,success,2026-10-09 02:30:34.853,2026-10-09 02:30:36.931,2078
7728,event-ingest,webhook,success,2026-10-09 02:30:34.934,2026-10-09 02:30:37.006,2072
7729,event-ingest,webhook,success,2026-10-09 02:30:35.051,2026-10-09 02:30:37.476,2425
7730,health-monitor,trigger,success,2026-10-09 02:35:00.089,2026-10-09 02:35:00.347,258
7731,health-monitor,trigger,success,2026-10-09 02:40:00.058,2026-10-09 02:40:00.172,114
7732,health-monitor,trigger,success,2026-10-09 02:45:00.080,2026-10-09 02:45:00.289,209
7733,ioc-extractor,trigger,success,2026-10-09 02:45:00.147,2026-10-09 02:45:01.417,1270
7734,event-ingest,webhook,success,2026-10-09 02:45:06.321,2026-10-09 02:45:06.777,456
7735,event-ingest,webhook,success,2026-10-09 02:45:06.441,2026-10-09 02:45:06.821,380
7736,event-ingest,webhook,success,2026-10-09 02:45:06.544,2026-10-09 02:45:06.898,354
7737,event-ingest,webhook,success,2026-10-09 02:45:06.643,2026-10-09 02:45:07.042,399
7738,event-ingest,webhook,success,2026-10-09 02:45:08.541,2026-10-09 02:45:08.939,398
7739,event-ingest,webhook,success,2026-10-09 02:45:08.645,2026-10-09 02:45:09.021,376
7740,event-ingest,webhook,success,2026-10-09 02:45:08.789,2026-10-09 02:45:09.172,383
7741,event-ingest,webhook,success,2026-10-09 02:45:08.896,2026-10-09 02:45:09.276,380
7742,event-ingest,webhook,success,2026-10-09 02:45:10.530,2026-10-09 02:45:10.924,394
7743,event-ingest,webhook,success,2026-10-09 02:45:10.639,2026-10-09 02:45:11.036,397
7744,event-ingest,webhook,success,2026-10-09 02:45:10.748,2026-10-09 02:45:11.123,375
7745,event-ingest,webhook,success,2026-10-09 02:45:10.855,2026-10-09 02:45:11.242,387
7746,event-ingest,webhook,success,2026-10-09 02:45:10.952,2026-10-09 02:45:11.460,508
7747,event-ingest,webhook,success,2026-10-09 02:45:11.251,2026-10-09 02:45:11.732,481
7748,event-ingest,webhook,success,2026-10-09 02:45:11.776,2026-10-09 02:45:12.257,481
7749,event-ingest,webhook,success,2026-10-09 02:45:12.548,2026-10-09 02:45:12.931,383
7750,event-ingest,webhook,success,2026-10-09 02:45:13.243,2026-10-09 02:45:13.636,393
7751,event-ingest,webhook,success,2026-10-09 02:45:14.245,2026-10-09 02:45:14.619,374
7752,event-ingest,webhook,success,2026-10-09 02:45:14.941,2026-10-09 02:45:15.311,370
7753,event-ingest,webhook,success,2026-10-09 02:45:15.018,2026-10-09 02:45:15.463,445
7754,event-ingest,webhook,success,2026-10-09 02:45:16.033,2026-10-09 02:45:16.472,439
7755,event-ingest,webhook,success,2026-10-09 02:45:16.124,2026-10-09 02:45:16.502,378
7756,event-ingest,webhook,success,2026-10-09 02:45:16.196,2026-10-09 02:45:16.609,413
7757,event-ingest,webhook,success,2026-10-09 02:45:16.297,2026-10-09 02:45:16.666,369
7758,event-ingest,webhook,success,2026-10-09 02:45:16.398,2026-10-09 02:45:16.795,397
7759,event-ingest,webhook,success,2026-10-09 02:45:16.530,2026-10-09 02:45:17.443,913
7760,event-ingest,webhook,success,2026-10-09 02:45:17.470,2026-10-09 02:45:18.025,555
7761,event-ingest,webhook,success,2026-10-09 02:45:18.034,2026-10-09 02:45:18.521,487
7762,event-ingest,webhook,success,2026-10-09 02:45:18.809,2026-10-09 02:45:19.196,387
7763,event-ingest,webhook,success,2026-10-09 02:45:19.533,2026-10-09 02:45:19.956,423
7764,event-ingest,webhook,success,2026-10-09 02:45:19.625,2026-10-09 02:45:20.026,401
7765,event-ingest,webhook,success,2026-10-09 02:45:20.618,2026-10-09 02:45:22.683,2065
7766,event-ingest,webhook,success,2026-10-09 02:45:20.692,2026-10-09 02:45:22.762,2070
7767,event-ingest,webhook,success,2026-10-09 02:45:20.763,2026-10-09 02:45:22.852,2089
7768,event-ingest,webhook,success,2026-10-09 02:45:20.906,2026-10-09 02:45:22.987,2081
7769,event-ingest,webhook,success,2026-10-09 02:45:22.511,2026-10-09 02:45:24.607,2096
7770,event-ingest,webhook,success,2026-10-09 02:45:22.659,2026-10-09 02:45:24.826,2167
7771,event-ingest,webhook,success,2026-10-09 02:45:22.918,2026-10-09 02:45:25.196,2278
7772,event-ingest,webhook,success,2026-10-09 02:45:23.261,2026-10-09 02:45:25.375,2114
7773,event-ingest,webhook,success,2026-10-09 02:45:24.552,2026-10-09 02:45:26.630,2078
7774,event-ingest,webhook,success,2026-10-09 02:45:24.642,2026-10-09 02:45:26.845,2203
7775,event-ingest,webhook,success,2026-10-09 02:45:24.860,2026-10-09 02:45:27.097,2237
7776,event-ingest,webhook,success,2026-10-09 02:45:25.144,2026-10-09 02:45:27.308,2164
7777,health-monitor,trigger,success,2026-10-09 02:50:00.075,2026-10-09 02:50:00.390,315
7778,health-monitor,trigger,success,2026-10-09 02:55:00.158,2026-10-09 02:55:00.247,89
7779,ioc-extractor,trigger,success,2026-10-09 03:00:00.064,2026-10-09 03:00:01.006,942
7780,health-monitor,trigger,success,2026-10-09 03:00:00.112,2026-10-09 03:00:00.346,234
7781,event-ingest,webhook,success,2026-10-09 03:00:06.087,2026-10-09 03:00:06.527,440
7782,event-ingest,webhook,success,2026-10-09 03:00:06.199,2026-10-09 03:00:06.566,367
7783,event-ingest,webhook,success,2026-10-09 03:00:06.316,2026-10-09 03:00:06.707,391
7784,event-ingest,webhook,success,2026-10-09 03:00:06.423,2026-10-09 03:00:06.781,358
7785,event-ingest,webhook,success,2026-10-09 03:00:08.340,2026-10-09 03:00:08.729,389
7786,event-ingest,webhook,success,2026-10-09 03:00:08.434,2026-10-09 03:00:08.824,390
7787,event-ingest,webhook,success,2026-10-09 03:00:08.534,2026-10-09 03:00:08.891,357
7788,event-ingest,webhook,success,2026-10-09 03:00:08.653,2026-10-09 03:00:09.040,387
7789,event-ingest,webhook,success,2026-10-09 03:00:08.763,2026-10-09 03:00:09.311,548
7790,event-ingest,webhook,success,2026-10-09 03:00:09.139,2026-10-09 03:00:09.649,510
7791,event-ingest,webhook,success,2026-10-09 03:00:09.375,2026-10-09 03:00:09.841,466
7792,event-ingest,webhook,success,2026-10-09 03:00:10.167,2026-10-09 03:00:10.583,416
7793,event-ingest,webhook,success,2026-10-09 03:00:10.852,2026-10-09 03:00:11.227,375
7794,event-ingest,webhook,success,2026-10-09 03:00:11.889,2026-10-09 03:00:12.284,395
7795,event-ingest,webhook,success,2026-10-09 03:00:12.586,2026-10-09 03:00:12.984,398
7796,event-ingest,webhook,success,2026-10-09 03:00:13.289,2026-10-09 03:00:13.694,405
7797,event-ingest,webhook,success,2026-10-09 03:00:13.436,2026-10-09 03:00:13.839,403
7798,event-ingest,webhook,success,2026-10-09 03:00:14.473,2026-10-09 03:00:14.964,491
7799,event-ingest,webhook,success,2026-10-09 03:00:14.714,2026-10-09 03:00:15.085,371
7800,event-ingest,webhook,success,2026-10-09 03:00:14.822,2026-10-09 03:00:15.206,384
7801,event-ingest,webhook,success,2026-10-09 03:00:14.901,2026-10-09 03:00:15.299,398
7802,event-ingest,webhook,success,2026-10-09 03:00:16.501,2026-10-09 03:00:16.896,395
7803,event-ingest,webhook,success,2026-10-09 03:00:16.594,2026-10-09 03:00:17.007,413
7804,event-ingest,webhook,success,2026-10-09 03:00:16.701,2026-10-09 03:00:17.113,412
7805,event-ingest,webhook,success,2026-10-09 03:00:16.824,2026-10-09 03:00:17.306,482
7806,event-ingest,webhook,success,2026-10-09 03:00:18.428,2026-10-09 03:00:18.813,385
7807,event-ingest,webhook,success,2026-10-09 03:00:18.550,2026-10-09 03:00:18.955,405
7808,event-ingest,webhook,success,2026-10-09 03:00:18.770,2026-10-09 03:00:19.256,486
7809,event-ingest,webhook,success,2026-10-09 03:00:19.026,2026-10-09 03:00:19.498,472
7810,event-ingest,webhook,success,2026-10-09 03:00:20.432,2026-10-09 03:00:20.826,394
7811,event-ingest,webhook,success,2026-10-09 03:00:20.553,2026-10-09 03:00:20.921,368
7812,event-ingest,webhook,success,2026-10-09 03:00:20.620,2026-10-09 03:00:21.008,388
7813,event-ingest,webhook,success,2026-10-09 03:00:20.696,2026-10-09 03:00:21.049,353
7814,event-ingest,webhook,success,2026-10-09 03:00:22.593,2026-10-09 03:00:22.996,403
7815,event-ingest,webhook,success,2026-10-09 03:00:22.763,2026-10-09 03:00:23.198,435
7816,event-ingest,webhook,success,2026-10-09 03:00:22.943,2026-10-09 03:00:23.423,480
7817,event-ingest,webhook,success,2026-10-09 03:00:23.208,2026-10-09 03:00:23.716,508
7818,event-ingest,webhook,success,2026-10-09 03:00:23.422,2026-10-09 03:00:25.565,2143
7819,health-monitor,trigger,success,2026-10-09 03:05:00.213,2026-10-09 03:05:00.668,455
7820,health-monitor,trigger,success,2026-10-09 03:10:00.030,2026-10-09 03:10:00.087,57
7821,health-monitor,trigger,success,2026-10-09 03:15:00.110,2026-10-09 03:15:00.342,232
7822,ioc-extractor,trigger,success,2026-10-09 03:15:00.189,2026-10-09 03:15:01.868,1679
7823,event-ingest,webhook,success,2026-10-09 03:15:08.625,2026-10-09 03:15:09.110,485
7824,event-ingest,webhook,success,2026-10-09 03:15:08.751,2026-10-09 03:15:09.173,422
7825,event-ingest,webhook,success,2026-10-09 03:15:08.894,2026-10-09 03:15:09.397,503
7826,event-ingest,webhook,success,2026-10-09 03:15:09.031,2026-10-09 03:15:09.449,418
7827,event-ingest,webhook,success,2026-10-09 03:15:10.707,2026-10-09 03:15:11.123,416
7828,event-ingest,webhook,success,2026-10-09 03:15:10.807,2026-10-09 03:15:11.177,370
7829,event-ingest,webhook,success,2026-10-09 03:15:10.943,2026-10-09 03:15:11.383,440
7830,event-ingest,webhook,success,2026-10-09 03:15:11.049,2026-10-09 03:15:11.549,500
7831,event-ingest,webhook,success,2026-10-09 03:15:12.496,2026-10-09 03:15:12.927,431
7832,event-ingest,webhook,success,2026-10-09 03:15:12.625,2026-10-09 03:15:13.015,390
7833,event-ingest,webhook,success,2026-10-09 03:15:12.803,2026-10-09 03:15:13.240,437
7834,event-ingest,webhook,success,2026-10-09 03:15:12.992,2026-10-09 03:15:13.575,583
7835,event-ingest,webhook,success,2026-10-09 03:15:13.377,2026-10-09 03:15:13.901,524
7836,event-ingest,webhook,success,2026-10-09 03:15:13.656,2026-10-09 03:15:14.199,543
7837,event-ingest,webhook,success,2026-10-09 03:15:13.951,2026-10-09 03:15:14.570,619
7838,event-ingest,webhook,success,2026-10-09 03:15:14.767,2026-10-09 03:15:15.880,1113
7839,event-ingest,webhook,success,2026-10-09 03:15:15.660,2026-10-09 03:15:16.171,511
7840,event-ingest,webhook,success,2026-10-09 03:15:16.225,2026-10-09 03:15:16.841,616
7841,event-ingest,webhook,success,2026-10-09 03:15:16.881,2026-10-09 03:15:17.505,624
7842,event-ingest,webhook,success,2026-10-09 03:15:17.802,2026-10-09 03:15:18.223,421
7843,event-ingest,webhook,success,2026-10-09 03:15:17.891,2026-10-09 03:15:18.388,497
7844,event-ingest,webhook,success,2026-10-09 03:15:18.624,2026-10-09 03:15:19.040,416
7845,event-ingest,webhook,success,2026-10-09 03:15:18.816,2026-10-09 03:15:19.372,556
7846,event-ingest,webhook,success,2026-10-09 03:15:19.067,2026-10-09 03:15:19.675,608
7847,event-ingest,webhook,success,2026-10-09 03:15:19.489,2026-10-09 03:15:20.225,736
7848,event-ingest,webhook,success,2026-10-09 03:15:20.822,2026-10-09 03:15:21.286,464
7849,event-ingest,webhook,success,2026-10-09 03:15:20.987,2026-10-09 03:15:21.398,411
7850,event-ingest,webhook,success,2026-10-09 03:15:21.131,2026-10-09 03:15:21.572,441
7851,event-ingest,webhook,success,2026-10-09 03:15:21.315,2026-10-09 03:15:22.100,785
7852,event-ingest,webhook,success,2026-10-09 03:15:23.055,2026-10-09 03:15:23.475,420
7853,event-ingest,webhook,success,2026-10-09 03:15:23.221,2026-10-09 03:15:25.405,2184
7854,event-ingest,webhook,success,2026-10-09 03:15:23.406,2026-10-09 03:15:25.561,2155
7855,event-ingest,webhook,success,2026-10-09 03:15:23.531,2026-10-09 03:15:25.712,2181
7856,event-ingest,webhook,success,2026-10-09 03:15:24.970,2026-10-09 03:15:27.285,2315
7857,event-ingest,webhook,success,2026-10-09 03:15:25.580,2026-10-09 03:15:28.149,2569
7858,event-ingest,webhook,success,2026-10-09 03:15:26.235,2026-10-09 03:15:28.350,2115
7859,event-ingest,webhook,success,2026-10-09 03:15:26.379,2026-10-09 03:15:28.509,2130
7860,event-ingest,webhook,success,2026-10-09 03:15:27.164,2026-10-09 03:15:29.587,2423
7861,event-ingest,webhook,success,2026-10-09 03:15:27.571,2026-10-09 03:15:29.735,2164
7862,event-ingest,webhook,success,2026-10-09 03:15:27.773,2026-10-09 03:15:29.887,2114
7863,event-ingest,webhook,success,2026-10-09 03:15:27.961,2026-10-09 03:15:30.062,2101
7864,event-ingest,webhook,success,2026-10-09 03:15:29.310,2026-10-09 03:15:31.397,2087
7865,event-ingest,webhook,success,2026-10-09 03:15:29.458,2026-10-09 03:15:31.785,2327
7866,event-ingest,webhook,success,2026-10-09 03:15:29.944,2026-10-09 03:15:32.235,2291
7867,event-ingest,webhook,success,2026-10-09 03:15:30.318,2026-10-09 03:15:32.530,2212
7868,event-ingest,webhook,success,2026-10-09 03:15:31.356,2026-10-09 03:15:33.514,2158
7869,event-ingest,webhook,success,2026-10-09 03:15:31.584,2026-10-09 03:15:33.682,2098
7870,event-ingest,webhook,success,2026-10-09 03:15:31.688,2026-10-09 03:15:33.837,2149
7871,event-ingest,webhook,success,2026-10-09 03:15:31.847,2026-10-09 03:15:34.065,2218
7872,event-ingest,webhook,success,2026-10-09 03:15:33.313,2026-10-09 03:15:35.554,2241
7873,event-ingest,webhook,success,2026-10-09 03:15:33.544,2026-10-09 03:15:35.710,2166
7874,event-ingest,webhook,success,2026-10-09 03:15:33.711,2026-10-09 03:15:35.906,2195
7875,event-ingest,webhook,success,2026-10-09 03:15:33.970,2026-10-09 03:15:36.065,2095
7876,event-ingest,webhook,success,2026-10-09 03:15:35.634,2026-10-09 03:15:37.715,2081
7877,event-ingest,webhook,success,2026-10-09 03:15:35.734,2026-10-09 03:15:37.900,2166
7878,event-ingest,webhook,success,2026-10-09 03:15:35.897,2026-10-09 03:15:38.029,2132
7879,event-ingest,webhook,success,2026-10-09 03:15:36.061,2026-10-09 03:15:38.175,2114
7880,event-ingest,webhook,success,2026-10-09 03:15:37.394,2026-10-09 03:15:39.475,2081
7881,event-ingest,webhook,success,2026-10-09 03:15:37.508,2026-10-09 03:15:39.618,2110
7882,event-ingest,webhook,success,2026-10-09 03:15:37.606,2026-10-09 03:15:39.696,2090
7883,event-ingest,webhook,success,2026-10-09 03:15:37.712,2026-10-09 03:15:39.838,2126
7884,event-ingest,webhook,success,2026-10-09 03:15:39.690,2026-10-09 03:15:42.206,2516
7885,event-ingest,webhook,success,2026-10-09 03:15:40.403,2026-10-09 03:15:42.482,2079
7886,event-ingest,webhook,success,2026-10-09 03:15:40.521,2026-10-09 03:15:42.680,2159
7887,event-ingest,webhook,success,2026-10-09 03:15:40.697,2026-10-09 03:15:42.795,2098
7888,event-ingest,webhook,success,2026-10-09 03:15:40.884,2026-10-09 03:15:42.980,2096
7889,event-ingest,webhook,success,2026-10-09 03:15:41.007,2026-10-09 03:15:43.086,2079
7890,event-ingest,webhook,success,2026-10-09 03:15:41.087,2026-10-09 03:15:43.159,2072
7891,event-ingest,webhook,success,2026-10-09 03:15:41.167,2026-10-09 03:15:43.262,2095
7892,event-ingest,webhook,success,2026-10-09 03:15:41.338,2026-10-09 03:15:43.443,2105
7893,event-ingest,webhook,success,2026-10-09 03:15:41.477,2026-10-09 03:15:43.562,2085
7894,event-ingest,webhook,success,2026-10-09 03:15:41.584,2026-10-09 03:15:44.220,2636
7895,event-ingest,webhook,success,2026-10-09 03:15:41.632,2026-10-09 03:15:44.511,2879
7896,health-monitor,trigger,success,2026-10-09 03:20:00.019,2026-10-09 03:20:00.098,79
7897,health-monitor,trigger,success,2026-10-09 03:25:00.098,2026-10-09 03:25:00.198,100
7898,ioc-extractor,trigger,success,2026-10-09 03:30:00.079,2026-10-09 03:30:01.142,1063
7899,health-monitor,trigger,success,2026-10-09 03:30:00.135,2026-10-09 03:30:00.334,199
7900,event-ingest,webhook,success,2026-10-09 03:30:04.237,2026-10-09 03:30:04.668,431
7901,event-ingest,webhook,success,2026-10-09 03:30:04.349,2026-10-09 03:30:04.740,391
7902,event-ingest,webhook,success,2026-10-09 03:30:04.473,2026-10-09 03:30:04.861,388
7903,event-ingest,webhook,success,2026-10-09 03:30:04.575,2026-10-09 03:30:04.958,383
7904,event-ingest,webhook,success,2026-10-09 03:30:06.298,2026-10-09 03:30:06.784,486
7905,event-ingest,webhook,success,2026-10-09 03:30:06.496,2026-10-09 03:30:06.907,411
7906,event-ingest,webhook,success,2026-10-09 03:30:06.613,2026-10-09 03:30:06.988,375
7907,event-ingest,webhook,success,2026-10-09 03:30:06.717,2026-10-09 03:30:07.092,375
7908,event-ingest,webhook,success,2026-10-09 03:30:08.316,2026-10-09 03:30:08.718,402
7909,event-ingest,webhook,success,2026-10-09 03:30:08.421,2026-10-09 03:30:08.786,365
7910,event-ingest,webhook,success,2026-10-09 03:30:08.565,2026-10-09 03:30:08.962,397
7911,event-ingest,webhook,success,2026-10-09 03:30:08.656,2026-10-09 03:30:09.140,484
7912,event-ingest,webhook,success,2026-10-09 03:30:10.370,2026-10-09 03:30:10.866,496
7913,event-ingest,webhook,success,2026-10-09 03:30:10.438,2026-10-09 03:30:10.905,467
7914,event-ingest,webhook,success,2026-10-09 03:30:10.522,2026-10-09 03:30:10.962,440
7915,event-ingest,webhook,success,2026-10-09 03:30:10.599,2026-10-09 03:30:11.051,452
7916,event-ingest,webhook,success,2026-10-09 03:30:12.497,2026-10-09 03:30:12.885,388
7917,event-ingest,webhook,success,2026-10-09 03:30:12.611,2026-10-09 03:30:13.015,404
7918,event-ingest,webhook,success,2026-10-09 03:30:12.710,2026-10-09 03:30:13.113,403
7919,event-ingest,webhook,success,2026-10-09 03:30:12.811,2026-10-09 03:30:13.291,480
7920,event-ingest,webhook,success,2026-10-09 03:30:14.458,2026-10-09 03:30:14.888,430
7921,event-ingest,webhook,success,2026-10-09 03:30:14.597,2026-10-09 03:30:14.998,401
7922,event-ingest,webhook,success,2026-10-09 03:30:14.730,2026-10-09 03:30:15.125,395
7923,event-ingest,webhook,success,2026-10-09 03:30:14.848,2026-10-09 03:30:15.301,453
7924,event-ingest,webhook,success,2026-10-09 03:30:16.517,2026-10-09 03:30:16.899,382
7925,event-ingest,webhook,success,2026-10-09 03:30:16.614,2026-10-09 03:30:17.029,415
7926,event-ingest,webhook,success,2026-10-09 03:30:16.726,2026-10-09 03:30:17.129,403
7927,event-ingest,webhook,success,2026-10-09 03:30:16.816,2026-10-09 03:30:17.203,387
7928,event-ingest,webhook,success,2026-10-09 03:30:18.571,2026-10-09 03:30:19.089,518
7929,event-ingest,webhook,success,2026-10-09 03:30:18.804,2026-10-09 03:30:19.324,520
7930,event-ingest,webhook,success,2026-10-09 03:30:19.039,2026-10-09 03:30:19.630,591
7931,event-ingest,webhook,success,2026-10-09 03:30:19.408,2026-10-09 03:30:20.039,631
7932,event-ingest,webhook,success,2026-10-09 03:30:20.721,2026-10-09 03:30:22.775,2054
7933,event-ingest,webhook,success,2026-10-09 03:30:20.836,2026-10-09 03:30:22.931,2095
7934,event-ingest,webhook,success,2026-10-09 03:30:20.989,2026-10-09 03:30:23.021,2032
7935,event-ingest,webhook,success,2026-10-09 03:30:21.094,2026-10-09 03:30:23.163,2069
7936,event-ingest,webhook,success,2026-10-09 03:30:22.671,2026-10-09 03:30:24.737,2066
7937,event-ingest,webhook,success,2026-10-09 03:30:22.719,2026-10-09 03:30:24.849,2130
7938,event-ingest,webhook,success,2026-10-09 03:30:22.783,2026-10-09 03:30:24.942,2159
7939,event-ingest,webhook,success,2026-10-09 03:30:22.857,2026-10-09 03:30:24.996,2139
7940,event-ingest,webhook,success,2026-10-09 03:30:22.932,2026-10-09 03:30:25.027,2095
7941,event-ingest,webhook,success,2026-10-09 03:30:22.995,2026-10-09 03:30:25.049,2054
7942,event-ingest,webhook,success,2026-10-09 03:30:23.671,2026-10-09 03:30:25.789,2118
7943,event-ingest,webhook,success,2026-10-09 03:30:24.710,2026-10-09 03:30:27.159,2449
7944,event-ingest,webhook,success,2026-10-09 03:30:25.737,2026-10-09 03:30:28.007,2270
7945,event-ingest,webhook,success,2026-10-09 03:30:26.342,2026-10-09 03:30:28.437,2095
7946,event-ingest,webhook,success,2026-10-09 03:30:26.473,2026-10-09 03:30:28.620,2147
7947,event-ingest,webhook,success,2026-10-09 03:30:27.306,2026-10-09 03:30:29.535,2229
7948,event-ingest,webhook,success,2026-10-09 03:30:27.586,2026-10-09 03:30:29.753,2167
7949,event-ingest,webhook,success,2026-10-09 03:30:27.761,2026-10-09 03:30:29.952,2191
7950,event-ingest,webhook,success,2026-10-09 03:30:27.920,2026-10-09 03:30:30.244,2324
7951,event-ingest,webhook,success,2026-10-09 03:30:28.374,2026-10-09 03:30:30.501,2127
7952,event-ingest,webhook,success,2026-10-09 03:30:28.558,2026-10-09 03:30:30.808,2250
7953,event-ingest,webhook,success,2026-10-09 03:30:28.856,2026-10-09 03:30:30.961,2105
7954,event-ingest,webhook,success,2026-10-09 03:30:29.021,2026-10-09 03:30:31.128,2107
7955,event-ingest,webhook,success,2026-10-09 03:30:29.144,2026-10-09 03:30:31.260,2116
7956,health-monitor,trigger,success,2026-10-09 03:35:00.109,2026-10-09 03:35:00.381,272
7957,health-monitor,trigger,success,2026-10-09 03:40:00.076,2026-10-09 03:40:00.224,148
7958,ioc-extractor,trigger,success,2026-10-09 03:45:00.182,2026-10-09 03:45:01.489,1307
7959,health-monitor,trigger,success,2026-10-09 03:45:00.235,2026-10-09 03:45:00.469,234
7960,event-ingest,webhook,success,2026-10-09 03:45:06.452,2026-10-09 03:45:06.897,445
7961,event-ingest,webhook,success,2026-10-09 03:45:06.591,2026-10-09 03:45:07.057,466
7962,event-ingest,webhook,success,2026-10-09 03:45:06.751,2026-10-09 03:45:07.252,501
7963,event-ingest,webhook,success,2026-10-09 03:45:06.903,2026-10-09 03:45:07.554,651
7964,event-ingest,webhook,success,2026-10-09 03:45:08.178,2026-10-09 03:45:08.613,435
7965,event-ingest,webhook,success,2026-10-09 03:45:08.321,2026-10-09 03:45:08.726,405
7966,event-ingest,webhook,success,2026-10-09 03:45:08.442,2026-10-09 03:45:08.839,397
7967,event-ingest,webhook,success,2026-10-09 03:45:08.588,2026-10-09 03:45:09.080,492
7968,event-ingest,webhook,success,2026-10-09 03:45:10.286,2026-10-09 03:45:10.688,402
7969,event-ingest,webhook,success,2026-10-09 03:45:10.383,2026-10-09 03:45:10.752,369
7970,event-ingest,webhook,success,2026-10-09 03:45:10.424,2026-10-09 03:45:10.814,390
7971,event-ingest,webhook,success,2026-10-09 03:45:10.461,2026-10-09 03:45:10.812,351
7972,event-ingest,webhook,success,2026-10-09 03:45:12.352,2026-10-09 03:45:12.756,404
7973,event-ingest,webhook,success,2026-10-09 03:45:12.506,2026-10-09 03:45:12.932,426
7974,event-ingest,webhook,success,2026-10-09 03:45:12.637,2026-10-09 03:45:13.064,427
7975,event-ingest,webhook,success,2026-10-09 03:45:12.755,2026-10-09 03:45:13.232,477
7976,event-ingest,webhook,success,2026-10-09 03:45:14.492,2026-10-09 03:45:14.926,434
7977,event-ingest,webhook,success,2026-10-09 03:45:14.628,2026-10-09 03:45:15.050,422
7978,event-ingest,webhook,success,2026-10-09 03:45:14.854,2026-10-09 03:45:15.276,422
7979,event-ingest,webhook,success,2026-10-09 03:45:14.999,2026-10-09 03:45:15.506,507
7980,event-ingest,webhook,success,2026-10-09 03:45:16.471,2026-10-09 03:45:16.849,378
7981,event-ingest,webhook,success,2026-10-09 03:45:16.579,2026-10-09 03:45:17.017,438
7982,event-ingest,webhook,success,2026-10-09 03:45:16.763,2026-10-09 03:45:17.193,430
7983,event-ingest,webhook,success,2026-10-09 03:45:16.914,2026-10-09 03:45:17.654,740
7984,event-ingest,webhook,success,2026-10-09 03:45:17.498,2026-10-09 03:45:18.017,519
7985,event-ingest,webhook,success,2026-10-09 03:45:17.729,2026-10-09 03:45:18.328,599
7986,event-ingest,webhook,success,2026-10-09 03:45:18.022,2026-10-09 03:45:18.564,542
7987,event-ingest,webhook,success,2026-10-09 03:45:18.299,2026-10-09 03:45:18.787,488
7988,event-ingest,webhook,success,2026-10-09 03:45:19.081,2026-10-09 03:45:19.485,404
7989,event-ingest,webhook,success,2026-10-09 03:45:20.100,2026-10-09 03:45:20.496,396
7990,event-ingest,webhook,success,2026-10-09 03:45:20.823,2026-10-09 03:45:21.249,426
7991,event-ingest,webhook,success,2026-10-09 03:45:21.554,2026-10-09 03:45:21.948,394
7992,event-ingest,webhook,success,2026-10-09 03:45:22.259,2026-10-09 03:45:24.388,2129
7993,event-ingest,webhook,success,2026-10-09 03:45:23.357,2026-10-09 03:45:25.452,2095
7994,event-ingest,webhook,success,2026-10-09 03:45:23.491,2026-10-09 03:45:25.610,2119
7995,event-ingest,webhook,success,2026-10-09 03:45:24.223,2026-10-09 03:45:26.335,2112
7996,event-ingest,webhook,success,2026-10-09 03:45:24.352,2026-10-09 03:45:26.417,2065
7997,event-ingest,webhook,success,2026-10-09 03:45:24.457,2026-10-09 03:45:26.662,2205
7998,event-ingest,webhook,success,2026-10-09 03:45:24.710,2026-10-09 03:45:26.779,2069
7999,event-ingest,webhook,success,2026-10-09 03:45:26.319,2026-10-09 03:45:28.492,2173
8000,event-ingest,webhook,success,2026-10-09 03:45:26.684,2026-10-09 03:45:28.933,2249
8001,event-ingest,webhook,success,2026-10-09 03:45:26.988,2026-10-09 03:45:29.117,2129
8002,event-ingest,webhook,success,2026-10-09 03:45:27.095,2026-10-09 03:45:29.194,2099
8003,event-ingest,webhook,success,2026-10-09 03:45:28.385,2026-10-09 03:45:30.469,2084
8004,event-ingest,webhook,success,2026-10-09 03:45:28.640,2026-10-09 03:45:30.901,2261
8005,event-ingest,webhook,success,2026-10-09 03:45:28.975,2026-10-09 03:45:31.332,2357
8006,event-ingest,webhook,success,2026-10-09 03:45:29.547,2026-10-09 03:45:31.667,2120
8007,event-ingest,webhook,success,2026-10-09 03:45:30.301,2026-10-09 03:45:32.377,2076
8008,event-ingest,webhook,success,2026-10-09 03:45:30.361,2026-10-09 03:45:32.410,2049
8009,event-ingest,webhook,success,2026-10-09 03:45:30.435,2026-10-09 03:45:32.500,2065
8010,event-ingest,webhook,success,2026-10-09 03:45:30.503,2026-10-09 03:45:32.561,2058
8011,event-ingest,webhook,success,2026-10-09 03:45:32.391,2026-10-09 03:45:34.476,2085
8012,event-ingest,webhook,success,2026-10-09 03:45:32.505,2026-10-09 03:45:34.689,2184
8013,event-ingest,webhook,success,2026-10-09 03:45:32.700,2026-10-09 03:45:34.742,2042
8014,event-ingest,webhook,success,2026-10-09 03:45:32.757,2026-10-09 03:45:34.801,2044
8015,event-ingest,webhook,success,2026-10-09 03:45:34.319,2026-10-09 03:45:36.373,2054
8016,event-ingest,webhook,success,2026-10-09 03:45:34.370,2026-10-09 03:45:36.472,2102
8017,event-ingest,webhook,success,2026-10-09 03:45:34.442,2026-10-09 03:45:36.642,2200
8018,event-ingest,webhook,success,2026-10-09 03:45:34.635,2026-10-09 03:45:36.723,2088
8019,event-ingest,webhook,success,2026-10-09 03:45:36.663,2026-10-09 03:45:39.011,2348
8020,event-ingest,webhook,success,2026-10-09 03:45:37.101,2026-10-09 03:45:39.236,2135
8021,event-ingest,webhook,success,2026-10-09 03:45:37.267,2026-10-09 03:45:39.365,2098
8022,event-ingest,webhook,success,2026-10-09 03:45:37.365,2026-10-09 03:45:39.484,2119
8023,event-ingest,webhook,success,2026-10-09 03:45:37.519,2026-10-09 03:45:39.626,2107
8024,event-ingest,webhook,success,2026-10-09 03:45:37.645,2026-10-09 03:45:39.753,2108
8025,event-ingest,webhook,success,2026-10-09 03:45:37.776,2026-10-09 03:45:39.849,2073
8026,event-ingest,webhook,success,2026-10-09 03:45:37.855,2026-10-09 03:45:39.967,2112
8027,event-ingest,webhook,success,2026-10-09 03:45:37.962,2026-10-09 03:45:40.071,2109
8028,event-ingest,webhook,success,2026-10-09 03:45:38.092,2026-10-09 03:45:40.444,2352
8029,event-ingest,webhook,success,2026-10-09 03:45:38.393,2026-10-09 03:45:40.998,2605
8030,health-monitor,trigger,success,2026-10-09 03:50:00.066,2026-10-09 03:50:00.279,213
8031,health-monitor,trigger,success,2026-10-09 03:55:00.071,2026-10-09 03:55:00.150,79
8032,ioc-extractor,trigger,success,2026-10-09 04:00:00.112,2026-10-09 04:00:02.598,2486
8033,health-monitor,trigger,success,2026-10-09 04:00:00.163,2026-10-09 04:00:00.379,216
8034,event-ingest,webhook,success,2026-10-09 04:00:06.996,2026-10-09 04:00:07.504,508
8035,event-ingest,webhook,success,2026-10-09 04:00:07.156,2026-10-09 04:00:07.640,484
8036,event-ingest,webhook,success,2026-10-09 04:00:07.359,2026-10-09 04:00:07.822,463
8037,event-ingest,webhook,success,2026-10-09 04:00:07.505,2026-10-09 04:00:08.319,814
8038,event-ingest,webhook,success,2026-10-09 04:00:08.901,2026-10-09 04:00:09.331,430
8039,event-ingest,webhook,success,2026-10-09 04:00:09.044,2026-10-09 04:00:09.524,480
8040,event-ingest,webhook,success,2026-10-09 04:00:09.236,2026-10-09 04:00:09.674,438
8041,event-ingest,webhook,success,2026-10-09 04:00:09.366,2026-10-09 04:00:10.218,852
8042,event-ingest,webhook,success,2026-10-09 04:00:11.093,2026-10-09 04:00:11.443,350
8043,event-ingest,webhook,success,2026-10-09 04:00:11.144,2026-10-09 04:00:11.502,358
8044,event-ingest,webhook,success,2026-10-09 04:00:11.202,2026-10-09 04:00:11.552,350
8045,event-ingest,webhook,success,2026-10-09 04:00:11.266,2026-10-09 04:00:11.602,336
8046,event-ingest,webhook,success,2026-10-09 04:00:13.187,2026-10-09 04:00:13.567,380
8047,event-ingest,webhook,success,2026-10-09 04:00:13.309,2026-10-09 04:00:13.719,410
8048,event-ingest,webhook,success,2026-10-09 04:00:13.420,2026-10-09 04:00:13.805,385
8049,event-ingest,webhook,success,2026-10-09 04:00:13.518,2026-10-09 04:00:14.216,698
8050,event-ingest,webhook,success,2026-10-09 04:00:15.095,2026-10-09 04:00:15.458,363
8051,event-ingest,webhook,success,2026-10-09 04:00:15.198,2026-10-09 04:00:15.560,362
8052,event-ingest,webhook,success,2026-10-09 04:00:15.289,2026-10-09 04:00:15.695,406
8053,event-ingest,webhook,success,2026-10-09 04:00:15.384,2026-10-09 04:00:15.779,395
8054,event-ingest,webhook,success,2026-10-09 04:00:17.318,2026-10-09 04:00:17.708,390
8055,event-ingest,webhook,success,2026-10-09 04:00:17.411,2026-10-09 04:00:17.831,420
8056,event-ingest,webhook,success,2026-10-09 04:00:17.515,2026-10-09 04:00:17.878,363
8057,event-ingest,webhook,success,2026-10-09 04:00:17.576,2026-10-09 04:00:17.952,376
8058,event-ingest,webhook,success,2026-10-09 04:00:17.642,2026-10-09 04:00:18.012,370
8059,event-ingest,webhook,success,2026-10-09 04:00:17.756,2026-10-09 04:00:18.393,637
8060,event-ingest,webhook,success,2026-10-09 04:00:18.418,2026-10-09 04:00:18.895,477
8061,event-ingest,webhook,success,2026-10-09 04:00:19.251,2026-10-09 04:00:19.657,406
8062,event-ingest,webhook,success,2026-10-09 04:00:19.945,2026-10-09 04:00:20.315,370
8063,event-ingest,webhook,success,2026-10-09 04:00:20.654,2026-10-09 04:00:21.046,392
8064,event-ingest,webhook,success,2026-10-09 04:00:21.659,2026-10-09 04:00:23.733,2074
8065,event-ingest,webhook,success,2026-10-09 04:00:22.366,2026-10-09 04:00:24.442,2076
8066,event-ingest,webhook,success,2026-10-09 04:00:22.461,2026-10-09 04:00:24.553,2092
8067,event-ingest,webhook,success,2026-10-09 04:00:23.182,2026-10-09 04:00:25.273,2091
8068,event-ingest,webhook,success,2026-10-09 04:00:23.292,2026-10-09 04:00:25.381,2089
8069,event-ingest,webhook,success,2026-10-09 04:00:23.408,2026-10-09 04:00:25.472,2064
8070,event-ingest,webhook,success,2026-10-09 04:00:23.509,2026-10-09 04:00:25.605,2096
8071,event-ingest,webhook,success,2026-10-09 04:00:25.416,2026-10-09 04:00:27.842,2426
8072,event-ingest,webhook,success,2026-10-09 04:00:25.748,2026-10-09 04:00:27.976,2228
8073,event-ingest,webhook,success,2026-10-09 04:00:25.907,2026-10-09 04:00:28.024,2117
8074,event-ingest,webhook,success,2026-10-09 04:00:26.072,2026-10-09 04:00:28.162,2090
8075,event-ingest,webhook,success,2026-10-09 04:00:27.394,2026-10-09 04:00:29.503,2109
8076,event-ingest,webhook,success,2026-10-09 04:00:27.502,2026-10-09 04:00:29.624,2122
8077,event-ingest,webhook,success,2026-10-09 04:00:27.712,2026-10-09 04:00:30.070,2358
8078,event-ingest,webhook,success,2026-10-09 04:00:28.191,2026-10-09 04:00:30.419,2228
8079,event-ingest,webhook,success,2026-10-09 04:00:29.334,2026-10-09 04:00:31.433,2099
8080,event-ingest,webhook,success,2026-10-09 04:00:29.473,2026-10-09 04:00:31.674,2201
8081,event-ingest,webhook,success,2026-10-09 04:00:29.759,2026-10-09 04:00:31.984,2225
8082,event-ingest,webhook,success,2026-10-09 04:00:30.020,2026-10-09 04:00:32.214,2194
8083,event-ingest,webhook,success,2026-10-09 04:00:30.275,2026-10-09 04:00:32.348,2073
8084,event-ingest,webhook,success,2026-10-09 04:00:30.382,2026-10-09 04:00:32.526,2144
8085,event-ingest,webhook,success,2026-10-09 04:00:30.579,2026-10-09 04:00:32.657,2078
8086,event-ingest,webhook,success,2026-10-09 04:00:30.665,2026-10-09 04:00:32.753,2088
8087,health-monitor,trigger,success,2026-10-09 04:05:00.144,2026-10-09 04:05:00.315,171
8088,health-monitor,trigger,success,2026-10-09 04:10:00.060,2026-10-09 04:10:00.167,107
8089,ioc-extractor,trigger,success,2026-10-09 04:15:00.125,2026-10-09 04:15:02.028,1903
8090,health-monitor,trigger,success,2026-10-09 04:15:00.207,2026-10-09 04:15:00.483,276
8091,event-ingest,webhook,success,2026-10-09 04:15:06.171,2026-10-09 04:15:06.639,468
8092,event-ingest,webhook,success,2026-10-09 04:15:06.374,2026-10-09 04:15:06.777,403
8093,event-ingest,webhook,success,2026-10-09 04:15:06.514,2026-10-09 04:15:06.877,363
8094,event-ingest,webhook,success,2026-10-09 04:15:06.648,2026-10-09 04:15:07.315,667
8095,event-ingest,webhook,success,2026-10-09 04:15:08.282,2026-10-09 04:15:08.852,570
8096,event-ingest,webhook,success,2026-10-09 04:15:08.581,2026-10-09 04:15:09.030,449
8097,event-ingest,webhook,success,2026-10-09 04:15:08.738,2026-10-09 04:15:09.216,478
8098,event-ingest,webhook,success,2026-10-09 04:15:09.160,2026-10-09 04:15:10.024,864
8099,event-ingest,webhook,success,2026-10-09 04:15:10.398,2026-10-09 04:15:10.786,388
8100,event-ingest,webhook,success,2026-10-09 04:15:10.503,2026-10-09 04:15:10.861,358
8101,event-ingest,webhook,success,2026-10-09 04:15:10.546,2026-10-09 04:15:10.967,421
8102,event-ingest,webhook,success,2026-10-09 04:15:10.594,2026-10-09 04:15:10.938,344
8103,event-ingest,webhook,success,2026-10-09 04:15:12.490,2026-10-09 04:15:12.859,369
8104,event-ingest,webhook,success,2026-10-09 04:15:12.550,2026-10-09 04:15:12.936,386
8105,event-ingest,webhook,success,2026-10-09 04:15:12.605,2026-10-09 04:15:12.972,367
8106,event-ingest,webhook,success,2026-10-09 04:15:12.658,2026-10-09 04:15:13.046,388
8107,event-ingest,webhook,success,2026-10-09 04:15:14.566,2026-10-09 04:15:14.967,401
8108,event-ingest,webhook,success,2026-10-09 04:15:14.675,2026-10-09 04:15:15.047,372
8109,event-ingest,webhook,success,2026-10-09 04:15:14.744,2026-10-09 04:15:15.165,421
8110,event-ingest,webhook,success,2026-10-09 04:15:14.903,2026-10-09 04:15:15.313,410
8111,event-ingest,webhook,success,2026-10-09 04:15:15.061,2026-10-09 04:15:15.726,665
8112,event-ingest,webhook,success,2026-10-09 04:15:15.545,2026-10-09 04:15:16.028,483
8113,event-ingest,webhook,success,2026-10-09 04:15:15.728,2026-10-09 04:15:16.264,536
8114,event-ingest,webhook,success,2026-10-09 04:15:16.565,2026-10-09 04:15:16.907,342
8115,event-ingest,webhook,success,2026-10-09 04:15:17.232,2026-10-09 04:15:17.607,375
8116,event-ingest,webhook,success,2026-10-09 04:15:18.210,2026-10-09 04:15:18.594,384
8117,event-ingest,webhook,success,2026-10-09 04:15:18.935,2026-10-09 04:15:19.325,390
8118,event-ingest,webhook,success,2026-10-09 04:15:19.674,2026-10-09 04:15:20.040,366
8119,event-ingest,webhook,success,2026-10-09 04:15:20.643,2026-10-09 04:15:21.020,377
8120,event-ingest,webhook,success,2026-10-09 04:15:20.749,2026-10-09 04:15:21.141,392
8121,event-ingest,webhook,success,2026-10-09 04:15:21.408,2026-10-09 04:15:21.815,407
8122,event-ingest,webhook,success,2026-10-09 04:15:21.538,2026-10-09 04:15:21.919,381
8123,event-ingest,webhook,success,2026-10-09 04:15:21.630,2026-10-09 04:15:23.708,2078
8124,event-ingest,webhook,success,2026-10-09 04:15:21.724,2026-10-09 04:15:23.801,2077
8125,event-ingest,webhook,success,2026-10-09 04:15:23.643,2026-10-09 04:15:25.979,2336
8126,event-ingest,webhook,success,2026-10-09 04:15:24.035,2026-10-09 04:15:26.281,2246
8127,event-ingest,webhook,success,2026-10-09 04:15:24.280,2026-10-09 04:15:26.428,2148
8128,event-ingest,webhook,success,2026-10-09 04:15:24.474,2026-10-09 04:15:26.557,2083
8129,event-ingest,webhook,success,2026-10-09 04:15:25.488,2026-10-09 04:15:27.590,2102
8130,event-ingest,webhook,success,2026-10-09 04:15:25.590,2026-10-09 04:15:27.670,2080
8131,event-ingest,webhook,success,2026-10-09 04:15:25.734,2026-10-09 04:15:28.002,2268
8132,event-ingest,webhook,success,2026-10-09 04:15:26.004,2026-10-09 04:15:28.251,2247
8133,event-ingest,webhook,success,2026-10-09 04:15:27.793,2026-10-09 04:15:29.877,2084
8134,event-ingest,webhook,success,2026-10-09 04:15:27.873,2026-10-09 04:15:29.966,2093
8135,event-ingest,webhook,success,2026-10-09 04:15:27.907,2026-10-09 04:15:29.983,2076
8136,event-ingest,webhook,success,2026-10-09 04:15:27.953,2026-10-09 04:15:30.005,2052
8137,event-ingest,webhook,success,2026-10-09 04:15:29.832,2026-10-09 04:15:31.919,2087
8138,event-ingest,webhook,success,2026-10-09 04:15:29.964,2026-10-09 04:15:32.129,2165
8139,event-ingest,webhook,success,2026-10-09 04:15:30.207,2026-10-09 04:15:32.311,2104
8140,event-ingest,webhook,success,2026-10-09 04:15:30.274,2026-10-09 04:15:32.376,2102
8141,event-ingest,webhook,success,2026-10-09 04:15:31.849,2026-10-09 04:15:33.950,2101
8142,event-ingest,webhook,success,2026-10-09 04:15:31.975,2026-10-09 04:15:34.190,2215
8143,event-ingest,webhook,success,2026-10-09 04:15:32.395,2026-10-09 04:15:34.964,2569
8144,event-ingest,webhook,success,2026-10-09 04:15:32.963,2026-10-09 04:15:35.073,2110
8145,event-ingest,webhook,success,2026-10-09 04:15:33.117,2026-10-09 04:15:35.279,2162
8146,event-ingest,webhook,success,2026-10-09 04:15:33.319,2026-10-09 04:15:35.449,2130
8147,event-ingest,webhook,success,2026-10-09 04:15:33.518,2026-10-09 04:15:35.611,2093
8148,event-ingest,webhook,success,2026-10-09 04:15:33.603,2026-10-09 04:15:35.706,2103
8149,event-ingest,webhook,success,2026-10-09 04:15:33.696,2026-10-09 04:15:35.772,2076
8150,health-monitor,trigger,success,2026-10-09 04:20:00.087,2026-10-09 04:20:00.310,223
8151,health-monitor,trigger,success,2026-10-09 04:25:00.090,2026-10-09 04:25:00.195,105
8152,ioc-extractor,trigger,success,2026-10-09 04:30:00.090,2026-10-09 04:30:01.380,1290
8153,health-monitor,trigger,success,2026-10-09 04:30:00.188,2026-10-09 04:30:00.420,232
8154,event-ingest,webhook,success,2026-10-09 04:30:07.002,2026-10-09 04:30:08.415,1413
8155,event-ingest,webhook,success,2026-10-09 04:30:07.130,2026-10-09 04:30:08.527,1397
8156,event-ingest,webhook,success,2026-10-09 04:30:07.231,2026-10-09 04:30:08.607,1376
8157,event-ingest,webhook,success,2026-10-09 04:30:07.343,2026-10-09 04:30:08.720,1377
8158,event-ingest,webhook,success,2026-10-09 04:30:08.950,2026-10-09 04:30:09.347,397
8159,event-ingest,webhook,success,2026-10-09 04:30:09.081,2026-10-09 04:30:09.468,387
8160,event-ingest,webhook,success,2026-10-09 04:30:09.231,2026-10-09 04:30:09.634,403
8161,event-ingest,webhook,success,2026-10-09 04:30:09.328,2026-10-09 04:30:09.806,478
8162,event-ingest,webhook,success,2026-10-09 04:30:11.022,2026-10-09 04:30:11.409,387
8163,event-ingest,webhook,success,2026-10-09 04:30:11.117,2026-10-09 04:30:11.508,391
8164,event-ingest,webhook,success,2026-10-09 04:30:11.229,2026-10-09 04:30:11.610,381
8165,event-ingest,webhook,success,2026-10-09 04:30:11.320,2026-10-09 04:30:11.746,426
8166,event-ingest,webhook,success,2026-10-09 04:30:13.280,2026-10-09 04:30:13.684,404
8167,event-ingest,webhook,success,2026-10-09 04:30:13.443,2026-10-09 04:30:13.830,387
8168,event-ingest,webhook,success,2026-10-09 04:30:13.542,2026-10-09 04:30:13.933,391
8169,event-ingest,webhook,success,2026-10-09 04:30:13.652,2026-10-09 04:30:14.147,495
8170,event-ingest,webhook,success,2026-10-09 04:30:15.337,2026-10-09 04:30:15.724,387
8171,event-ingest,webhook,success,2026-10-09 04:30:15.441,2026-10-09 04:30:15.858,417
8172,event-ingest,webhook,success,2026-10-09 04:30:15.533,2026-10-09 04:30:15.918,385
8173,event-ingest,webhook,success,2026-10-09 04:30:15.632,2026-10-09 04:30:16.000,368
8174,event-ingest,webhook,success,2026-10-09 04:30:17.217,2026-10-09 04:30:17.604,387
8175,event-ingest,webhook,success,2026-10-09 04:30:17.295,2026-10-09 04:30:17.668,373
8176,event-ingest,webhook,success,2026-10-09 04:30:17.361,2026-10-09 04:30:17.730,369
8177,event-ingest,webhook,success,2026-10-09 04:30:17.456,2026-10-09 04:30:17.822,366
8178,event-ingest,webhook,success,2026-10-09 04:30:17.555,2026-10-09 04:30:17.935,380
8179,event-ingest,webhook,success,2026-10-09 04:30:17.640,2026-10-09 04:30:18.256,616
8180,event-ingest,webhook,success,2026-10-09 04:30:18.555,2026-10-09 04:30:18.951,396
8181,event-ingest,webhook,success,2026-10-09 04:30:19.257,2026-10-09 04:30:19.635,378
8182,event-ingest,webhook,success,2026-10-09 04:30:19.993,2026-10-09 04:30:20.385,392
8183,event-ingest,webhook,success,2026-10-09 04:30:20.687,2026-10-09 04:30:21.142,455
8184,event-ingest,webhook,success,2026-10-09 04:30:21.694,2026-10-09 04:30:22.083,389
8185,event-ingest,webhook,success,2026-10-09 04:30:21.785,2026-10-09 04:30:22.158,373
8186,event-ingest,webhook,success,2026-10-09 04:30:22.467,2026-10-09 04:30:22.886,419
8187,event-ingest,webhook,success,2026-10-09 04:30:22.619,2026-10-09 04:30:23.034,415
8188,event-ingest,webhook,success,2026-10-09 04:30:22.758,2026-10-09 04:30:23.203,445
8189,event-ingest,webhook,success,2026-10-09 04:30:22.923,2026-10-09 04:30:23.436,513
8190,event-ingest,webhook,success,2026-10-09 04:30:23.315,2026-10-09 04:30:23.936,621
8191,health-monitor,trigger,success,2026-10-09 04:35:00.059,2026-10-09 04:35:00.318,259
8192,health-monitor,trigger,success,2026-10-09 04:40:00.095,2026-10-09 04:40:00.205,110
8193,health-monitor,trigger,success,2026-10-09 04:45:00.104,2026-10-09 04:45:00.367,263
8194,ioc-extractor,trigger,success,2026-10-09 04:45:00.216,2026-10-09 04:45:00.997,781
8195,event-ingest,webhook,success,2026-10-09 04:45:07.065,2026-10-09 04:45:07.485,420
8196,event-ingest,webhook,success,2026-10-09 04:45:07.111,2026-10-09 04:45:07.497,386
8197,event-ingest,webhook,success,2026-10-09 04:45:07.184,2026-10-09 04:45:07.634,450
8198,event-ingest,webhook,success,2026-10-09 04:45:07.359,2026-10-09 04:45:07.742,383
8199,event-ingest,webhook,success,2026-10-09 04:45:08.996,2026-10-09 04:45:09.374,378
8200,event-ingest,webhook,success,2026-10-09 04:45:09.115,2026-10-09 04:45:09.497,382
8201,event-ingest,webhook,success,2026-10-09 04:45:09.189,2026-10-09 04:45:09.548,359
8202,event-ingest,webhook,success,2026-10-09 04:45:09.280,2026-10-09 04:45:09.641,361
8203,event-ingest,webhook,success,2026-10-09 04:45:11.167,2026-10-09 04:45:11.522,355
8204,event-ingest,webhook,success,2026-10-09 04:45:11.238,2026-10-09 04:45:11.579,341
8205,event-ingest,webhook,success,2026-10-09 04:45:11.297,2026-10-09 04:45:11.664,367
8206,event-ingest,webhook,success,2026-10-09 04:45:11.435,2026-10-09 04:45:11.808,373
8207,event-ingest,webhook,success,2026-10-09 04:45:13.035,2026-10-09 04:45:13.442,407
8208,event-ingest,webhook,success,2026-10-09 04:45:13.148,2026-10-09 04:45:13.521,373
8209,event-ingest,webhook,success,2026-10-09 04:45:13.249,2026-10-09 04:45:13.625,376
8210,event-ingest,webhook,success,2026-10-09 04:45:13.363,2026-10-09 04:45:13.746,383
8211,event-ingest,webhook,success,2026-10-09 04:45:15.278,2026-10-09 04:45:15.664,386
8212,event-ingest,webhook,success,2026-10-09 04:45:15.369,2026-10-09 04:45:15.728,359
8213,event-ingest,webhook,success,2026-10-09 04:45:15.459,2026-10-09 04:45:15.847,388
8214,event-ingest,webhook,success,2026-10-09 04:45:15.544,2026-10-09 04:45:15.890,346
8215,event-ingest,webhook,success,2026-10-09 04:45:17.159,2026-10-09 04:45:17.536,377
8216,event-ingest,webhook,success,2026-10-09 04:45:17.265,2026-10-09 04:45:17.662,397
8217,event-ingest,webhook,success,2026-10-09 04:45:17.381,2026-10-09 04:45:17.749,368
8218,event-ingest,webhook,success,2026-10-09 04:45:17.484,2026-10-09 04:45:17.856,372
8219,event-ingest,webhook,success,2026-10-09 04:45:19.385,2026-10-09 04:45:19.763,378
8220,event-ingest,webhook,success,2026-10-09 04:45:19.464,2026-10-09 04:45:19.843,379
8221,event-ingest,webhook,success,2026-10-09 04:45:19.556,2026-10-09 04:45:19.962,406
8222,event-ingest,webhook,success,2026-10-09 04:45:19.667,2026-10-09 04:45:20.081,414
8223,event-ingest,webhook,success,2026-10-09 04:45:21.257,2026-10-09 04:45:21.646,389
8224,event-ingest,webhook,success,2026-10-09 04:45:21.364,2026-10-09 04:45:21.735,371
8225,event-ingest,webhook,success,2026-10-09 04:45:21.431,2026-10-09 04:45:21.791,360
8226,event-ingest,webhook,success,2026-10-09 04:45:21.533,2026-10-09 04:45:21.922,389
8227,event-ingest,webhook,success,2026-10-09 04:45:23.423,2026-10-09 04:45:25.492,2069
8228,event-ingest,webhook,success,2026-10-09 04:45:23.506,2026-10-09 04:45:25.574,2068
8229,event-ingest,webhook,success,2026-10-09 04:45:23.608,2026-10-09 04:45:25.680,2072
8230,event-ingest,webhook,success,2026-10-09 04:45:23.703,2026-10-09 04:45:25.775,2072
8231,event-ingest,webhook,success,2026-10-09 04:45:25.619,2026-10-09 04:45:27.936,2317
8232,event-ingest,webhook,success,2026-10-09 04:45:26.010,2026-10-09 04:45:28.086,2076
8233,event-ingest,webhook,success,2026-10-09 04:45:26.124,2026-10-09 04:45:28.186,2062
8234,event-ingest,webhook,success,2026-10-09 04:45:26.208,2026-10-09 04:45:28.249,2041
8235,event-ingest,webhook,success,2026-10-09 04:45:26.284,2026-10-09 04:45:28.350,2066
8236,event-ingest,webhook,success,2026-10-09 04:45:26.382,2026-10-09 04:45:28.458,2076
8237,event-ingest,webhook,success,2026-10-09 04:45:26.473,2026-10-09 04:45:28.548,2075
8238,event-ingest,webhook,success,2026-10-09 04:45:27.495,2026-10-09 04:45:29.570,2075
8239,event-ingest,webhook,success,2026-10-09 04:45:28.228,2026-10-09 04:45:30.413,2185
8240,event-ingest,webhook,success,2026-10-09 04:45:29.034,2026-10-09 04:45:31.109,2075
8241,event-ingest,webhook,success,2026-10-09 04:45:29.707,2026-10-09 04:45:31.765,2058
8242,event-ingest,webhook,success,2026-10-09 04:45:29.769,2026-10-09 04:45:31.809,2040
8243,event-ingest,webhook,success,2026-10-09 04:45:30.721,2026-10-09 04:45:32.786,2065
8244,event-ingest,webhook,success,2026-10-09 04:45:30.782,2026-10-09 04:45:32.862,2080
8245,event-ingest,webhook,success,2026-10-09 04:45:30.851,2026-10-09 04:45:32.906,2055
8246,event-ingest,webhook,success,2026-10-09 04:45:30.917,2026-10-09 04:45:32.968,2051
8247,event-ingest,webhook,success,2026-10-09 04:45:32.815,2026-10-09 04:45:35.047,2232
8248,event-ingest,webhook,success,2026-10-09 04:45:33.164,2026-10-09 04:45:35.273,2109
8249,event-ingest,webhook,success,2026-10-09 04:45:33.283,2026-10-09 04:45:35.357,2074
8250,event-ingest,webhook,success,2026-10-09 04:45:33.347,2026-10-09 04:45:35.393,2046
8251,event-ingest,webhook,success,2026-10-09 04:45:33.417,2026-10-09 04:45:35.477,2060
8252,event-ingest,webhook,success,2026-10-09 04:45:33.470,2026-10-09 04:45:35.541,2071
8253,event-ingest,webhook,success,2026-10-09 04:45:34.152,2026-10-09 04:45:36.214,2062
8254,event-ingest,webhook,success,2026-10-09 04:45:34.860,2026-10-09 04:45:36.923,2063
8255,event-ingest,webhook,success,2026-10-09 04:45:35.589,2026-10-09 04:45:37.783,2194
8256,event-ingest,webhook,success,2026-10-09 04:45:36.399,2026-10-09 04:45:38.472,2073
8257,event-ingest,webhook,success,2026-10-09 04:45:37.062,2026-10-09 04:45:39.118,2056
8258,event-ingest,webhook,success,2026-10-09 04:45:38.019,2026-10-09 04:45:40.086,2067
8259,event-ingest,webhook,success,2026-10-09 04:45:38.699,2026-10-09 04:45:40.756,2057
8260,event-ingest,webhook,success,2026-10-09 04:45:39.682,2026-10-09 04:45:41.759,2077
8261,event-ingest,webhook,success,2026-10-09 04:45:39.778,2026-10-09 04:45:41.860,2082
8262,event-ingest,webhook,success,2026-10-09 04:45:40.775,2026-10-09 04:45:42.916,2141
8263,event-ingest,webhook,success,2026-10-09 04:45:40.908,2026-10-09 04:45:42.985,2077
8264,event-ingest,webhook,success,2026-10-09 04:45:40.983,2026-10-09 04:45:43.048,2065
8265,event-ingest,webhook,success,2026-10-09 04:45:41.059,2026-10-09 04:45:43.129,2070
8266,event-ingest,webhook,success,2026-10-09 04:45:42.649,2026-10-09 04:45:44.751,2102
8267,event-ingest,webhook,success,2026-10-09 04:45:42.750,2026-10-09 04:45:44.815,2065
8268,event-ingest,webhook,success,2026-10-09 04:45:42.871,2026-10-09 04:45:45.026,2155
8269,event-ingest,webhook,success,2026-10-09 04:45:43.212,2026-10-09 04:45:45.682,2470
8270,event-ingest,webhook,success,2026-10-09 04:45:43.713,2026-10-09 04:45:45.817,2104
8271,event-ingest,webhook,success,2026-10-09 04:45:43.912,2026-10-09 04:45:46.021,2109
8272,event-ingest,webhook,success,2026-10-09 04:45:44.044,2026-10-09 04:45:46.099,2055
8273,event-ingest,webhook,success,2026-10-09 04:45:44.115,2026-10-09 04:45:46.184,2069
8274,event-ingest,webhook,success,2026-10-09 04:45:44.175,2026-10-09 04:45:46.263,2088
8275,event-ingest,webhook,success,2026-10-09 04:45:44.227,2026-10-09 04:45:46.275,2048
8276,event-ingest,webhook,success,2026-10-09 04:45:44.277,2026-10-09 04:45:46.765,2488
8277,health-monitor,trigger,success,2026-10-09 04:50:00.083,2026-10-09 04:50:00.317,234
8278,health-monitor,trigger,success,2026-10-09 04:55:00.094,2026-10-09 04:55:00.193,99
8279,health-monitor,trigger,success,2026-10-09 05:00:00.089,2026-10-09 05:00:00.354,265
8280,ioc-extractor,trigger,success,2026-10-09 05:00:00.203,2026-10-09 05:00:01.674,1471
8281,event-ingest,webhook,success,2026-10-09 05:00:06.460,2026-10-09 05:00:06.947,487
8282,event-ingest,webhook,success,2026-10-09 05:00:06.650,2026-10-09 05:00:07.041,391
8283,event-ingest,webhook,success,2026-10-09 05:00:06.764,2026-10-09 05:00:07.134,370
8284,event-ingest,webhook,success,2026-10-09 05:00:06.850,2026-10-09 05:00:07.250,400
8285,event-ingest,webhook,success,2026-10-09 05:00:08.467,2026-10-09 05:00:08.846,379
8286,event-ingest,webhook,success,2026-10-09 05:00:08.572,2026-10-09 05:00:08.951,379
8287,event-ingest,webhook,success,2026-10-09 05:00:08.684,2026-10-09 05:00:09.068,384
8288,event-ingest,webhook,success,2026-10-09 05:00:08.786,2026-10-09 05:00:09.176,390
8289,event-ingest,webhook,success,2026-10-09 05:00:10.734,2026-10-09 05:00:11.138,404
8290,event-ingest,webhook,success,2026-10-09 05:00:10.863,2026-10-09 05:00:11.253,390
8291,event-ingest,webhook,success,2026-10-09 05:00:10.961,2026-10-09 05:00:11.325,364
8292,event-ingest,webhook,success,2026-10-09 05:00:11.314,2026-10-09 05:00:11.977,663
8293,event-ingest,webhook,success,2026-10-09 05:00:12.586,2026-10-09 05:00:13.030,444
8294,event-ingest,webhook,success,2026-10-09 05:00:12.681,2026-10-09 05:00:13.062,381
8295,event-ingest,webhook,success,2026-10-09 05:00:12.778,2026-10-09 05:00:13.151,373
8296,event-ingest,webhook,success,2026-10-09 05:00:12.877,2026-10-09 05:00:13.242,365
8297,event-ingest,webhook,success,2026-10-09 05:00:14.782,2026-10-09 05:00:15.224,442
8298,event-ingest,webhook,success,2026-10-09 05:00:14.886,2026-10-09 05:00:15.427,541
8299,event-ingest,webhook,success,2026-10-09 05:00:14.989,2026-10-09 05:00:15.545,556
8300,event-ingest,webhook,success,2026-10-09 05:00:15.122,2026-10-09 05:00:15.752,630
8301,event-ingest,webhook,success,2026-10-09 05:00:15.584,2026-10-09 05:00:16.109,525
8302,event-ingest,webhook,success,2026-10-09 05:00:15.861,2026-10-09 05:00:16.277,416
8303,event-ingest,webhook,success,2026-10-09 05:00:15.987,2026-10-09 05:00:16.354,367
8304,event-ingest,webhook,success,2026-10-09 05:00:16.671,2026-10-09 05:00:17.073,402
8305,event-ingest,webhook,success,2026-10-09 05:00:17.716,2026-10-09 05:00:18.101,385
8306,event-ingest,webhook,success,2026-10-09 05:00:18.431,2026-10-09 05:00:18.796,365
8307,event-ingest,webhook,success,2026-10-09 05:00:19.124,2026-10-09 05:00:19.477,353
8308,event-ingest,webhook,success,2026-10-09 05:00:20.091,2026-10-09 05:00:20.484,393
8309,event-ingest,webhook,success,2026-10-09 05:00:20.227,2026-10-09 05:00:20.608,381
8310,event-ingest,webhook,success,2026-10-09 05:00:20.931,2026-10-09 05:00:21.301,370
8311,event-ingest,webhook,success,2026-10-09 05:00:21.016,2026-10-09 05:00:21.394,378
8312,event-ingest,webhook,success,2026-10-09 05:00:21.098,2026-10-09 05:00:23.159,2061
8313,event-ingest,webhook,success,2026-10-09 05:00:21.182,2026-10-09 05:00:23.257,2075
8314,event-ingest,webhook,success,2026-10-09 05:00:23.107,2026-10-09 05:00:25.188,2081
8315,event-ingest,webhook,success,2026-10-09 05:00:23.196,2026-10-09 05:00:25.467,2271
8316,event-ingest,webhook,success,2026-10-09 05:00:23.518,2026-10-09 05:00:25.580,2062
8317,event-ingest,webhook,success,2026-10-09 05:00:23.598,2026-10-09 05:00:25.661,2063
8318,event-ingest,webhook,success,2026-10-09 05:00:25.216,2026-10-09 05:00:27.403,2187
8319,event-ingest,webhook,success,2026-10-09 05:00:25.450,2026-10-09 05:00:27.615,2165
8320,event-ingest,webhook,success,2026-10-09 05:00:25.698,2026-10-09 05:00:28.010,2312
8321,event-ingest,webhook,success,2026-10-09 05:00:26.038,2026-10-09 05:00:28.098,2060
8322,event-ingest,webhook,success,2026-10-09 05:00:27.332,2026-10-09 05:00:29.412,2080
8323,event-ingest,webhook,success,2026-10-09 05:00:27.473,2026-10-09 05:00:29.590,2117
8324,event-ingest,webhook,success,2026-10-09 05:00:27.598,2026-10-09 05:00:29.708,2110
8325,event-ingest,webhook,success,2026-10-09 05:00:27.761,2026-10-09 05:00:29.838,2077
8326,event-ingest,webhook,success,2026-10-09 05:00:29.367,2026-10-09 05:00:31.597,2230
8327,event-ingest,webhook,success,2026-10-09 05:00:29.612,2026-10-09 05:00:31.747,2135
8328,event-ingest,webhook,success,2026-10-09 05:00:29.755,2026-10-09 05:00:31.851,2096
8329,event-ingest,webhook,success,2026-10-09 05:00:29.851,2026-10-09 05:00:31.965,2114
8330,event-ingest,webhook,success,2026-10-09 05:00:31.159,2026-10-09 05:00:33.248,2089
8331,event-ingest,webhook,success,2026-10-09 05:00:31.252,2026-10-09 05:00:33.335,2083
8332,event-ingest,webhook,success,2026-10-09 05:00:31.340,2026-10-09 05:00:33.386,2046
8333,event-ingest,webhook,success,2026-10-09 05:00:31.388,2026-10-09 05:00:33.469,2081
8334,event-ingest,webhook,success,2026-10-09 05:00:31.553,2026-10-09 05:00:33.772,2219
8335,event-ingest,webhook,success,2026-10-09 05:00:31.860,2026-10-09 05:00:34.179,2319
8336,event-ingest,webhook,success,2026-10-09 05:00:32.233,2026-10-09 05:00:34.296,2063
8337,event-ingest,webhook,success,2026-10-09 05:00:32.318,2026-10-09 05:00:34.376,2058
8338,event-ingest,webhook,success,2026-10-09 05:00:32.404,2026-10-09 05:00:34.470,2066
8339,health-monitor,trigger,success,2026-10-09 05:05:00.102,2026-10-09 05:05:00.337,235
8340,health-monitor,trigger,success,2026-10-09 05:10:00.075,2026-10-09 05:10:00.265,190
8341,ioc-extractor,trigger,success,2026-10-09 05:15:00.078,2026-10-09 05:15:01.253,1175
8342,health-monitor,trigger,success,2026-10-09 05:15:00.146,2026-10-09 05:15:00.316,170
8343,event-ingest,webhook,success,2026-10-09 05:15:06.630,2026-10-09 05:15:07.076,446
8344,event-ingest,webhook,success,2026-10-09 05:15:06.799,2026-10-09 05:15:07.193,394
8345,event-ingest,webhook,success,2026-10-09 05:15:06.888,2026-10-09 05:15:07.253,365
8346,event-ingest,webhook,success,2026-10-09 05:15:06.968,2026-10-09 05:15:07.372,404
8347,event-ingest,webhook,success,2026-10-09 05:15:08.584,2026-10-09 05:15:09.021,437
8348,event-ingest,webhook,success,2026-10-09 05:15:08.712,2026-10-09 05:15:09.095,383
8349,event-ingest,webhook,success,2026-10-09 05:15:08.815,2026-10-09 05:15:09.218,403
8350,event-ingest,webhook,success,2026-10-09 05:15:08.905,2026-10-09 05:15:09.285,380
8351,event-ingest,webhook,success,2026-10-09 05:15:10.807,2026-10-09 05:15:11.190,383
8352,event-ingest,webhook,success,2026-10-09 05:15:10.904,2026-10-09 05:15:11.301,397
8353,event-ingest,webhook,success,2026-10-09 05:15:11.011,2026-10-09 05:15:11.398,387
8354,event-ingest,webhook,success,2026-10-09 05:15:11.123,2026-10-09 05:15:11.497,374
8355,event-ingest,webhook,success,2026-10-09 05:15:12.717,2026-10-09 05:15:13.104,387
8356,event-ingest,webhook,success,2026-10-09 05:15:12.799,2026-10-09 05:15:13.147,348
8357,event-ingest,webhook,success,2026-10-09 05:15:12.888,2026-10-09 05:15:13.242,354
8358,event-ingest,webhook,success,2026-10-09 05:15:12.979,2026-10-09 05:15:13.353,374
8359,event-ingest,webhook,success,2026-10-09 05:15:14.890,2026-10-09 05:15:15.267,377
8360,event-ingest,webhook,success,2026-10-09 05:15:15.004,2026-10-09 05:15:15.373,369
8361,event-ingest,webhook,success,2026-10-09 05:15:15.088,2026-10-09 05:15:15.461,373
8362,event-ingest,webhook,success,2026-10-09 05:15:15.178,2026-10-09 05:15:15.541,363
8363,event-ingest,webhook,success,2026-10-09 05:15:17.067,2026-10-09 05:15:17.540,473
8364,event-ingest,webhook,success,2026-10-09 05:15:17.180,2026-10-09 05:15:17.688,508
8365,event-ingest,webhook,success,2026-10-09 05:15:17.308,2026-10-09 05:15:17.768,460
8366,event-ingest,webhook,success,2026-10-09 05:15:17.435,2026-10-09 05:15:18.005,570
8367,event-ingest,webhook,success,2026-10-09 05:15:18.973,2026-10-09 05:15:19.379,406
8368,event-ingest,webhook,success,2026-10-09 05:15:19.085,2026-10-09 05:15:19.490,405
8369,event-ingest,webhook,success,2026-10-09 05:15:19.328,2026-10-09 05:15:19.688,360
8370,event-ingest,webhook,success,2026-10-09 05:15:19.413,2026-10-09 05:15:19.844,431
8371,event-ingest,webhook,success,2026-10-09 05:15:19.586,2026-10-09 05:15:19.976,390
8372,event-ingest,webhook,success,2026-10-09 05:15:19.666,2026-10-09 05:15:20.083,417
8373,event-ingest,webhook,success,2026-10-09 05:15:20.134,2026-10-09 05:15:22.275,2141
8374,event-ingest,webhook,success,2026-10-09 05:15:20.940,2026-10-09 05:15:23.005,2065
8375,event-ingest,webhook,success,2026-10-09 05:15:21.643,2026-10-09 05:15:23.727,2084
8376,event-ingest,webhook,success,2026-10-09 05:15:22.656,2026-10-09 05:15:24.704,2048
8377,event-ingest,webhook,success,2026-10-09 05:15:23.296,2026-10-09 05:15:25.344,2048
8378,event-ingest,webhook,success,2026-10-09 05:15:23.361,2026-10-09 05:15:25.469,2108
8379,event-ingest,webhook,success,2026-10-09 05:15:24.406,2026-10-09 05:15:26.495,2089
8380,event-ingest,webhook,success,2026-10-09 05:15:24.515,2026-10-09 05:15:26.609,2094
8381,event-ingest,webhook,success,2026-10-09 05:15:24.596,2026-10-09 05:15:26.662,2066
8382,event-ingest,webhook,success,2026-10-09 05:15:24.683,2026-10-09 05:15:26.817,2134
8383,event-ingest,webhook,success,2026-10-09 05:15:26.351,2026-10-09 05:15:28.428,2077
8384,event-ingest,webhook,success,2026-10-09 05:15:26.473,2026-10-09 05:15:28.657,2184
8385,event-ingest,webhook,success,2026-10-09 05:15:26.726,2026-10-09 05:15:28.853,2127
8386,event-ingest,webhook,success,2026-10-09 05:15:26.919,2026-10-09 05:15:29.006,2087
8387,event-ingest,webhook,success,2026-10-09 05:15:28.506,2026-10-09 05:15:30.606,2100
8388,event-ingest,webhook,success,2026-10-09 05:15:28.644,2026-10-09 05:15:30.765,2121
8389,event-ingest,webhook,success,2026-10-09 05:15:28.776,2026-10-09 05:15:30.846,2070
8390,event-ingest,webhook,success,2026-10-09 05:15:28.843,2026-10-09 05:15:30.931,2088
8391,event-ingest,webhook,success,2026-10-09 05:15:30.434,2026-10-09 05:15:32.515,2081
8392,event-ingest,webhook,success,2026-10-09 05:15:30.615,2026-10-09 05:15:32.892,2277
8393,event-ingest,webhook,success,2026-10-09 05:15:30.981,2026-10-09 05:15:33.305,2324
8394,event-ingest,webhook,success,2026-10-09 05:15:31.368,2026-10-09 05:15:33.428,2060
8395,event-ingest,webhook,success,2026-10-09 05:15:31.449,2026-10-09 05:15:33.571,2122
8396,event-ingest,webhook,success,2026-10-09 05:15:31.520,2026-10-09 05:15:33.616,2096
8397,event-ingest,webhook,success,2026-10-09 05:15:31.625,2026-10-09 05:15:33.705,2080
8398,event-ingest,webhook,success,2026-10-09 05:15:31.712,2026-10-09 05:15:33.765,2053
8399,event-ingest,webhook,success,2026-10-09 05:15:31.801,2026-10-09 05:15:33.852,2051
8400,health-monitor,trigger,success,2026-10-09 05:20:00.107,2026-10-09 05:20:00.385,278
8401,health-monitor,trigger,success,2026-10-09 05:25:00.089,2026-10-09 05:25:00.182,93
8402,ioc-extractor,trigger,success,2026-10-09 05:30:00.082,2026-10-09 05:30:01.378,1296
8403,health-monitor,trigger,success,2026-10-09 05:30:00.153,2026-10-09 05:30:00.415,262
8404,event-ingest,webhook,success,2026-10-09 05:30:06.659,2026-10-09 05:30:07.119,460
8405,event-ingest,webhook,success,2026-10-09 05:30:06.799,2026-10-09 05:30:07.194,395
8406,event-ingest,webhook,success,2026-10-09 05:30:06.902,2026-10-09 05:30:07.286,384
8407,event-ingest,webhook,success,2026-10-09 05:30:06.979,2026-10-09 05:30:07.368,389
8408,event-ingest,webhook,success,2026-10-09 05:30:07.066,2026-10-09 05:30:07.459,393
8409,event-ingest,webhook,success,2026-10-09 05:30:07.178,2026-10-09 05:30:07.833,655
8410,event-ingest,webhook,success,2026-10-09 05:30:07.854,2026-10-09 05:30:08.369,515
8411,event-ingest,webhook,success,2026-10-09 05:30:08.678,2026-10-09 05:30:09.074,396
8412,event-ingest,webhook,success,2026-10-09 05:30:09.383,2026-10-09 05:30:09.755,372
8413,event-ingest,webhook,success,2026-10-09 05:30:10.092,2026-10-09 05:30:10.469,377
8414,event-ingest,webhook,success,2026-10-09 05:30:11.125,2026-10-09 05:30:11.535,410
8415,event-ingest,webhook,success,2026-10-09 05:30:11.849,2026-10-09 05:30:12.219,370
8416,event-ingest,webhook,success,2026-10-09 05:30:12.546,2026-10-09 05:30:12.985,439
8417,event-ingest,webhook,success,2026-10-09 05:30:12.640,2026-10-09 05:30:13.001,361
8418,event-ingest,webhook,success,2026-10-09 05:30:13.669,2026-10-09 05:30:14.035,366
8419,event-ingest,webhook,success,2026-10-09 05:30:13.764,2026-10-09 05:30:14.128,364
8420,event-ingest,webhook,success,2026-10-09 05:30:13.877,2026-10-09 05:30:14.263,386
8421,event-ingest,webhook,success,2026-10-09 05:30:13.978,2026-10-09 05:30:14.347,369
8422,event-ingest,webhook,success,2026-10-09 05:30:15.590,2026-10-09 05:30:15.988,398
8423,event-ingest,webhook,success,2026-10-09 05:30:15.687,2026-10-09 05:30:16.048,361
8424,event-ingest,webhook,success,2026-10-09 05:30:15.793,2026-10-09 05:30:16.189,396
8425,event-ingest,webhook,success,2026-10-09 05:30:15.915,2026-10-09 05:30:16.270,355
8426,event-ingest,webhook,success,2026-10-09 05:30:17.816,2026-10-09 05:30:18.220,404
8427,event-ingest,webhook,success,2026-10-09 05:30:17.934,2026-10-09 05:30:18.344,410
8428,event-ingest,webhook,success,2026-10-09 05:30:18.067,2026-10-09 05:30:18.511,444
8429,event-ingest,webhook,success,2026-10-09 05:30:18.173,2026-10-09 05:30:18.658,485
8430,event-ingest,webhook,success,2026-10-09 05:30:19.860,2026-10-09 05:30:20.231,371
8431,event-ingest,webhook,success,2026-10-09 05:30:19.982,2026-10-09 05:30:20.353,371
8432,event-ingest,webhook,success,2026-10-09 05:30:20.053,2026-10-09 05:30:20.435,382
8433,event-ingest,webhook,success,2026-10-09 05:30:20.094,2026-10-09 05:30:20.483,389
8434,event-ingest,webhook,success,2026-10-09 05:30:21.666,2026-10-09 05:30:22.064,398
8435,event-ingest,webhook,success,2026-10-09 05:30:21.756,2026-10-09 05:30:22.158,402
8436,event-ingest,webhook,success,2026-10-09 05:30:21.863,2026-10-09 05:30:22.231,368
8437,event-ingest,webhook,success,2026-10-09 05:30:21.931,2026-10-09 05:30:22.318,387
8438,event-ingest,webhook,success,2026-10-09 05:30:23.851,2026-10-09 05:30:24.257,406
8439,event-ingest,webhook,success,2026-10-09 05:30:23.958,2026-10-09 05:30:24.399,441
8440,event-ingest,webhook,success,2026-10-09 05:30:24.095,2026-10-09 05:30:24.521,426
8441,event-ingest,webhook,success,2026-10-09 05:30:24.235,2026-10-09 05:30:26.418,2183
8442,event-ingest,webhook,success,2026-10-09 05:30:24.493,2026-10-09 05:30:26.691,2198
8443,health-monitor,trigger,success,2026-10-09 05:35:00.077,2026-10-09 05:35:00.384,307
8444,health-monitor,trigger,success,2026-10-09 05:40:00.057,2026-10-09 05:40:00.139,82
8445,ioc-extractor,trigger,success,2026-10-09 05:45:00.060,2026-10-09 05:45:01.028,968
8446,health-monitor,trigger,success,2026-10-09 05:45:00.116,2026-10-09 05:45:00.331,215
8447,event-ingest,webhook,success,2026-10-09 05:45:06.345,2026-10-09 05:45:06.778,433
8448,event-ingest,webhook,success,2026-10-09 05:45:06.466,2026-10-09 05:45:06.916,450
8449,event-ingest,webhook,success,2026-10-09 05:45:06.638,2026-10-09 05:45:07.016,378
8450,event-ingest,webhook,success,2026-10-09 05:45:06.739,2026-10-09 05:45:07.117,378
8451,event-ingest,webhook,success,2026-10-09 05:45:08.332,2026-10-09 05:45:08.711,379
8452,event-ingest,webhook,success,2026-10-09 05:45:08.438,2026-10-09 05:45:08.823,385
8453,event-ingest,webhook,success,2026-10-09 05:45:08.531,2026-10-09 05:45:08.897,366
8454,event-ingest,webhook,success,2026-10-09 05:45:08.617,2026-10-09 05:45:09.008,391
8455,event-ingest,webhook,success,2026-10-09 05:45:10.530,2026-10-09 05:45:10.943,413
8456,event-ingest,webhook,success,2026-10-09 05:45:10.651,2026-10-09 05:45:11.052,401
8457,event-ingest,webhook,success,2026-10-09 05:45:10.799,2026-10-09 05:45:11.186,387
8458,event-ingest,webhook,success,2026-10-09 05:45:10.896,2026-10-09 05:45:11.266,370
8459,event-ingest,webhook,success,2026-10-09 05:45:12.492,2026-10-09 05:45:12.928,436
8460,event-ingest,webhook,success,2026-10-09 05:45:12.615,2026-10-09 05:45:12.988,373
8461,event-ingest,webhook,success,2026-10-09 05:45:12.727,2026-10-09 05:45:13.123,396
8462,event-ingest,webhook,success,2026-10-09 05:45:12.862,2026-10-09 05:45:13.240,378
8463,event-ingest,webhook,success,2026-10-09 05:45:14.766,2026-10-09 05:45:15.139,373
8464,event-ingest,webhook,success,2026-10-09 05:45:14.874,2026-10-09 05:45:15.264,390
8465,event-ingest,webhook,success,2026-10-09 05:45:14.977,2026-10-09 05:45:15.376,399
8466,event-ingest,webhook,success,2026-10-09 05:45:15.111,2026-10-09 05:45:15.605,494
8467,event-ingest,webhook,success,2026-10-09 05:45:15.350,2026-10-09 05:45:15.936,586
8468,event-ingest,webhook,success,2026-10-09 05:45:15.676,2026-10-09 05:45:16.161,485
8469,event-ingest,webhook,success,2026-10-09 05:45:15.870,2026-10-09 05:45:16.271,401
8470,event-ingest,webhook,success,2026-10-09 05:45:16.596,2026-10-09 05:45:17.004,408
8471,event-ingest,webhook,success,2026-10-09 05:45:17.301,2026-10-09 05:45:17.693,392
8472,event-ingest,webhook,success,2026-10-09 05:45:18.307,2026-10-09 05:45:18.682,375
8473,event-ingest,webhook,success,2026-10-09 05:45:19.020,2026-10-09 05:45:19.389,369
8474,event-ingest,webhook,success,2026-10-09 05:45:19.709,2026-10-09 05:45:20.090,381
8475,event-ingest,webhook,success,2026-10-09 05:45:20.713,2026-10-09 05:45:21.080,367
8476,event-ingest,webhook,success,2026-10-09 05:45:21.419,2026-10-09 05:45:21.817,398
8477,event-ingest,webhook,success,2026-10-09 05:45:21.539,2026-10-09 05:45:21.944,405
8478,event-ingest,webhook,success,2026-10-09 05:45:22.549,2026-10-09 05:45:22.965,416
8479,event-ingest,webhook,success,2026-10-09 05:45:22.663,2026-10-09 05:45:23.036,373
8480,event-ingest,webhook,success,2026-10-09 05:45:22.756,2026-10-09 05:45:23.135,379
8481,event-ingest,webhook,success,2026-10-09 05:45:22.866,2026-10-09 05:45:23.257,391
8482,event-ingest,webhook,success,2026-10-09 05:45:24.469,2026-10-09 05:45:24.881,412
8483,event-ingest,webhook,success,2026-10-09 05:45:24.547,2026-10-09 05:45:26.599,2052
8484,event-ingest,webhook,success,2026-10-09 05:45:24.614,2026-10-09 05:45:26.674,2060
8485,event-ingest,webhook,success,2026-10-09 05:45:24.711,2026-10-09 05:45:26.809,2098
8486,event-ingest,webhook,success,2026-10-09 05:45:26.638,2026-10-09 05:45:28.862,2224
8487,event-ingest,webhook,success,2026-10-09 05:45:26.947,2026-10-09 05:45:29.045,2098
8488,event-ingest,webhook,success,2026-10-09 05:45:27.201,2026-10-09 05:45:29.312,2111
8489,event-ingest,webhook,success,2026-10-09 05:45:27.376,2026-10-09 05:45:29.604,2228
8490,event-ingest,webhook,success,2026-10-09 05:45:28.461,2026-10-09 05:45:30.520,2059
8491,event-ingest,webhook,success,2026-10-09 05:45:28.544,2026-10-09 05:45:30.634,2090
8492,event-ingest,webhook,success,2026-10-09 05:45:28.639,2026-10-09 05:45:30.710,2071
8493,event-ingest,webhook,success,2026-10-09 05:45:28.723,2026-10-09 05:45:30.795,2072
8494,event-ingest,webhook,success,2026-10-09 05:45:28.825,2026-10-09 05:45:30.896,2071
8495,event-ingest,webhook,success,2026-10-09 05:45:28.944,2026-10-09 05:45:31.131,2187
8496,event-ingest,webhook,success,2026-10-09 05:45:29.709,2026-10-09 05:45:31.788,2079
8497,event-ingest,webhook,success,2026-10-09 05:45:30.407,2026-10-09 05:45:32.475,2068
8498,event-ingest,webhook,success,2026-10-09 05:45:31.375,2026-10-09 05:45:33.462,2087
8499,event-ingest,webhook,success,2026-10-09 05:45:32.088,2026-10-09 05:45:34.171,2083
8500,event-ingest,webhook,success,2026-10-09 05:45:32.759,2026-10-09 05:45:34.843,2084
8501,event-ingest,webhook,success,2026-10-09 05:45:33.781,2026-10-09 05:45:35.858,2077
8502,event-ingest,webhook,success,2026-10-09 05:45:34.476,2026-10-09 05:45:36.559,2083
8503,event-ingest,webhook,success,2026-10-09 05:45:34.555,2026-10-09 05:45:36.617,2062
8504,event-ingest,webhook,success,2026-10-09 05:45:35.523,2026-10-09 05:45:37.596,2073
8505,event-ingest,webhook,success,2026-10-09 05:45:35.608,2026-10-09 05:45:37.671,2063
8506,event-ingest,webhook,success,2026-10-09 05:45:35.673,2026-10-09 05:45:37.739,2066
8507,event-ingest,webhook,success,2026-10-09 05:45:35.743,2026-10-09 05:45:37.855,2112
8508,event-ingest,webhook,success,2026-10-09 05:45:37.653,2026-10-09 05:45:39.822,2169
8509,event-ingest,webhook,success,2026-10-09 05:45:37.978,2026-10-09 05:45:40.154,2176
8510,event-ingest,webhook,success,2026-10-09 05:45:38.181,2026-10-09 05:45:40.287,2106
8511,event-ingest,webhook,success,2026-10-09 05:45:38.309,2026-10-09 05:45:40.368,2059
8512,event-ingest,webhook,success,2026-10-09 05:45:39.588,2026-10-09 05:45:41.651,2063
8513,event-ingest,webhook,success,2026-10-09 05:45:39.658,2026-10-09 05:45:41.715,2057
8514,event-ingest,webhook,success,2026-10-09 05:45:39.719,2026-10-09 05:45:41.788,2069
8515,event-ingest,webhook,success,2026-10-09 05:45:39.800,2026-10-09 05:45:41.909,2109
8516,event-ingest,webhook,success,2026-10-09 05:45:41.761,2026-10-09 05:45:43.909,2148
8517,event-ingest,webhook,success,2026-10-09 05:45:41.940,2026-10-09 05:45:44.063,2123
8518,event-ingest,webhook,success,2026-10-09 05:45:42.074,2026-10-09 05:45:44.130,2056
8519,event-ingest,webhook,success,2026-10-09 05:45:42.135,2026-10-09 05:45:44.208,2073
8520,event-ingest,webhook,success,2026-10-09 05:45:43.715,2026-10-09 05:45:45.793,2078
8521,event-ingest,webhook,success,2026-10-09 05:45:43.790,2026-10-09 05:45:45.836,2046
8522,event-ingest,webhook,success,2026-10-09 05:45:43.854,2026-10-09 05:45:45.905,2051
8523,event-ingest,webhook,success,2026-10-09 05:45:43.932,2026-10-09 05:45:46.038,2106
8524,event-ingest,webhook,success,2026-10-09 05:45:45.853,2026-10-09 05:45:48.044,2191
8525,event-ingest,webhook,success,2026-10-09 05:45:46.073,2026-10-09 05:45:48.222,2149
8526,event-ingest,webhook,success,2026-10-09 05:45:46.243,2026-10-09 05:45:48.305,2062
8527,event-ingest,webhook,success,2026-10-09 05:45:46.315,2026-10-09 05:45:48.385,2070
8528,event-ingest,webhook,success,2026-10-09 05:45:47.887,2026-10-09 05:45:50.010,2123
8529,event-ingest,webhook,success,2026-10-09 05:45:48.019,2026-10-09 05:45:50.196,2177
8530,event-ingest,webhook,success,2026-10-09 05:45:48.326,2026-10-09 05:45:50.647,2321
8531,event-ingest,webhook,success,2026-10-09 05:45:48.698,2026-10-09 05:45:50.763,2065
8532,event-ingest,webhook,success,2026-10-09 05:45:48.777,2026-10-09 05:45:50.833,2056
8533,event-ingest,webhook,success,2026-10-09 05:45:48.851,2026-10-09 05:45:50.930,2079
8534,event-ingest,webhook,success,2026-10-09 05:45:48.924,2026-10-09 05:45:50.972,2048
8535,event-ingest,webhook,success,2026-10-09 05:45:48.995,2026-10-09 05:45:51.075,2080
8536,event-ingest,webhook,success,2026-10-09 05:45:49.071,2026-10-09 05:45:51.156,2085
8537,event-ingest,webhook,success,2026-10-09 05:45:49.168,2026-10-09 05:45:51.225,2057
8538,event-ingest,webhook,success,2026-10-09 05:45:49.242,2026-10-09 05:45:52.006,2764
8539,event-ingest,webhook,success,2026-10-09 05:45:49.306,2026-10-09 05:45:52.217,2911
8540,event-ingest,webhook,success,2026-10-09 05:45:49.378,2026-10-09 05:45:52.657,3279
8541,health-monitor,trigger,success,2026-10-09 05:50:00.098,2026-10-09 05:50:00.362,264
8542,health-monitor,trigger,success,2026-10-09 05:55:00.070,2026-10-09 05:55:00.187,117
8543,health-monitor,trigger,success,2026-10-09 06:00:00.145,2026-10-09 06:00:00.338,193
8544,ioc-extractor,trigger,success,2026-10-09 06:00:00.201,2026-10-09 06:00:02.139,1938
8545,event-ingest,webhook,success,2026-10-09 06:00:07.099,2026-10-09 06:00:07.538,439
8546,event-ingest,webhook,success,2026-10-09 06:00:07.208,2026-10-09 06:00:07.567,359
8547,event-ingest,webhook,success,2026-10-09 06:00:07.302,2026-10-09 06:00:07.708,406
8548,event-ingest,webhook,success,2026-10-09 06:00:07.419,2026-10-09 06:00:07.868,449
8549,event-ingest,webhook,success,2026-10-09 06:00:09.034,2026-10-09 06:00:09.545,511
8550,event-ingest,webhook,success,2026-10-09 06:00:09.171,2026-10-09 06:00:09.646,475
8551,event-ingest,webhook,success,2026-10-09 06:00:09.305,2026-10-09 06:00:09.967,662
8552,event-ingest,webhook,success,2026-10-09 06:00:09.607,2026-10-09 06:00:10.127,520
8553,event-ingest,webhook,success,2026-10-09 06:00:11.061,2026-10-09 06:00:11.425,364
8554,event-ingest,webhook,success,2026-10-09 06:00:11.186,2026-10-09 06:00:11.571,385
8555,event-ingest,webhook,success,2026-10-09 06:00:11.253,2026-10-09 06:00:11.640,387
8556,event-ingest,webhook,success,2026-10-09 06:00:11.318,2026-10-09 06:00:11.680,362
8557,event-ingest,webhook,success,2026-10-09 06:00:13.295,2026-10-09 06:00:13.681,386
8558,event-ingest,webhook,success,2026-10-09 06:00:13.404,2026-10-09 06:00:13.779,375
8559,event-ingest,webhook,success,2026-10-09 06:00:13.480,2026-10-09 06:00:13.880,400
8560,event-ingest,webhook,success,2026-10-09 06:00:13.548,2026-10-09 06:00:13.943,395
8561,event-ingest,webhook,success,2026-10-09 06:00:15.141,2026-10-09 06:00:15.530,389
8562,event-ingest,webhook,success,2026-10-09 06:00:15.267,2026-10-09 06:00:15.660,393
8563,event-ingest,webhook,success,2026-10-09 06:00:15.371,2026-10-09 06:00:15.765,394
8564,event-ingest,webhook,success,2026-10-09 06:00:15.470,2026-10-09 06:00:15.865,395
8565,event-ingest,webhook,success,2026-10-09 06:00:17.375,2026-10-09 06:00:17.753,378
8566,event-ingest,webhook,success,2026-10-09 06:00:17.462,2026-10-09 06:00:17.888,426
8567,event-ingest,webhook,success,2026-10-09 06:00:17.630,2026-10-09 06:00:18.019,389
8568,event-ingest,webhook,success,2026-10-09 06:00:17.714,2026-10-09 06:00:18.092,378
8569,event-ingest,webhook,success,2026-10-09 06:00:19.305,2026-10-09 06:00:19.732,427
8570,event-ingest,webhook,success,2026-10-09 06:00:19.477,2026-10-09 06:00:19.871,394
8571,event-ingest,webhook,success,2026-10-09 06:00:19.612,2026-10-09 06:00:20.070,458
8572,event-ingest,webhook,success,2026-10-09 06:00:19.770,2026-10-09 06:00:20.439,669
8573,event-ingest,webhook,success,2026-10-09 06:00:21.374,2026-10-09 06:00:21.781,407
8574,event-ingest,webhook,success,2026-10-09 06:00:21.498,2026-10-09 06:00:21.917,419
8575,event-ingest,webhook,success,2026-10-09 06:00:21.598,2026-10-09 06:00:23.674,2076
8576,event-ingest,webhook,success,2026-10-09 06:00:21.705,2026-10-09 06:00:23.778,2073
8577,event-ingest,webhook,success,2026-10-09 06:00:23.324,2026-10-09 06:00:25.405,2081
8578,event-ingest,webhook,success,2026-10-09 06:00:23.456,2026-10-09 06:00:25.551,2095
8579,event-ingest,webhook,success,2026-10-09 06:00:23.603,2026-10-09 06:00:25.685,2082
8580,event-ingest,webhook,success,2026-10-09 06:00:23.705,2026-10-09 06:00:25.940,2235
8581,event-ingest,webhook,success,2026-10-09 06:00:23.964,2026-10-09 06:00:26.088,2124
8582,event-ingest,webhook,success,2026-10-09 06:00:24.108,2026-10-09 06:00:26.184,2076
8583,event-ingest,webhook,success,2026-10-09 06:00:24.842,2026-10-09 06:00:26.912,2070
8584,event-ingest,webhook,success,2026-10-09 06:00:25.550,2026-10-09 06:00:27.718,2168
8585,event-ingest,webhook,success,2026-10-09 06:00:26.453,2026-10-09 06:00:28.556,2103
8586,event-ingest,webhook,success,2026-10-09 06:00:27.175,2026-10-09 06:00:29.226,2051
8587,event-ingest,webhook,success,2026-10-09 06:00:27.887,2026-10-09 06:00:29.959,2072
8588,event-ingest,webhook,success,2026-10-09 06:00:28.565,2026-10-09 06:00:30.708,2143
8589,event-ingest,webhook,success,2026-10-09 06:00:28.718,2026-10-09 06:00:30.767,2049
8590,event-ingest,webhook,success,2026-10-09 06:00:29.687,2026-10-09 06:00:31.769,2082
8591,event-ingest,webhook,success,2026-10-09 06:00:29.795,2026-10-09 06:00:31.894,2099
8592,event-ingest,webhook,success,2026-10-09 06:00:29.918,2026-10-09 06:00:32.090,2172
8593,event-ingest,webhook,success,2026-10-09 06:00:30.179,2026-10-09 06:00:32.244,2065
8594,event-ingest,webhook,success,2026-10-09 06:00:30.259,2026-10-09 06:00:32.329,2070
8595,event-ingest,webhook,success,2026-10-09 06:00:30.345,2026-10-09 06:00:32.419,2074
8596,event-ingest,webhook,success,2026-10-09 06:00:30.440,2026-10-09 06:00:32.490,2050
8597,event-ingest,webhook,success,2026-10-09 06:00:30.512,2026-10-09 06:00:32.563,2051
8598,health-monitor,trigger,success,2026-10-09 06:05:00.080,2026-10-09 06:05:00.334,254
8599,health-monitor,trigger,success,2026-10-09 06:10:00.072,2026-10-09 06:10:00.196,124
8600,ioc-extractor,trigger,success,2026-10-09 06:15:00.069,2026-10-09 06:15:01.130,1061
8601,health-monitor,trigger,success,2026-10-09 06:15:00.135,2026-10-09 06:15:00.370,235
8602,event-ingest,webhook,success,2026-10-09 06:15:05.951,2026-10-09 06:15:06.338,387
8603,event-ingest,webhook,success,2026-10-09 06:15:06.053,2026-10-09 06:15:06.415,362
8604,event-ingest,webhook,success,2026-10-09 06:15:06.097,2026-10-09 06:15:06.445,348
8605,event-ingest,webhook,success,2026-10-09 06:15:06.141,2026-10-09 06:15:06.508,367
8606,event-ingest,webhook,success,2026-10-09 06:15:08.049,2026-10-09 06:15:08.429,380
8607,event-ingest,webhook,success,2026-10-09 06:15:08.136,2026-10-09 06:15:08.508,372
8608,event-ingest,webhook,success,2026-10-09 06:15:08.203,2026-10-09 06:15:08.572,369
8609,event-ingest,webhook,success,2026-10-09 06:15:08.279,2026-10-09 06:15:08.663,384
8610,event-ingest,webhook,success,2026-10-09 06:15:09.889,2026-10-09 06:15:10.276,387
8611,event-ingest,webhook,success,2026-10-09 06:15:09.995,2026-10-09 06:15:10.392,397
8612,event-ingest,webhook,success,2026-10-09 06:15:10.079,2026-10-09 06:15:10.464,385
8613,event-ingest,webhook,success,2026-10-09 06:15:10.176,2026-10-09 06:15:10.572,396
8614,event-ingest,webhook,success,2026-10-09 06:15:12.096,2026-10-09 06:15:12.509,413
8615,event-ingest,webhook,success,2026-10-09 06:15:12.275,2026-10-09 06:15:12.696,421
8616,event-ingest,webhook,success,2026-10-09 06:15:12.449,2026-10-09 06:15:12.827,378
8617,event-ingest,webhook,success,2026-10-09 06:15:12.624,2026-10-09 06:15:13.156,532
8618,event-ingest,webhook,success,2026-10-09 06:15:14.128,2026-10-09 06:15:14.539,411
8619,event-ingest,webhook,success,2026-10-09 06:15:14.248,2026-10-09 06:15:14.659,411
8620,event-ingest,webhook,success,2026-10-09 06:15:14.358,2026-10-09 06:15:14.759,401
8621,event-ingest,webhook,success,2026-10-09 06:15:14.441,2026-10-09 06:15:14.869,428
8622,event-ingest,webhook,success,2026-10-09 06:15:16.040,2026-10-09 06:15:16.441,401
8623,event-ingest,webhook,success,2026-10-09 06:15:16.148,2026-10-09 06:15:16.515,367
8624,event-ingest,webhook,success,2026-10-09 06:15:16.256,2026-10-09 06:15:16.661,405
8625,event-ingest,webhook,success,2026-10-09 06:15:16.370,2026-10-09 06:15:16.810,440
8626,event-ingest,webhook,success,2026-10-09 06:15:18.310,2026-10-09 06:15:18.682,372
8627,event-ingest,webhook,success,2026-10-09 06:15:18.421,2026-10-09 06:15:18.856,435
8628,event-ingest,webhook,success,2026-10-09 06:15:18.528,2026-10-09 06:15:18.869,341
8629,event-ingest,webhook,success,2026-10-09 06:15:18.632,2026-10-09 06:15:19.026,394
8630,event-ingest,webhook,success,2026-10-09 06:15:20.256,2026-10-09 06:15:20.659,403
8631,event-ingest,webhook,success,2026-10-09 06:15:20.372,2026-10-09 06:15:20.776,404
8632,event-ingest,webhook,success,2026-10-09 06:15:20.610,2026-10-09 06:15:21.117,507
8633,event-ingest,webhook,success,2026-10-09 06:15:20.843,2026-10-09 06:15:23.032,2189
8634,event-ingest,webhook,success,2026-10-09 06:15:22.297,2026-10-09 06:15:24.384,2087
8635,event-ingest,webhook,success,2026-10-09 06:15:22.415,2026-10-09 06:15:24.485,2070
8636,event-ingest,webhook,success,2026-10-09 06:15:22.498,2026-10-09 06:15:24.550,2052
8637,event-ingest,webhook,success,2026-10-09 06:15:22.584,2026-10-09 06:15:24.627,2043
8638,event-ingest,webhook,success,2026-10-09 06:15:24.502,2026-10-09 06:15:26.791,2289
8639,event-ingest,webhook,success,2026-10-09 06:15:24.881,2026-10-09 06:15:27.010,2129
8640,event-ingest,webhook,success,2026-10-09 06:15:25.020,2026-10-09 06:15:27.091,2071
8641,event-ingest,webhook,success,2026-10-09 06:15:25.137,2026-10-09 06:15:27.266,2129
8642,event-ingest,webhook,success,2026-10-09 06:15:26.548,2026-10-09 06:15:28.623,2075
8643,event-ingest,webhook,success,2026-10-09 06:15:26.676,2026-10-09 06:15:28.770,2094
8644,event-ingest,webhook,success,2026-10-09 06:15:26.841,2026-10-09 06:15:29.072,2231
8645,event-ingest,webhook,success,2026-10-09 06:15:27.121,2026-10-09 06:15:29.251,2130
8646,event-ingest,webhook,success,2026-10-09 06:15:28.477,2026-10-09 06:15:30.564,2087
8647,event-ingest,webhook,success,2026-10-09 06:15:28.567,2026-10-09 06:15:30.648,2081
8648,event-ingest,webhook,success,2026-10-09 06:15:28.677,2026-10-09 06:15:30.773,2096
8649,event-ingest,webhook,success,2026-10-09 06:15:28.804,2026-10-09 06:15:30.920,2116
8650,event-ingest,webhook,success,2026-10-09 06:15:30.450,2026-10-09 06:15:32.509,2059
8651,event-ingest,webhook,success,2026-10-09 06:15:30.515,2026-10-09 06:15:32.657,2142
8652,event-ingest,webhook,success,2026-10-09 06:15:30.730,2026-10-09 06:15:32.901,2171
8653,event-ingest,webhook,success,2026-10-09 06:15:30.945,2026-10-09 06:15:33.078,2133
8654,event-ingest,webhook,success,2026-10-09 06:15:31.097,2026-10-09 06:15:33.152,2055
8655,event-ingest,webhook,success,2026-10-09 06:15:31.163,2026-10-09 06:15:33.235,2072
8656,event-ingest,webhook,success,2026-10-09 06:15:31.841,2026-10-09 06:15:33.893,2052
8657,event-ingest,webhook,success,2026-10-09 06:15:32.500,2026-10-09 06:15:34.609,2109
8658,event-ingest,webhook,success,2026-10-09 06:15:33.216,2026-10-09 06:15:35.350,2134
8659,event-ingest,webhook,success,2026-10-09 06:15:33.983,2026-10-09 06:15:36.169,2186
8660,event-ingest,webhook,success,2026-10-09 06:15:34.760,2026-10-09 06:15:36.843,2083
8661,event-ingest,webhook,success,2026-10-09 06:15:35.746,2026-10-09 06:15:37.822,2076
8662,event-ingest,webhook,success,2026-10-09 06:15:35.811,2026-10-09 06:15:37.868,2057
8663,event-ingest,webhook,success,2026-10-09 06:15:36.783,2026-10-09 06:15:38.845,2062
8664,event-ingest,webhook,success,2026-10-09 06:15:36.866,2026-10-09 06:15:38.978,2112
8665,event-ingest,webhook,success,2026-10-09 06:15:36.994,2026-10-09 06:15:39.056,2062
8666,event-ingest,webhook,success,2026-10-09 06:15:37.056,2026-10-09 06:15:39.119,2063
8667,event-ingest,webhook,success,2026-10-09 06:15:38.663,2026-10-09 06:15:40.725,2062
8668,event-ingest,webhook,success,2026-10-09 06:15:38.723,2026-10-09 06:15:40.794,2071
8669,event-ingest,webhook,success,2026-10-09 06:15:38.789,2026-10-09 06:15:40.853,2064
8670,event-ingest,webhook,success,2026-10-09 06:15:38.879,2026-10-09 06:15:41.063,2184
8671,event-ingest,webhook,success,2026-10-09 06:15:40.927,2026-10-09 06:15:43.337,2410
8672,event-ingest,webhook,success,2026-10-09 06:15:41.435,2026-10-09 06:15:43.511,2076
8673,event-ingest,webhook,success,2026-10-09 06:15:41.533,2026-10-09 06:15:43.613,2080
8674,event-ingest,webhook,success,2026-10-09 06:15:41.614,2026-10-09 06:15:43.687,2073
8675,event-ingest,webhook,success,2026-10-09 06:15:41.757,2026-10-09 06:15:43.823,2066
8676,event-ingest,webhook,success,2026-10-09 06:15:41.841,2026-10-09 06:15:43.907,2066
8677,event-ingest,webhook,success,2026-10-09 06:15:41.915,2026-10-09 06:15:44.012,2097
8678,event-ingest,webhook,success,2026-10-09 06:15:42.034,2026-10-09 06:15:44.121,2087
8679,event-ingest,webhook,success,2026-10-09 06:15:42.106,2026-10-09 06:15:44.185,2079
8680,event-ingest,webhook,success,2026-10-09 06:15:42.191,2026-10-09 06:15:44.261,2070
8681,event-ingest,webhook,success,2026-10-09 06:15:42.285,2026-10-09 06:15:45.352,3067
8682,event-ingest,webhook,success,2026-10-09 06:15:42.367,2026-10-09 06:15:45.527,3160
8683,event-ingest,webhook,success,2026-10-09 06:15:42.442,2026-10-09 06:15:45.628,3186
8684,event-ingest,webhook,success,2026-10-09 06:15:42.504,2026-10-09 06:15:45.699,3195
8685,health-monitor,trigger,success,2026-10-09 06:20:00.096,2026-10-09 06:20:00.352,256
8686,health-monitor,trigger,success,2026-10-09 06:25:00.057,2026-10-09 06:25:00.146,89
8687,ioc-extractor,trigger,success,2026-10-09 06:30:00.092,2026-10-09 06:30:01.883,1791
8688,health-monitor,trigger,success,2026-10-09 06:30:00.157,2026-10-09 06:30:00.402,245
8689,event-ingest,webhook,success,2026-10-09 06:30:06.809,2026-10-09 06:30:07.220,411
8690,event-ingest,webhook,success,2026-10-09 06:30:06.908,2026-10-09 06:30:07.347,439
8691,event-ingest,webhook,success,2026-10-09 06:30:07.030,2026-10-09 06:30:07.427,397
8692,event-ingest,webhook,success,2026-10-09 06:30:07.151,2026-10-09 06:30:07.537,386
8693,event-ingest,webhook,success,2026-10-09 06:30:08.772,2026-10-09 06:30:09.165,393
8694,event-ingest,webhook,success,2026-10-09 06:30:08.898,2026-10-09 06:30:09.299,401
8695,event-ingest,webhook,success,2026-10-09 06:30:09.023,2026-10-09 06:30:09.449,426
8696,event-ingest,webhook,success,2026-10-09 06:30:09.157,2026-10-09 06:30:09.572,415
8697,event-ingest,webhook,success,2026-10-09 06:30:10.793,2026-10-09 06:30:11.157,364
8698,event-ingest,webhook,success,2026-10-09 06:30:10.843,2026-10-09 06:30:11.190,347
8699,event-ingest,webhook,success,2026-10-09 06:30:10.880,2026-10-09 06:30:11.253,373
8700,event-ingest,webhook,success,2026-10-09 06:30:10.958,2026-10-09 06:30:11.328,370
8701,event-ingest,webhook,success,2026-10-09 06:30:12.855,2026-10-09 06:30:13.202,347
8702,event-ingest,webhook,success,2026-10-09 06:30:12.922,2026-10-09 06:30:13.280,358
8703,event-ingest,webhook,success,2026-10-09 06:30:12.999,2026-10-09 06:30:13.424,425
8704,event-ingest,webhook,success,2026-10-09 06:30:13.096,2026-10-09 06:30:13.492,396
8705,event-ingest,webhook,success,2026-10-09 06:30:15.017,2026-10-09 06:30:15.399,382
8706,event-ingest,webhook,success,2026-10-09 06:30:15.152,2026-10-09 06:30:15.541,389
8707,event-ingest,webhook,success,2026-10-09 06:30:15.247,2026-10-09 06:30:15.631,384
8708,event-ingest,webhook,success,2026-10-09 06:30:15.343,2026-10-09 06:30:15.785,442
8709,event-ingest,webhook,success,2026-10-09 06:30:15.449,2026-10-09 06:30:16.011,562
8710,event-ingest,webhook,success,2026-10-09 06:30:15.821,2026-10-09 06:30:16.346,525
8711,event-ingest,webhook,success,2026-10-09 06:30:16.135,2026-10-09 06:30:16.676,541
8712,event-ingest,webhook,success,2026-10-09 06:30:16.993,2026-10-09 06:30:17.356,363
8713,event-ingest,webhook,success,2026-10-09 06:30:17.703,2026-10-09 06:30:18.083,380
8714,event-ingest,webhook,success,2026-10-09 06:30:18.397,2026-10-09 06:30:18.793,396
8715,event-ingest,webhook,success,2026-10-09 06:30:19.408,2026-10-09 06:30:19.807,399
8716,event-ingest,webhook,success,2026-10-09 06:30:20.138,2026-10-09 06:30:20.533,395
8717,event-ingest,webhook,success,2026-10-09 06:30:20.257,2026-10-09 06:30:20.615,358
8718,event-ingest,webhook,success,2026-10-09 06:30:21.274,2026-10-09 06:30:21.641,367
8719,event-ingest,webhook,success,2026-10-09 06:30:21.370,2026-10-09 06:30:23.472,2102
8720,event-ingest,webhook,success,2026-10-09 06:30:21.467,2026-10-09 06:30:23.530,2063
8721,event-ingest,webhook,success,2026-10-09 06:30:21.568,2026-10-09 06:30:23.651,2083
8722,event-ingest,webhook,success,2026-10-09 06:30:23.220,2026-10-09 06:30:25.502,2282
8723,event-ingest,webhook,success,2026-10-09 06:30:23.554,2026-10-09 06:30:25.878,2324
8724,event-ingest,webhook,success,2026-10-09 06:30:23.974,2026-10-09 06:30:26.054,2080
8725,event-ingest,webhook,success,2026-10-09 06:30:24.116,2026-10-09 06:30:26.276,2160
8726,event-ingest,webhook,success,2026-10-09 06:30:24.344,2026-10-09 06:30:26.455,2111
8727,health-monitor,trigger,success,2026-10-09 06:35:00.079,2026-10-09 06:35:00.341,262
8728,health-monitor,trigger,success,2026-10-09 06:40:00.447,2026-10-09 06:40:00.564,117
8729,health-monitor,trigger,success,2026-10-09 06:45:00.071,2026-10-09 06:45:00.252,181
8730,ioc-extractor,trigger,success,2026-10-09 06:45:00.126,2026-10-09 06:45:01.024,898
8731,event-ingest,webhook,success,2026-10-09 06:45:06.159,2026-10-09 06:45:06.629,470
8732,event-ingest,webhook,success,2026-10-09 06:45:06.291,2026-10-09 06:45:06.728,437
8733,event-ingest,webhook,success,2026-10-09 06:45:06.544,2026-10-09 06:45:06.942,398
8734,event-ingest,webhook,success,2026-10-09 06:45:06.681,2026-10-09 06:45:07.283,602
8735,event-ingest,webhook,success,2026-10-09 06:45:08.203,2026-10-09 06:45:08.601,398
8736,event-ingest,webhook,success,2026-10-09 06:45:08.361,2026-10-09 06:45:08.785,424
8737,event-ingest,webhook,success,2026-10-09 06:45:08.533,2026-10-09 06:45:09.051,518
8738,event-ingest,webhook,success,2026-10-09 06:45:08.802,2026-10-09 06:45:09.321,519
8739,event-ingest,webhook,success,2026-10-09 06:45:10.285,2026-10-09 06:45:10.673,388
8740,event-ingest,webhook,success,2026-10-09 06:45:10.390,2026-10-09 06:45:10.795,405
8741,event-ingest,webhook,success,2026-10-09 06:45:10.510,2026-10-09 06:45:10.906,396
8742,event-ingest,webhook,success,2026-10-09 06:45:10.609,2026-10-09 06:45:11.147,538
8743,event-ingest,webhook,success,2026-10-09 06:45:10.885,2026-10-09 06:45:11.441,556
8744,event-ingest,webhook,success,2026-10-09 06:45:11.229,2026-10-09 06:45:11.730,501
8745,event-ingest,webhook,success,2026-10-09 06:45:11.459,2026-10-09 06:45:11.979,520
8746,event-ingest,webhook,success,2026-10-09 06:45:12.302,2026-10-09 06:45:12.720,418
8747,event-ingest,webhook,success,2026-10-09 06:45:13.121,2026-10-09 06:45:13.517,396
8748,event-ingest,webhook,success,2026-10-09 06:45:13.854,2026-10-09 06:45:14.283,429
8749,event-ingest,webhook,success,2026-10-09 06:45:14.592,2026-10-09 06:45:14.990,398
8750,event-ingest,webhook,success,2026-10-09 06:45:15.412,2026-10-09 06:45:15.831,419
8751,event-ingest,webhook,success,2026-10-09 06:45:16.128,2026-10-09 06:45:16.538,410
8752,event-ingest,webhook,success,2026-10-09 06:45:17.172,2026-10-09 06:45:17.552,380
8753,event-ingest,webhook,success,2026-10-09 06:45:17.291,2026-10-09 06:45:17.799,508
8754,event-ingest,webhook,success,2026-10-09 06:45:18.022,2026-10-09 06:45:18.410,388
8755,event-ingest,webhook,success,2026-10-09 06:45:18.100,2026-10-09 06:45:18.488,388
8756,event-ingest,webhook,success,2026-10-09 06:45:18.224,2026-10-09 06:45:18.602,378
8757,event-ingest,webhook,success,2026-10-09 06:45:18.326,2026-10-09 06:45:18.755,429
8758,event-ingest,webhook,success,2026-10-09 06:45:18.512,2026-10-09 06:45:19.405,893
8759,event-ingest,webhook,success,2026-10-09 06:45:19.164,2026-10-09 06:45:19.601,437
8760,event-ingest,webhook,success,2026-10-09 06:45:19.417,2026-10-09 06:45:19.967,550
8761,event-ingest,webhook,success,2026-10-09 06:45:19.976,2026-10-09 06:45:20.444,468
8762,event-ingest,webhook,success,2026-10-09 06:45:20.792,2026-10-09 06:45:21.211,419
8763,event-ingest,webhook,success,2026-10-09 06:45:21.484,2026-10-09 06:45:21.914,430
8764,event-ingest,webhook,success,2026-10-09 06:45:22.244,2026-10-09 06:45:22.672,428
8765,event-ingest,webhook,success,2026-10-09 06:45:22.974,2026-10-09 06:45:23.351,377
8766,event-ingest,webhook,success,2026-10-09 06:45:23.067,2026-10-09 06:45:23.474,407
8767,event-ingest,webhook,success,2026-10-09 06:45:24.106,2026-10-09 06:45:24.512,406
8768,event-ingest,webhook,success,2026-10-09 06:45:24.250,2026-10-09 06:45:26.394,2144
8769,event-ingest,webhook,success,2026-10-09 06:45:24.437,2026-10-09 06:45:26.625,2188
8770,event-ingest,webhook,success,2026-10-09 06:45:24.693,2026-10-09 06:45:26.844,2151
8771,event-ingest,webhook,success,2026-10-09 06:45:26.115,2026-10-09 06:45:28.327,2212
8772,event-ingest,webhook,success,2026-10-09 06:45:26.255,2026-10-09 06:45:28.415,2160
8773,event-ingest,webhook,success,2026-10-09 06:45:26.445,2026-10-09 06:45:28.660,2215
8774,event-ingest,webhook,success,2026-10-09 06:45:26.665,2026-10-09 06:45:28.850,2185
8775,event-ingest,webhook,success,2026-10-09 06:45:28.113,2026-10-09 06:45:30.276,2163
8776,event-ingest,webhook,success,2026-10-09 06:45:28.379,2026-10-09 06:45:30.730,2351
8777,event-ingest,webhook,success,2026-10-09 06:45:29.163,2026-10-09 06:45:32.045,2882
8778,event-ingest,webhook,success,2026-10-09 06:45:30.137,2026-10-09 06:45:32.211,2074
8779,health-monitor,trigger,success,2026-10-09 06:50:00.073,2026-10-09 06:50:00.341,268
8780,health-monitor,trigger,success,2026-10-09 06:55:00.082,2026-10-09 06:55:00.166,84
8781,health-monitor,trigger,success,2026-10-09 07:00:00.102,2026-10-09 07:00:00.326,224
8782,ioc-extractor,trigger,success,2026-10-09 07:00:00.188,2026-10-09 07:00:01.130,942
8783,event-ingest,webhook,success,2026-10-09 07:00:06.507,2026-10-09 07:00:06.929,422
8784,event-ingest,webhook,success,2026-10-09 07:00:06.628,2026-10-09 07:00:07.043,415
8785,event-ingest,webhook,success,2026-10-09 07:00:06.764,2026-10-09 07:00:07.148,384
8786,event-ingest,webhook,success,2026-10-09 07:00:06.852,2026-10-09 07:00:07.232,380
8787,event-ingest,webhook,success,2026-10-09 07:00:08.457,2026-10-09 07:00:08.843,386
8788,event-ingest,webhook,success,2026-10-09 07:00:08.556,2026-10-09 07:00:08.938,382
8789,event-ingest,webhook,success,2026-10-09 07:00:08.662,2026-10-09 07:00:09.049,387
8790,event-ingest,webhook,success,2026-10-09 07:00:08.760,2026-10-09 07:00:09.133,373
8791,event-ingest,webhook,success,2026-10-09 07:00:10.657,2026-10-09 07:00:11.045,388
8792,event-ingest,webhook,success,2026-10-09 07:00:10.757,2026-10-09 07:00:11.116,359
8793,event-ingest,webhook,success,2026-10-09 07:00:10.857,2026-10-09 07:00:11.239,382
8794,event-ingest,webhook,success,2026-10-09 07:00:10.924,2026-10-09 07:00:11.293,369
8795,event-ingest,webhook,success,2026-10-09 07:00:12.558,2026-10-09 07:00:12.980,422
8796,event-ingest,webhook,success,2026-10-09 07:00:12.723,2026-10-09 07:00:13.121,398
8797,event-ingest,webhook,success,2026-10-09 07:00:12.906,2026-10-09 07:00:13.294,388
8798,event-ingest,webhook,success,2026-10-09 07:00:13.018,2026-10-09 07:00:13.436,418
8799,event-ingest,webhook,success,2026-10-09 07:00:14.690,2026-10-09 07:00:15.062,372
8800,event-ingest,webhook,success,2026-10-09 07:00:14.788,2026-10-09 07:00:15.146,358
8801,event-ingest,webhook,success,2026-10-09 07:00:14.890,2026-10-09 07:00:15.289,399
8802,event-ingest,webhook,success,2026-10-09 07:00:14.994,2026-10-09 07:00:15.406,412
8803,event-ingest,webhook,success,2026-10-09 07:00:15.100,2026-10-09 07:00:15.615,515
8804,event-ingest,webhook,success,2026-10-09 07:00:15.385,2026-10-09 07:00:15.899,514
8805,event-ingest,webhook,success,2026-10-09 07:00:15.949,2026-10-09 07:00:16.458,509
8806,event-ingest,webhook,success,2026-10-09 07:00:16.772,2026-10-09 07:00:17.158,386
8807,event-ingest,webhook,success,2026-10-09 07:00:17.501,2026-10-09 07:00:17.915,414
8808,event-ingest,webhook,success,2026-10-09 07:00:18.239,2026-10-09 07:00:18.638,399
8809,event-ingest,webhook,success,2026-10-09 07:00:18.366,2026-10-09 07:00:18.754,388
8810,event-ingest,webhook,success,2026-10-09 07:00:19.377,2026-10-09 07:00:19.791,414
8811,event-ingest,webhook,success,2026-10-09 07:00:19.560,2026-10-09 07:00:19.965,405
8812,event-ingest,webhook,success,2026-10-09 07:00:19.745,2026-10-09 07:00:20.121,376
8813,event-ingest,webhook,success,2026-10-09 07:00:19.831,2026-10-09 07:00:20.296,465
8814,event-ingest,webhook,success,2026-10-09 07:00:21.217,2026-10-09 07:00:21.604,387
8815,event-ingest,webhook,success,2026-10-09 07:00:21.322,2026-10-09 07:00:23.413,2091
8816,event-ingest,webhook,success,2026-10-09 07:00:21.410,2026-10-09 07:00:23.480,2070
8817,event-ingest,webhook,success,2026-10-09 07:00:21.491,2026-10-09 07:00:23.589,2098
8818,event-ingest,webhook,success,2026-10-09 07:00:23.428,2026-10-09 07:00:25.654,2226
8819,event-ingest,webhook,success,2026-10-09 07:00:23.770,2026-10-09 07:00:25.853,2083
8820,event-ingest,webhook,success,2026-10-09 07:00:23.861,2026-10-09 07:00:25.925,2064
8821,event-ingest,webhook,success,2026-10-09 07:00:23.942,2026-10-09 07:00:26.042,2100
8822,event-ingest,webhook,success,2026-10-09 07:00:25.553,2026-10-09 07:00:27.661,2108
8823,event-ingest,webhook,success,2026-10-09 07:00:25.640,2026-10-09 07:00:27.868,2228
8824,event-ingest,webhook,success,2026-10-09 07:00:25.780,2026-10-09 07:00:27.923,2143
8825,event-ingest,webhook,success,2026-10-09 07:00:25.874,2026-10-09 07:00:28.127,2253
8826,event-ingest,webhook,success,2026-10-09 07:00:27.360,2026-10-09 07:00:29.455,2095
8827,event-ingest,webhook,success,2026-10-09 07:00:27.428,2026-10-09 07:00:29.530,2102
8828,event-ingest,webhook,success,2026-10-09 07:00:27.547,2026-10-09 07:00:29.610,2063
8829,event-ingest,webhook,success,2026-10-09 07:00:27.704,2026-10-09 07:00:30.069,2365
8830,event-ingest,webhook,success,2026-10-09 07:00:28.223,2026-10-09 07:00:30.471,2248
8831,event-ingest,webhook,success,2026-10-09 07:00:28.479,2026-10-09 07:00:30.555,2076
8832,event-ingest,webhook,success,2026-10-09 07:00:28.557,2026-10-09 07:00:30.630,2073
8833,event-ingest,webhook,success,2026-10-09 07:00:28.625,2026-10-09 07:00:30.691,2066
8834,health-monitor,trigger,success,2026-10-09 07:05:00.050,2026-10-09 07:05:00.258,208
8835,health-monitor,trigger,success,2026-10-09 07:10:00.076,2026-10-09 07:10:00.222,146
8836,health-monitor,trigger,success,2026-10-09 07:15:00.066,2026-10-09 07:15:00.309,243
8837,ioc-extractor,trigger,success,2026-10-09 07:15:00.139,2026-10-09 07:15:01.220,1081
8838,event-ingest,webhook,success,2026-10-09 07:15:07.097,2026-10-09 07:15:07.533,436
8839,event-ingest,webhook,success,2026-10-09 07:15:07.228,2026-10-09 07:15:07.668,440
8840,event-ingest,webhook,success,2026-10-09 07:15:07.361,2026-10-09 07:15:07.728,367
8841,event-ingest,webhook,success,2026-10-09 07:15:07.461,2026-10-09 07:15:07.840,379
8842,event-ingest,webhook,success,2026-10-09 07:15:09.106,2026-10-09 07:15:09.506,400
8843,event-ingest,webhook,success,2026-10-09 07:15:09.249,2026-10-09 07:15:09.691,442
8844,event-ingest,webhook,success,2026-10-09 07:15:09.371,2026-10-09 07:15:09.749,378
8845,event-ingest,webhook,success,2026-10-09 07:15:09.477,2026-10-09 07:15:09.937,460
8846,event-ingest,webhook,success,2026-10-09 07:15:09.664,2026-10-09 07:15:10.169,505
8847,event-ingest,webhook,success,2026-10-09 07:15:09.977,2026-10-09 07:15:10.464,487
8848,event-ingest,webhook,success,2026-10-09 07:15:10.185,2026-10-09 07:15:10.669,484
8849,event-ingest,webhook,success,2026-10-09 07:15:10.993,2026-10-09 07:15:11.375,382
8850,event-ingest,webhook,success,2026-10-09 07:15:11.719,2026-10-09 07:15:12.096,377
8851,event-ingest,webhook,success,2026-10-09 07:15:12.724,2026-10-09 07:15:13.131,407
8852,event-ingest,webhook,success,2026-10-09 07:15:13.419,2026-10-09 07:15:13.792,373
8853,event-ingest,webhook,success,2026-10-09 07:15:14.113,2026-10-09 07:15:14.501,388
8854,event-ingest,webhook,success,2026-10-09 07:15:15.130,2026-10-09 07:15:15.544,414
8855,event-ingest,webhook,success,2026-10-09 07:15:15.296,2026-10-09 07:15:15.679,383
8856,event-ingest,webhook,success,2026-10-09 07:15:15.996,2026-10-09 07:15:16.361,365
8857,event-ingest,webhook,success,2026-10-09 07:15:16.105,2026-10-09 07:15:16.469,364
8858,event-ingest,webhook,success,2026-10-09 07:15:16.209,2026-10-09 07:15:16.642,433
8859,event-ingest,webhook,success,2026-10-09 07:15:16.292,2026-10-09 07:15:16.699,407
8860,event-ingest,webhook,success,2026-10-09 07:15:18.233,2026-10-09 07:15:18.630,397
8861,event-ingest,webhook,success,2026-10-09 07:15:18.325,2026-10-09 07:15:18.703,378
8862,event-ingest,webhook,success,2026-10-09 07:15:18.408,2026-10-09 07:15:18.772,364
8863,event-ingest,webhook,success,2026-10-09 07:15:18.481,2026-10-09 07:15:18.878,397
8864,event-ingest,webhook,success,2026-10-09 07:15:20.121,2026-10-09 07:15:20.506,385
8865,event-ingest,webhook,success,2026-10-09 07:15:20.218,2026-10-09 07:15:20.594,376
8866,event-ingest,webhook,success,2026-10-09 07:15:20.314,2026-10-09 07:15:20.679,365
8867,event-ingest,webhook,success,2026-10-09 07:15:20.401,2026-10-09 07:15:20.775,374
8868,event-ingest,webhook,success,2026-10-09 07:15:22.303,2026-10-09 07:15:22.676,373
8869,event-ingest,webhook,success,2026-10-09 07:15:22.404,2026-10-09 07:15:22.783,379
8870,event-ingest,webhook,success,2026-10-09 07:15:22.496,2026-10-09 07:15:22.878,382
8871,event-ingest,webhook,success,2026-10-09 07:15:22.579,2026-10-09 07:15:22.932,353
8872,event-ingest,webhook,success,2026-10-09 07:15:24.210,2026-10-09 07:15:24.653,443
8873,event-ingest,webhook,success,2026-10-09 07:15:24.437,2026-10-09 07:15:26.571,2134
8874,event-ingest,webhook,success,2026-10-09 07:15:24.682,2026-10-09 07:15:26.984,2302
8875,event-ingest,webhook,success,2026-10-09 07:15:25.053,2026-10-09 07:15:27.157,2104
8876,event-ingest,webhook,success,2026-10-09 07:15:26.412,2026-10-09 07:15:28.519,2107
8877,event-ingest,webhook,success,2026-10-09 07:15:26.535,2026-10-09 07:15:28.656,2121
8878,event-ingest,webhook,success,2026-10-09 07:15:26.691,2026-10-09 07:15:28.771,2080
8879,event-ingest,webhook,success,2026-10-09 07:15:26.795,2026-10-09 07:15:28.862,2067
8880,event-ingest,webhook,success,2026-10-09 07:15:28.416,2026-10-09 07:15:30.509,2093
8881,event-ingest,webhook,success,2026-10-09 07:15:28.527,2026-10-09 07:15:30.701,2174
8882,event-ingest,webhook,success,2026-10-09 07:15:28.804,2026-10-09 07:15:31.030,2226
8883,event-ingest,webhook,success,2026-10-09 07:15:29.063,2026-10-09 07:15:31.195,2132
8884,event-ingest,webhook,success,2026-10-09 07:15:30.367,2026-10-09 07:15:32.433,2066
8885,event-ingest,webhook,success,2026-10-09 07:15:30.448,2026-10-09 07:15:32.520,2072
8886,event-ingest,webhook,success,2026-10-09 07:15:30.531,2026-10-09 07:15:32.671,2140
8887,event-ingest,webhook,success,2026-10-09 07:15:30.691,2026-10-09 07:15:32.813,2122
8888,event-ingest,webhook,success,2026-10-09 07:15:32.321,2026-10-09 07:15:34.386,2065
8889,event-ingest,webhook,success,2026-10-09 07:15:32.382,2026-10-09 07:15:34.450,2068
8890,event-ingest,webhook,success,2026-10-09 07:15:32.448,2026-10-09 07:15:34.536,2088
8891,event-ingest,webhook,success,2026-10-09 07:15:32.551,2026-10-09 07:15:34.663,2112
8892,event-ingest,webhook,success,2026-10-09 07:15:34.496,2026-10-09 07:15:36.642,2146
8893,event-ingest,webhook,success,2026-10-09 07:15:34.653,2026-10-09 07:15:36.733,2080
8894,event-ingest,webhook,success,2026-10-09 07:15:34.740,2026-10-09 07:15:36.820,2080
8895,event-ingest,webhook,success,2026-10-09 07:15:34.818,2026-10-09 07:15:36.896,2078
8896,event-ingest,webhook,success,2026-10-09 07:15:36.709,2026-10-09 07:15:38.857,2148
8897,event-ingest,webhook,success,2026-10-09 07:15:36.863,2026-10-09 07:15:39.032,2169
8898,event-ingest,webhook,success,2026-10-09 07:15:37.059,2026-10-09 07:15:39.175,2116
8899,event-ingest,webhook,success,2026-10-09 07:15:37.116,2026-10-09 07:15:39.217,2101
8900,event-ingest,webhook,success,2026-10-09 07:15:38.700,2026-10-09 07:15:40.787,2087
8901,event-ingest,webhook,success,2026-10-09 07:15:38.812,2026-10-09 07:15:40.939,2127
8902,event-ingest,webhook,success,2026-10-09 07:15:38.972,2026-10-09 07:15:41.060,2088
8903,event-ingest,webhook,success,2026-10-09 07:15:39.087,2026-10-09 07:15:41.375,2288
8904,event-ingest,webhook,success,2026-10-09 07:15:40.590,2026-10-09 07:15:42.672,2082
8905,event-ingest,webhook,success,2026-10-09 07:15:40.678,2026-10-09 07:15:42.767,2089
8906,event-ingest,webhook,success,2026-10-09 07:15:40.745,2026-10-09 07:15:42.826,2081
8907,event-ingest,webhook,success,2026-10-09 07:15:40.846,2026-10-09 07:15:42.944,2098
8908,event-ingest,webhook,success,2026-10-09 07:15:42.801,2026-10-09 07:15:45.060,2259
8909,event-ingest,webhook,success,2026-10-09 07:15:43.183,2026-10-09 07:15:45.340,2157
8910,event-ingest,webhook,success,2026-10-09 07:15:43.384,2026-10-09 07:15:45.469,2085
8911,event-ingest,webhook,success,2026-10-09 07:15:43.533,2026-10-09 07:15:45.621,2088
8912,event-ingest,webhook,success,2026-10-09 07:15:43.670,2026-10-09 07:15:45.771,2101
8913,event-ingest,webhook,success,2026-10-09 07:15:43.752,2026-10-09 07:15:45.846,2094
8914,event-ingest,webhook,success,2026-10-09 07:15:43.799,2026-10-09 07:15:45.879,2080
8915,event-ingest,webhook,success,2026-10-09 07:15:43.867,2026-10-09 07:15:45.958,2091
8916,event-ingest,webhook,success,2026-10-09 07:15:43.944,2026-10-09 07:15:46.057,2113
8917,event-ingest,webhook,success,2026-10-09 07:15:44.005,2026-10-09 07:15:46.117,2112
8918,event-ingest,webhook,success,2026-10-09 07:15:44.063,2026-10-09 07:15:47.080,3017
8919,event-ingest,webhook,success,2026-10-09 07:15:44.147,2026-10-09 07:15:47.358,3211
8920,event-ingest,webhook,success,2026-10-09 07:15:44.217,2026-10-09 07:15:47.486,3269
8921,event-ingest,webhook,success,2026-10-09 07:15:44.284,2026-10-09 07:15:47.646,3362
8922,health-monitor,trigger,success,2026-10-09 07:20:00.118,2026-10-09 07:20:00.365,247
8923,health-monitor,trigger,success,2026-10-09 07:25:00.075,2026-10-09 07:25:00.175,100
8924,health-monitor,trigger,success,2026-10-09 07:30:00.086,2026-10-09 07:30:00.313,227
8925,ioc-extractor,trigger,success,2026-10-09 07:30:00.162,2026-10-09 07:30:01.664,1502
8926,event-ingest,webhook,success,2026-10-09 07:30:07.076,2026-10-09 07:30:07.496,420
8927,event-ingest,webhook,success,2026-10-09 07:30:07.168,2026-10-09 07:30:07.595,427
8928,event-ingest,webhook,success,2026-10-09 07:30:07.273,2026-10-09 07:30:07.676,403
8929,event-ingest,webhook,success,2026-10-09 07:30:07.385,2026-10-09 07:30:07.761,376
8930,event-ingest,webhook,success,2026-10-09 07:30:07.505,2026-10-09 07:30:08.123,618
8931,event-ingest,webhook,success,2026-10-09 07:30:07.893,2026-10-09 07:30:08.407,514
8932,event-ingest,webhook,success,2026-10-09 07:30:08.157,2026-10-09 07:30:08.647,490
8933,event-ingest,webhook,success,2026-10-09 07:30:08.956,2026-10-09 07:30:09.345,389
8934,event-ingest,webhook,success,2026-10-09 07:30:09.689,2026-10-09 07:30:10.095,406
8935,event-ingest,webhook,success,2026-10-09 07:30:10.395,2026-10-09 07:30:10.799,404
8936,event-ingest,webhook,success,2026-10-09 07:30:11.438,2026-10-09 07:30:11.832,394
8937,event-ingest,webhook,success,2026-10-09 07:30:12.164,2026-10-09 07:30:12.570,406
8938,event-ingest,webhook,success,2026-10-09 07:30:12.293,2026-10-09 07:30:12.671,378
8939,event-ingest,webhook,success,2026-10-09 07:30:12.989,2026-10-09 07:30:13.369,380
8940,event-ingest,webhook,success,2026-10-09 07:30:13.112,2026-10-09 07:30:13.506,394
8941,event-ingest,webhook,success,2026-10-09 07:30:13.249,2026-10-09 07:30:13.642,393
8942,event-ingest,webhook,success,2026-10-09 07:30:13.358,2026-10-09 07:30:13.824,466
8943,event-ingest,webhook,success,2026-10-09 07:30:15.069,2026-10-09 07:30:15.463,394
8944,event-ingest,webhook,success,2026-10-09 07:30:15.182,2026-10-09 07:30:15.621,439
8945,event-ingest,webhook,success,2026-10-09 07:30:15.281,2026-10-09 07:30:15.675,394
8946,event-ingest,webhook,success,2026-10-09 07:30:15.382,2026-10-09 07:30:15.774,392
8947,event-ingest,webhook,success,2026-10-09 07:30:17.299,2026-10-09 07:30:17.669,370
8948,event-ingest,webhook,success,2026-10-09 07:30:17.438,2026-10-09 07:30:17.814,376
8949,event-ingest,webhook,success,2026-10-09 07:30:17.580,2026-10-09 07:30:17.961,381
8950,event-ingest,webhook,success,2026-10-09 07:30:17.707,2026-10-09 07:30:18.202,495
8951,event-ingest,webhook,success,2026-10-09 07:30:19.414,2026-10-09 07:30:19.785,371
8952,event-ingest,webhook,success,2026-10-09 07:30:19.531,2026-10-09 07:30:19.927,396
8953,event-ingest,webhook,success,2026-10-09 07:30:19.649,2026-10-09 07:30:20.036,387
8954,event-ingest,webhook,success,2026-10-09 07:30:19.743,2026-10-09 07:30:20.122,379
8955,event-ingest,webhook,success,2026-10-09 07:30:21.361,2026-10-09 07:30:21.754,393
8956,event-ingest,webhook,success,2026-10-09 07:30:21.487,2026-10-09 07:30:21.863,376
8957,event-ingest,webhook,success,2026-10-09 07:30:21.596,2026-10-09 07:30:22.018,422
8958,event-ingest,webhook,success,2026-10-09 07:30:21.742,2026-10-09 07:30:23.906,2164
8959,event-ingest,webhook,success,2026-10-09 07:30:23.403,2026-10-09 07:30:25.516,2113
8960,event-ingest,webhook,success,2026-10-09 07:30:23.534,2026-10-09 07:30:25.605,2071
8961,event-ingest,webhook,success,2026-10-09 07:30:23.626,2026-10-09 07:30:25.695,2069
8962,event-ingest,webhook,success,2026-10-09 07:30:23.735,2026-10-09 07:30:25.864,2129
8963,event-ingest,webhook,success,2026-10-09 07:30:25.379,2026-10-09 07:30:27.479,2100
8964,event-ingest,webhook,success,2026-10-09 07:30:25.503,2026-10-09 07:30:27.668,2165
8965,event-ingest,webhook,success,2026-10-09 07:30:25.810,2026-10-09 07:30:28.088,2278
8966,event-ingest,webhook,success,2026-10-09 07:30:26.113,2026-10-09 07:30:28.198,2085
8967,event-ingest,webhook,success,2026-10-09 07:30:27.402,2026-10-09 07:30:29.515,2113
8968,event-ingest,webhook,success,2026-10-09 07:30:27.542,2026-10-09 07:30:29.721,2179
8969,event-ingest,webhook,success,2026-10-09 07:30:27.764,2026-10-09 07:30:29.894,2130
8970,event-ingest,webhook,success,2026-10-09 07:30:27.912,2026-10-09 07:30:29.988,2076
8971,event-ingest,webhook,success,2026-10-09 07:30:29.543,2026-10-09 07:30:31.763,2220
8972,event-ingest,webhook,success,2026-10-09 07:30:29.847,2026-10-09 07:30:32.109,2262
8973,event-ingest,webhook,success,2026-10-09 07:30:30.156,2026-10-09 07:30:32.231,2075
8974,event-ingest,webhook,success,2026-10-09 07:30:30.222,2026-10-09 07:30:32.282,2060
8975,event-ingest,webhook,success,2026-10-09 07:30:31.496,2026-10-09 07:30:33.580,2084
8976,event-ingest,webhook,success,2026-10-09 07:30:31.620,2026-10-09 07:30:33.695,2075
8977,event-ingest,webhook,success,2026-10-09 07:30:31.731,2026-10-09 07:30:33.886,2155
8978,event-ingest,webhook,success,2026-10-09 07:30:32.020,2026-10-09 07:30:34.100,2080
8979,event-ingest,webhook,success,2026-10-09 07:30:32.143,2026-10-09 07:30:34.410,2267
8980,event-ingest,webhook,success,2026-10-09 07:30:32.526,2026-10-09 07:30:34.633,2107
8981,event-ingest,webhook,success,2026-10-09 07:30:32.626,2026-10-09 07:30:34.681,2055
8982,event-ingest,webhook,success,2026-10-09 07:30:32.699,2026-10-09 07:30:34.755,2056
8983,event-ingest,webhook,success,2026-10-09 07:30:32.759,2026-10-09 07:30:34.818,2059
8984,health-monitor,trigger,success,2026-10-09 07:35:00.122,2026-10-09 07:35:00.359,237
8985,health-monitor,trigger,success,2026-10-09 07:40:00.075,2026-10-09 07:40:00.174,99
8986,ioc-extractor,trigger,success,2026-10-09 07:45:00.085,2026-10-09 07:45:01.342,1257
8987,health-monitor,trigger,success,2026-10-09 07:45:00.145,2026-10-09 07:45:00.323,178
8988,event-ingest,webhook,success,2026-10-09 07:45:07.010,2026-10-09 07:45:07.458,448
8989,event-ingest,webhook,success,2026-10-09 07:45:07.105,2026-10-09 07:45:07.474,369
8990,event-ingest,webhook,success,2026-10-09 07:45:07.188,2026-10-09 07:45:07.578,390
8991,event-ingest,webhook,success,2026-10-09 07:45:07.290,2026-10-09 07:45:07.695,405
8992,event-ingest,webhook,success,2026-10-09 07:45:08.907,2026-10-09 07:45:09.307,400
8993,event-ingest,webhook,success,2026-10-09 07:45:09.018,2026-10-09 07:45:09.397,379
8994,event-ingest,webhook,success,2026-10-09 07:45:09.118,2026-10-09 07:45:09.527,409
8995,event-ingest,webhook,success,2026-10-09 07:45:09.251,2026-10-09 07:45:09.637,386
8996,event-ingest,webhook,success,2026-10-09 07:45:10.848,2026-10-09 07:45:11.235,387
8997,event-ingest,webhook,success,2026-10-09 07:45:10.962,2026-10-09 07:45:11.351,389
8998,event-ingest,webhook,success,2026-10-09 07:45:11.069,2026-10-09 07:45:11.455,386
8999,event-ingest,webhook,success,2026-10-09 07:45:11.191,2026-10-09 07:45:11.654,463
9000,event-ingest,webhook,success,2026-10-09 07:45:13.234,2026-10-09 07:45:13.615,381
9001,event-ingest,webhook,success,2026-10-09 07:45:13.340,2026-10-09 07:45:13.742,402
9002,event-ingest,webhook,success,2026-10-09 07:45:13.458,2026-10-09 07:45:13.834,376
9003,event-ingest,webhook,success,2026-10-09 07:45:13.596,2026-10-09 07:45:14.040,444
9004,event-ingest,webhook,success,2026-10-09 07:45:15.253,2026-10-09 07:45:15.651,398
9005,event-ingest,webhook,success,2026-10-09 07:45:15.365,2026-10-09 07:45:15.743,378
9006,event-ingest,webhook,success,2026-10-09 07:45:15.476,2026-10-09 07:45:15.889,413
9007,event-ingest,webhook,success,2026-10-09 07:45:15.620,2026-10-09 07:45:15.993,373
9008,event-ingest,webhook,success,2026-10-09 07:45:17.251,2026-10-09 07:45:17.694,443
9009,event-ingest,webhook,success,2026-10-09 07:45:17.427,2026-10-09 07:45:17.819,392
9010,event-ingest,webhook,success,2026-10-09 07:45:17.517,2026-10-09 07:45:17.910,393
9011,event-ingest,webhook,success,2026-10-09 07:45:17.593,2026-10-09 07:45:17.974,381
9012,event-ingest,webhook,success,2026-10-09 07:45:19.239,2026-10-09 07:45:19.706,467
9013,event-ingest,webhook,success,2026-10-09 07:45:19.424,2026-10-09 07:45:19.825,401
9014,event-ingest,webhook,success,2026-10-09 07:45:19.554,2026-10-09 07:45:19.943,389
9015,event-ingest,webhook,success,2026-10-09 07:45:19.658,2026-10-09 07:45:20.041,383
9016,event-ingest,webhook,success,2026-10-09 07:45:21.275,2026-10-09 07:45:21.647,372
9017,event-ingest,webhook,success,2026-10-09 07:45:21.387,2026-10-09 07:45:21.783,396
9018,event-ingest,webhook,success,2026-10-09 07:45:21.494,2026-10-09 07:45:21.857,363
9019,event-ingest,webhook,success,2026-10-09 07:45:21.586,2026-10-09 07:45:21.957,371
9020,event-ingest,webhook,success,2026-10-09 07:45:23.460,2026-10-09 07:45:25.529,2069
9021,event-ingest,webhook,success,2026-10-09 07:45:23.541,2026-10-09 07:45:25.606,2065
9022,event-ingest,webhook,success,2026-10-09 07:45:23.646,2026-10-09 07:45:25.739,2093
9023,event-ingest,webhook,success,2026-10-09 07:45:23.787,2026-10-09 07:45:25.869,2082
9024,event-ingest,webhook,success,2026-10-09 07:45:25.378,2026-10-09 07:45:27.444,2066
9025,event-ingest,webhook,success,2026-10-09 07:45:25.497,2026-10-09 07:45:27.539,2042
9026,event-ingest,webhook,success,2026-10-09 07:45:25.580,2026-10-09 07:45:27.788,2208
9027,event-ingest,webhook,success,2026-10-09 07:45:25.887,2026-10-09 07:45:28.058,2171
9028,event-ingest,webhook,success,2026-10-09 07:45:27.612,2026-10-09 07:45:29.790,2178
9029,event-ingest,webhook,success,2026-10-09 07:45:27.809,2026-10-09 07:45:29.989,2180
9030,event-ingest,webhook,success,2026-10-09 07:45:28.025,2026-10-09 07:45:30.151,2126
9031,event-ingest,webhook,success,2026-10-09 07:45:28.170,2026-10-09 07:45:30.233,2063
9032,event-ingest,webhook,success,2026-10-09 07:45:28.249,2026-10-09 07:45:30.312,2063
9033,event-ingest,webhook,success,2026-10-09 07:45:28.327,2026-10-09 07:45:30.386,2059
9034,event-ingest,webhook,success,2026-10-09 07:45:28.724,2026-10-09 07:45:30.814,2090
9035,event-ingest,webhook,success,2026-10-09 07:45:29.476,2026-10-09 07:45:31.608,2132
9036,event-ingest,webhook,success,2026-10-09 07:45:30.221,2026-10-09 07:45:32.379,2158
9037,event-ingest,webhook,success,2026-10-09 07:45:30.969,2026-10-09 07:45:33.075,2106
9038,event-ingest,webhook,success,2026-10-09 07:45:31.976,2026-10-09 07:45:34.050,2074
9039,event-ingest,webhook,success,2026-10-09 07:45:32.652,2026-10-09 07:45:34.724,2072
9040,event-ingest,webhook,success,2026-10-09 07:45:33.311,2026-10-09 07:45:35.381,2070
9041,event-ingest,webhook,success,2026-10-09 07:45:33.377,2026-10-09 07:45:35.441,2064
9042,event-ingest,webhook,success,2026-10-09 07:45:34.361,2026-10-09 07:45:36.429,2068
9043,event-ingest,webhook,success,2026-10-09 07:45:34.439,2026-10-09 07:45:36.544,2105
9044,event-ingest,webhook,success,2026-10-09 07:45:34.496,2026-10-09 07:45:36.566,2070
9045,event-ingest,webhook,success,2026-10-09 07:45:34.573,2026-10-09 07:45:36.636,2063
9046,event-ingest,webhook,success,2026-10-09 07:45:36.463,2026-10-09 07:45:38.826,2363
9047,event-ingest,webhook,success,2026-10-09 07:45:37.003,2026-10-09 07:45:39.148,2145
9048,event-ingest,webhook,success,2026-10-09 07:45:37.163,2026-10-09 07:45:39.249,2086
9049,event-ingest,webhook,success,2026-10-09 07:45:37.267,2026-10-09 07:45:39.363,2096
9050,event-ingest,webhook,success,2026-10-09 07:45:37.371,2026-10-09 07:45:39.456,2085
9051,event-ingest,webhook,success,2026-10-09 07:45:37.449,2026-10-09 07:45:39.530,2081
9052,event-ingest,webhook,success,2026-10-09 07:45:37.565,2026-10-09 07:45:39.640,2075
9053,event-ingest,webhook,success,2026-10-09 07:45:37.638,2026-10-09 07:45:39.712,2074
9054,event-ingest,webhook,success,2026-10-09 07:45:37.713,2026-10-09 07:45:39.810,2097
9055,event-ingest,webhook,success,2026-10-09 07:45:37.804,2026-10-09 07:45:39.868,2064
9056,event-ingest,webhook,success,2026-10-09 07:45:37.881,2026-10-09 07:45:40.858,2977
9057,health-monitor,trigger,success,2026-10-09 07:50:00.120,2026-10-09 07:50:00.361,241
9058,health-monitor,trigger,success,2026-10-09 07:55:00.059,2026-10-09 07:55:00.138,79
9059,ioc-extractor,trigger,success,2026-10-09 08:00:00.107,2026-10-09 08:00:01.459,1352
9060,health-monitor,trigger,success,2026-10-09 08:00:00.163,2026-10-09 08:00:00.352,189
9061,event-ingest,webhook,success,2026-10-09 08:00:06.446,2026-10-09 08:00:06.892,446
9062,event-ingest,webhook,success,2026-10-09 08:00:06.549,2026-10-09 08:00:06.915,366
9063,event-ingest,webhook,success,2026-10-09 08:00:06.644,2026-10-09 08:00:07.053,409
9064,event-ingest,webhook,success,2026-10-09 08:00:06.718,2026-10-09 08:00:07.127,409
9065,event-ingest,webhook,success,2026-10-09 08:00:08.895,2026-10-09 08:00:09.332,437
9066,event-ingest,webhook,success,2026-10-09 08:00:09.039,2026-10-09 08:00:09.471,432
9067,event-ingest,webhook,success,2026-10-09 08:00:09.211,2026-10-09 08:00:09.604,393
9068,event-ingest,webhook,success,2026-10-09 08:00:09.325,2026-10-09 08:00:09.821,496
9069,event-ingest,webhook,success,2026-10-09 08:00:10.715,2026-10-09 08:00:11.143,428
9070,event-ingest,webhook,success,2026-10-09 08:00:10.939,2026-10-09 08:00:11.351,412
9071,event-ingest,webhook,success,2026-10-09 08:00:11.100,2026-10-09 08:00:11.540,440
9072,event-ingest,webhook,success,2026-10-09 08:00:11.284,2026-10-09 08:00:11.752,468
9073,event-ingest,webhook,success,2026-10-09 08:00:12.709,2026-10-09 08:00:13.138,429
9074,event-ingest,webhook,success,2026-10-09 08:00:12.817,2026-10-09 08:00:13.203,386
9075,event-ingest,webhook,success,2026-10-09 08:00:12.889,2026-10-09 08:00:13.310,421
9076,event-ingest,webhook,success,2026-10-09 08:00:13.032,2026-10-09 08:00:13.472,440
9077,event-ingest,webhook,success,2026-10-09 08:00:14.693,2026-10-09 08:00:15.072,379
9078,event-ingest,webhook,success,2026-10-09 08:00:14.795,2026-10-09 08:00:15.190,395
9079,event-ingest,webhook,success,2026-10-09 08:00:16.255,2026-10-09 08:00:16.636,381
9080,event-ingest,webhook,success,2026-10-09 08:00:16.356,2026-10-09 08:00:16.729,373
9081,event-ingest,webhook,success,2026-10-09 08:00:16.784,2026-10-09 08:00:17.292,508
9082,event-ingest,webhook,success,2026-10-09 08:00:16.982,2026-10-09 08:00:17.377,395
9083,event-ingest,webhook,success,2026-10-09 08:00:17.085,2026-10-09 08:00:17.512,427
9084,event-ingest,webhook,success,2026-10-09 08:00:17.199,2026-10-09 08:00:17.556,357
9085,event-ingest,webhook,success,2026-10-09 08:00:17.299,2026-10-09 08:00:17.872,573
9086,event-ingest,webhook,success,2026-10-09 08:00:17.703,2026-10-09 08:00:18.225,522
9087,event-ingest,webhook,success,2026-10-09 08:00:17.900,2026-10-09 08:00:18.339,439
9088,event-ingest,webhook,success,2026-10-09 08:00:18.692,2026-10-09 08:00:19.088,396
9089,event-ingest,webhook,success,2026-10-09 08:00:19.717,2026-10-09 08:00:20.123,406
9090,event-ingest,webhook,success,2026-10-09 08:00:20.459,2026-10-09 08:00:20.821,362
9091,event-ingest,webhook,success,2026-10-09 08:00:21.145,2026-10-09 08:00:21.515,370
9092,event-ingest,webhook,success,2026-10-09 08:00:21.855,2026-10-09 08:00:22.248,393
9093,event-ingest,webhook,success,2026-10-09 08:00:21.953,2026-10-09 08:00:24.004,2051
9094,event-ingest,webhook,success,2026-10-09 08:00:22.926,2026-10-09 08:00:24.994,2068
9095,event-ingest,webhook,success,2026-10-09 08:00:23.014,2026-10-09 08:00:25.090,2076
9096,event-ingest,webhook,success,2026-10-09 08:00:23.128,2026-10-09 08:00:25.194,2066
9097,event-ingest,webhook,success,2026-10-09 08:00:23.199,2026-10-09 08:00:25.304,2105
9098,event-ingest,webhook,success,2026-10-09 08:00:25.175,2026-10-09 08:00:27.665,2490
9099,event-ingest,webhook,success,2026-10-09 08:00:25.768,2026-10-09 08:00:27.827,2059
9100,event-ingest,webhook,success,2026-10-09 08:00:25.878,2026-10-09 08:00:27.941,2063
9101,event-ingest,webhook,success,2026-10-09 08:00:25.967,2026-10-09 08:00:28.027,2060
9102,event-ingest,webhook,success,2026-10-09 08:00:26.970,2026-10-09 08:00:29.038,2068
9103,event-ingest,webhook,success,2026-10-09 08:00:27.058,2026-10-09 08:00:29.140,2082
9104,event-ingest,webhook,success,2026-10-09 08:00:27.210,2026-10-09 08:00:29.259,2049
9105,event-ingest,webhook,success,2026-10-09 08:00:27.270,2026-10-09 08:00:29.329,2059
9106,event-ingest,webhook,success,2026-10-09 08:00:29.149,2026-10-09 08:00:31.293,2144
9107,event-ingest,webhook,success,2026-10-09 08:00:29.337,2026-10-09 08:00:31.495,2158
9108,event-ingest,webhook,success,2026-10-09 08:00:29.515,2026-10-09 08:00:31.606,2091
9109,event-ingest,webhook,success,2026-10-09 08:00:29.639,2026-10-09 08:00:31.717,2078
9110,event-ingest,webhook,success,2026-10-09 08:00:31.235,2026-10-09 08:00:33.306,2071
9111,event-ingest,webhook,success,2026-10-09 08:00:31.323,2026-10-09 08:00:33.451,2128
9112,event-ingest,webhook,success,2026-10-09 08:00:31.461,2026-10-09 08:00:33.516,2055
9113,event-ingest,webhook,success,2026-10-09 08:00:31.524,2026-10-09 08:00:33.692,2168
9114,event-ingest,webhook,success,2026-10-09 08:00:33.194,2026-10-09 08:00:35.268,2074
9115,event-ingest,webhook,success,2026-10-09 08:00:33.266,2026-10-09 08:00:35.329,2063
9116,event-ingest,webhook,success,2026-10-09 08:00:33.339,2026-10-09 08:00:35.502,2163
9117,event-ingest,webhook,success,2026-10-09 08:00:33.549,2026-10-09 08:00:35.913,2364
9118,event-ingest,webhook,success,2026-10-09 08:00:35.434,2026-10-09 08:00:37.519,2085
9119,event-ingest,webhook,success,2026-10-09 08:00:35.530,2026-10-09 08:00:37.659,2129
9120,event-ingest,webhook,success,2026-10-09 08:00:35.682,2026-10-09 08:00:37.771,2089
9121,event-ingest,webhook,success,2026-10-09 08:00:35.761,2026-10-09 08:00:37.841,2080
9122,event-ingest,webhook,success,2026-10-09 08:00:37.360,2026-10-09 08:00:39.466,2106
9123,event-ingest,webhook,success,2026-10-09 08:00:37.471,2026-10-09 08:00:39.555,2084
9124,event-ingest,webhook,success,2026-10-09 08:00:37.577,2026-10-09 08:00:39.848,2271
9125,event-ingest,webhook,success,2026-10-09 08:00:38.034,2026-10-09 08:00:40.265,2231
9126,event-ingest,webhook,success,2026-10-09 08:00:38.272,2026-10-09 08:00:40.350,2078
9127,event-ingest,webhook,success,2026-10-09 08:00:38.354,2026-10-09 08:00:40.427,2073
9128,event-ingest,webhook,success,2026-10-09 08:00:38.445,2026-10-09 08:00:40.510,2065
9129,event-ingest,webhook,success,2026-10-09 08:00:38.523,2026-10-09 08:00:40.570,2047
9130,event-ingest,webhook,success,2026-10-09 08:00:38.607,2026-10-09 08:00:40.677,2070
9131,event-ingest,webhook,success,2026-10-09 08:00:38.676,2026-10-09 08:00:40.750,2074
9132,event-ingest,webhook,success,2026-10-09 08:00:38.757,2026-10-09 08:00:41.485,2728
9133,event-ingest,webhook,success,2026-10-09 08:00:38.831,2026-10-09 08:00:41.548,2717
9134,health-monitor,trigger,success,2026-10-09 08:05:00.071,2026-10-09 08:05:00.377,306
9135,health-monitor,trigger,success,2026-10-09 08:10:00.095,2026-10-09 08:10:00.257,162
9136,ioc-extractor,trigger,success,2026-10-09 08:15:00.100,2026-10-09 08:15:01.768,1668
9137,health-monitor,trigger,success,2026-10-09 08:15:00.138,2026-10-09 08:15:00.405,267
9138,event-ingest,webhook,success,2026-10-09 08:15:06.476,2026-10-09 08:15:06.922,446
9139,event-ingest,webhook,success,2026-10-09 08:15:06.604,2026-10-09 08:15:06.983,379
9140,event-ingest,webhook,success,2026-10-09 08:15:06.756,2026-10-09 08:15:07.228,472
9141,event-ingest,webhook,success,2026-10-09 08:15:06.962,2026-10-09 08:15:07.550,588
9142,event-ingest,webhook,success,2026-10-09 08:15:08.474,2026-10-09 08:15:08.935,461
9143,event-ingest,webhook,success,2026-10-09 08:15:08.579,2026-10-09 08:15:08.959,380
9144,event-ingest,webhook,success,2026-10-09 08:15:08.681,2026-10-09 08:15:09.094,413
9145,event-ingest,webhook,success,2026-10-09 08:15:08.807,2026-10-09 08:15:09.216,409
9146,event-ingest,webhook,success,2026-10-09 08:15:10.745,2026-10-09 08:15:11.128,383
9147,event-ingest,webhook,success,2026-10-09 08:15:10.854,2026-10-09 08:15:11.241,387
9148,event-ingest,webhook,success,2026-10-09 08:15:10.954,2026-10-09 08:15:11.343,389
9149,event-ingest,webhook,success,2026-10-09 08:15:11.051,2026-10-09 08:15:11.450,399
9150,event-ingest,webhook,success,2026-10-09 08:15:12.670,2026-10-09 08:15:13.065,395
9151,event-ingest,webhook,success,2026-10-09 08:15:12.785,2026-10-09 08:15:13.168,383
9152,event-ingest,webhook,success,2026-10-09 08:15:12.885,2026-10-09 08:15:13.275,390
9153,event-ingest,webhook,success,2026-10-09 08:15:12.967,2026-10-09 08:15:13.344,377
9154,event-ingest,webhook,success,2026-10-09 08:15:14.562,2026-10-09 08:15:14.918,356
9155,event-ingest,webhook,success,2026-10-09 08:15:14.651,2026-10-09 08:15:15.046,395
9156,event-ingest,webhook,success,2026-10-09 08:15:14.735,2026-10-09 08:15:15.128,393
9157,event-ingest,webhook,success,2026-10-09 08:15:14.837,2026-10-09 08:15:15.209,372
9158,event-ingest,webhook,success,2026-10-09 08:15:16.777,2026-10-09 08:15:17.172,395
9159,event-ingest,webhook,success,2026-10-09 08:15:16.973,2026-10-09 08:15:17.361,388
9160,event-ingest,webhook,success,2026-10-09 08:15:17.071,2026-10-09 08:15:17.441,370
9161,event-ingest,webhook,success,2026-10-09 08:15:17.137,2026-10-09 08:15:17.487,350
9162,event-ingest,webhook,success,2026-10-09 08:15:18.726,2026-10-09 08:15:19.110,384
9163,event-ingest,webhook,success,2026-10-09 08:15:18.820,2026-10-09 08:15:19.234,414
9164,event-ingest,webhook,success,2026-10-09 08:15:19.081,2026-10-09 08:15:19.594,513
9165,event-ingest,webhook,success,2026-10-09 08:15:19.455,2026-10-09 08:15:19.891,436
9166,event-ingest,webhook,success,2026-10-09 08:15:20.839,2026-10-09 08:15:21.226,387
9167,event-ingest,webhook,success,2026-10-09 08:15:20.907,2026-10-09 08:15:21.290,383
9168,event-ingest,webhook,success,2026-10-09 08:15:21.024,2026-10-09 08:15:21.419,395
9169,event-ingest,webhook,success,2026-10-09 08:15:21.128,2026-10-09 08:15:23.204,2076
9170,event-ingest,webhook,success,2026-10-09 08:15:21.240,2026-10-09 08:15:23.537,2297
9171,event-ingest,webhook,success,2026-10-09 08:15:21.638,2026-10-09 08:15:23.722,2084
9172,event-ingest,webhook,success,2026-10-09 08:15:22.040,2026-10-09 08:15:24.104,2064
9173,event-ingest,webhook,success,2026-10-09 08:15:23.017,2026-10-09 08:15:25.091,2074
9174,event-ingest,webhook,success,2026-10-09 08:15:23.756,2026-10-09 08:15:25.966,2210
9175,event-ingest,webhook,success,2026-10-09 08:15:24.593,2026-10-09 08:15:26.664,2071
9176,event-ingest,webhook,success,2026-10-09 08:15:25.298,2026-10-09 08:15:27.380,2082
9177,event-ingest,webhook,success,2026-10-09 08:15:25.406,2026-10-09 08:15:27.470,2064
9178,event-ingest,webhook,success,2026-10-09 08:15:26.403,2026-10-09 08:15:28.485,2082
9179,event-ingest,webhook,success,2026-10-09 08:15:26.518,2026-10-09 08:15:28.595,2077
9180,event-ingest,webhook,success,2026-10-09 08:15:26.614,2026-10-09 08:15:28.693,2079
9181,event-ingest,webhook,success,2026-10-09 08:15:26.685,2026-10-09 08:15:28.838,2153
9182,event-ingest,webhook,success,2026-10-09 08:15:28.339,2026-10-09 08:15:30.430,2091
9183,event-ingest,webhook,success,2026-10-09 08:15:28.435,2026-10-09 08:15:30.505,2070
9184,event-ingest,webhook,success,2026-10-09 08:15:28.515,2026-10-09 08:15:30.646,2131
9185,event-ingest,webhook,success,2026-10-09 08:15:28.744,2026-10-09 08:15:30.986,2242
9186,event-ingest,webhook,success,2026-10-09 08:15:30.495,2026-10-09 08:15:32.622,2127
9187,event-ingest,webhook,success,2026-10-09 08:15:30.663,2026-10-09 08:15:32.820,2157
9188,event-ingest,webhook,success,2026-10-09 08:15:30.835,2026-10-09 08:15:32.904,2069
9189,event-ingest,webhook,success,2026-10-09 08:15:30.970,2026-10-09 08:15:33.105,2135
9190,event-ingest,webhook,success,2026-10-09 08:15:31.133,2026-10-09 08:15:33.191,2058
9191,event-ingest,webhook,success,2026-10-09 08:15:31.203,2026-10-09 08:15:33.254,2051
9192,event-ingest,webhook,success,2026-10-09 08:15:31.586,2026-10-09 08:15:33.668,2082
9193,event-ingest,webhook,success,2026-10-09 08:15:32.273,2026-10-09 08:15:34.345,2072
9194,event-ingest,webhook,success,2026-10-09 08:15:33.245,2026-10-09 08:15:35.383,2138
9195,event-ingest,webhook,success,2026-10-09 08:15:33.981,2026-10-09 08:15:36.048,2067
9196,event-ingest,webhook,success,2026-10-09 08:15:34.642,2026-10-09 08:15:36.703,2061
9197,event-ingest,webhook,success,2026-10-09 08:15:35.604,2026-10-09 08:15:37.686,2082
9198,event-ingest,webhook,success,2026-10-09 08:15:36.284,2026-10-09 08:15:38.340,2056
9199,event-ingest,webhook,success,2026-10-09 08:15:37.275,2026-10-09 08:15:39.341,2066
9200,event-ingest,webhook,success,2026-10-09 08:15:37.345,2026-10-09 08:15:39.399,2054
9201,event-ingest,webhook,success,2026-10-09 08:15:38.315,2026-10-09 08:15:40.444,2129
9202,event-ingest,webhook,success,2026-10-09 08:15:38.479,2026-10-09 08:15:40.573,2094
9203,event-ingest,webhook,success,2026-10-09 08:15:38.600,2026-10-09 08:15:40.714,2114
9204,event-ingest,webhook,success,2026-10-09 08:15:38.726,2026-10-09 08:15:40.807,2081
9205,event-ingest,webhook,success,2026-10-09 08:15:38.878,2026-10-09 08:15:40.952,2074
9206,event-ingest,webhook,success,2026-10-09 08:15:38.959,2026-10-09 08:15:41.026,2067
9207,event-ingest,webhook,success,2026-10-09 08:15:39.030,2026-10-09 08:15:41.100,2070
9208,event-ingest,webhook,success,2026-10-09 08:15:39.091,2026-10-09 08:15:41.158,2067
9209,event-ingest,webhook,success,2026-10-09 08:15:39.156,2026-10-09 08:15:41.361,2205
9210,health-monitor,trigger,success,2026-10-09 08:20:00.161,2026-10-09 08:20:00.496,335
9211,health-monitor,trigger,success,2026-10-09 08:25:00.105,2026-10-09 08:25:00.206,101
9212,health-monitor,trigger,success,2026-10-09 08:30:00.084,2026-10-09 08:30:00.328,244
9213,ioc-extractor,trigger,success,2026-10-09 08:30:00.178,2026-10-09 08:30:01.647,1469
9214,event-ingest,webhook,success,2026-10-09 08:30:06.145,2026-10-09 08:30:06.571,426
9215,event-ingest,webhook,success,2026-10-09 08:30:06.249,2026-10-09 08:30:06.654,405
9216,event-ingest,webhook,success,2026-10-09 08:30:06.343,2026-10-09 08:30:06.768,425
9217,event-ingest,webhook,success,2026-10-09 08:30:06.450,2026-10-09 08:30:06.832,382
9218,event-ingest,webhook,success,2026-10-09 08:30:08.057,2026-10-09 08:30:08.477,420
9219,event-ingest,webhook,success,2026-10-09 08:30:08.156,2026-10-09 08:30:08.541,385
9220,event-ingest,webhook,success,2026-10-09 08:30:08.247,2026-10-09 08:30:08.635,388
9221,event-ingest,webhook,success,2026-10-09 08:30:08.349,2026-10-09 08:30:08.719,370
9222,event-ingest,webhook,success,2026-10-09 08:30:10.256,2026-10-09 08:30:10.640,384
9223,event-ingest,webhook,success,2026-10-09 08:30:10.354,2026-10-09 08:30:10.738,384
9224,event-ingest,webhook,success,2026-10-09 08:30:10.454,2026-10-09 08:30:10.830,376
9225,event-ingest,webhook,success,2026-10-09 08:30:10.564,2026-10-09 08:30:10.931,367
9226,event-ingest,webhook,success,2026-10-09 08:30:12.161,2026-10-09 08:30:12.540,379
9227,event-ingest,webhook,success,2026-10-09 08:30:12.258,2026-10-09 08:30:12.631,373
9228,event-ingest,webhook,success,2026-10-09 08:30:12.351,2026-10-09 08:30:12.749,398
9229,event-ingest,webhook,success,2026-10-09 08:30:12.477,2026-10-09 08:30:12.842,365
9230,event-ingest,webhook,success,2026-10-09 08:30:12.573,2026-10-09 08:30:13.132,559
9231,event-ingest,webhook,success,2026-10-09 08:30:12.862,2026-10-09 08:30:13.388,526
9232,event-ingest,webhook,success,2026-10-09 08:30:13.409,2026-10-09 08:30:13.894,485
9233,event-ingest,webhook,success,2026-10-09 08:30:14.205,2026-10-09 08:30:14.591,386
9234,event-ingest,webhook,success,2026-10-09 08:30:14.901,2026-10-09 08:30:15.295,394
9235,event-ingest,webhook,success,2026-10-09 08:30:15.887,2026-10-09 08:30:16.289,402
9236,event-ingest,webhook,success,2026-10-09 08:30:16.631,2026-10-09 08:30:17.017,386
9237,event-ingest,webhook,success,2026-10-09 08:30:17.352,2026-10-09 08:30:17.752,400
9238,event-ingest,webhook,success,2026-10-09 08:30:18.057,2026-10-09 08:30:18.423,366
9239,event-ingest,webhook,success,2026-10-09 08:30:18.138,2026-10-09 08:30:18.530,392
9240,event-ingest,webhook,success,2026-10-09 08:30:19.129,2026-10-09 08:30:19.549,420
9241,event-ingest,webhook,success,2026-10-09 08:30:19.218,2026-10-09 08:30:19.660,442
9242,event-ingest,webhook,success,2026-10-09 08:30:19.319,2026-10-09 08:30:19.742,423
9243,event-ingest,webhook,success,2026-10-09 08:30:19.449,2026-10-09 08:30:20.034,585
9244,event-ingest,webhook,success,2026-10-09 08:30:21.306,2026-10-09 08:30:21.687,381
9245,event-ingest,webhook,success,2026-10-09 08:30:21.413,2026-10-09 08:30:23.511,2098
9246,event-ingest,webhook,success,2026-10-09 08:30:21.511,2026-10-09 08:30:23.601,2090
9247,event-ingest,webhook,success,2026-10-09 08:30:21.634,2026-10-09 08:30:23.736,2102
9248,event-ingest,webhook,success,2026-10-09 08:30:23.236,2026-10-09 08:30:25.315,2079
9249,event-ingest,webhook,success,2026-10-09 08:30:23.345,2026-10-09 08:30:25.424,2079
9250,event-ingest,webhook,success,2026-10-09 08:30:23.457,2026-10-09 08:30:25.530,2073
9251,event-ingest,webhook,success,2026-10-09 08:30:23.578,2026-10-09 08:30:25.930,2352
9252,event-ingest,webhook,success,2026-10-09 08:30:25.473,2026-10-09 08:30:27.693,2220
9253,event-ingest,webhook,success,2026-10-09 08:30:25.741,2026-10-09 08:30:27.810,2069
9254,event-ingest,webhook,success,2026-10-09 08:30:25.839,2026-10-09 08:30:27.900,2061
9255,event-ingest,webhook,success,2026-10-09 08:30:25.921,2026-10-09 08:30:28.035,2114
9256,event-ingest,webhook,success,2026-10-09 08:30:26.074,2026-10-09 08:30:28.130,2056
9257,event-ingest,webhook,success,2026-10-09 08:30:26.154,2026-10-09 08:30:28.222,2068
9258,event-ingest,webhook,success,2026-10-09 08:30:26.544,2026-10-09 08:30:28.606,2062
9259,event-ingest,webhook,success,2026-10-09 08:30:27.219,2026-10-09 08:30:29.284,2065
9260,event-ingest,webhook,success,2026-10-09 08:30:28.195,2026-10-09 08:30:30.336,2141
9261,event-ingest,webhook,success,2026-10-09 08:30:28.990,2026-10-09 08:30:31.101,2111
9262,event-ingest,webhook,success,2026-10-09 08:30:29.695,2026-10-09 08:30:31.764,2069
9263,event-ingest,webhook,success,2026-10-09 08:30:30.405,2026-10-09 08:30:32.528,2123
9264,event-ingest,webhook,success,2026-10-09 08:30:31.447,2026-10-09 08:30:33.538,2091
9265,event-ingest,webhook,success,2026-10-09 08:30:31.533,2026-10-09 08:30:33.609,2076
9266,event-ingest,webhook,success,2026-10-09 08:30:32.214,2026-10-09 08:30:34.283,2069
9267,event-ingest,webhook,success,2026-10-09 08:30:32.299,2026-10-09 08:30:34.375,2076
9268,event-ingest,webhook,success,2026-10-09 08:30:32.377,2026-10-09 08:30:34.436,2059
9269,event-ingest,webhook,success,2026-10-09 08:30:32.449,2026-10-09 08:30:34.540,2091
9270,event-ingest,webhook,success,2026-10-09 08:30:34.349,2026-10-09 08:30:36.564,2215
9271,event-ingest,webhook,success,2026-10-09 08:30:34.714,2026-10-09 08:30:36.941,2227
9272,event-ingest,webhook,success,2026-10-09 08:30:34.952,2026-10-09 08:30:37.040,2088
9273,event-ingest,webhook,success,2026-10-09 08:30:35.068,2026-10-09 08:30:37.150,2082
9274,event-ingest,webhook,success,2026-10-09 08:30:35.152,2026-10-09 08:30:37.253,2101
9275,event-ingest,webhook,success,2026-10-09 08:30:35.269,2026-10-09 08:30:37.317,2048
9276,event-ingest,webhook,success,2026-10-09 08:30:35.339,2026-10-09 08:30:37.392,2053
9277,health-monitor,trigger,success,2026-10-09 08:35:00.078,2026-10-09 08:35:00.326,248
9278,health-monitor,trigger,success,2026-10-09 08:40:00.113,2026-10-09 08:40:00.229,116
9279,ioc-extractor,trigger,success,2026-10-09 08:45:00.081,2026-10-09 08:45:01.444,1363
9280,health-monitor,trigger,success,2026-10-09 08:45:00.142,2026-10-09 08:45:00.317,175
9281,event-ingest,webhook,success,2026-10-09 08:45:05.910,2026-10-09 08:45:06.417,507
9282,event-ingest,webhook,success,2026-10-09 08:45:06.009,2026-10-09 08:45:06.429,420
9283,event-ingest,webhook,success,2026-10-09 08:45:06.114,2026-10-09 08:45:06.495,381
9284,event-ingest,webhook,success,2026-10-09 08:45:06.321,2026-10-09 08:45:06.792,471
9285,event-ingest,webhook,success,2026-10-09 08:45:08.043,2026-10-09 08:45:08.415,372
9286,event-ingest,webhook,success,2026-10-09 08:45:08.141,2026-10-09 08:45:08.542,401
9287,event-ingest,webhook,success,2026-10-09 08:45:08.229,2026-10-09 08:45:08.596,367
9288,event-ingest,webhook,success,2026-10-09 08:45:08.300,2026-10-09 08:45:08.671,371
9289,event-ingest,webhook,success,2026-10-09 08:45:09.892,2026-10-09 08:45:10.300,408
9290,event-ingest,webhook,success,2026-10-09 08:45:10.013,2026-10-09 08:45:10.485,472
9291,event-ingest,webhook,success,2026-10-09 08:45:10.129,2026-10-09 08:45:10.534,405
9292,event-ingest,webhook,success,2026-10-09 08:45:10.232,2026-10-09 08:45:10.616,384
9293,event-ingest,webhook,success,2026-10-09 08:45:12.157,2026-10-09 08:45:12.570,413
9294,event-ingest,webhook,success,2026-10-09 08:45:12.287,2026-10-09 08:45:12.658,371
9295,event-ingest,webhook,success,2026-10-09 08:45:12.377,2026-10-09 08:45:12.758,381
9296,event-ingest,webhook,success,2026-10-09 08:45:12.469,2026-10-09 08:45:12.824,355
9297,event-ingest,webhook,success,2026-10-09 08:45:14.072,2026-10-09 08:45:14.456,384
9298,event-ingest,webhook,success,2026-10-09 08:45:14.157,2026-10-09 08:45:14.541,384
9299,event-ingest,webhook,success,2026-10-09 08:45:14.265,2026-10-09 08:45:14.661,396
9300,event-ingest,webhook,success,2026-10-09 08:45:14.358,2026-10-09 08:45:14.716,358
9301,event-ingest,webhook,success,2026-10-09 08:45:16.272,2026-10-09 08:45:16.688,416
9302,event-ingest,webhook,success,2026-10-09 08:45:16.368,2026-10-09 08:45:16.782,414
9303,event-ingest,webhook,success,2026-10-09 08:45:16.480,2026-10-09 08:45:16.952,472
9304,event-ingest,webhook,success,2026-10-09 08:45:16.657,2026-10-09 08:45:17.203,546
9305,event-ingest,webhook,success,2026-10-09 08:45:18.100,2026-10-09 08:45:18.459,359
9306,event-ingest,webhook,success,2026-10-09 08:45:18.205,2026-10-09 08:45:18.595,390
9307,event-ingest,webhook,success,2026-10-09 08:45:18.318,2026-10-09 08:45:18.676,358
9308,event-ingest,webhook,success,2026-10-09 08:45:18.382,2026-10-09 08:45:18.745,363
9309,event-ingest,webhook,success,2026-10-09 08:45:18.492,2026-10-09 08:45:18.969,477
9310,event-ingest,webhook,success,2026-10-09 08:45:18.771,2026-10-09 08:45:19.591,820
9311,event-ingest,webhook,success,2026-10-09 08:45:19.618,2026-10-09 08:45:20.111,493
9312,event-ingest,webhook,success,2026-10-09 08:45:20.120,2026-10-09 08:45:20.625,505
9313,event-ingest,webhook,success,2026-10-09 08:45:20.932,2026-10-09 08:45:23.013,2081
9314,event-ingest,webhook,success,2026-10-09 08:45:21.950,2026-10-09 08:45:24.038,2088
9315,event-ingest,webhook,success,2026-10-09 08:45:22.649,2026-10-09 08:45:24.728,2079
9316,event-ingest,webhook,success,2026-10-09 08:45:23.358,2026-10-09 08:45:25.426,2068
9317,event-ingest,webhook,success,2026-10-09 08:45:23.466,2026-10-09 08:45:25.534,2068
9318,event-ingest,webhook,success,2026-10-09 08:45:24.450,2026-10-09 08:45:26.516,2066
9319,event-ingest,webhook,success,2026-10-09 08:45:24.554,2026-10-09 08:45:26.640,2086
9320,event-ingest,webhook,success,2026-10-09 08:45:24.678,2026-10-09 08:45:26.750,2072
9321,event-ingest,webhook,success,2026-10-09 08:45:24.834,2026-10-09 08:45:26.970,2136
9322,event-ingest,webhook,success,2026-10-09 08:45:26.505,2026-10-09 08:45:28.660,2155
9323,event-ingest,webhook,success,2026-10-09 08:45:26.727,2026-10-09 08:45:28.921,2194
9324,event-ingest,webhook,success,2026-10-09 08:45:26.978,2026-10-09 08:45:29.335,2357
9325,event-ingest,webhook,success,2026-10-09 08:45:27.352,2026-10-09 08:45:29.426,2074
9326,event-ingest,webhook,success,2026-10-09 08:45:28.637,2026-10-09 08:45:30.812,2175
9327,event-ingest,webhook,success,2026-10-09 08:45:28.815,2026-10-09 08:45:30.881,2066
9328,event-ingest,webhook,success,2026-10-09 08:45:28.906,2026-10-09 08:45:30.994,2088
9329,event-ingest,webhook,success,2026-10-09 08:45:29.013,2026-10-09 08:45:31.106,2093
9330,event-ingest,webhook,success,2026-10-09 08:45:30.573,2026-10-09 08:45:32.627,2054
9331,event-ingest,webhook,success,2026-10-09 08:45:30.628,2026-10-09 08:45:32.663,2035
9332,event-ingest,webhook,success,2026-10-09 08:45:30.665,2026-10-09 08:45:32.723,2058
9333,event-ingest,webhook,success,2026-10-09 08:45:30.725,2026-10-09 08:45:32.834,2109
9334,event-ingest,webhook,success,2026-10-09 08:45:32.639,2026-10-09 08:45:34.781,2142
9335,event-ingest,webhook,success,2026-10-09 08:45:32.825,2026-10-09 08:45:34.972,2147
9336,event-ingest,webhook,success,2026-10-09 08:45:33.002,2026-10-09 08:45:35.069,2067
9337,event-ingest,webhook,success,2026-10-09 08:45:33.076,2026-10-09 08:45:35.146,2070
9338,event-ingest,webhook,success,2026-10-09 08:45:34.666,2026-10-09 08:45:36.722,2056
9339,event-ingest,webhook,success,2026-10-09 08:45:34.727,2026-10-09 08:45:36.777,2050
9340,event-ingest,webhook,success,2026-10-09 08:45:34.805,2026-10-09 08:45:36.935,2130
9341,event-ingest,webhook,success,2026-10-09 08:45:34.940,2026-10-09 08:45:37.057,2117
9342,event-ingest,webhook,success,2026-10-09 08:45:35.117,2026-10-09 08:45:37.242,2125
9343,event-ingest,webhook,success,2026-10-09 08:45:35.266,2026-10-09 08:45:37.315,2049
9344,event-ingest,webhook,success,2026-10-09 08:45:35.954,2026-10-09 08:45:38.023,2069
9345,event-ingest,webhook,success,2026-10-09 08:45:36.655,2026-10-09 08:45:38.726,2071
9346,event-ingest,webhook,success,2026-10-09 08:45:37.341,2026-10-09 08:45:39.452,2111
9347,event-ingest,webhook,success,2026-10-09 08:45:38.362,2026-10-09 08:45:40.444,2082
9348,event-ingest,webhook,success,2026-10-09 08:45:39.051,2026-10-09 08:45:41.151,2100
9349,event-ingest,webhook,success,2026-10-09 08:45:39.729,2026-10-09 08:45:41.797,2068
9350,event-ingest,webhook,success,2026-10-09 08:45:40.698,2026-10-09 08:45:42.767,2069
9351,event-ingest,webhook,success,2026-10-09 08:45:40.763,2026-10-09 08:45:42.837,2074
9352,event-ingest,webhook,success,2026-10-09 08:45:41.733,2026-10-09 08:45:43.815,2082
9353,event-ingest,webhook,success,2026-10-09 08:45:41.839,2026-10-09 08:45:44.005,2166
9354,event-ingest,webhook,success,2026-10-09 08:45:42.022,2026-10-09 08:45:44.091,2069
9355,event-ingest,webhook,success,2026-10-09 08:45:42.101,2026-10-09 08:45:44.225,2124
9356,event-ingest,webhook,success,2026-10-09 08:45:43.751,2026-10-09 08:45:45.834,2083
9357,event-ingest,webhook,success,2026-10-09 08:45:43.862,2026-10-09 08:45:46.008,2146
9358,event-ingest,webhook,success,2026-10-09 08:45:44.025,2026-10-09 08:45:46.357,2332
9359,event-ingest,webhook,success,2026-10-09 08:45:44.283,2026-10-09 08:45:46.390,2107
9360,event-ingest,webhook,success,2026-10-09 08:45:46.253,2026-10-09 08:45:48.671,2418
9361,event-ingest,webhook,success,2026-10-09 08:45:46.723,2026-10-09 08:45:48.813,2090
9362,event-ingest,webhook,success,2026-10-09 08:45:46.822,2026-10-09 08:45:48.887,2065
9363,event-ingest,webhook,success,2026-10-09 08:45:46.909,2026-10-09 08:45:48.967,2058
9364,event-ingest,webhook,success,2026-10-09 08:45:46.981,2026-10-09 08:45:49.023,2042
9365,event-ingest,webhook,success,2026-10-09 08:45:47.041,2026-10-09 08:45:49.120,2079
9366,event-ingest,webhook,success,2026-10-09 08:45:47.124,2026-10-09 08:45:49.195,2071
9367,event-ingest,webhook,success,2026-10-09 08:45:47.209,2026-10-09 08:45:49.271,2062
9368,event-ingest,webhook,success,2026-10-09 08:45:47.284,2026-10-09 08:45:49.361,2077
9369,event-ingest,webhook,success,2026-10-09 08:45:47.340,2026-10-09 08:45:49.396,2056
9370,event-ingest,webhook,success,2026-10-09 08:45:47.407,2026-10-09 08:45:50.688,3281
9371,event-ingest,webhook,success,2026-10-09 08:45:47.464,2026-10-09 08:45:50.830,3366
9372,event-ingest,webhook,success,2026-10-09 08:45:47.533,2026-10-09 08:45:50.902,3369
9373,health-monitor,trigger,success,2026-10-09 08:50:00.078,2026-10-09 08:50:00.356,278
9374,health-monitor,trigger,success,2026-10-09 08:55:00.086,2026-10-09 08:55:00.184,98
9375,ioc-extractor,trigger,success,2026-10-09 09:00:00.159,2026-10-09 09:00:01.944,1785
9376,health-monitor,trigger,success,2026-10-09 09:00:00.332,2026-10-09 09:00:00.576,244
9377,event-ingest,webhook,success,2026-10-09 09:00:06.462,2026-10-09 09:00:06.902,440
9378,event-ingest,webhook,success,2026-10-09 09:00:06.597,2026-10-09 09:00:06.988,391
9379,event-ingest,webhook,success,2026-10-09 09:00:06.726,2026-10-09 09:00:07.104,378
9380,event-ingest,webhook,success,2026-10-09 09:00:06.832,2026-10-09 09:00:07.235,403
9381,event-ingest,webhook,success,2026-10-09 09:00:08.467,2026-10-09 09:00:08.866,399
9382,event-ingest,webhook,success,2026-10-09 09:00:08.573,2026-10-09 09:00:08.947,374
9383,event-ingest,webhook,success,2026-10-09 09:00:08.671,2026-10-09 09:00:09.068,397
9384,event-ingest,webhook,success,2026-10-09 09:00:08.760,2026-10-09 09:00:09.139,379
9385,event-ingest,webhook,success,2026-10-09 09:00:10.684,2026-10-09 09:00:11.076,392
9386,event-ingest,webhook,success,2026-10-09 09:00:10.792,2026-10-09 09:00:11.169,377
9387,event-ingest,webhook,success,2026-10-09 09:00:10.892,2026-10-09 09:00:11.240,348
9388,event-ingest,webhook,success,2026-10-09 09:00:10.997,2026-10-09 09:00:11.407,410
9389,event-ingest,webhook,success,2026-10-09 09:00:12.600,2026-10-09 09:00:12.996,396
9390,event-ingest,webhook,success,2026-10-09 09:00:12.706,2026-10-09 09:00:13.095,389
9391,event-ingest,webhook,success,2026-10-09 09:00:12.831,2026-10-09 09:00:13.224,393
9392,event-ingest,webhook,success,2026-10-09 09:00:12.938,2026-10-09 09:00:13.372,434
9393,event-ingest,webhook,success,2026-10-09 09:00:14.836,2026-10-09 09:00:15.202,366
9394,event-ingest,webhook,success,2026-10-09 09:00:14.917,2026-10-09 09:00:15.286,369
9395,event-ingest,webhook,success,2026-10-09 09:00:14.985,2026-10-09 09:00:15.393,408
9396,event-ingest,webhook,success,2026-10-09 09:00:15.078,2026-10-09 09:00:15.442,364
9397,event-ingest,webhook,success,2026-10-09 09:00:16.655,2026-10-09 09:00:17.029,374
9398,event-ingest,webhook,success,2026-10-09 09:00:16.714,2026-10-09 09:00:17.062,348
9399,event-ingest,webhook,success,2026-10-09 09:00:16.779,2026-10-09 09:00:17.171,392
9400,event-ingest,webhook,success,2026-10-09 09:00:16.897,2026-10-09 09:00:17.267,370
9401,event-ingest,webhook,success,2026-10-09 09:00:18.809,2026-10-09 09:00:19.212,403
9402,event-ingest,webhook,success,2026-10-09 09:00:18.915,2026-10-09 09:00:19.344,429
9403,event-ingest,webhook,success,2026-10-09 09:00:19.021,2026-10-09 09:00:19.393,372
9404,event-ingest,webhook,success,2026-10-09 09:00:19.135,2026-10-09 09:00:19.599,464
9405,event-ingest,webhook,success,2026-10-09 09:00:20.893,2026-10-09 09:00:21.329,436
9406,event-ingest,webhook,success,2026-10-09 09:00:20.990,2026-10-09 09:00:21.338,348
9407,event-ingest,webhook,success,2026-10-09 09:00:21.051,2026-10-09 09:00:21.447,396
9408,event-ingest,webhook,success,2026-10-09 09:00:21.145,2026-10-09 09:00:21.498,353
9409,event-ingest,webhook,success,2026-10-09 09:00:23.046,2026-10-09 09:00:23.416,370
9410,event-ingest,webhook,success,2026-10-09 09:00:23.120,2026-10-09 09:00:23.538,418
9411,event-ingest,webhook,success,2026-10-09 09:00:23.280,2026-10-09 09:00:23.652,372
9412,event-ingest,webhook,success,2026-10-09 09:00:23.375,2026-10-09 09:00:23.750,375
9413,event-ingest,webhook,success,2026-10-09 09:00:24.966,2026-10-09 09:00:25.372,406
9414,event-ingest,webhook,success,2026-10-09 09:00:25.069,2026-10-09 09:00:25.449,380
9415,event-ingest,webhook,success,2026-10-09 09:00:25.194,2026-10-09 09:00:25.581,387
9416,event-ingest,webhook,success,2026-10-09 09:00:25.290,2026-10-09 09:00:25.780,490
9417,event-ingest,webhook,success,2026-10-09 09:00:26.994,2026-10-09 09:00:27.390,396
9418,event-ingest,webhook,success,2026-10-09 09:00:27.089,2026-10-09 09:00:27.487,398
9419,event-ingest,webhook,success,2026-10-09 09:00:27.230,2026-10-09 09:00:27.581,351
9420,event-ingest,webhook,success,2026-10-09 09:00:27.314,2026-10-09 09:00:27.690,376
9421,event-ingest,webhook,success,2026-10-09 09:00:29.214,2026-10-09 09:00:31.321,2107
9422,event-ingest,webhook,success,2026-10-09 09:00:29.354,2026-10-09 09:00:31.439,2085
9423,event-ingest,webhook,success,2026-10-09 09:00:29.543,2026-10-09 09:00:31.698,2155
9424,event-ingest,webhook,success,2026-10-09 09:00:29.695,2026-10-09 09:00:31.788,2093
9425,event-ingest,webhook,success,2026-10-09 09:00:31.302,2026-10-09 09:00:33.416,2114
9426,event-ingest,webhook,success,2026-10-09 09:00:31.464,2026-10-09 09:00:33.633,2169
9427,event-ingest,webhook,success,2026-10-09 09:00:31.590,2026-10-09 09:00:33.661,2071
9428,event-ingest,webhook,success,2026-10-09 09:00:31.663,2026-10-09 09:00:33.786,2123
9429,event-ingest,webhook,success,2026-10-09 09:00:33.327,2026-10-09 09:00:35.397,2070
9430,event-ingest,webhook,success,2026-10-09 09:00:33.402,2026-10-09 09:00:35.517,2115
9431,event-ingest,webhook,success,2026-10-09 09:00:33.536,2026-10-09 09:00:35.665,2129
9432,event-ingest,webhook,success,2026-10-09 09:00:33.669,2026-10-09 09:00:35.862,2193
9433,event-ingest,webhook,success,2026-10-09 09:00:35.381,2026-10-09 09:00:37.504,2123
9434,event-ingest,webhook,success,2026-10-09 09:00:35.541,2026-10-09 09:00:37.712,2171
9435,event-ingest,webhook,success,2026-10-09 09:00:35.741,2026-10-09 09:00:37.822,2081
9436,event-ingest,webhook,success,2026-10-09 09:00:35.842,2026-10-09 09:00:37.966,2124
9437,event-ingest,webhook,success,2026-10-09 09:00:35.988,2026-10-09 09:00:38.042,2054
9438,event-ingest,webhook,success,2026-10-09 09:00:36.056,2026-10-09 09:00:38.118,2062
9439,event-ingest,webhook,success,2026-10-09 09:00:36.444,2026-10-09 09:00:38.523,2079
9440,event-ingest,webhook,success,2026-10-09 09:00:37.139,2026-10-09 09:00:39.210,2071
9441,event-ingest,webhook,success,2026-10-09 09:00:38.109,2026-10-09 09:00:40.217,2108
9442,event-ingest,webhook,success,2026-10-09 09:00:38.833,2026-10-09 09:00:40.880,2047
9443,event-ingest,webhook,success,2026-10-09 09:00:39.773,2026-10-09 09:00:41.814,2041
9444,event-ingest,webhook,success,2026-10-09 09:00:40.430,2026-10-09 09:00:42.478,2048
9445,event-ingest,webhook,success,2026-10-09 09:00:41.383,2026-10-09 09:00:43.450,2067
9446,event-ingest,webhook,success,2026-10-09 09:00:41.446,2026-10-09 09:00:43.494,2048
9447,event-ingest,webhook,success,2026-10-09 09:00:42.417,2026-10-09 09:00:44.589,2172
9448,event-ingest,webhook,success,2026-10-09 09:00:42.614,2026-10-09 09:00:44.726,2112
9449,event-ingest,webhook,success,2026-10-09 09:00:42.772,2026-10-09 09:00:44.899,2127
9450,event-ingest,webhook,success,2026-10-09 09:00:42.947,2026-10-09 09:00:45.020,2073
9451,event-ingest,webhook,success,2026-10-09 09:00:43.056,2026-10-09 09:00:45.127,2071
9452,event-ingest,webhook,success,2026-10-09 09:00:43.139,2026-10-09 09:00:45.211,2072
9453,event-ingest,webhook,success,2026-10-09 09:00:43.218,2026-10-09 09:00:45.335,2117
9454,event-ingest,webhook,success,2026-10-09 09:00:43.341,2026-10-09 09:00:45.429,2088
9455,event-ingest,webhook,success,2026-10-09 09:00:43.441,2026-10-09 09:00:45.559,2118
9456,event-ingest,webhook,success,2026-10-09 09:00:43.610,2026-10-09 09:00:45.690,2080
9457,event-ingest,webhook,success,2026-10-09 09:00:43.710,2026-10-09 09:00:46.600,2890
9458,event-ingest,webhook,success,2026-10-09 09:00:43.785,2026-10-09 09:00:46.724,2939
9459,event-ingest,webhook,success,2026-10-09 09:00:43.865,2026-10-09 09:00:46.909,3044
9460,event-ingest,webhook,success,2026-10-09 09:00:43.963,2026-10-09 09:00:47.026,3063
9461,health-monitor,trigger,success,2026-10-09 09:05:00.069,2026-10-09 09:05:00.305,236
9462,health-monitor,trigger,success,2026-10-09 09:10:00.073,2026-10-09 09:10:00.271,198
9463,health-monitor,trigger,success,2026-10-09 09:15:00.090,2026-10-09 09:15:00.334,244
9464,ioc-extractor,trigger,success,2026-10-09 09:15:00.163,2026-10-09 09:15:01.736,1573
9465,event-ingest,webhook,success,2026-10-09 09:15:10.704,2026-10-09 09:15:11.157,453
9466,event-ingest,webhook,success,2026-10-09 09:15:10.909,2026-10-09 09:15:11.395,486
9467,event-ingest,webhook,success,2026-10-09 09:15:11.174,2026-10-09 09:15:11.714,540
9468,event-ingest,webhook,success,2026-10-09 09:15:11.451,2026-10-09 09:15:12.033,582
9469,event-ingest,webhook,success,2026-10-09 09:15:13.185,2026-10-09 09:15:13.629,444
9470,event-ingest,webhook,success,2026-10-09 09:15:13.362,2026-10-09 09:15:13.844,482
9471,event-ingest,webhook,success,2026-10-09 09:15:13.541,2026-10-09 09:15:13.966,425
9472,event-ingest,webhook,success,2026-10-09 09:15:13.713,2026-10-09 09:15:14.427,714
9473,event-ingest,webhook,success,2026-10-09 09:15:14.765,2026-10-09 09:15:15.287,522
9474,event-ingest,webhook,success,2026-10-09 09:15:14.891,2026-10-09 09:15:15.392,501
9475,event-ingest,webhook,success,2026-10-09 09:15:14.997,2026-10-09 09:15:15.502,505
9476,event-ingest,webhook,success,2026-10-09 09:15:15.086,2026-10-09 09:15:15.851,765
9477,event-ingest,webhook,success,2026-10-09 09:15:16.827,2026-10-09 09:15:17.230,403
9478,event-ingest,webhook,success,2026-10-09 09:15:16.938,2026-10-09 09:15:17.383,445
9479,event-ingest,webhook,success,2026-10-09 09:15:17.151,2026-10-09 09:15:17.547,396
9480,event-ingest,webhook,success,2026-10-09 09:15:17.266,2026-10-09 09:15:17.957,691
9481,event-ingest,webhook,success,2026-10-09 09:15:18.904,2026-10-09 09:15:19.299,395
9482,event-ingest,webhook,success,2026-10-09 09:15:19.096,2026-10-09 09:15:19.520,424
9483,event-ingest,webhook,success,2026-10-09 09:15:19.212,2026-10-09 09:15:19.650,438
9484,event-ingest,webhook,success,2026-10-09 09:15:19.426,2026-10-09 09:15:20.021,595
9485,event-ingest,webhook,success,2026-10-09 09:15:20.974,2026-10-09 09:15:21.359,385
9486,event-ingest,webhook,success,2026-10-09 09:15:21.088,2026-10-09 09:15:21.528,440
9487,event-ingest,webhook,success,2026-10-09 09:15:21.265,2026-10-09 09:15:21.647,382
9488,event-ingest,webhook,success,2026-10-09 09:15:21.376,2026-10-09 09:15:21.854,478
9489,event-ingest,webhook,success,2026-10-09 09:15:22.829,2026-10-09 09:15:23.254,425
9490,event-ingest,webhook,success,2026-10-09 09:15:22.960,2026-10-09 09:15:23.359,399
9491,event-ingest,webhook,success,2026-10-09 09:15:23.077,2026-10-09 09:15:23.467,390
9492,event-ingest,webhook,success,2026-10-09 09:15:23.210,2026-10-09 09:15:23.687,477
9493,event-ingest,webhook,success,2026-10-09 09:15:23.460,2026-10-09 09:15:24.010,550
9494,event-ingest,webhook,success,2026-10-09 09:15:23.724,2026-10-09 09:15:24.176,452
9495,event-ingest,webhook,success,2026-10-09 09:15:24.199,2026-10-09 09:15:24.668,469
9496,event-ingest,webhook,success,2026-10-09 09:15:24.978,2026-10-09 09:15:25.363,385
9497,event-ingest,webhook,success,2026-10-09 09:15:25.692,2026-10-09 09:15:26.091,399
9498,event-ingest,webhook,success,2026-10-09 09:15:26.403,2026-10-09 09:15:28.476,2073
9499,event-ingest,webhook,success,2026-10-09 09:15:27.429,2026-10-09 09:15:29.505,2076
9500,event-ingest,webhook,success,2026-10-09 09:15:27.550,2026-10-09 09:15:29.627,2077
9501,event-ingest,webhook,success,2026-10-09 09:15:28.245,2026-10-09 09:15:30.302,2057
9502,event-ingest,webhook,success,2026-10-09 09:15:28.314,2026-10-09 09:15:30.395,2081
9503,event-ingest,webhook,success,2026-10-09 09:15:28.409,2026-10-09 09:15:30.475,2066
9504,event-ingest,webhook,success,2026-10-09 09:15:28.509,2026-10-09 09:15:30.674,2165
9505,event-ingest,webhook,success,2026-10-09 09:15:30.187,2026-10-09 09:15:32.272,2085
9506,event-ingest,webhook,success,2026-10-09 09:15:30.303,2026-10-09 09:15:32.433,2130
9507,event-ingest,webhook,success,2026-10-09 09:15:30.524,2026-10-09 09:15:32.711,2187
9508,event-ingest,webhook,success,2026-10-09 09:15:30.699,2026-10-09 09:15:32.834,2135
9509,event-ingest,webhook,success,2026-10-09 09:15:32.383,2026-10-09 09:15:34.555,2172
9510,event-ingest,webhook,success,2026-10-09 09:15:32.649,2026-10-09 09:15:34.838,2189
9511,event-ingest,webhook,success,2026-10-09 09:15:32.922,2026-10-09 09:15:35.160,2238
9512,event-ingest,webhook,success,2026-10-09 09:15:33.168,2026-10-09 09:15:35.230,2062
9513,event-ingest,webhook,success,2026-10-09 09:15:33.234,2026-10-09 09:15:35.281,2047
9514,event-ingest,webhook,success,2026-10-09 09:15:33.297,2026-10-09 09:15:35.384,2087
9515,event-ingest,webhook,success,2026-10-09 09:15:33.432,2026-10-09 09:15:35.501,2069
9516,event-ingest,webhook,success,2026-10-09 09:15:33.508,2026-10-09 09:15:35.568,2060
9517,health-monitor,trigger,success,2026-10-09 09:20:00.120,2026-10-09 09:20:00.436,316
9518,health-monitor,trigger,success,2026-10-09 09:25:00.077,2026-10-09 09:25:00.170,93
9519,health-monitor,trigger,success,2026-10-09 09:30:00.106,2026-10-09 09:30:00.371,265
9520,ioc-extractor,trigger,success,2026-10-09 09:30:00.210,2026-10-09 09:30:01.289,1079
9521,event-ingest,webhook,success,2026-10-09 09:30:05.959,2026-10-09 09:30:06.403,444
9522,event-ingest,webhook,success,2026-10-09 09:30:06.085,2026-10-09 09:30:06.456,371
9523,event-ingest,webhook,success,2026-10-09 09:30:06.180,2026-10-09 09:30:06.619,439
9524,event-ingest,webhook,success,2026-10-09 09:30:06.329,2026-10-09 09:30:06.720,391
9525,event-ingest,webhook,success,2026-10-09 09:30:07.967,2026-10-09 09:30:08.416,449
9526,event-ingest,webhook,success,2026-10-09 09:30:08.253,2026-10-09 09:30:08.680,427
9527,event-ingest,webhook,success,2026-10-09 09:30:08.431,2026-10-09 09:30:08.892,461
9528,event-ingest,webhook,success,2026-10-09 09:30:08.603,2026-10-09 09:30:08.999,396
9529,event-ingest,webhook,success,2026-10-09 09:30:10.173,2026-10-09 09:30:10.557,384
9530,event-ingest,webhook,success,2026-10-09 09:30:10.314,2026-10-09 09:30:10.691,377
9531,event-ingest,webhook,success,2026-10-09 09:30:10.416,2026-10-09 09:30:10.831,415
9532,event-ingest,webhook,success,2026-10-09 09:30:10.547,2026-10-09 09:30:10.999,452
9533,event-ingest,webhook,success,2026-10-09 09:30:12.252,2026-10-09 09:30:12.626,374
9534,event-ingest,webhook,success,2026-10-09 09:30:12.388,2026-10-09 09:30:12.827,439
9535,event-ingest,webhook,success,2026-10-09 09:30:12.500,2026-10-09 09:30:12.911,411
9536,event-ingest,webhook,success,2026-10-09 09:30:12.617,2026-10-09 09:30:13.052,435
9537,event-ingest,webhook,success,2026-10-09 09:30:14.286,2026-10-09 09:30:14.700,414
9538,event-ingest,webhook,success,2026-10-09 09:30:14.426,2026-10-09 09:30:14.847,421
9539,event-ingest,webhook,success,2026-10-09 09:30:14.541,2026-10-09 09:30:14.938,397
9540,event-ingest,webhook,success,2026-10-09 09:30:14.652,2026-10-09 09:30:15.114,462
9541,event-ingest,webhook,success,2026-10-09 09:30:16.394,2026-10-09 09:30:16.774,380
9542,event-ingest,webhook,success,2026-10-09 09:30:16.571,2026-10-09 09:30:16.985,414
9543,event-ingest,webhook,success,2026-10-09 09:30:16.769,2026-10-09 09:30:17.160,391
9544,event-ingest,webhook,success,2026-10-09 09:30:16.934,2026-10-09 09:30:17.320,386
9545,event-ingest,webhook,success,2026-10-09 09:30:18.295,2026-10-09 09:30:18.813,518
9546,event-ingest,webhook,success,2026-10-09 09:30:18.469,2026-10-09 09:30:18.877,408
9547,event-ingest,webhook,success,2026-10-09 09:30:18.573,2026-10-09 09:30:18.989,416
9548,event-ingest,webhook,success,2026-10-09 09:30:18.700,2026-10-09 09:30:19.135,435
9549,event-ingest,webhook,success,2026-10-09 09:30:18.861,2026-10-09 09:30:19.545,684
9550,event-ingest,webhook,success,2026-10-09 09:30:19.444,2026-10-09 09:30:19.982,538
9551,event-ingest,webhook,success,2026-10-09 09:30:19.821,2026-10-09 09:30:22.253,2432
9552,event-ingest,webhook,success,2026-10-09 09:30:20.320,2026-10-09 09:30:22.394,2074
9553,event-ingest,webhook,success,2026-10-09 09:30:21.044,2026-10-09 09:30:23.110,2066
9554,event-ingest,webhook,success,2026-10-09 09:30:22.043,2026-10-09 09:30:24.134,2091
9555,event-ingest,webhook,success,2026-10-09 09:30:22.737,2026-10-09 09:30:24.793,2056
9556,event-ingest,webhook,success,2026-10-09 09:30:22.813,2026-10-09 09:30:24.907,2094
9557,event-ingest,webhook,success,2026-10-09 09:30:23.810,2026-10-09 09:30:25.875,2065
9558,event-ingest,webhook,success,2026-10-09 09:30:23.909,2026-10-09 09:30:26.008,2099
9559,event-ingest,webhook,success,2026-10-09 09:30:24.034,2026-10-09 09:30:26.117,2083
9560,event-ingest,webhook,success,2026-10-09 09:30:24.173,2026-10-09 09:30:26.447,2274
9561,event-ingest,webhook,success,2026-10-09 09:30:25.678,2026-10-09 09:30:27.751,2073
9562,event-ingest,webhook,success,2026-10-09 09:30:25.798,2026-10-09 09:30:27.885,2087
9563,event-ingest,webhook,success,2026-10-09 09:30:25.896,2026-10-09 09:30:28.049,2153
9564,event-ingest,webhook,success,2026-10-09 09:30:26.128,2026-10-09 09:30:28.275,2147
9565,event-ingest,webhook,success,2026-10-09 09:30:27.845,2026-10-09 09:30:30.008,2163
9566,event-ingest,webhook,success,2026-10-09 09:30:28.079,2026-10-09 09:30:30.194,2115
9567,event-ingest,webhook,success,2026-10-09 09:30:28.208,2026-10-09 09:30:30.266,2058
9568,event-ingest,webhook,success,2026-10-09 09:30:28.264,2026-10-09 09:30:30.362,2098
9569,event-ingest,webhook,success,2026-10-09 09:30:28.397,2026-10-09 09:30:30.459,2062
9570,event-ingest,webhook,success,2026-10-09 09:30:28.487,2026-10-09 09:30:30.563,2076
9571,event-ingest,webhook,success,2026-10-09 09:30:28.853,2026-10-09 09:30:30.910,2057
9572,event-ingest,webhook,success,2026-10-09 09:30:29.825,2026-10-09 09:30:31.899,2074
9573,event-ingest,webhook,success,2026-10-09 09:30:30.516,2026-10-09 09:30:32.636,2120
9574,event-ingest,webhook,success,2026-10-09 09:30:31.625,2026-10-09 09:30:33.696,2071
9575,event-ingest,webhook,success,2026-10-09 09:30:32.312,2026-10-09 09:30:34.374,2062
9576,event-ingest,webhook,success,2026-10-09 09:30:32.981,2026-10-09 09:30:35.044,2063
9577,event-ingest,webhook,success,2026-10-09 09:30:33.975,2026-10-09 09:30:36.048,2073
9578,event-ingest,webhook,success,2026-10-09 09:30:34.651,2026-10-09 09:30:36.730,2079
9579,event-ingest,webhook,success,2026-10-09 09:30:34.715,2026-10-09 09:30:36.779,2064
9580,event-ingest,webhook,success,2026-10-09 09:30:35.719,2026-10-09 09:30:37.793,2074
9581,event-ingest,webhook,success,2026-10-09 09:30:35.824,2026-10-09 09:30:37.911,2087
9582,event-ingest,webhook,success,2026-10-09 09:30:35.945,2026-10-09 09:30:38.055,2110
9583,event-ingest,webhook,success,2026-10-09 09:30:36.092,2026-10-09 09:30:38.319,2227
9584,event-ingest,webhook,success,2026-10-09 09:30:36.337,2026-10-09 09:30:38.461,2124
9585,event-ingest,webhook,success,2026-10-09 09:30:36.438,2026-10-09 09:30:38.547,2109
9586,event-ingest,webhook,success,2026-10-09 09:30:36.497,2026-10-09 09:30:38.600,2103
9587,event-ingest,webhook,success,2026-10-09 09:30:36.563,2026-10-09 09:30:38.627,2064
9588,health-monitor,trigger,success,2026-10-09 09:35:00.080,2026-10-09 09:35:00.334,254
9589,health-monitor,trigger,success,2026-10-09 09:40:00.073,2026-10-09 09:40:00.175,102
9590,ioc-extractor,trigger,success,2026-10-09 09:45:00.064,2026-10-09 09:45:01.381,1317
9591,health-monitor,trigger,success,2026-10-09 09:45:00.121,2026-10-09 09:45:00.362,241
9592,event-ingest,webhook,success,2026-10-09 09:45:06.610,2026-10-09 09:45:07.027,417
9593,event-ingest,webhook,success,2026-10-09 09:45:06.735,2026-10-09 09:45:07.118,383
9594,event-ingest,webhook,success,2026-10-09 09:45:06.844,2026-10-09 09:45:07.222,378
9595,event-ingest,webhook,success,2026-10-09 09:45:06.939,2026-10-09 09:45:07.323,384
9596,event-ingest,webhook,success,2026-10-09 09:45:08.882,2026-10-09 09:45:09.270,388
9597,event-ingest,webhook,success,2026-10-09 09:45:09.061,2026-10-09 09:45:09.439,378
9598,event-ingest,webhook,success,2026-10-09 09:45:09.153,2026-10-09 09:45:09.519,366
9599,event-ingest,webhook,success,2026-10-09 09:45:09.228,2026-10-09 09:45:09.579,351
9600,event-ingest,webhook,success,2026-10-09 09:45:10.829,2026-10-09 09:45:11.249,420
9601,event-ingest,webhook,success,2026-10-09 09:45:10.944,2026-10-09 09:45:11.310,366
9602,event-ingest,webhook,success,2026-10-09 09:45:11.021,2026-10-09 09:45:11.390,369
9603,event-ingest,webhook,success,2026-10-09 09:45:11.098,2026-10-09 09:45:11.494,396
9604,event-ingest,webhook,success,2026-10-09 09:45:12.711,2026-10-09 09:45:13.101,390
9605,event-ingest,webhook,success,2026-10-09 09:45:12.807,2026-10-09 09:45:13.221,414
9606,event-ingest,webhook,success,2026-10-09 09:45:12.927,2026-10-09 09:45:13.311,384
9607,event-ingest,webhook,success,2026-10-09 09:45:13.023,2026-10-09 09:45:13.388,365
9608,event-ingest,webhook,success,2026-10-09 09:45:13.121,2026-10-09 09:45:13.696,575
9609,event-ingest,webhook,success,2026-10-09 09:45:13.484,2026-10-09 09:45:13.963,479
9610,event-ingest,webhook,success,2026-10-09 09:45:13.953,2026-10-09 09:45:16.096,2143
9611,event-ingest,webhook,success,2026-10-09 09:45:14.731,2026-10-09 09:45:15.101,370
9612,event-ingest,webhook,success,2026-10-09 09:45:15.464,2026-10-09 09:45:15.837,373
9613,event-ingest,webhook,success,2026-10-09 09:45:16.246,2026-10-09 09:45:16.681,435
9614,event-ingest,webhook,success,2026-10-09 09:45:16.967,2026-10-09 09:45:17.317,350
9615,event-ingest,webhook,success,2026-10-09 09:45:17.924,2026-10-09 09:45:18.298,374
9616,event-ingest,webhook,success,2026-10-09 09:45:18.640,2026-10-09 09:45:19.005,365
9617,event-ingest,webhook,success,2026-10-09 09:45:19.634,2026-10-09 09:45:20.072,438
9618,event-ingest,webhook,success,2026-10-09 09:45:19.728,2026-10-09 09:45:20.138,410
9619,event-ingest,webhook,success,2026-10-09 09:45:20.426,2026-10-09 09:45:20.803,377
9620,event-ingest,webhook,success,2026-10-09 09:45:20.549,2026-10-09 09:45:20.921,372
9621,event-ingest,webhook,success,2026-10-09 09:45:20.671,2026-10-09 09:45:21.067,396
9622,event-ingest,webhook,success,2026-10-09 09:45:20.788,2026-10-09 09:45:21.230,442
9623,event-ingest,webhook,success,2026-10-09 09:45:22.452,2026-10-09 09:45:22.832,380
9624,event-ingest,webhook,success,2026-10-09 09:45:22.560,2026-10-09 09:45:22.947,387
9625,event-ingest,webhook,success,2026-10-09 09:45:22.627,2026-10-09 09:45:23.027,400
9626,event-ingest,webhook,success,2026-10-09 09:45:22.730,2026-10-09 09:45:23.115,385
9627,event-ingest,webhook,success,2026-10-09 09:45:24.638,2026-10-09 09:45:25.046,408
9628,event-ingest,webhook,success,2026-10-09 09:45:24.786,2026-10-09 09:45:25.176,390
9629,event-ingest,webhook,success,2026-10-09 09:45:24.903,2026-10-09 09:45:25.287,384
9630,event-ingest,webhook,success,2026-10-09 09:45:25.009,2026-10-09 09:45:25.497,488
9631,event-ingest,webhook,success,2026-10-09 09:45:26.689,2026-10-09 09:45:27.090,401
9632,event-ingest,webhook,success,2026-10-09 09:45:26.769,2026-10-09 09:45:28.839,2070
9633,event-ingest,webhook,success,2026-10-09 09:45:26.838,2026-10-09 09:45:28.932,2094
9634,event-ingest,webhook,success,2026-10-09 09:45:26.931,2026-10-09 09:45:28.994,2063
9635,event-ingest,webhook,success,2026-10-09 09:45:28.828,2026-10-09 09:45:30.954,2126
9636,event-ingest,webhook,success,2026-10-09 09:45:29.046,2026-10-09 09:45:31.204,2158
9637,event-ingest,webhook,success,2026-10-09 09:45:29.217,2026-10-09 09:45:31.322,2105
9638,event-ingest,webhook,success,2026-10-09 09:45:29.357,2026-10-09 09:45:31.438,2081
9639,event-ingest,webhook,success,2026-10-09 09:45:30.647,2026-10-09 09:45:32.722,2075
9640,event-ingest,webhook,success,2026-10-09 09:45:30.730,2026-10-09 09:45:32.801,2071
9641,event-ingest,webhook,success,2026-10-09 09:45:30.806,2026-10-09 09:45:32.862,2056
9642,event-ingest,webhook,success,2026-10-09 09:45:30.884,2026-10-09 09:45:32.944,2060
9643,event-ingest,webhook,success,2026-10-09 09:45:32.750,2026-10-09 09:45:34.929,2179
9644,event-ingest,webhook,success,2026-10-09 09:45:33.002,2026-10-09 09:45:35.168,2166
9645,event-ingest,webhook,success,2026-10-09 09:45:33.167,2026-10-09 09:45:35.240,2073
9646,event-ingest,webhook,success,2026-10-09 09:45:33.242,2026-10-09 09:45:35.292,2050
9647,event-ingest,webhook,success,2026-10-09 09:45:34.812,2026-10-09 09:45:36.904,2092
9648,event-ingest,webhook,success,2026-10-09 09:45:34.898,2026-10-09 09:45:36.951,2053
9649,event-ingest,webhook,success,2026-10-09 09:45:34.987,2026-10-09 09:45:37.114,2127
9650,event-ingest,webhook,success,2026-10-09 09:45:35.179,2026-10-09 09:45:37.373,2194
9651,event-ingest,webhook,success,2026-10-09 09:45:36.934,2026-10-09 09:45:39.133,2199
9652,event-ingest,webhook,success,2026-10-09 09:45:37.213,2026-10-09 09:45:39.388,2175
9653,event-ingest,webhook,success,2026-10-09 09:45:37.403,2026-10-09 09:45:39.532,2129
9654,event-ingest,webhook,success,2026-10-09 09:45:37.526,2026-10-09 09:45:39.592,2066
9655,event-ingest,webhook,success,2026-10-09 09:45:39.100,2026-10-09 09:45:41.212,2112
9656,event-ingest,webhook,success,2026-10-09 09:45:39.226,2026-10-09 09:45:41.287,2061
9657,event-ingest,webhook,success,2026-10-09 09:45:39.310,2026-10-09 09:45:41.370,2060
9658,event-ingest,webhook,success,2026-10-09 09:45:39.377,2026-10-09 09:45:41.476,2099
9659,event-ingest,webhook,success,2026-10-09 09:45:39.518,2026-10-09 09:45:41.605,2087
9660,event-ingest,webhook,success,2026-10-09 09:45:39.667,2026-10-09 09:45:41.785,2118
9661,event-ingest,webhook,success,2026-10-09 09:45:40.094,2026-10-09 09:45:42.162,2068
9662,event-ingest,webhook,success,2026-10-09 09:45:41.069,2026-10-09 09:45:43.130,2061
9663,event-ingest,webhook,success,2026-10-09 09:45:41.727,2026-10-09 09:45:43.800,2073
9664,event-ingest,webhook,success,2026-10-09 09:45:42.412,2026-10-09 09:45:44.489,2077
9665,event-ingest,webhook,success,2026-10-09 09:45:43.391,2026-10-09 09:45:45.459,2068
9666,event-ingest,webhook,success,2026-10-09 09:45:44.064,2026-10-09 09:45:46.136,2072
9667,event-ingest,webhook,success,2026-10-09 09:45:45.048,2026-10-09 09:45:47.112,2064
9668,event-ingest,webhook,success,2026-10-09 09:45:45.119,2026-10-09 09:45:47.179,2060
9669,event-ingest,webhook,success,2026-10-09 09:45:46.094,2026-10-09 09:45:48.160,2066
9670,event-ingest,webhook,success,2026-10-09 09:45:46.193,2026-10-09 09:45:48.299,2106
9671,event-ingest,webhook,success,2026-10-09 09:45:46.318,2026-10-09 09:45:48.380,2062
9672,event-ingest,webhook,success,2026-10-09 09:45:46.388,2026-10-09 09:45:48.457,2069
9673,event-ingest,webhook,success,2026-10-09 09:45:47.980,2026-10-09 09:45:50.095,2115
9674,event-ingest,webhook,success,2026-10-09 09:45:48.103,2026-10-09 09:45:50.189,2086
9675,event-ingest,webhook,success,2026-10-09 09:45:48.189,2026-10-09 09:45:50.503,2314
9676,event-ingest,webhook,success,2026-10-09 09:45:48.751,2026-10-09 09:45:50.916,2165
9677,event-ingest,webhook,success,2026-10-09 09:45:48.930,2026-10-09 09:45:51.009,2079
9678,event-ingest,webhook,success,2026-10-09 09:45:49.005,2026-10-09 09:45:51.089,2084
9679,event-ingest,webhook,success,2026-10-09 09:45:49.068,2026-10-09 09:45:51.148,2080
9680,event-ingest,webhook,success,2026-10-09 09:45:49.136,2026-10-09 09:45:51.238,2102
9681,event-ingest,webhook,success,2026-10-09 09:45:49.209,2026-10-09 09:45:51.277,2068
9682,event-ingest,webhook,success,2026-10-09 09:45:49.265,2026-10-09 09:45:51.370,2105
9683,event-ingest,webhook,success,2026-10-09 09:45:49.336,2026-10-09 09:45:52.095,2759
9684,event-ingest,webhook,success,2026-10-09 09:45:49.412,2026-10-09 09:45:52.197,2785
9685,event-ingest,webhook,success,2026-10-09 09:45:49.665,2026-10-09 09:45:52.519,2854
9686,health-monitor,trigger,success,2026-10-09 09:50:00.084,2026-10-09 09:50:00.343,259
9687,health-monitor,trigger,success,2026-10-09 09:55:00.095,2026-10-09 09:55:00.190,95
9688,ioc-extractor,trigger,success,2026-10-09 10:00:00.095,2026-10-09 10:00:02.100,2005
9689,health-monitor,trigger,success,2026-10-09 10:00:00.175,2026-10-09 10:00:00.417,242
9690,event-ingest,webhook,success,2026-10-09 10:00:07.407,2026-10-09 10:00:07.850,443
9691,event-ingest,webhook,success,2026-10-09 10:00:07.530,2026-10-09 10:00:07.921,391
9692,event-ingest,webhook,success,2026-10-09 10:00:07.678,2026-10-09 10:00:08.055,377
9693,event-ingest,webhook,success,2026-10-09 10:00:07.778,2026-10-09 10:00:08.219,441
9694,event-ingest,webhook,success,2026-10-09 10:00:09.377,2026-10-09 10:00:09.767,390
9695,event-ingest,webhook,success,2026-10-09 10:00:09.492,2026-10-09 10:00:09.914,422
9696,event-ingest,webhook,success,2026-10-09 10:00:09.635,2026-10-09 10:00:09.996,361
9697,event-ingest,webhook,success,2026-10-09 10:00:09.777,2026-10-09 10:00:10.278,501
9698,event-ingest,webhook,success,2026-10-09 10:00:11.472,2026-10-09 10:00:11.867,395
9699,event-ingest,webhook,success,2026-10-09 10:00:11.584,2026-10-09 10:00:11.967,383
9700,event-ingest,webhook,success,2026-10-09 10:00:11.689,2026-10-09 10:00:12.058,369
9701,event-ingest,webhook,success,2026-10-09 10:00:11.786,2026-10-09 10:00:12.235,449
9702,event-ingest,webhook,success,2026-10-09 10:00:11.903,2026-10-09 10:00:12.455,552
9703,event-ingest,webhook,success,2026-10-09 10:00:12.270,2026-10-09 10:00:12.773,503
9704,event-ingest,webhook,success,2026-10-09 10:00:12.514,2026-10-09 10:00:12.967,453
9705,event-ingest,webhook,success,2026-10-09 10:00:13.582,2026-10-09 10:00:13.966,384
9706,event-ingest,webhook,success,2026-10-09 10:00:14.285,2026-10-09 10:00:14.643,358
9707,event-ingest,webhook,success,2026-10-09 10:00:14.976,2026-10-09 10:00:15.366,390
9708,event-ingest,webhook,success,2026-10-09 10:00:16.048,2026-10-09 10:00:16.418,370
9709,event-ingest,webhook,success,2026-10-09 10:00:16.765,2026-10-09 10:00:17.154,389
9710,event-ingest,webhook,success,2026-10-09 10:00:16.877,2026-10-09 10:00:17.269,392
9711,event-ingest,webhook,success,2026-10-09 10:00:17.603,2026-10-09 10:00:17.964,361
9712,event-ingest,webhook,success,2026-10-09 10:00:17.707,2026-10-09 10:00:18.114,407
9713,event-ingest,webhook,success,2026-10-09 10:00:17.806,2026-10-09 10:00:18.223,417
9714,event-ingest,webhook,success,2026-10-09 10:00:17.872,2026-10-09 10:00:18.237,365
9715,event-ingest,webhook,success,2026-10-09 10:00:19.776,2026-10-09 10:00:20.213,437
9716,event-ingest,webhook,success,2026-10-09 10:00:19.887,2026-10-09 10:00:20.285,398
9717,event-ingest,webhook,success,2026-10-09 10:00:19.996,2026-10-09 10:00:20.392,396
9718,event-ingest,webhook,success,2026-10-09 10:00:20.118,2026-10-09 10:00:20.514,396
9719,event-ingest,webhook,success,2026-10-09 10:00:21.745,2026-10-09 10:00:22.112,367
9720,event-ingest,webhook,success,2026-10-09 10:00:21.862,2026-10-09 10:00:22.260,398
9721,event-ingest,webhook,success,2026-10-09 10:00:21.964,2026-10-09 10:00:22.374,410
9722,event-ingest,webhook,success,2026-10-09 10:00:22.053,2026-10-09 10:00:24.113,2060
9723,event-ingest,webhook,success,2026-10-09 10:00:23.935,2026-10-09 10:00:26.010,2075
9724,event-ingest,webhook,success,2026-10-09 10:00:24.052,2026-10-09 10:00:26.135,2083
9725,event-ingest,webhook,success,2026-10-09 10:00:24.149,2026-10-09 10:00:26.283,2134
9726,event-ingest,webhook,success,2026-10-09 10:00:24.332,2026-10-09 10:00:26.411,2079
9727,event-ingest,webhook,success,2026-10-09 10:00:25.948,2026-10-09 10:00:28.027,2079
9728,event-ingest,webhook,success,2026-10-09 10:00:26.054,2026-10-09 10:00:28.304,2250
9729,event-ingest,webhook,success,2026-10-09 10:00:26.355,2026-10-09 10:00:28.571,2216
9730,event-ingest,webhook,success,2026-10-09 10:00:26.622,2026-10-09 10:00:28.693,2071
9731,event-ingest,webhook,success,2026-10-09 10:00:27.943,2026-10-09 10:00:30.045,2102
9732,event-ingest,webhook,success,2026-10-09 10:00:28.055,2026-10-09 10:00:30.177,2122
9733,event-ingest,webhook,success,2026-10-09 10:00:28.198,2026-10-09 10:00:30.262,2064
9734,event-ingest,webhook,success,2026-10-09 10:00:28.272,2026-10-09 10:00:30.460,2188
9735,event-ingest,webhook,success,2026-10-09 10:00:29.955,2026-10-09 10:00:32.072,2117
9736,event-ingest,webhook,success,2026-10-09 10:00:30.079,2026-10-09 10:00:32.201,2122
9737,event-ingest,webhook,success,2026-10-09 10:00:30.231,2026-10-09 10:00:32.346,2115
9738,event-ingest,webhook,success,2026-10-09 10:00:30.441,2026-10-09 10:00:32.673,2232
9739,event-ingest,webhook,success,2026-10-09 10:00:32.182,2026-10-09 10:00:34.322,2140
9740,event-ingest,webhook,success,2026-10-09 10:00:32.337,2026-10-09 10:00:34.434,2097
9741,event-ingest,webhook,success,2026-10-09 10:00:32.462,2026-10-09 10:00:34.507,2045
9742,event-ingest,webhook,success,2026-10-09 10:00:32.517,2026-10-09 10:00:34.580,2063
9743,event-ingest,webhook,success,2026-10-09 10:00:34.089,2026-10-09 10:00:36.174,2085
9744,event-ingest,webhook,success,2026-10-09 10:00:34.168,2026-10-09 10:00:36.232,2064
9745,event-ingest,webhook,success,2026-10-09 10:00:34.242,2026-10-09 10:00:36.322,2080
9746,event-ingest,webhook,success,2026-10-09 10:00:34.321,2026-10-09 10:00:36.458,2137
9747,event-ingest,webhook,success,2026-10-09 10:00:36.349,2026-10-09 10:00:38.528,2179
9748,event-ingest,webhook,success,2026-10-09 10:00:36.561,2026-10-09 10:00:38.702,2141
9749,event-ingest,webhook,success,2026-10-09 10:00:36.705,2026-10-09 10:00:38.794,2089
9750,event-ingest,webhook,success,2026-10-09 10:00:36.796,2026-10-09 10:00:38.923,2127
9751,event-ingest,webhook,success,2026-10-09 10:00:38.094,2026-10-09 10:00:40.188,2094
9752,event-ingest,webhook,success,2026-10-09 10:00:38.226,2026-10-09 10:00:40.315,2089
9753,event-ingest,webhook,success,2026-10-09 10:00:38.331,2026-10-09 10:00:40.384,2053
9754,event-ingest,webhook,success,2026-10-09 10:00:38.427,2026-10-09 10:00:40.529,2102
9755,event-ingest,webhook,success,2026-10-09 10:00:38.598,2026-10-09 10:00:40.947,2349
9756,event-ingest,webhook,success,2026-10-09 10:00:39.287,2026-10-09 10:00:41.532,2245
9757,event-ingest,webhook,success,2026-10-09 10:00:39.537,2026-10-09 10:00:41.610,2073
9758,event-ingest,webhook,success,2026-10-09 10:00:39.624,2026-10-09 10:00:41.676,2052
9759,event-ingest,webhook,success,2026-10-09 10:00:39.686,2026-10-09 10:00:41.771,2085
9760,event-ingest,webhook,success,2026-10-09 10:00:39.762,2026-10-09 10:00:41.844,2082
9761,event-ingest,webhook,success,2026-10-09 10:00:39.850,2026-10-09 10:00:42.197,2347
9762,event-ingest,webhook,success,2026-10-09 10:00:39.917,2026-10-09 10:00:42.332,2415
9763,health-monitor,trigger,success,2026-10-09 10:05:00.113,2026-10-09 10:05:00.381,268
9764,health-monitor,trigger,success,2026-10-09 10:10:00.073,2026-10-09 10:10:00.262,189
9765,health-monitor,trigger,success,2026-10-09 10:15:00.075,2026-10-09 10:15:00.303,228
9766,ioc-extractor,trigger,success,2026-10-09 10:15:00.144,2026-10-09 10:15:01.749,1605
9767,event-ingest,webhook,success,2026-10-09 10:15:06.653,2026-10-09 10:15:07.071,418
9768,event-ingest,webhook,success,2026-10-09 10:15:06.766,2026-10-09 10:15:07.195,429
9769,event-ingest,webhook,success,2026-10-09 10:15:06.886,2026-10-09 10:15:07.288,402
9770,event-ingest,webhook,success,2026-10-09 10:15:06.975,2026-10-09 10:15:07.324,349
9771,event-ingest,webhook,success,2026-10-09 10:15:08.879,2026-10-09 10:15:09.274,395
9772,event-ingest,webhook,success,2026-10-09 10:15:08.993,2026-10-09 10:15:09.390,397
9773,event-ingest,webhook,success,2026-10-09 10:15:09.100,2026-10-09 10:15:09.468,368
9774,event-ingest,webhook,success,2026-10-09 10:15:09.206,2026-10-09 10:15:09.573,367
9775,event-ingest,webhook,success,2026-10-09 10:15:09.318,2026-10-09 10:15:09.877,559
9776,event-ingest,webhook,success,2026-10-09 10:15:09.688,2026-10-09 10:15:10.306,618
9777,event-ingest,webhook,success,2026-10-09 10:15:10.072,2026-10-09 10:15:10.453,381
9778,event-ingest,webhook,success,2026-10-09 10:15:10.776,2026-10-09 10:15:11.205,429
9779,event-ingest,webhook,success,2026-10-09 10:15:11.504,2026-10-09 10:15:11.875,371
9780,event-ingest,webhook,success,2026-10-09 10:15:12.202,2026-10-09 10:15:12.600,398
9781,event-ingest,webhook,success,2026-10-09 10:15:13.223,2026-10-09 10:15:13.615,392
9782,event-ingest,webhook,success,2026-10-09 10:15:13.946,2026-10-09 10:15:14.323,377
9783,event-ingest,webhook,success,2026-10-09 10:15:14.063,2026-10-09 10:15:14.464,401
9784,event-ingest,webhook,success,2026-10-09 10:15:14.780,2026-10-09 10:15:15.177,397
9785,event-ingest,webhook,success,2026-10-09 10:15:14.897,2026-10-09 10:15:15.324,427
9786,event-ingest,webhook,success,2026-10-09 10:15:15.076,2026-10-09 10:15:15.451,375
9787,event-ingest,webhook,success,2026-10-09 10:15:15.202,2026-10-09 10:15:15.686,484
9788,event-ingest,webhook,success,2026-10-09 10:15:16.861,2026-10-09 10:15:17.260,399
9789,event-ingest,webhook,success,2026-10-09 10:15:16.990,2026-10-09 10:15:17.389,399
9790,event-ingest,webhook,success,2026-10-09 10:15:17.105,2026-10-09 10:15:17.494,389
9791,event-ingest,webhook,success,2026-10-09 10:15:17.199,2026-10-09 10:15:17.547,348
9792,event-ingest,webhook,success,2026-10-09 10:15:19.081,2026-10-09 10:15:19.465,384
9793,event-ingest,webhook,success,2026-10-09 10:15:19.201,2026-10-09 10:15:19.574,373
9794,event-ingest,webhook,success,2026-10-09 10:15:19.273,2026-10-09 10:15:19.619,346
9795,event-ingest,webhook,success,2026-10-09 10:15:19.359,2026-10-09 10:15:19.730,371
9796,event-ingest,webhook,success,2026-10-09 10:15:20.971,2026-10-09 10:15:21.359,388
9797,event-ingest,webhook,success,2026-10-09 10:15:21.067,2026-10-09 10:15:21.455,388
9798,event-ingest,webhook,success,2026-10-09 10:15:21.194,2026-10-09 10:15:21.615,421
9799,event-ingest,webhook,success,2026-10-09 10:15:21.327,2026-10-09 10:15:21.891,564
9800,health-monitor,trigger,success,2026-10-09 10:20:00.087,2026-10-09 10:20:00.314,227
9801,health-monitor,trigger,success,2026-10-09 10:25:00.068,2026-10-09 10:25:00.163,95
9802,ioc-extractor,trigger,success,2026-10-09 10:30:00.084,2026-10-09 10:30:00.862,778
9803,health-monitor,trigger,success,2026-10-09 10:30:00.156,2026-10-09 10:30:00.327,171
9804,event-ingest,webhook,success,2026-10-09 10:30:07.178,2026-10-09 10:30:07.607,429
9805,event-ingest,webhook,success,2026-10-09 10:30:07.301,2026-10-09 10:30:07.678,377
9806,event-ingest,webhook,success,2026-10-09 10:30:07.407,2026-10-09 10:30:07.763,356
9807,event-ingest,webhook,success,2026-10-09 10:30:07.503,2026-10-09 10:30:07.901,398
9808,event-ingest,webhook,success,2026-10-09 10:30:09.123,2026-10-09 10:30:09.535,412
9809,event-ingest,webhook,success,2026-10-09 10:30:09.251,2026-10-09 10:30:09.652,401
9810,event-ingest,webhook,success,2026-10-09 10:30:09.356,2026-10-09 10:30:09.731,375
9811,event-ingest,webhook,success,2026-10-09 10:30:09.418,2026-10-09 10:30:09.788,370
9812,event-ingest,webhook,success,2026-10-09 10:30:11.001,2026-10-09 10:30:11.370,369
9813,event-ingest,webhook,success,2026-10-09 10:30:11.084,2026-10-09 10:30:11.471,387
9814,event-ingest,webhook,success,2026-10-09 10:30:11.190,2026-10-09 10:30:11.553,363
9815,event-ingest,webhook,success,2026-10-09 10:30:11.295,2026-10-09 10:30:11.693,398
9816,event-ingest,webhook,success,2026-10-09 10:30:13.204,2026-10-09 10:30:13.618,414
9817,event-ingest,webhook,success,2026-10-09 10:30:13.300,2026-10-09 10:30:13.702,402
9818,event-ingest,webhook,success,2026-10-09 10:30:13.416,2026-10-09 10:30:13.797,381
9819,event-ingest,webhook,success,2026-10-09 10:30:13.553,2026-10-09 10:30:13.947,394
9820,event-ingest,webhook,success,2026-10-09 10:30:15.146,2026-10-09 10:30:15.536,390
9821,event-ingest,webhook,success,2026-10-09 10:30:15.265,2026-10-09 10:30:15.649,384
9822,event-ingest,webhook,success,2026-10-09 10:30:15.355,2026-10-09 10:30:15.776,421
9823,event-ingest,webhook,success,2026-10-09 10:30:15.468,2026-10-09 10:30:15.819,351
9824,event-ingest,webhook,success,2026-10-09 10:30:17.339,2026-10-09 10:30:17.715,376
9825,event-ingest,webhook,success,2026-10-09 10:30:17.425,2026-10-09 10:30:17.780,355
9826,event-ingest,webhook,success,2026-10-09 10:30:17.508,2026-10-09 10:30:17.880,372
9827,event-ingest,webhook,success,2026-10-09 10:30:17.602,2026-10-09 10:30:17.988,386
9828,event-ingest,webhook,success,2026-10-09 10:30:17.723,2026-10-09 10:30:18.261,538
9829,event-ingest,webhook,success,2026-10-09 10:30:18.069,2026-10-09 10:30:18.593,524
9830,event-ingest,webhook,success,2026-10-09 10:30:18.602,2026-10-09 10:30:19.150,548
9831,event-ingest,webhook,success,2026-10-09 10:30:19.428,2026-10-09 10:30:19.822,394
9832,event-ingest,webhook,success,2026-10-09 10:30:20.141,2026-10-09 10:30:20.544,403
9833,event-ingest,webhook,success,2026-10-09 10:30:20.857,2026-10-09 10:30:21.239,382
9834,event-ingest,webhook,success,2026-10-09 10:30:21.864,2026-10-09 10:30:22.245,381
9835,event-ingest,webhook,success,2026-10-09 10:30:22.569,2026-10-09 10:30:24.661,2092
9836,event-ingest,webhook,success,2026-10-09 10:30:22.690,2026-10-09 10:30:24.789,2099
9837,event-ingest,webhook,success,2026-10-09 10:30:23.434,2026-10-09 10:30:25.500,2066
9838,event-ingest,webhook,success,2026-10-09 10:30:23.524,2026-10-09 10:30:25.582,2058
9839,event-ingest,webhook,success,2026-10-09 10:30:23.602,2026-10-09 10:30:25.667,2065
9840,event-ingest,webhook,success,2026-10-09 10:30:23.700,2026-10-09 10:30:25.763,2063
9841,event-ingest,webhook,success,2026-10-09 10:30:25.614,2026-10-09 10:30:28.049,2435
9842,event-ingest,webhook,success,2026-10-09 10:30:26.163,2026-10-09 10:30:28.257,2094
9843,event-ingest,webhook,success,2026-10-09 10:30:26.281,2026-10-09 10:30:28.347,2066
9844,event-ingest,webhook,success,2026-10-09 10:30:26.407,2026-10-09 10:30:28.498,2091
9845,event-ingest,webhook,success,2026-10-09 10:30:27.742,2026-10-09 10:30:29.825,2083
9846,event-ingest,webhook,success,2026-10-09 10:30:27.844,2026-10-09 10:30:29.917,2073
9847,event-ingest,webhook,success,2026-10-09 10:30:27.927,2026-10-09 10:30:30.012,2085
9848,event-ingest,webhook,success,2026-10-09 10:30:28.037,2026-10-09 10:30:30.212,2175
9849,event-ingest,webhook,success,2026-10-09 10:30:29.702,2026-10-09 10:30:31.774,2072
9850,event-ingest,webhook,success,2026-10-09 10:30:29.783,2026-10-09 10:30:31.852,2069
9851,event-ingest,webhook,success,2026-10-09 10:30:29.866,2026-10-09 10:30:32.067,2201
9852,event-ingest,webhook,success,2026-10-09 10:30:30.156,2026-10-09 10:30:32.399,2243
9853,event-ingest,webhook,success,2026-10-09 10:30:31.916,2026-10-09 10:30:34.090,2174
9854,event-ingest,webhook,success,2026-10-09 10:30:32.020,2026-10-09 10:30:34.131,2111
9855,event-ingest,webhook,success,2026-10-09 10:30:32.084,2026-10-09 10:30:34.210,2126
9856,event-ingest,webhook,success,2026-10-09 10:30:32.205,2026-10-09 10:30:34.306,2101
9857,event-ingest,webhook,success,2026-10-09 10:30:33.810,2026-10-09 10:30:35.908,2098
9858,event-ingest,webhook,success,2026-10-09 10:30:33.976,2026-10-09 10:30:36.132,2156
9859,event-ingest,webhook,success,2026-10-09 10:30:34.190,2026-10-09 10:30:36.494,2304
9860,event-ingest,webhook,success,2026-10-09 10:30:34.531,2026-10-09 10:30:36.606,2075
9861,event-ingest,webhook,success,2026-10-09 10:30:35.830,2026-10-09 10:30:37.906,2076
9862,event-ingest,webhook,success,2026-10-09 10:30:35.953,2026-10-09 10:30:38.157,2204
9863,event-ingest,webhook,success,2026-10-09 10:30:36.187,2026-10-09 10:30:38.486,2299
9864,event-ingest,webhook,success,2026-10-09 10:30:36.509,2026-10-09 10:30:38.818,2309
9865,event-ingest,webhook,success,2026-10-09 10:30:36.856,2026-10-09 10:30:38.943,2087
9866,event-ingest,webhook,success,2026-10-09 10:30:36.970,2026-10-09 10:30:39.040,2070
9867,event-ingest,webhook,success,2026-10-09 10:30:37.048,2026-10-09 10:30:39.119,2071
9868,event-ingest,webhook,success,2026-10-09 10:30:37.150,2026-10-09 10:30:39.252,2102
9869,event-ingest,webhook,success,2026-10-09 10:30:37.243,2026-10-09 10:30:39.287,2044
9870,event-ingest,webhook,success,2026-10-09 10:30:37.329,2026-10-09 10:30:39.413,2084
9871,event-ingest,webhook,success,2026-10-09 10:30:37.429,2026-10-09 10:30:39.920,2491
9872,health-monitor,trigger,success,2026-10-09 10:35:00.100,2026-10-09 10:35:00.320,220
9873,health-monitor,trigger,success,2026-10-09 10:40:00.079,2026-10-09 10:40:00.182,103
9874,ioc-extractor,trigger,success,2026-10-09 10:45:00.102,2026-10-09 10:45:01.462,1360
9875,health-monitor,trigger,success,2026-10-09 10:45:00.163,2026-10-09 10:45:00.379,216
9876,event-ingest,webhook,success,2026-10-09 10:45:07.131,2026-10-09 10:45:07.558,427
9877,event-ingest,webhook,success,2026-10-09 10:45:07.206,2026-10-09 10:45:07.577,371
9878,event-ingest,webhook,success,2026-10-09 10:45:07.287,2026-10-09 10:45:07.664,377
9879,event-ingest,webhook,success,2026-10-09 10:45:07.382,2026-10-09 10:45:07.785,403
9880,event-ingest,webhook,success,2026-10-09 10:45:09.012,2026-10-09 10:45:09.414,402
9881,event-ingest,webhook,success,2026-10-09 10:45:09.128,2026-10-09 10:45:09.528,400
9882,event-ingest,webhook,success,2026-10-09 10:45:09.244,2026-10-09 10:45:09.630,386
9883,event-ingest,webhook,success,2026-10-09 10:45:09.346,2026-10-09 10:45:09.725,379
9884,event-ingest,webhook,success,2026-10-09 10:45:11.237,2026-10-09 10:45:11.606,369
9885,event-ingest,webhook,success,2026-10-09 10:45:11.308,2026-10-09 10:45:11.703,395
9886,event-ingest,webhook,success,2026-10-09 10:45:11.407,2026-10-09 10:45:11.773,366
9887,event-ingest,webhook,success,2026-10-09 10:45:11.480,2026-10-09 10:45:11.849,369
9888,event-ingest,webhook,success,2026-10-09 10:45:13.299,2026-10-09 10:45:13.698,399
9889,event-ingest,webhook,success,2026-10-09 10:45:13.409,2026-10-09 10:45:13.777,368
9890,event-ingest,webhook,success,2026-10-09 10:45:13.479,2026-10-09 10:45:13.842,363
9891,event-ingest,webhook,success,2026-10-09 10:45:13.576,2026-10-09 10:45:13.973,397
9892,event-ingest,webhook,success,2026-10-09 10:45:15.219,2026-10-09 10:45:15.598,379
9893,event-ingest,webhook,success,2026-10-09 10:45:15.343,2026-10-09 10:45:15.715,372
9894,event-ingest,webhook,success,2026-10-09 10:45:15.441,2026-10-09 10:45:15.883,442
9895,event-ingest,webhook,success,2026-10-09 10:45:15.541,2026-10-09 10:45:15.930,389
9896,event-ingest,webhook,success,2026-10-09 10:45:15.622,2026-10-09 10:45:16.082,460
9897,event-ingest,webhook,success,2026-10-09 10:45:15.839,2026-10-09 10:45:16.305,466
9898,event-ingest,webhook,success,2026-10-09 10:45:16.337,2026-10-09 10:45:16.771,434
9899,event-ingest,webhook,success,2026-10-09 10:45:17.109,2026-10-09 10:45:17.521,412
9900,event-ingest,webhook,success,2026-10-09 10:45:18.138,2026-10-09 10:45:18.519,381
9901,event-ingest,webhook,success,2026-10-09 10:45:18.822,2026-10-09 10:45:19.216,394
9902,event-ingest,webhook,success,2026-10-09 10:45:18.930,2026-10-09 10:45:19.346,416
9903,event-ingest,webhook,success,2026-10-09 10:45:19.925,2026-10-09 10:45:20.304,379
9904,event-ingest,webhook,success,2026-10-09 10:45:20.037,2026-10-09 10:45:20.435,398
9905,event-ingest,webhook,success,2026-10-09 10:45:20.145,2026-10-09 10:45:20.538,393
9906,event-ingest,webhook,success,2026-10-09 10:45:20.236,2026-10-09 10:45:20.620,384
9907,event-ingest,webhook,success,2026-10-09 10:45:21.840,2026-10-09 10:45:22.227,387
9908,event-ingest,webhook,success,2026-10-09 10:45:21.953,2026-10-09 10:45:24.054,2101
9909,event-ingest,webhook,success,2026-10-09 10:45:22.081,2026-10-09 10:45:24.171,2090
9910,event-ingest,webhook,success,2026-10-09 10:45:22.181,2026-10-09 10:45:24.246,2065
9911,event-ingest,webhook,success,2026-10-09 10:45:22.293,2026-10-09 10:45:24.532,2239
9912,event-ingest,webhook,success,2026-10-09 10:45:22.546,2026-10-09 10:45:24.639,2093
9913,event-ingest,webhook,success,2026-10-09 10:45:22.934,2026-10-09 10:45:25.008,2074
9914,event-ingest,webhook,success,2026-10-09 10:45:23.951,2026-10-09 10:45:26.012,2061
9915,event-ingest,webhook,success,2026-10-09 10:45:24.718,2026-10-09 10:45:27.027,2309
9916,event-ingest,webhook,success,2026-10-09 10:45:25.341,2026-10-09 10:45:27.400,2059
9917,event-ingest,webhook,success,2026-10-09 10:45:26.310,2026-10-09 10:45:28.375,2065
9918,event-ingest,webhook,success,2026-10-09 10:45:26.978,2026-10-09 10:45:29.051,2073
9919,event-ingest,webhook,success,2026-10-09 10:45:27.674,2026-10-09 10:45:29.784,2110
9920,event-ingest,webhook,success,2026-10-09 10:45:28.702,2026-10-09 10:45:30.782,2080
9921,event-ingest,webhook,success,2026-10-09 10:45:28.797,2026-10-09 10:45:30.843,2046
9922,event-ingest,webhook,success,2026-10-09 10:45:29.482,2026-10-09 10:45:31.582,2100
9923,event-ingest,webhook,success,2026-10-09 10:45:29.588,2026-10-09 10:45:31.704,2116
9924,event-ingest,webhook,success,2026-10-09 10:45:29.668,2026-10-09 10:45:31.757,2089
9925,event-ingest,webhook,success,2026-10-09 10:45:29.719,2026-10-09 10:45:31.802,2083
9926,event-ingest,webhook,success,2026-10-09 10:45:31.678,2026-10-09 10:45:34.035,2357
9927,event-ingest,webhook,success,2026-10-09 10:45:32.220,2026-10-09 10:45:34.305,2085
9928,event-ingest,webhook,success,2026-10-09 10:45:32.286,2026-10-09 10:45:34.351,2065
9929,event-ingest,webhook,success,2026-10-09 10:45:32.336,2026-10-09 10:45:34.417,2081
9930,event-ingest,webhook,success,2026-10-09 10:45:33.660,2026-10-09 10:45:35.777,2117
9931,event-ingest,webhook,success,2026-10-09 10:45:33.813,2026-10-09 10:45:35.891,2078
9932,event-ingest,webhook,success,2026-10-09 10:45:33.922,2026-10-09 10:45:36.161,2239
9933,event-ingest,webhook,success,2026-10-09 10:45:34.232,2026-10-09 10:45:36.333,2101
9934,event-ingest,webhook,success,2026-10-09 10:45:34.458,2026-10-09 10:45:36.709,2251
9935,event-ingest,webhook,success,2026-10-09 10:45:34.719,2026-10-09 10:45:36.777,2058
9936,event-ingest,webhook,success,2026-10-09 10:45:34.780,2026-10-09 10:45:36.835,2055
9937,health-monitor,trigger,success,2026-10-09 10:50:00.071,2026-10-09 10:50:00.323,252
9938,health-monitor,trigger,success,2026-10-09 10:55:00.092,2026-10-09 10:55:00.189,97
9939,ioc-extractor,trigger,success,2026-10-09 11:00:00.090,2026-10-09 11:00:01.579,1489
9940,health-monitor,trigger,success,2026-10-09 11:00:00.158,2026-10-09 11:00:00.516,358
9941,report-generator,trigger,success,2026-10-09 11:00:00.227,2026-10-09 11:00:00.537,310
9942,health-monitor,trigger,success,2026-10-09 11:05:00.102,2026-10-09 11:05:00.192,90
9943,health-monitor,trigger,success,2026-10-09 11:10:00.097,2026-10-09 11:10:00.288,191
9944,ioc-extractor,trigger,success,2026-10-09 11:15:00.176,2026-10-09 11:15:00.362,186
9945,health-monitor,trigger,success,2026-10-09 11:15:00.209,2026-10-09 11:15:00.496,287
